type,properties,id,yolo_pred,Confidence,Area_sqm,Perimeter_m,centroid_x,centroid_y,neighbor_mean_area,neighbor_mean_perimeter,neighbor_mean_conf,neighbor_majority_class,spatial_cluster_id
Feature,"{ ""height"": 3.4822993278503422, ""confidence"": -1.0 }",13,3,0.8888,271.4888244756239,75.6822606094894,433872.1052857852,4622568.194698132,199.39638715938005,62.0604036371999,0.8446999999999999,3,0
Feature,"{ ""height"": 3.677826881408691, ""confidence"": -1.0 }",26,3,0.8673,235.31516496193512,74.09426653348696,433808.93461976387,4622879.195443322,290.42186846643745,76.17858570841656,0.8916000000000001,3,0
Feature,"{ ""height"": 4.4571857452392578, ""confidence"": -1.0 }",32,3,0.5548,231.4461050488628,68.29560975323352,433872.64032285026,4623233.613043367,207.24016762665138,61.646465279103175,0.80284,3,0
Feature,"{ ""height"": -1.0, ""confidence"": -1.0 }",41,3,0.8757,372.8079275021895,100.91760838235686,434307.84157501574,4622087.2234516395,367.0962371301056,86.05163630646851,0.8798599999999999,3,0
Feature,"{ ""height"": 3.738013744354248, ""confidence"": -1.0 }",79,3,0.878,173.5180665172905,58.49800061721329,434279.9798768169,4623214.341827444,235.55059072450723,66.52506163615514,0.79628,3,0
Feature,"{ ""height"": -1.0, ""confidence"": -1.0 }",80,3,0.7262,47.11034164781513,27.66144700591018,434223.68792442355,4620552.258518829,282.82277850772425,76.51183250041922,0.9067000000000001,3,0
Feature,"{ ""height"": 4.8536376953125, ""confidence"": -1.0 }",81,3,0.8703,175.5965372780887,61.84890965696326,434299.0254894544,4623663.830320459,207.1659399249214,62.7623929623968,0.7892,3,0
Feature,"{ ""height"": 5.1586060523986816, ""confidence"": -1.0 }",93,3,0.8885,260.1810397538231,70.98521734454879,433817.04211423354,4619753.839619254,355.89357268072024,81.43478440742523,0.9055199999999999,3,0
Feature,"{ ""height"": 4.2501273155212402, ""confidence"": -1.0 }",98,3,0.5288,291.8385648910565,81.22675847661144,434138.6574632726,4622662.405929188,241.66570984007976,66.72942804294607,0.8686400000000001,3,0
Feature,"{ ""height"": 3.6344718933105469, ""confidence"": -1.0 }",99,3,0.5733,218.966489882877,66.77936709767027,434094.450831145,4623608.147968117,210.99635711980926,63.19342155425551,0.808,3,0
Feature,"{ ""height"": 5.0835967063903809, ""confidence"": -1.0 }",110,3,0.9732,298.25573773816086,83.42163362860228,433616.7167164767,4620358.694034532,336.01114122028946,79.69865872773656,0.8985200000000001,3,0
Feature,"{ ""height"": 3.250999927520752, ""confidence"": -1.0 }",140,3,0.8081,247.63196639143683,69.46089999548352,433874.30348732136,4623378.794702344,217.42959337124003,61.90053024944243,0.81064,3,0
Feature,"{ ""height"": 3.1428878307342529, ""confidence"": -1.0 }",143,3,0.8709,231.1180848292228,66.80430291994075,434144.8118101701,4623286.554906253,229.5677483936172,66.63556951851044,0.7918000000000001,3,0
Feature,"{ ""height"": 5.0970683097839347, ""confidence"": -1.0 }",144,2,0.9668,1200.6090817001143,160.1490671516433,433770.37391770625,4621166.122731386,255.00502770170414,68.35553047867502,0.8607199999999999,3,0
Feature,"{ ""height"": 4.032834529876709, ""confidence"": -1.0 }",147,3,0.8852,271.2392045537028,70.30926476551504,434213.85396735,4623083.979996195,224.82041450994902,66.68474895094667,0.8447800000000001,3,0
Feature,"{ ""height"": 4.0645613670349121, ""confidence"": -1.0 }",150,3,0.9546,317.8604987471621,88.2926330266031,433651.4481671086,4623043.631838078,307.57577127741814,72.89643663270866,0.89916,3,0
Feature,"{ ""height"": 4.8302068710327148, ""confidence"": -1.0 }",183,3,0.959,206.0529631697418,62.84331398326776,434137.89296766184,4623518.0148359435,200.08161517032653,61.90367780596258,0.7661,3,0
Feature,"{ ""height"": 5.3297719955444336, ""confidence"": -1.0 }",217,3,0.875,343.0928008332486,92.13576038161078,434473.18629262,4622774.027972932,313.5847348364657,79.22112711922325,0.8628600000000001,3,0
Feature,"{ ""height"": 5.464200496673584, ""confidence"": -1.0 }",252,3,0.8959,312.19944684065064,78.13694882879159,433790.68201510404,4620253.509525699,275.65597203879037,68.11596898307167,0.8707,3,0
Feature,"{ ""height"": 5.3900599479675293, ""confidence"": -1.0 }",276,3,0.8949,289.2999896211536,73.44557711886918,433918.761952372,4620884.8310698485,451.78470941478116,88.39519466038169,0.8438800000000001,3,0
Feature,"{ ""height"": -1.0, ""confidence"": -1.0 }",314,3,0.5838,60.23399075578453,32.714509920885355,434264.7126521276,4621498.485767781,420.3102250560946,87.03200333117283,0.84852,3,0
Feature,"{ ""height"": 3.2953133583068839, ""confidence"": -1.0 }",333,3,0.7978,318.9315597542583,71.87095972402028,433967.20083695324,4623430.709582005,209.73027923016934,64.69298826648208,0.87554,3,0
Feature,"{ ""height"": 5.5443844795227051, ""confidence"": -1.0 }",341,3,0.9004,311.7072707950725,75.18707158565213,433872.99310854817,4620850.002059205,447.3032531799974,88.0468957670251,0.8427800000000001,3,0
Feature,"{ ""height"": 5.8442854881286621, ""confidence"": -1.0 }",361,3,0.6466,318.50959496729695,82.21142852706595,433706.16594642587,4620780.742874862,279.37701557936236,72.41028143810527,0.87686,3,0
Feature,"{ ""height"": 3.7773008346557613, ""confidence"": -1.0 }",380,3,0.8168,265.39429028032157,71.63218211542171,434160.75215873745,4623128.095583194,223.59427566541225,64.83856716285818,0.7846599999999999,3,0
Feature,"{ ""height"": 5.8765897750854492, ""confidence"": -1.0 }",392,3,0.9854,249.44553366469148,69.49267468193992,433636.6034240421,4620388.554708864,337.22426793961847,83.13454453659102,0.9143399999999999,3,0
Feature,"{ ""height"": 3.410071849822998, ""confidence"": -1.0 }",414,3,0.6859,337.48385212928343,83.65028184143773,433776.6974846707,4622235.200764043,234.8076805625795,64.31353533293769,0.83414,3,0
Feature,"{ ""height"": 4.6828417778015137, ""confidence"": -1.0 }",435,3,0.8397,299.13516710457037,80.08430014917575,433726.1227514363,4623076.697961553,215.09757969415506,65.19691240651527,0.9106,3,0
Feature,"{ ""height"": -1.0, ""confidence"": -1.0 }",438,3,0.6554,45.14909538192715,27.60150379499987,434405.11307650397,4621490.113540517,431.9113730176864,89.02709823463104,0.8448,3,0
Feature,"{ ""height"": 3.6684122085571289, ""confidence"": -1.0 }",453,3,0.8906,264.8884769652187,74.34906942751815,433864.133659023,4622646.911672234,236.57377485406946,66.19843639100444,0.88706,3,0
Feature,"{ ""height"": 3.8887944221496582, ""confidence"": -1.0 }",458,3,0.8897,174.27938188476065,54.54629810657622,433656.00116747775,4622341.691683616,230.0993977993844,66.68771432291744,0.7559400000000001,3,0
Feature,"{ ""height"": 4.6912317276000977, ""confidence"": -1.0 }",459,3,0.8408,276.3159218602458,79.89941339657855,434455.85355040635,4622728.8612184385,326.94011063106626,81.6683965162297,0.8697000000000001,3,0
Feature,"{ ""height"": -1.0, ""confidence"": -1.0 }",478,3,0.7315,50.82498574078736,28.924876223946537,434208.3959501853,4622602.491722328,313.4951089972907,79.34503698839606,0.80756,3,0
Feature,"{ ""height"": 5.9387302398681641, ""confidence"": -1.0 }",481,3,0.8997,357.3320153389103,81.73416941153987,434414.163747959,4622609.757967511,310.73689193533335,81.30144531323744,0.85792,3,0
Feature,"{ ""height"": 4.4297447204589844, ""confidence"": -1.0 }",492,3,0.907,108.93430561041882,42.34220140206529,433645.5094271921,4623146.802627346,283.8276378422147,74.7779056255009,0.90664,3,0
Feature,"{ ""height"": 5.7908296585083008, ""confidence"": -1.0 }",500,3,0.882,549.8019643111805,118.0928030550098,434471.1776459935,4622495.408804026,325.53621967354877,83.48133342796048,0.8755200000000001,3,0
Feature,"{ ""height"": 3.44948410987854, ""confidence"": -1.0 }",501,3,0.8418,206.03588708740168,64.11209044645626,434141.44915555016,4622997.263979977,195.95832718882076,58.917230500846834,0.8607400000000001,3,0
Feature,"{ ""height"": 3.0807440280914302, ""confidence"": -1.0 }",516,3,0.8701,242.3083189803626,72.56461430213741,434044.27439689427,4623289.069343285,251.07226286733686,66.538570661477,0.71568,3,0
Feature,"{ ""height"": 4.3467240333557129, ""confidence"": -1.0 }",540,3,0.7824,263.9379113249408,74.18843645352632,434188.07096860907,4623602.424506714,189.497665115551,60.29448760308419,0.80678,3,0
Feature,"{ ""height"": 3.6164364814758301, ""confidence"": -1.0 }",548,3,0.8828,358.7277679943653,82.85008597323763,434160.8030824736,4622233.891047056,295.22359815576294,77.26223692212088,0.8797600000000001,3,0
Feature,"{ ""height"": 3.7459447383880611, ""confidence"": -1.0 }",555,3,0.8988,244.30218902998644,70.64355441134668,434258.36364431237,4623053.9546526335,230.2078176146923,66.61789102178035,0.84206,3,0
Feature,"{ ""height"": 6.0490889549255371, ""confidence"": -1.0 }",562,3,0.8541,525.3247652152673,104.8103639888906,433766.66765615146,4619559.885573405,383.6648892375285,90.08780270520889,0.90626,3,0
Feature,"{ ""height"": 5.3892183303833008, ""confidence"": -1.0 }",564,3,0.8834,367.78021786916366,88.990352448458,433704.2230394784,4620483.956980417,292.0904991948549,77.69337864915134,0.93356,3,0
Feature,"{ ""height"": -1.0, ""confidence"": -1.0 }",612,3,0.8451,182.3478309967439,55.4100199941652,434094.3914947677,4623037.679504531,189.56916957987983,60.22205137157074,0.8297599999999999,3,0
Feature,"{ ""height"": 5.2720413208007812, ""confidence"": -1.0 }",614,3,0.8926,269.34617335772225,74.81497271648306,434103.29669827624,4620229.799544045,286.53124227296377,75.61704583553201,0.8800000000000001,3,0
Feature,"{ ""height"": -1.0, ""confidence"": -1.0 }",619,3,0.8472,267.3646044211476,70.1269331037558,434066.97519137594,4622627.602332453,234.12850944294541,66.59497053760677,0.7906599999999999,3,0
Feature,"{ ""height"": 4.2088747024536133, ""confidence"": -1.0 }",626,3,0.8892,266.84896058672973,72.3418116348691,433822.30829853594,4622520.3655263735,200.3243599371589,62.728493432123955,0.8446199999999999,3,0
Feature,"{ ""height"": 3.7437751293182369, ""confidence"": -1.0 }",635,3,0.8801,247.3524478168804,68.3293577444277,434096.39153634297,4623003.077061318,176.56824621585253,57.63818382151825,0.82276,3,0
Feature,"{ ""height"": 4.0932254791259775, ""confidence"": -1.0 }",665,3,0.8965,85.56478964480544,40.049288656439586,433797.4591948273,4622565.29265512,236.58119412554373,69.18699802780986,0.8431599999999999,3,0
Feature,"{ ""height"": 5.0957927703857422, ""confidence"": -1.0 }",666,3,0.8849,132.1349316029235,46.958111953097344,433707.6378361022,4620147.53255243,274.8876514992238,71.48460429271033,0.86804,3,0
Feature,"{ ""height"": 3.5591204166412349, ""confidence"": -1.0 }",690,3,0.5324,191.5170589209163,56.917105178361695,433963.73228555196,4623195.657596825,221.4589033820136,65.17037097094811,0.7718,3,0
Feature,"{ ""height"": 5.0939741134643546, ""confidence"": -1.0 }",703,3,0.9352,276.30343141214723,72.14281348977656,433861.0269345302,4620194.788937053,272.7721000902547,69.74667497336434,0.8661200000000001,3,0
Feature,"{ ""height"": 5.5838937759399414, ""confidence"": -1.0 }",705,3,0.7201,257.95435851791296,65.57388124053337,433788.27877214056,4620163.771607855,259.8252275298831,68.78152504382501,0.8961600000000001,3,0
Feature,"{ ""height"": 3.613559246063232, ""confidence"": -1.0 }",750,3,0.8336,218.2177456381459,65.0147471881392,434273.1246041767,4623287.252259775,233.29237897810563,69.32788397962483,0.8394999999999999,3,0
Feature,"{ ""height"": 4.2285642623901367, ""confidence"": -1.0 }",765,3,0.8498,193.6850310750885,73.04626020799495,433721.29589261464,4621707.592333182,204.7431882953294,55.60333436181569,0.7642399999999999,3,0
Feature,"{ ""height"": 4.0437173843383789, ""confidence"": -1.0 }",772,3,0.8435,170.6313393967676,58.549738201096616,434019.67590822064,4623608.7673071595,209.08639758599134,62.57032283951852,0.78928,3,0
Feature,"{ ""height"": 6.413604736328125, ""confidence"": -1.0 }",783,3,0.9539,194.5887355857465,58.092226998967455,433752.7682558884,4623315.792816449,186.0387887036102,58.26851318435463,0.80332,3,0
Feature,"{ ""height"": 4.9614858627319345, ""confidence"": -1.0 }",784,3,0.961,290.7169444435597,88.97326603412168,434325.1345544524,4623356.655788193,218.79253921702283,64.53618021042833,0.81402,3,0
Feature,"{ ""height"": 3.7480189800262451, ""confidence"": -1.0 }",795,3,0.9375,187.87015323489095,61.17048597046882,433849.16823424486,4622437.319124711,198.41414800081156,61.30860142433087,0.83456,3,0
Feature,"{ ""height"": 3.1169309616088858, ""confidence"": -1.0 }",798,3,0.7336,215.60536041834044,68.13129866684352,434048.3823104184,4623083.75163111,194.78934433414452,59.18181397082817,0.8470600000000001,3,0
Feature,"{ ""height"": 3.582838773727417, ""confidence"": -1.0 }",807,3,0.775,217.1872043302324,64.93744590027315,434273.0357076416,4623131.085301347,233.90958257143538,66.40184379264863,0.88798,3,0
Feature,"{ ""height"": 3.614917516708374, ""confidence"": -1.0 }",811,3,0.6097,191.80955536525548,62.391362496703834,433741.6606725018,4622437.689590144,195.62068527328984,60.31853192376862,0.8643599999999999,3,0
Feature,"{ ""height"": 4.14202880859375, ""confidence"": -1.0 }",814,3,0.8129,188.05480223596896,57.864717219087105,434111.85115553514,4623658.325627048,217.17869464919085,64.97635152997213,0.7600800000000001,3,0
Feature,"{ ""height"": 3.7376229763031001, ""confidence"": -1.0 }",821,3,0.8018,317.2915734041345,76.18295044103168,434350.91706300323,4622375.956758787,329.7815134880998,77.98199603480171,0.8687799999999999,3,0
Feature,"{ ""height"": 3.8576028347015381, ""confidence"": -1.0 }",822,3,0.9611,215.09416247587583,60.92621705374641,434309.8526508741,4623189.821100473,224.89288201387163,65.88060257649747,0.85412,3,0
Feature,"{ ""height"": -1.0, ""confidence"": -1.0 }",830,3,0.8018,87.66965075497379,38.439038118890664,434027.8274822858,4623010.44198365,208.50480562823387,63.61624774662565,0.8384199999999999,3,0
Feature,"{ ""height"": 4.3191728591918936, ""confidence"": -1.0 }",845,3,0.7089,263.54014101526246,73.4847752504893,433641.38417538046,4622438.451548446,204.65446300251347,60.90228949588245,0.8294799999999999,3,0
Feature,"{ ""height"": 5.7874855995178223, ""confidence"": -1.0 }",864,3,0.9102,335.284224175985,76.12985951308531,433724.1883349338,4620318.918456399,301.1544775388247,76.57869258127698,0.93096,3,0
Feature,"{ ""height"": 4.6065230369567871, ""confidence"": -1.0 }",865,3,0.9293,259.9114352803066,80.29701228724444,434214.24438599206,4620206.028106178,246.24938651442736,66.93815107445509,0.87388,3,0
Feature,"{ ""height"": 4.5657281875610352, ""confidence"": -1.0 }",876,3,0.8497,160.1547582547946,51.197479920565776,433892.0448885462,4623232.848307262,221.49843698546502,65.06609124563673,0.74386,3,0
Feature,"{ ""height"": 3.7721021175384521, ""confidence"": -1.0 }",897,3,0.8848,277.43904588559235,74.82429655278874,434076.56318394205,4622287.959959538,274.4937877240579,70.91797032383305,0.89172,3,0
Feature,"{ ""height"": 7.2079253196716309, ""confidence"": -1.0 }",911,3,0.9603,333.6487869312046,87.45437350904152,434403.55210028274,4622745.524921667,315.4735376168745,80.15740449373712,0.8458,3,0
Feature,"{ ""height"": 4.7576165199279776, ""confidence"": -1.0 }",916,3,0.8452,443.7207023963469,87.3812463667872,433775.85383397783,4622022.334976078,184.06241205471446,59.46598758605005,0.77192,3,0
Feature,"{ ""height"": 3.727074146270752, ""confidence"": -1.0 }",926,3,0.8184,158.81753301107847,52.13613005843256,434162.6211338909,4623546.594457895,230.1104732487638,66.98078411853727,0.78208,3,0
Feature,"{ ""height"": 3.1931207180023189, ""confidence"": -1.0 }",927,3,0.8508,257.7799742077078,65.66285221196036,434119.94113438483,4623289.770208937,242.61061527052644,69.4906959597482,0.78358,3,0
Feature,"{ ""height"": 3.5652737617492671, ""confidence"": -1.0 }",936,3,0.8915,191.1825018218029,62.09847188123558,434136.6866771558,4623085.769566987,228.1245146673021,65.91897119768035,0.8244999999999999,3,0
Feature,"{ ""height"": 3.1449437141418448, ""confidence"": -1.0 }",939,3,0.8886,176.35860993164334,56.07828372415242,433828.5275178256,4622291.277868215,231.65838064018408,66.82004801001113,0.8023999999999999,3,0
Feature,"{ ""height"": 5.2552447319030762, ""confidence"": -1.0 }",940,3,0.8972,269.2687549656373,72.06702704818538,433783.6415089164,4620462.287624769,315.41065055236044,79.99381872067993,0.9343400000000001,3,0
Feature,"{ ""height"": 5.8511056900024414, ""confidence"": -1.0 }",956,3,0.9031,376.6029144849832,79.77517871886577,433630.9484627185,4620302.908565732,300.68965303394435,77.40815633237416,0.92576,3,0
Feature,"{ ""height"": 4.035555362701416, ""confidence"": -1.0 }",972,3,0.9363,201.0178214387795,59.94803702654575,433885.819796245,4623007.15571473,205.8484804321472,63.53320172935171,0.75496,3,0
Feature,"{ ""height"": 3.176300048828125, ""confidence"": -1.0 }",973,3,0.5265,256.0146366245792,71.43763327310195,434153.74157613347,4623237.801848553,234.02374696298108,67.0323904333347,0.85732,3,0
Feature,"{ ""height"": 4.9189777374267578, ""confidence"": -1.0 }",975,3,0.7828,273.54019963029043,73.2280858391349,434061.3287045256,4623658.3895665435,200.0816151703266,61.90367780596258,0.7661,3,0
Feature,"{ ""height"": 3.9524292945861812, ""confidence"": -1.0 }",998,3,0.9136,291.6016951420407,72.79188795046832,433916.7873799205,4622756.075367319,224.92437209374611,66.86036366613799,0.87808,3,0
Feature,"{ ""height"": 3.6951320171356201, ""confidence"": -1.0 }",1013,3,0.897,182.02680821253796,60.04637485042507,433917.0718777002,4623441.246043813,234.81838402171434,66.10768784434106,0.8546800000000001,3,0
Feature,"{ ""height"": 5.6459598541259775, ""confidence"": -1.0 }",1046,3,0.9195,326.28753931380135,81.93457333131408,433938.3078096733,4620389.967271877,292.48040615042845,74.65832431926438,0.90622,3,0
Feature,"{ ""height"": 4.1898269653320312, ""confidence"": -1.0 }",1048,3,0.8546,243.204103617709,70.53989143437425,433680.98125668155,4620074.893915906,241.5884160064007,64.99833392405961,0.85046,3,0
Feature,"{ ""height"": 3.606950998306274, ""confidence"": -1.0 }",1049,3,0.9479,332.2208340552553,78.30804551027472,434311.72113328875,4622239.311600416,375.2136558194925,90.57354888088494,0.86542,3,0
Feature,"{ ""height"": 3.5621621608734131, ""confidence"": -1.0 }",1091,0,0.8625,128.3135932063555,50.32457185127664,430197.8546013101,4623848.249774592,215.5826626422113,59.17356630489886,0.7907399999999999,0,3
Feature,"{ ""height"": -1.0, ""confidence"": -1.0 }",1106,3,0.8121,165.31511036224754,54.58041978309268,428916.3946445521,4619638.2677732315,104.61421428242616,41.79035030733523,0.8141999999999999,3,1
Feature,"{ ""height"": 4.3307747840881348, ""confidence"": -1.0 }",1113,3,0.8705,136.00216943122962,51.64842656238563,428312.80198060774,4619532.882121541,163.47948430248533,54.22875324376948,0.7751199999999999,3,1
Feature,"{ ""height"": 4.2787718772888184, ""confidence"": -1.0 }",1118,3,0.6486,224.62851976711048,60.11805236238496,427088.22504281724,4618964.516497866,156.82843388011435,52.11200777739775,0.8183400000000001,3,1
Feature,"{ ""height"": 6.0071091651916504, ""confidence"": -1.0 }",1126,3,0.516,20.886913185640545,18.495928014702265,433435.2979060301,4621825.642907723,164.87183068802568,60.300465477357605,0.7928,3,0
Feature,"{ ""height"": 6.212709903717041, ""confidence"": -1.0 }",1136,3,0.9155,283.9248597161416,70.47052677450661,431765.4972716585,4621071.301460091,142.52385579952445,50.074037973986776,0.73422,3,3
Feature,"{ ""height"": 3.44730544090271, ""confidence"": -1.0 }",1153,2,0.6825,248.2236661610191,71.61446216328042,430897.2877461846,4622403.313095112,198.93425655680383,58.74207727262431,0.85186,3,3
Feature,"{ ""height"": 4.3887739181518555, ""confidence"": -1.0 }",1155,2,0.8164,575.8788628265517,139.51232517856545,430829.1883291611,4620661.662432471,110.2062478956038,42.55925031428624,0.83232,3,3
Feature,"{ ""height"": 5.2244982719421387, ""confidence"": -1.0 }",1157,3,0.7588,118.52156675007107,44.9665481180465,430337.46738759044,4621216.57533781,77.50325142056394,35.30097965692757,0.8385400000000001,3,3
Feature,"{ ""height"": 4.2595081329345703, ""confidence"": -1.0 }",1161,3,0.8783,235.80334206431365,73.42400598719286,429967.4791221726,4622081.385573644,131.8354082617472,45.24966645998644,0.8001400000000001,3,3
Feature,"{ ""height"": 4.3954906463623047, ""confidence"": -1.0 }",1178,2,0.8806,268.1365933177153,66.77758081727612,428511.09818025987,4622113.441514065,864.7668521545129,121.27483509627066,0.85054,2,3
Feature,"{ ""height"": 3.3233215808868408, ""confidence"": -1.0 }",1208,2,0.7079,28.05704742310749,21.303034145557024,430520.8535606627,4623756.372131047,188.65123568382404,55.2198009482246,0.78156,0,3
Feature,"{ ""height"": 4.5030970573425293, ""confidence"": -1.0 }",1216,3,0.7602,247.99692190214935,64.69654916261506,429892.53301167086,4623189.307527624,227.62606234004198,63.75477708060007,0.7731,3,3
Feature,"{ ""height"": 4.1570248603820801, ""confidence"": -1.0 }",1225,3,0.7535,114.02849870048922,42.74751868893003,429180.8077877432,4618807.573270126,204.6555916938893,63.08359846338425,0.86036,3,1
Feature,"{ ""height"": 5.8116483688354492, ""confidence"": -1.0 }",1261,2,0.8495,370.4377466818164,81.02355385911342,430691.4309775313,4620260.921249161,661.6428645245433,128.19440594605288,0.75678,2,3
Feature,"{ ""height"": 5.1491670608520508, ""confidence"": -1.0 }",1264,3,0.8472,255.6058736760255,69.17204879889557,430459.5926302835,4621519.280098739,601.9509321298676,122.17314108928244,0.7925000000000001,3,3
Feature,"{ ""height"": 4.3812217712402344, ""confidence"": -1.0 }",1272,3,0.8485,219.00814961148424,74.08918373924371,429915.31275503314,4622536.585721352,239.66352349102536,68.17671391578287,0.82964,3,3
Feature,"{ ""height"": 4.7843689918518066, ""confidence"": -1.0 }",1287,3,0.8864,210.67126082098457,58.13637810478194,427452.65523544856,4618928.028755825,154.69421471815423,54.0543469068876,0.85792,3,1
Feature,"{ ""height"": 3.6700692176818839, ""confidence"": -1.0 }",1290,3,0.6347,136.39896798283704,49.565579649626585,433543.65148288326,4621994.301171031,139.68278144793447,49.032462177752265,0.7937200000000001,3,0
Feature,"{ ""height"": 5.0206203460693359, ""confidence"": -1.0 }",1331,3,0.7482,266.62444555078844,70.93241213421572,429789.0864782737,4622539.967863624,200.59474172148185,62.61631919247368,0.84324,3,3
Feature,"{ ""height"": 4.041191577911377, ""confidence"": -1.0 }",1358,3,0.6159,269.5899987124885,74.8453455567886,432541.4526371241,4620941.101955962,159.94148496522274,51.820157469720314,0.8395400000000001,3,0
Feature,"{ ""height"": 5.4465117454528809, ""confidence"": -1.0 }",1374,3,0.807,116.78215196899654,43.34652734909085,430335.6269024905,4622537.189450555,223.9498637325299,58.805600467610404,0.85348,3,3
Feature,"{ ""height"": 8.4511222839355469, ""confidence"": -1.0 }",1381,0,0.9456,997.0811935220768,149.15079080245786,429904.8057338092,4623779.221892723,204.52755110901893,58.864266041425864,0.73146,0,3
Feature,"{ ""height"": 5.8557267189025879, ""confidence"": -1.0 }",1387,0,0.8137,505.87301920445935,102.0241374802146,429671.69178828533,4623404.011082357,301.21705641674805,80.49752846935802,0.74462,0,3
Feature,"{ ""height"": 3.8555481433868413, ""confidence"": -1.0 }",1394,3,0.5092,302.8227428748785,70.21739365240381,428463.14920613135,4616632.659085167,360.4148845309541,72.62218528279713,0.85768,3,1
Feature,"{ ""height"": 4.951448917388916, ""confidence"": -1.0 }",1396,3,0.6053,126.65739593605804,47.63338177349809,428184.1876246916,4619539.011899858,159.24329520721736,54.14471711881405,0.8402200000000001,3,1
Feature,"{ ""height"": -1.0, ""confidence"": -1.0 }",1403,3,0.8254,55.07547240677192,30.20421768444118,432723.7919308651,4621072.732523202,328.35253568341943,77.56768823791992,0.7612800000000001,3,0
Feature,"{ ""height"": 6.5923628807067871, ""confidence"": -1.0 }",1407,3,0.7168,151.8294331185429,49.68966287282884,432025.72112410754,4620220.377152293,202.232129569695,61.08244660772679,0.7379399999999999,3,3
Feature,"{ ""height"": 3.60076904296875, ""confidence"": -1.0 }",1413,3,0.8509,282.9118996184893,82.75227995781721,431450.3996581248,4622140.650786857,149.57979470282015,49.722317954637504,0.8015599999999999,3,3
Feature,"{ ""height"": 3.0736014842987061, ""confidence"": -1.0 }",1414,3,0.5432,50.504943204326594,28.47914042813601,431390.5723933929,4620199.114309587,155.12376424280882,51.11115515153914,0.80076,3,3
Feature,"{ ""height"": -1.0, ""confidence"": -1.0 }",1421,3,0.5432,156.09618899441003,50.29867817160428,431037.2024204041,4620047.684038417,96.698638527388,39.92678945521052,0.6704,3,3
Feature,"{ ""height"": -1.0, ""confidence"": -1.0 }",1431,0,0.7862,96.0728046572452,39.78663465650708,430033.0515506468,4618971.580156066,267.91920867861774,75.08980406908572,0.8531400000000001,3,1
Feature,"{ ""height"": 5.6115365028381348, ""confidence"": -1.0 }",1440,3,0.8654,97.04584139574568,39.60035636571738,429625.14421323995,4622240.039880904,157.28687155881784,50.88595994807322,0.8132199999999999,3,3
Feature,"{ ""height"": -1.0, ""confidence"": -1.0 }",1443,2,0.7994,611.5035685363166,107.67582336660804,429333.04960042913,4619826.518639601,349.42896584929383,79.61413948363233,0.83606,3,1
Feature,"{ ""height"": 4.632176399230957, ""confidence"": -1.0 }",1455,3,0.8637,149.9471803467551,55.25036381330729,428496.19500556897,4618866.227940402,157.78777377943624,54.08072137711362,0.7896,3,1
Feature,"{ ""height"": -1.0, ""confidence"": -1.0 }",1457,3,0.8077,143.66530863429682,52.510491774281,428087.6083674688,4619851.540614123,128.84514577184467,47.06439583043756,0.78912,3,1
Feature,"{ ""height"": 5.2767715454101562, ""confidence"": -1.0 }",1458,3,0.9435,216.28239305830343,62.260703415507045,433596.8721685693,4620770.557223867,258.2502478588059,69.29082569332292,0.74034,3,0
Feature,"{ ""height"": -1.0, ""confidence"": -1.0 }",1487,3,0.5867,75.30154786946925,34.72372871037567,430053.153260571,4621892.2131078,143.35233559083417,52.46439057293851,0.76922,3,3
Feature,"{ ""height"": 6.4625258445739746, ""confidence"": -1.0 }",1492,0,0.7475,313.2893299755215,79.57205846899171,429717.8962609937,4623949.300459224,309.2051374299892,73.48369881602247,0.8067400000000001,3,3
Feature,"{ ""height"": 3.1543953418731689, ""confidence"": -1.0 }",1495,3,0.9007,111.40270935174388,45.24777058135521,429022.7389633771,4618511.75456708,130.57558454976154,47.59136643169046,0.7933399999999999,3,1
Feature,"{ ""height"": 3.6368250846862789, ""confidence"": -1.0 }",1526,3,0.5675,214.63247261999143,61.20399802284119,431523.57744722883,4622147.165207154,147.94997972869268,51.378160783976114,0.84952,3,3
Feature,"{ ""height"": 5.5153036117553711, ""confidence"": -1.0 }",1538,3,0.7707,108.49231303057108,43.096242143139136,431094.22814052616,4620396.864711429,110.99437965946223,43.71438855242782,0.7697799999999999,3,3
Feature,"{ ""height"": 3.9393229484558101, ""confidence"": -1.0 }",1540,3,0.7458,190.50895305780708,55.88083806735442,430999.01105704514,4619846.065834641,141.70802275423745,46.4106569947397,0.8058799999999999,3,3
Feature,"{ ""height"": 3.3794772624969482, ""confidence"": -1.0 }",1547,3,0.8737,51.16177609734054,29.747309648548157,430328.1939679694,4621278.79211772,95.25666842066771,39.853750347721295,0.7567,3,3
Feature,"{ ""height"": 6.7611913681030273, ""confidence"": -1.0 }",1575,2,0.96,1707.0274988847889,297.94355755754634,432900.7190896046,4621410.948972339,5832.992249201936,358.91210561638707,0.7868200000000001,2,2
Feature,"{ ""height"": 4.6057062149047852, ""confidence"": -1.0 }",1587,3,0.703,143.9253053525603,53.153483509989215,431683.99724601523,4620953.07390967,164.2391054648105,52.48001854897834,0.8312199999999998,3,3
Feature,"{ ""height"": 3.9154012203216553, ""confidence"": -1.0 }",1593,3,0.9154,22.39114221359026,18.93765486369603,431159.18378782773,4620755.740300533,229.3433959166478,62.23361594656426,0.71718,3,3
Feature,"{ ""height"": 5.5676422119140616, ""confidence"": -1.0 }",1599,0,0.9564,2925.1260868516188,315.79806577716124,430210.58861653745,4618655.848243995,513.4703124245956,97.04889750043998,0.77148,0,2
Feature,"{ ""height"": 4.1926784515380859, ""confidence"": -1.0 }",1604,3,0.9279,205.7800730773268,57.53970139194267,429978.0572634038,4622102.708849987,165.8495989571233,52.71181009026628,0.7963600000000001,3,3
Feature,"{ ""height"": 4.6797695159912109, ""confidence"": -1.0 }",1613,2,0.9181,378.9764582154647,165.94668600150158,429160.63573579176,4620045.771515888,826.7338549701781,150.51739373905536,0.7685000000000001,2,1
Feature,"{ ""height"": -1.0, ""confidence"": -1.0 }",1621,3,0.8521,158.52508072457985,57.86041965344228,428103.2294802468,4616524.5533421235,123.5601313657576,46.727632532799035,0.8003,3,1
Feature,"{ ""height"": 3.7362086772918701, ""confidence"": -1.0 }",1629,3,0.6998,296.46576552882345,69.4055528317769,433162.76060106466,4623181.732205839,395.8318416207544,92.79268794789493,0.73968,2,0
Feature,"{ ""height"": -1.0, ""confidence"": -1.0 }",1631,3,0.5395,87.47011711064346,42.05775040678167,432276.9698300909,4620517.867296099,189.93907704660086,58.605924658099696,0.72124,3,0
Feature,"{ ""height"": -1.0, ""confidence"": -1.0 }",1644,3,0.7442,154.74375164956393,56.92194795162523,430893.79742604494,4620339.899707584,387.78588665698504,97.27766682837172,0.79134,3,3
Feature,"{ ""height"": 4.8508610725402832, ""confidence"": -1.0 }",1678,3,0.8236,135.282393536121,47.618880881473345,427115.7416773313,4619137.842713661,185.05327693421594,56.09553132042993,0.8715999999999999,3,1
Feature,"{ ""height"": -1.0, ""confidence"": -1.0 }",1691,3,0.8508,62.40937263189042,31.602199053754532,431760.08627238654,4621261.20423752,127.435543155667,46.019074966668015,0.7794800000000001,3,3
Feature,"{ ""height"": 4.1584339141845703, ""confidence"": -1.0 }",1695,3,0.8913,411.3871565656837,95.6289096704571,431151.25655670604,4621812.023128476,169.79500040266902,54.56664207055551,0.8705999999999999,3,3
Feature,"{ ""height"": -1.0, ""confidence"": -1.0 }",1701,3,0.7049,42.03686349420912,26.04292614455695,430400.627790451,4622289.74210867,317.68456217342725,78.10607604131675,0.85784,3,3
Feature,"{ ""height"": 3.849328756332397, ""confidence"": -1.0 }",1712,3,0.8744,99.39648604024768,48.31637716298773,429883.9484540002,4618622.067750259,114.42088202206824,44.057975786631985,0.7172000000000001,3,1
Feature,"{ ""height"": 3.2803521156311031, ""confidence"": -1.0 }",1743,3,0.8263,213.97697133280064,66.1963776722495,433288.5877781651,4620383.854001229,187.36109169684624,58.15163006606339,0.7667200000000001,3,0
Feature,"{ ""height"": 4.6057376861572275, ""confidence"": -1.0 }",1744,3,0.8511,255.81459252152615,71.90300026182672,433159.32435080933,4620393.445814338,211.38263019737747,61.93134244749655,0.77494,3,0
Feature,"{ ""height"": 5.5253362655639648, ""confidence"": -1.0 }",1751,3,0.5936,173.04956278891714,67.26102443737494,431646.0490706942,4621800.603861502,206.29144718259894,62.6715864967706,0.8551599999999999,3,3
Feature,"{ ""height"": 4.5011329650878906, ""confidence"": -1.0 }",1752,3,0.8279,218.72665609001675,63.16395008416558,431590.68125759036,4622206.944837891,146.8073101670916,50.3287931738937,0.7558199999999999,3,3
Feature,"{ ""height"": -1.0, ""confidence"": -1.0 }",1755,3,0.872,186.83916715450687,59.8432572144044,431128.39724610635,4622641.612089447,168.08891786340791,56.25868680927599,0.77306,3,3
Feature,"{ ""height"": 4.8518867492675781, ""confidence"": -1.0 }",1757,3,0.8973,105.3364551665558,41.1806552330226,431073.513857187,4622259.527363874,198.76496224712096,60.04869360948929,0.85366,3,3
Feature,"{ ""height"": 3.3158812522888179, ""confidence"": -1.0 }",1759,3,0.5732,85.25223971212743,36.95957019352982,430883.4972818168,4620051.609450776,110.58207813047451,41.007493488111734,0.77328,3,3
Feature,"{ ""height"": 5.2967109680175781, ""confidence"": -1.0 }",1766,3,0.908,292.4851002446629,72.46493294422407,430115.2176833883,4618943.195001747,258.00622687351245,75.39571587233701,0.84056,3,1
Feature,"{ ""height"": -1.0, ""confidence"": -1.0 }",1839,3,0.8835,245.12757053514795,81.76409256494895,429292.1527520319,4619703.7342172945,348.9814253009259,75.28918235993228,0.7858400000000001,3,1
Feature,"{ ""height"": 6.8906369209289551, ""confidence"": -1.0 }",1845,2,0.8021,8828.431389796227,507.72892934612054,428707.2988428855,4623146.582668113,2186.450008226007,199.55878096958077,0.7433799999999999,2,4
Feature,"{ ""height"": 4.5841584205627441, ""confidence"": -1.0 }",1854,3,0.9108,290.343579583358,72.2019047412022,433261.33500880265,4620974.069357744,147.32102882504,48.842910447940014,0.76204,3,0
Feature,"{ ""height"": 5.5767731666564941, ""confidence"": -1.0 }",1861,3,0.8951,254.30155210986695,67.31717628870729,431529.79504628316,4621022.650631515,119.54665513555622,43.89480272734371,0.71082,3,3
Feature,"{ ""height"": 3.9931671619415279, ""confidence"": -1.0 }",1866,3,0.7938,1552.9958902934263,211.8247390524508,431101.78621171106,4619278.250973394,666.1039955819286,119.76433679732108,0.7354799999999999,0,2
Feature,"{ ""height"": -1.0, ""confidence"": -1.0 }",1882,0,0.6786,427.3667118654463,88.45818967987978,429816.81241433666,4623558.517424829,463.4997562287858,92.07719023443384,0.81776,0,3
Feature,"{ ""height"": -1.0, ""confidence"": -1.0 }",1886,0,0.7062,141.06958894118395,59.037561534860714,429578.2238936222,4623347.037671153,189.32485728186538,58.84053286392136,0.7547200000000001,2,3
Feature,"{ ""height"": 3.9416050910949703, ""confidence"": -1.0 }",1893,2,0.8072,422.2949658163743,87.93499333072671,428728.72965108964,4617474.649448433,331.97970542399605,76.45798859981433,0.7914,3,1
Feature,"{ ""height"": -1.0, ""confidence"": -1.0 }",1902,3,0.941,142.97111510559654,51.47577048867149,427716.7109073063,4617033.621905203,100.18656825513503,46.45592621989057,0.77802,3,1
Feature,"{ ""height"": 4.2431116104125977, ""confidence"": -1.0 }",1903,3,0.8679,153.00417510118186,53.42656312345471,427500.3304412067,4618863.138706171,163.8089551234504,53.27262500322265,0.8289799999999999,3,1
Feature,"{ ""height"": 3.2010855674743652, ""confidence"": -1.0 }",1923,3,0.8955,201.2114041614054,63.34273692935936,430908.74739362963,4619902.820014275,105.00612662469743,39.929941106684545,0.71862,3,3
Feature,"{ ""height"": 4.481226921081543, ""confidence"": -1.0 }",1926,2,0.7227,311.4720762524499,76.69032440091183,430494.98261818284,4619300.796571811,144.96524186655657,50.65383372586419,0.79444,2,1
Feature,"{ ""height"": 4.6957535743713379, ""confidence"": -1.0 }",1931,3,0.9141,254.75019264329472,75.10874170523408,430117.7911910338,4622657.369556999,269.13808134007377,70.69927863278586,0.8709199999999999,3,3
Feature,"{ ""height"": -1.0, ""confidence"": -1.0 }",1935,2,0.9103,497.9267515664433,122.19638364249352,429702.5458661871,4623180.864723655,327.7253355794022,80.05344452454344,0.76596,3,3
Feature,"{ ""height"": 3.197233915328979, ""confidence"": -1.0 }",1942,3,0.7672,82.34498995701496,36.31181760213444,429008.01675009954,4619043.755171415,170.0814309205011,55.14371101864342,0.82424,3,1
Feature,"{ ""height"": 3.6382977962493892, ""confidence"": -1.0 }",1968,3,0.8686,184.1287175711566,59.74469974049719,431891.6646258233,4620916.26969223,193.84833709382937,58.57282359522564,0.8408599999999999,3,3
Feature,"{ ""height"": 3.0351758003234859, ""confidence"": -1.0 }",1970,3,0.8478,128.20429897627113,46.44572029194552,431656.4392118483,4622662.651811262,135.14191465295409,48.26891915335651,0.72224,3,3
Feature,"{ ""height"": 5.6514649391174316, ""confidence"": -1.0 }",1983,3,0.6921,595.5526002293234,131.33232545348375,430461.92833980627,4621732.559819709,721.4821417694732,140.7834283083995,0.8310600000000001,3,3
Feature,"{ ""height"": 3.3123002052307129, ""confidence"": -1.0 }",1984,3,0.6873,124.21851085670563,44.94455030892886,430180.996190571,4619458.895722369,148.56304235493957,49.499362944888375,0.8005000000000001,3,1
Feature,"{ ""height"": -1.0, ""confidence"": -1.0 }",1990,3,0.5836,124.05504924461668,56.57209705048237,429773.594763513,4621941.570348799,132.55803436717738,54.29810851463501,0.7771800000000001,3,3
Feature,"{ ""height"": 3.3643858432769771, ""confidence"": -1.0 }",1993,3,0.5301,120.30194407973885,57.39015710491206,429515.52752952185,4618606.710487806,178.95840758650633,57.131416199129106,0.76152,3,1
Feature,"{ ""height"": 3.713581800460815, ""confidence"": -1.0 }",2002,3,0.7873,161.07581619365075,56.317756869376346,427964.601936037,4618613.864103569,145.58262327985406,52.92467072358362,0.7049800000000002,3,1
Feature,"{ ""height"": 5.5150289535522461, ""confidence"": -1.0 }",2009,3,0.967,318.34014009178975,79.65905415898037,433174.019174246,4619644.011345991,231.15769204831614,63.6088854006543,0.8593,3,0
Feature,"{ ""height"": 4.4981317520141602, ""confidence"": -1.0 }",2012,3,0.8536,212.2134024376623,60.5252773139714,432378.72400940745,4620887.692902325,157.16871310253137,52.58997939209509,0.78514,3,0
Feature,"{ ""height"": -1.0, ""confidence"": -1.0 }",2040,3,0.7737,128.51259247420802,58.70905047337804,429635.68994415615,4621705.681234094,187.04996357224172,61.73090505859652,0.8267,3,3
Feature,"{ ""height"": 3.5002322196960449, ""confidence"": -1.0 }",2049,3,0.9317,321.0177106308326,86.38907407701207,427999.90667445946,4617148.360086549,308.9990939909141,80.32847055119295,0.89606,3,1
Feature,"{ ""height"": 4.5952839851379395, ""confidence"": -1.0 }",2057,3,0.5263,333.9248186109628,83.00695999425865,432132.34285218443,4621977.0426091915,146.50897621974713,49.148839635788,0.7760400000000001,3,0
Feature,"{ ""height"": 4.6525044441223145, ""confidence"": -1.0 }",2064,3,0.9059,144.03376605689056,51.44531438293195,431702.7665463129,4620922.323957339,164.2174133239445,52.82165237438979,0.79064,3,3
Feature,"{ ""height"": 3.1649048328399658, ""confidence"": -1.0 }",2074,3,0.8396,23.376071570903388,19.372644449514436,430422.21782549424,4621124.58515754,161.6938585767794,50.144878047064545,0.7138199999999999,3,3
Feature,"{ ""height"": 5.393272876739502, ""confidence"": -1.0 }",2080,3,0.8144,38.31889035825234,28.885707661663407,429881.5318373998,4620229.554392889,179.3132860038467,55.056708975861525,0.88408,3,3
Feature,"{ ""height"": 3.6344294548034672, ""confidence"": -1.0 }",2090,3,0.9336,179.39900749227,55.79522706624941,428831.2301964666,4618728.575383276,134.12905879028966,47.88000303872885,0.84978,3,1
Feature,"{ ""height"": 6.1781630516052246, ""confidence"": -1.0 }",2102,3,0.9282,269.0546652161221,69.66840242939627,433049.1344328136,4619952.91682024,261.640478963813,75.72453762190388,0.85838,3,0
Feature,"{ ""height"": 3.2475523948669429, ""confidence"": -1.0 }",2141,3,0.8733,106.33247408131037,41.844607100308096,429646.49903657736,4619553.679996528,141.97813478492174,50.39196693054167,0.8248800000000001,3,1
Feature,"{ ""height"": -1.0, ""confidence"": -1.0 }",2163,3,0.7175,98.8218395622205,41.15830394557065,427655.676589949,4618738.704002659,162.90122309665284,54.48289939484838,0.8284,3,1
Feature,"{ ""height"": 4.704564094543457, ""confidence"": -1.0 }",2165,3,0.8604,178.9480622303381,56.72422288075675,427335.67493388144,4618912.0801947955,165.0933422711966,53.31786079024065,0.8733599999999999,3,1
Feature,"{ ""height"": 5.6905069351196289, ""confidence"": -1.0 }",2172,3,0.8316,76.52135951853758,37.21716693553104,431997.8665068786,4620653.781913487,135.49695558310222,51.34847505392656,0.74668,3,3
Feature,"{ ""height"": 5.0596108436584473, ""confidence"": -1.0 }",2178,3,0.8188,40.78015598884939,25.594647497278935,431717.6420801572,4622194.664503249,123.26992661235337,45.97342665328603,0.77512,3,3
Feature,"{ ""height"": -1.0, ""confidence"": -1.0 }",2206,3,0.9394,6.6788835307533185,11.33656469679998,429537.9974310508,4622474.14807733,272.20663407144366,66.77430306235014,0.88272,3,3
Feature,"{ ""height"": 3.6681873798370361, ""confidence"": -1.0 }",2232,3,0.7784,119.5583375050308,45.88956439141232,431216.4755324034,4620201.175680119,98.33860337923906,39.96265854971385,0.71274,3,3
Feature,"{ ""height"": 4.9256758689880371, ""confidence"": -1.0 }",2242,3,0.5432,43.874992097331344,26.505740380313515,430523.03106155084,4622645.0031648455,559.3395777437588,92.05845353515983,0.81644,3,3
Feature,"{ ""height"": 4.2047548294067383, ""confidence"": -1.0 }",2243,2,0.7739,2320.781608700355,403.98947693292985,430509.08223906433,4621672.668533256,406.17865978077236,91.72074574077118,0.7378600000000001,3,2
Feature,"{ ""height"": 4.6298956871032715, ""confidence"": -1.0 }",2247,3,0.8268,75.5293378611717,37.554785104540855,430178.0897465858,4621183.090190956,420.1760837779051,80.67729994193914,0.84016,3,3
Feature,"{ ""height"": -1.0, ""confidence"": -1.0 }",2253,2,0.8541,172.6015419933641,55.17584007451995,429751.48464291694,4619525.839890545,124.52173240977152,46.70678560136421,0.83016,3,1
Feature,"{ ""height"": 5.1623396873474121, ""confidence"": -1.0 }",2269,3,0.9044,143.24709347794118,48.07266120809839,427047.9923301122,4619058.287711777,174.23588273494346,53.18892991705131,0.76616,3,1
Feature,"{ ""height"": 3.9640228748321529, ""confidence"": -1.0 }",2285,3,0.7944,60.60150059638149,31.153222203223773,431612.97925183584,4622435.936920862,130.26081168321144,48.5994257355899,0.7640800000000001,3,3
Feature,"{ ""height"": -1.0, ""confidence"": -1.0 }",2286,3,0.6728,34.13172635026732,24.06177420973174,431563.9570608327,4619885.9372072015,115.21271886793474,42.57637319264842,0.75154,3,3
Feature,"{ ""height"": 5.1838345527648926, ""confidence"": -1.0 }",2307,3,0.9039,100.54367112317064,41.41367856054129,429888.6550172206,4620397.583166814,79.84952872541568,36.47144299263503,0.78196,3,3
Feature,"{ ""height"": -1.0, ""confidence"": -1.0 }",2320,2,0.6242,191.09438111430217,55.5878880762729,429190.35575411894,4622505.423432582,301.57580611606136,71.2665012762506,0.885,3,3
Feature,"{ ""height"": 4.6504602432250977, ""confidence"": -1.0 }",2321,3,0.8561,134.57582113091544,47.42556236955122,428988.865046038,4619587.304276626,121.28154924912971,45.58603410504255,0.83532,3,1
Feature,"{ ""height"": 3.121585369110107, ""confidence"": -1.0 }",2330,3,0.9066,185.33564636762824,57.46749890687593,427456.3674963253,4619129.84392332,165.35232034601205,56.54259332287306,0.8603400000000001,3,1
Feature,"{ ""height"": 4.4293103218078613, ""confidence"": -1.0 }",2332,3,0.8663,172.59721475044415,55.23845185504332,427309.99893934367,4619090.420531873,180.1415069143381,58.81823796538439,0.8491,3,1
Feature,"{ ""height"": 6.0436592102050781, ""confidence"": -1.0 }",2343,3,0.7751,47.66461405828027,28.055868766207517,432077.5334201337,4621975.496650639,228.47479674221995,65.16656962605306,0.6957599999999999,3,3
Feature,"{ ""height"": 5.7713003158569345, ""confidence"": -1.0 }",2379,3,0.8991,165.40589209211518,53.87070343684171,429651.7191883755,4622047.219800151,121.06865492874701,49.64111812806647,0.76422,3,3
Feature,"{ ""height"": 3.114754199981689, ""confidence"": -1.0 }",2381,3,0.9324,33.28710700769199,24.4778346072123,429459.14322843164,4620720.200417285,98.66545047506483,41.41842672868004,0.8081799999999999,3,3
Feature,"{ ""height"": 4.5105242729187012, ""confidence"": -1.0 }",2388,0,0.6574,1644.0429038303223,201.22516856428751,428724.17745603144,4621026.746442425,600.6026095335204,111.69247339028547,0.7839400000000001,2,2
Feature,"{ ""height"": 4.6584839820861816, ""confidence"": -1.0 }",2408,3,0.9038,137.24986598155667,48.08329453522285,431065.07361019246,4621939.260974662,234.1608838702635,65.35389023441957,0.9043000000000001,3,3
Feature,"{ ""height"": 5.0677289962768546, ""confidence"": -1.0 }",2414,3,0.9043,136.94974478809786,49.16203771201164,430340.71185760305,4621252.156010798,73.81761581295856,34.46188173813454,0.80944,3,3
Feature,"{ ""height"": 5.1156415939331046, ""confidence"": -1.0 }",2419,3,0.5494,653.3690996329958,120.80061880782172,430090.78736899997,4620424.682151524,67.34479831579219,35.162118095439325,0.68338,3,3
Feature,"{ ""height"": -1.0, ""confidence"": -1.0 }",2425,3,0.7579,19.187574928976513,17.533653483526276,429947.80785264075,4620053.248500585,113.06897303344337,42.942769443213464,0.82068,3,3
Feature,"{ ""height"": 5.0286355018615723, ""confidence"": -1.0 }",2437,3,0.9198,176.76113593913612,53.18081244413105,428687.8707310266,4619880.29986689,122.64522427368502,43.38345106461406,0.7464599999999999,3,1
Feature,"{ ""height"": -1.0, ""confidence"": -1.0 }",2439,3,0.788,109.70316882890006,42.304474569976335,428212.6783785207,4619770.948545974,138.98097728277358,49.725435525767104,0.7510200000000001,3,1
Feature,"{ ""height"": -1.0, ""confidence"": -1.0 }",2442,3,0.8309,115.69163869246918,57.09015078005906,427670.46200674685,4617101.510824418,106.82408328614133,45.37875458450994,0.80152,3,1
Feature,"{ ""height"": 5.1644716262817383, ""confidence"": -1.0 }",2461,0,0.94,631.4513665042099,144.31325655427992,430385.60409868887,4622430.724399421,190.74760891709462,51.81035395666148,0.7949599999999999,3,3
Feature,"{ ""height"": 4.5093631744384775, ""confidence"": -1.0 }",2462,3,0.8906,185.31129787981655,57.83038345559606,430364.1853075294,4622663.952086347,146.39202476843113,48.327677057308925,0.8542399999999999,3,3
Feature,"{ ""height"": 4.7206168174743652, ""confidence"": -1.0 }",2472,3,0.5187,254.19778441972537,66.79554689341968,429624.21418305906,4617311.467020156,74.22369036342562,35.57677969606617,0.81188,3,1
Feature,"{ ""height"": 3.4363749027252188, ""confidence"": -1.0 }",2473,3,0.7453,242.2102600817121,66.34846536454634,429667.2307606615,4621775.033097866,181.24635645053166,63.71570112696404,0.8473799999999999,3,3
Feature,"{ ""height"": 5.2153844833374023, ""confidence"": -1.0 }",2486,3,0.8916,167.4740101426508,54.91208112137201,427371.53363010514,4618887.7917444995,167.38815268873404,53.68028914211759,0.8671200000000001,3,1
Feature,"{ ""height"": 3.8025000095367432, ""confidence"": -1.0 }",2509,3,0.7777,198.0154683642434,59.03511234031321,430158.0274469748,4623027.707946363,174.6965650272694,54.803310832297825,0.6150800000000001,3,3
Feature,"{ ""height"": -1.0, ""confidence"": -1.0 }",2510,3,0.6772,78.2916583961974,35.56477387190165,430081.64530826075,4620258.603417001,154.54119011354143,50.6606657531224,0.7370000000000001,3,3
Feature,"{ ""height"": 3.7018334865570068, ""confidence"": -1.0 }",2534,3,0.9231,164.24589030099233,55.46933481359617,427585.7379034632,4618876.077099365,160.0353110393637,51.88283465990766,0.78644,3,1
Feature,"{ ""height"": 3.896419763565063, ""confidence"": -1.0 }",2538,3,0.8866,181.30483055547725,57.83386830180393,433501.0147181479,4622218.052333483,120.36836591466708,42.86680055084886,0.7274200000000001,3,0
Feature,"{ ""height"": 4.7091283798217773, ""confidence"": -1.0 }",2552,3,0.8815,288.227289051035,72.96626921850427,431368.55340633064,4622453.7009039745,171.48582532405197,56.45510856457814,0.70758,3,3
Feature,"{ ""height"": 3.794538021087646, ""confidence"": -1.0 }",2575,3,0.8691,156.26810197541022,52.470536746060546,429786.3377066657,4620156.531654683,99.8310524520095,39.86714962301822,0.85296,3,3
Feature,"{ ""height"": 3.135353565216064, ""confidence"": -1.0 }",2576,3,0.8743,49.06464018286877,28.047832032577237,429765.8766078087,4621131.8304412635,145.07627161440968,51.12614800090634,0.85124,3,3
Feature,"{ ""height"": -1.0, ""confidence"": -1.0 }",2604,0,0.5493,163.14414256860567,54.15522058401627,431964.0262784661,4621923.624979572,112.65441939414181,43.26766091137206,0.7552,3,3
Feature,"{ ""height"": 4.2222847938537598, ""confidence"": -1.0 }",2611,3,0.8675,88.08689511685708,48.074439977785175,431420.6669500385,4620018.768260291,128.87604797747522,46.75508693275574,0.7635,3,3
Feature,"{ ""height"": -1.0, ""confidence"": -1.0 }",2615,2,0.8209,152.2216908050172,51.64783940912498,430559.0826411913,4619306.283649534,176.8153189560431,55.66233072422157,0.7747999999999999,2,1
Feature,"{ ""height"": 3.197700977325439, ""confidence"": -1.0 }",2620,3,0.8242,500.5454816975988,117.6101724813145,430113.1410725753,4619016.075235492,186.09461740185517,59.57112014234368,0.8467800000000001,3,1
Feature,"{ ""height"": 4.1673321723937988, ""confidence"": -1.0 }",2658,3,0.8532,136.56932914788396,46.74652102479271,431756.1355022256,4621501.542558605,183.2148104753984,59.586906369394534,0.7852,3,3
Feature,"{ ""height"": -1.0, ""confidence"": -1.0 }",2666,3,0.7525,34.089758294106566,25.967702479127908,430036.3911517774,4621904.960582464,162.97177546955737,56.4457110438892,0.73736,3,3
Feature,"{ ""height"": 3.9091565608978271, ""confidence"": -1.0 }",2669,3,0.8022,136.90913322444646,47.005434864615154,429751.423846724,4623092.450122442,250.73167926123128,70.2548905457486,0.76094,3,3
Feature,"{ ""height"": 4.7310791015625, ""confidence"": -1.0 }",2683,3,0.9004,123.84463667832762,48.08785321086967,428499.9014249142,4618844.451289857,163.00828251312174,55.51322349760113,0.7822600000000001,3,1
Feature,"{ ""height"": 3.3542377948760982, ""confidence"": -1.0 }",2696,3,0.7764,289.8839607146073,74.11734178471943,433178.64309367223,4620299.014497418,167.20044109526575,53.25780163290359,0.73826,3,0
Feature,"{ ""height"": 5.3967828750610352, ""confidence"": -1.0 }",2706,3,0.8151,221.74524352478045,63.307640725826914,431442.0305375624,4622888.48621184,226.54317613501865,69.46515332639237,0.7713599999999999,3,3
Feature,"{ ""height"": 3.8451087474822998, ""confidence"": -1.0 }",2715,3,0.8111,72.98138310031456,34.24813314375311,430744.0814878884,4620813.922793696,218.05085166405811,66.73606850289781,0.75558,3,3
Feature,"{ ""height"": 4.1277666091918936, ""confidence"": -1.0 }",2727,3,0.8384,246.42542332180767,78.74247662129757,429602.3664614276,4620287.986298478,155.2017249080853,49.86282119207658,0.7973600000000001,3,3
Feature,"{ ""height"": 5.2208747863769531, ""confidence"": -1.0 }",2740,3,0.8961,249.38787909620845,66.73512180984248,433423.010194344,4620490.116991001,232.03496104855117,67.71058046699586,0.8711399999999999,3,0
Feature,"{ ""height"": 8.9891843795776367, ""confidence"": -1.0 }",2749,3,0.8551,59.4828335688003,35.08379818674987,431419.88768393075,4622056.213497618,194.26560791275796,59.256014308850965,0.8007199999999999,3,3
Feature,"{ ""height"": 4.0776228904724121, ""confidence"": -1.0 }",2760,3,0.5068,370.4726623470697,87.27635592434089,430641.10233783675,4621611.563909427,676.453556636141,134.88772785685248,0.77536,2,3
Feature,"{ ""height"": 3.0930013656616211, ""confidence"": -1.0 }",2765,3,0.7002,105.77398396704815,41.15476932841244,430151.67295736633,4619461.2510115625,152.25194773287106,50.25731914099166,0.7979200000000001,3,1
Feature,"{ ""height"": 3.9741177558898921, ""confidence"": -1.0 }",2801,3,0.9037,126.52169712667052,49.39375608378553,431595.9759144428,4620308.73905067,142.41391485083278,47.69206858982985,0.7419399999999999,3,3
Feature,"{ ""height"": 4.3866848945617685, ""confidence"": -1.0 }",2809,3,0.8112,108.46348216677517,41.673755868341075,431050.5885948486,4621536.703515631,135.74302045700261,49.747412154834436,0.84992,3,3
Feature,"{ ""height"": -1.0, ""confidence"": -1.0 }",2825,2,0.7927,139.07690734747098,58.37250879995275,429551.2865028485,4623278.408447244,94.89348904083378,43.18075435202218,0.7306,3,3
Feature,"{ ""height"": 4.4190192222595206, ""confidence"": -1.0 }",2836,2,0.6709,1253.760604088758,163.24445941393,428565.5412462903,4621036.37721511,828.6801997026139,146.36225189141285,0.79622,2,2
Feature,"{ ""height"": -1.0, ""confidence"": -1.0 }",2842,3,0.8051,22.28874051920608,19.145546136059902,427663.62027000793,4616964.447250675,128.56787925536804,52.149658280401184,0.83104,3,1
Feature,"{ ""height"": 3.1117489337921138, ""confidence"": -1.0 }",2860,3,0.8532,276.5392562163962,68.45869634660437,431809.723233409,4619905.787496413,155.81778765991027,51.54926094283585,0.7519,3,3
Feature,"{ ""height"": 4.1353945732116699, ""confidence"": -1.0 }",2885,3,0.918,164.67787519549768,54.58915390371209,428661.3228546896,4619527.073266885,125.57219229903258,46.975678510157294,0.73498,3,1
Feature,"{ ""height"": 4.3155431747436523, ""confidence"": -1.0 }",2886,3,0.9323,307.5050130363363,81.66507148761862,428641.41841393267,4618367.189647243,168.32040329207823,55.93334826996588,0.79894,3,1
Feature,"{ ""height"": 4.5082178115844727, ""confidence"": -1.0 }",2892,3,0.9672,346.9629186330636,77.9588146833065,433572.7188179525,4619578.534544154,365.6965645603279,83.89384463366227,0.8695,3,0
Feature,"{ ""height"": 4.8032174110412598, ""confidence"": -1.0 }",2893,3,0.8878,212.36010771247985,61.30742404387521,433546.19942211563,4623007.207179552,328.6758494843546,78.29347842925422,0.91252,3,0
Feature,"{ ""height"": 4.8745517730712891, ""confidence"": -1.0 }",2895,3,0.5858,69.19211785446957,33.605807566276326,433375.5526752253,4621175.213322573,299.84515180392157,84.86048491061072,0.8611999999999999,3,0
Feature,"{ ""height"": 4.1777453422546387, ""confidence"": -1.0 }",2901,3,0.8844,134.73014960594838,46.552227000329346,432060.6003172414,4622228.171267971,288.4873522362994,72.4195879494494,0.6995600000000001,3,0
Feature,"{ ""height"": 4.9128713607788095, ""confidence"": -1.0 }",2917,2,0.5047,2190.8135864790565,191.27549760416295,430220.1964448408,4617896.811233621,346.26491194802225,71.22343080563006,0.70288,3,2
Feature,"{ ""height"": 4.4474048614501953, ""confidence"": -1.0 }",2930,3,0.8853,213.862750513878,63.21477251034129,429817.85605550546,4622287.316917289,204.32079751522446,55.74546646567937,0.7673800000000001,3,3
Feature,"{ ""height"": 3.4308755397796631, ""confidence"": -1.0 }",2939,3,0.8667,172.39321611712347,55.36305952336337,429104.4153289442,4621317.851553885,458.6586795131895,84.10347902508063,0.7937799999999999,3,3
Feature,"{ ""height"": 7.3542776107788086, ""confidence"": -1.0 }",2940,2,0.7978,1332.8305091888749,277.2597862854168,428949.7337636336,4620022.060251919,453.3694271325132,107.12739862203975,0.73138,3,2
Feature,"{ ""height"": 5.3394722938537598, ""confidence"": -1.0 }",2963,2,0.6637,99.55136021636898,40.06218472103074,432021.755807347,4621493.449597354,483.60354763073394,87.88434661699148,0.7508000000000001,3,3
Feature,"{ ""height"": 3.412739515304565, ""confidence"": -1.0 }",2976,3,0.8693,95.76622600385409,39.18132316839119,430936.38472285954,4619650.4450127715,173.9882602962063,54.173491371313716,0.83538,3,3
Feature,"{ ""height"": -1.0, ""confidence"": -1.0 }",2978,2,0.8954,989.6000382051302,130.31771099894377,430705.20362514525,4618974.981079325,670.7888989337779,117.75433013601769,0.8032,0,1
Feature,"{ ""height"": 5.5229029655456543, ""confidence"": -1.0 }",3005,3,0.9446,192.5297240253385,66.73078098501631,429483.0146083975,4621105.977150707,175.0828095146192,58.11295503998387,0.7472799999999999,3,3
Feature,"{ ""height"": 3.6638755798339839, ""confidence"": -1.0 }",3027,3,0.7183,165.78351842932017,54.25683621660384,431607.4782966789,4620643.393873746,193.07927089842698,57.96477176619675,0.7817000000000001,3,3
Feature,"{ ""height"": -1.0, ""confidence"": -1.0 }",3091,3,0.6914,66.99879412990325,34.74892848357458,430722.9917571596,4619505.301765322,300.7136056686005,82.70765920516473,0.79814,3,3
Feature,"{ ""height"": 4.3715152740478525, ""confidence"": -1.0 }",3108,3,0.95,195.84071747331924,65.43423131209127,429896.3615657245,4620715.89369057,173.6410507723139,57.17687768436932,0.76452,3,3
Feature,"{ ""height"": 8.2098178863525391, ""confidence"": -1.0 }",3114,3,0.8026,566.6251269503883,97.84711221452694,429638.6589760527,4623862.900249269,294.7633821351576,74.4635852258335,0.80234,3,3
Feature,"{ ""height"": 4.4010915756225586, ""confidence"": -1.0 }",3116,3,0.6589,109.03275636742102,43.176228350203786,429474.2162545833,4620852.405667296,135.06907485606294,44.90510496455322,0.8196,3,3
Feature,"{ ""height"": -1.0, ""confidence"": -1.0 }",3127,2,0.7218,71.47849740336773,33.82809249356703,428509.79912475793,4622258.959493473,804.6755125656776,113.61273477628079,0.88538,2,3
Feature,"{ ""height"": -1.0, ""confidence"": -1.0 }",3129,3,0.7771,113.06962376318494,45.773123191392806,427917.3624298508,4616551.494769956,114.94233339174528,46.01452684510029,0.75898,3,1
Feature,"{ ""height"": 3.29366135597229, ""confidence"": -1.0 }",3140,3,0.9435,185.04185131502092,59.42247000245989,432106.65695905255,4622725.041779074,586.2134564927694,109.10559604379871,0.8358799999999998,3,0
Feature,"{ ""height"": -1.0, ""confidence"": -1.0 }",3147,3,0.7044,291.87764901686177,80.5587371198931,431578.6331060773,4620505.433875294,135.75625425104653,45.09395786747942,0.75536,3,3
Feature,"{ ""height"": 4.9201717376708984, ""confidence"": -1.0 }",3150,2,0.9201,634.0360137455162,100.83937217372518,431449.1704265732,4623129.480876542,285.3254784881125,74.3296122505885,0.8029800000000001,3,3
Feature,"{ ""height"": 3.2132406234741211, ""confidence"": -1.0 }",3179,2,0.8688,832.8518521757139,156.87652613109182,429266.6743800767,4623407.323724697,412.42514249621024,77.04288130064425,0.7693,2,3
Feature,"{ ""height"": -1.0, ""confidence"": -1.0 }",3189,3,0.6762,89.30195959859111,38.57011735329783,428038.346703496,4616481.008560626,126.27856360848921,47.21376220970369,0.77062,3,1
Feature,"{ ""height"": 3.818544864654541, ""confidence"": -1.0 }",3198,3,0.9315,333.8541401548685,76.41068952112053,433600.11958036147,4622726.87720139,308.1557944202156,76.48757576334728,0.88712,3,0
Feature,"{ ""height"": -1.0, ""confidence"": -1.0 }",3216,3,0.9129,24.182957461963344,22.689739598072897,431547.8356431592,4622700.350207015,152.1483854253302,52.38782369834526,0.6933999999999999,3,3
Feature,"{ ""height"": 5.0784754753112793, ""confidence"": -1.0 }",3228,3,0.8314,177.04916562332943,56.300013993921254,430865.4871062787,4620737.1440319745,189.44753784735562,58.97516197618785,0.80238,3,3
Feature,"{ ""height"": -1.0, ""confidence"": -1.0 }",3259,2,0.7884,734.1753145860694,188.04363588134015,433372.95398108644,4621383.8708606465,863.3221760621873,118.41551740589298,0.82162,3,0
Feature,"{ ""height"": 3.165432214736938, ""confidence"": -1.0 }",3265,3,0.6978,60.23946679565363,31.15537239070847,431957.26759875705,4620271.888593342,220.55012283427286,64.78930470415085,0.74174,3,3
Feature,"{ ""height"": 6.3047809600830078, ""confidence"": -1.0 }",3275,3,0.9168,24.886367993441276,23.30826199895803,431192.92967536184,4621850.452083859,247.09515811711753,69.03077160485532,0.8655000000000002,3,3
Feature,"{ ""height"": 4.7427563667297363, ""confidence"": -1.0 }",3291,0,0.6858,210.32999987604555,60.708918900399766,429767.88089296763,4623185.339707207,423.9276680841543,100.27833139334977,0.79272,3,3
Feature,"{ ""height"": 4.6823816299438477, ""confidence"": -1.0 }",3294,1,0.8052,384.22042808398606,90.61157357422016,429441.93293891085,4621665.4086535545,226.51128693217615,61.93050437330768,0.8619999999999999,3,3
Feature,"{ ""height"": 3.8331453800201412, ""confidence"": -1.0 }",3306,3,0.6295,132.0861680728063,46.934540258144025,427055.03117674513,4618937.648615516,185.05083820355557,56.17459965460146,0.83062,3,1
Feature,"{ ""height"": 4.4892244338989258, ""confidence"": -1.0 }",3316,3,0.8324,222.96097402298787,60.50645908194083,432045.79726180935,4623132.602254105,1276.5902686152053,133.88000212492358,0.8069199999999999,2,0
Feature,"{ ""height"": 3.8803999423980713, ""confidence"": -1.0 }",3323,3,0.8267,277.7812818901717,66.77938868008229,431463.6765142311,4620528.491388629,139.10216659204352,46.658657015171755,0.76096,3,3
Feature,"{ ""height"": 3.7503128051757812, ""confidence"": -1.0 }",3332,3,0.8896,158.2442497849443,52.37595015467157,430760.78065514535,4620846.148505256,200.99827832713217,63.110505100714114,0.73988,3,3
Feature,"{ ""height"": 4.7657594680786133, ""confidence"": -1.0 }",3351,3,0.9001,143.874290440598,48.95017610067206,429520.99183205655,4619742.705777321,240.4558238343409,65.07904540706247,0.7939,3,1
Feature,"{ ""height"": 4.2535843849182129, ""confidence"": -1.0 }",3373,3,0.8185,121.73673650754166,73.08422694285053,433352.89517041727,4621877.723290037,200.36966483111087,57.29589809499574,0.7168,3,0
Feature,"{ ""height"": -1.0, ""confidence"": -1.0 }",3390,3,0.7311,185.00174077408803,57.019438638434856,430723.84724620543,4619759.925111081,99.34546056606737,38.76484967409384,0.85362,3,3
Feature,"{ ""height"": -1.0, ""confidence"": -1.0 }",3396,3,0.832,72.91671025539411,38.33635756525145,430295.76659878733,4620459.003898167,119.27311620451493,44.394201442855675,0.7318199999999999,3,3
Feature,"{ ""height"": -1.0, ""confidence"": -1.0 }",3405,0,0.7871,169.75960098983825,60.513555756439416,429949.7822940744,4623984.042766829,133.3514572137488,47.097832593131116,0.7942599999999999,3,3
Feature,"{ ""height"": 3.1243164539337158, ""confidence"": -1.0 }",3421,3,0.9256,172.48374535962947,54.80118010172842,427758.29862180765,4616065.384350918,327.0037044043523,79.15727981316522,0.8109,3,1
Feature,"{ ""height"": 5.6419758796691895, ""confidence"": -1.0 }",3428,2,0.5945,17574.53247244783,916.3960876185618,433024.4729150651,4621574.873838973,1725.8053200312486,247.97917640016507,0.8520199999999999,2,4
Feature,"{ ""height"": 3.3573000431060791, ""confidence"": -1.0 }",3434,3,0.8993,135.11125065777787,47.19522649608357,431684.74044835335,4621206.130309461,147.19479569267702,48.85913847245105,0.7040000000000001,3,3
Feature,"{ ""height"": 4.1739950180053711, ""confidence"": -1.0 }",3442,3,0.9154,157.970456580556,50.27574735543699,431194.823189313,4621028.777762924,97.08532005580831,39.30634731334372,0.8071400000000001,3,3
Feature,"{ ""height"": 3.5538430213928218, ""confidence"": -1.0 }",3464,3,0.8843,250.6791984787647,72.28131934510193,429598.8767355514,4621739.085258966,161.60141517081325,57.25412964837888,0.8330399999999999,3,3
Feature,"{ ""height"": 4.9975976943969727, ""confidence"": -1.0 }",3486,3,0.9091,226.9113339105996,68.15784312732951,432908.83511703106,4620674.1705241315,272.77082557128404,69.97175346766926,0.81756,3,0
Feature,"{ ""height"": 3.8377444744110099, ""confidence"": -1.0 }",3516,3,0.6841,129.4100756514656,46.105932268274486,429647.9093780775,4620420.558176392,96.33232780449141,41.19870997822245,0.8095600000000001,3,3
Feature,"{ ""height"": 3.829527616500854, ""confidence"": -1.0 }",3538,2,0.665,316.74959638298174,71.29522607372391,428468.36651728256,4621325.843453327,1016.0824012437691,164.75209855945408,0.7974,2,3
Feature,"{ ""height"": 3.6563091278076172, ""confidence"": -1.0 }",3542,3,0.8598,183.26477069892664,59.009401335328555,427426.93613594095,4619130.941430089,173.4444466305528,57.5911533306104,0.8646800000000001,3,1
Feature,"{ ""height"": 6.0, ""confidence"": -1.0 }",3562,3,0.6123,6.55427697923496,10.626151865816317,431378.1170783709,4620629.227251602,207.62660742795987,62.244883834049325,0.7947599999999999,3,3
Feature,"{ ""height"": 4.3280801773071289, ""confidence"": -1.0 }",3568,3,0.859,69.49249382032106,33.345139504771694,431047.3686747279,4621415.810725335,87.75557673389369,38.7738960208724,0.8390599999999999,3,3
Feature,"{ ""height"": 4.8116326332092276, ""confidence"": -1.0 }",3602,3,0.7719,335.7481248545288,94.60285239503668,433219.2389045216,4620581.932030342,273.013493299055,72.64247088033213,0.83712,3,0
Feature,"{ ""height"": -1.0, ""confidence"": -1.0 }",3614,3,0.7794,75.65283379867135,34.97287023393047,431413.9442869472,4621808.460229034,213.96102398347625,63.18199193890662,0.7878000000000001,3,3
Feature,"{ ""height"": 5.5996112823486328, ""confidence"": -1.0 }",3623,3,0.7615,153.21931264161003,54.74832412102186,430605.9759343516,4619438.979620117,301.0987503749087,82.12241313395575,0.7115199999999999,2,1
Feature,"{ ""height"": 3.274540901184082, ""confidence"": -1.0 }",3624,3,0.7735,250.7476570049972,65.86527061213421,430489.32877079555,4622801.873520159,471.31842165804676,77.6534743521967,0.72668,3,3
Feature,"{ ""height"": 3.6731348037719722, ""confidence"": -1.0 }",3638,3,0.8081,147.70258024433974,58.337305685863384,429585.7077774941,4619866.555041146,241.31520245867674,61.45844394815789,0.78826,3,1
Feature,"{ ""height"": 6.1294407844543457, ""confidence"": -1.0 }",3643,3,0.6752,121.44011916889032,46.78310285120017,429383.32664773864,4619621.069002442,260.4673579530491,68.86067760193626,0.8612,3,1
Feature,"{ ""height"": 5.3645706176757812, ""confidence"": -1.0 }",3660,3,0.5932,202.6448313267227,57.57424842947906,431939.25715845096,4621359.790903612,435.04128260881714,78.15080293016317,0.76024,3,3
Feature,"{ ""height"": 3.082263708114624, ""confidence"": -1.0 }",3663,3,0.6459,85.33150155324522,38.718774968170415,431662.4898555069,4622240.980174929,138.71587774821748,48.095958091980286,0.8424800000000001,3,3
Feature,"{ ""height"": 4.1535439491271973, ""confidence"": -1.0 }",3673,3,0.8454,227.00214209568264,63.81474134373826,431076.114657547,4619697.888092059,153.8992586461933,49.51514602158217,0.8611800000000001,3,3
Feature,"{ ""height"": 3.8881683349609371, ""confidence"": -1.0 }",3676,2,0.8316,435.76862508375206,92.54456469443208,430684.55633574346,4620196.770165174,394.6700465584137,96.51506054332137,0.7213200000000001,3,3
Feature,"{ ""height"": 4.6043095588684082, ""confidence"": -1.0 }",3677,2,0.7329,1740.9703282041514,185.5452759109933,430569.2297751151,4622654.624974169,212.5125372271168,58.839216129953954,0.7287999999999999,3,2
Feature,"{ ""height"": 3.1111512184143062, ""confidence"": -1.0 }",3679,3,0.5002,137.39566064965632,47.659420573284194,430424.33640528226,4619499.877462652,148.22261751385673,52.20852670945995,0.7696799999999999,3,1
Feature,"{ ""height"": 4.7793326377868652, ""confidence"": -1.0 }",3690,3,0.8652,138.11116986548188,48.22283432040207,430070.41677341756,4619332.896459134,153.82753700255324,50.53675823634039,0.7413000000000001,3,1
Feature,"{ ""height"": 4.2964119911193848, ""confidence"": -1.0 }",3699,3,0.7796,31.72349640558835,23.060192185810667,429529.73288978107,4623132.782940845,101.32674890918572,41.54146632916384,0.7238,3,3
Feature,"{ ""height"": 6.2561135292053223, ""confidence"": -1.0 }",3721,3,0.9153,454.22847088151514,99.91850634737315,433481.90794153226,4619403.912655714,436.64100486370216,95.4460520997845,0.9080199999999999,3,0
Feature,"{ ""height"": 3.021724939346313, ""confidence"": -1.0 }",3722,3,0.7433,227.9498359609395,64.12001653943402,433441.2425502388,4622183.1735428395,111.03936483357461,41.60957090332285,0.7560800000000001,3,0
Feature,"{ ""height"": 6.017634391784668, ""confidence"": -1.0 }",3724,3,0.8246,250.0507892509095,72.25666869908413,433386.77971143817,4621098.579180461,157.6321751762955,49.37508666905044,0.8082,3,0
Feature,"{ ""height"": 3.937360286712646, ""confidence"": -1.0 }",3732,3,0.8234,110.76400293210412,42.28056633852642,431835.6412212389,4622191.938097089,172.0644852362455,53.55570009054863,0.6737599999999999,3,3
Feature,"{ ""height"": -1.0, ""confidence"": -1.0 }",3739,3,0.7654,24.485417092085356,20.03120422665101,430832.8903275815,4620053.263605203,131.07240576290474,47.01810607657963,0.73592,3,3
Feature,"{ ""height"": 3.7391624450683589, ""confidence"": -1.0 }",3752,3,0.6856,269.1073871398858,81.70338423468537,429955.3167490309,4620552.684696756,105.88778420557335,42.861502265754766,0.7359600000000001,3,3
Feature,"{ ""height"": -1.0, ""confidence"": -1.0 }",3757,3,0.91,255.8791050396383,92.34761607753504,429760.0685760776,4624128.486431917,168.386548413735,56.13480248403916,0.7863600000000001,3,3
Feature,"{ ""height"": 4.8556699752807617, ""confidence"": -1.0 }",3769,3,0.7491,86.58109848268371,49.34692302812315,429215.33851419453,4621362.166306571,181.90133652048945,62.673992050788044,0.78494,3,3
Feature,"{ ""height"": 4.1973938941955566, ""confidence"": -1.0 }",3775,2,0.9215,741.8507226111253,113.6040029578447,428446.2682395305,4620297.046507372,133.7639607609208,47.69429281123816,0.70348,3,1
Feature,"{ ""height"": -1.0, ""confidence"": -1.0 }",3779,3,0.7207,106.68677972139778,44.8503237102003,427949.3170112369,4616630.209552962,127.30468828148557,49.57626288092043,0.78278,3,1
Feature,"{ ""height"": 3.791263103485107, ""confidence"": -1.0 }",3793,3,0.6995,240.47493246108175,71.51087711272356,432055.2408745561,4620434.071737975,178.27027458278235,55.24309925388839,0.8062000000000001,3,0
Feature,"{ ""height"": -1.0, ""confidence"": -1.0 }",3798,3,0.6152,119.85726106548084,44.50396843552174,431645.72001135716,4619802.975921365,76.53876095778472,34.56256510895575,0.7481,3,3
Feature,"{ ""height"": 5.0429368019104004, ""confidence"": -1.0 }",3809,3,0.8041,338.39887950797515,75.5378361784326,430411.7571187868,4621568.619495466,585.3923309634777,120.89998361337504,0.80112,3,3
Feature,"{ ""height"": 5.1929469108581543, ""confidence"": -1.0 }",3841,3,0.8138,342.4941598996346,79.7760703892899,433599.3928782849,4622805.591335376,349.92498414476063,79.70502500465751,0.93102,3,0
Feature,"{ ""height"": 3.1455302238464351, ""confidence"": -1.0 }",3851,3,0.5411,71.54040784568994,33.8326846004422,431746.6939581435,4621154.298701576,168.86621567228568,53.08757425317914,0.87698,3,3
Feature,"{ ""height"": 3.3446199893951412, ""confidence"": -1.0 }",3852,3,0.8097,197.53953209018664,61.44881645363212,431581.6967632237,4622582.744191251,121.274868030171,45.268299921019185,0.72986,3,3
Feature,"{ ""height"": 3.409468412399292, ""confidence"": -1.0 }",3884,3,0.8213,119.429398780496,51.206074621775514,428578.9353975516,4618819.539515097,142.1521471063092,51.34053527971547,0.83476,3,1
Feature,"{ ""height"": 3.6830832958221431, ""confidence"": -1.0 }",3899,2,0.8574,703.0143798848658,134.11124816986154,432425.84245032835,4622939.202605048,197.84389395535237,60.90376246946632,0.7679199999999999,2,0
Feature,"{ ""height"": 3.6286931037902832, ""confidence"": -1.0 }",3907,3,0.7647,186.1102198430704,61.670824158335186,431392.9780958244,4622613.046673589,188.40366093159952,59.01944405512495,0.7329399999999999,3,3
Feature,"{ ""height"": 3.956773996353149, ""confidence"": -1.0 }",3948,3,0.8421,170.8898907263534,54.67292294670227,432378.2667052563,4620932.802019812,165.43341544479316,53.76045026554891,0.7874399999999999,3,0
Feature,"{ ""height"": 6.2414798736572275, ""confidence"": -1.0 }",3959,2,0.9837,1223.315165332805,146.92663307065297,430486.2633746255,4620324.286239481,217.86114780187268,58.68423666973489,0.8145999999999999,3,3
Feature,"{ ""height"": 3.8897716999053951, ""confidence"": -1.0 }",3972,3,0.8286,49.94262323237601,28.484888329442622,429736.83701046027,4620414.907068293,82.0979138112025,35.94596291500959,0.7773,3,3
Feature,"{ ""height"": 4.9677143096923828, ""confidence"": -1.0 }",3979,3,0.9191,233.09849692418192,63.46085189133952,429436.7844014425,4622473.805288113,256.29188343737565,60.84164383734268,0.88906,3,3
Feature,"{ ""height"": 4.2168769836425781, ""confidence"": -1.0 }",3997,3,0.8365,188.4428986694443,59.19165837904261,427234.997816873,4619135.317013466,176.74693693691057,57.04320072457384,0.86174,3,1
Feature,"{ ""height"": 4.216153621673584, ""confidence"": -1.0 }",3999,3,0.9398,193.2608870752334,58.526310370345435,433493.21008551435,4621444.925028221,971.5050615643544,144.31898250809192,0.79134,3,0
Feature,"{ ""height"": -1.0, ""confidence"": -1.0 }",4007,3,0.632,175.54353927440843,54.73927826577845,432339.8841179399,4620509.019652461,159.4750032144097,53.810360369400165,0.70912,3,0
Feature,"{ ""height"": 3.5120995044708252, ""confidence"": -1.0 }",4016,3,0.5235,75.7276199098155,36.52357391630849,431145.3361934971,4622773.464852681,180.57351303828776,53.85770622580837,0.8303199999999998,3,3
Feature,"{ ""height"": -1.0, ""confidence"": -1.0 }",4022,0,0.5174,288.079358724403,76.05595071616506,430670.5486508316,4623052.313601071,989.5354741135576,111.98791112746387,0.73842,2,3
Feature,"{ ""height"": 5.1947636604309082, ""confidence"": -1.0 }",4026,0,0.755,263.3518783466695,67.42011404649233,430069.2508708217,4617305.279745406,150.28978217675558,47.3295180930366,0.67854,3,1
Feature,"{ ""height"": 5.0876717567443848, ""confidence"": -1.0 }",4036,3,0.746,219.8301623544359,61.46399220809524,429729.01445143257,4622247.986691643,141.1660618264817,48.072530010061584,0.83308,3,3
Feature,"{ ""height"": 3.4761319160461421, ""confidence"": -1.0 }",4050,3,0.8194,161.1359459541739,55.68441597392463,427759.56825368764,4616661.045655036,167.8116424502287,54.2512031414101,0.82042,3,1
Feature,"{ ""height"": 3.9194343090057369, ""confidence"": -1.0 }",4056,3,0.7422,150.92853985692597,50.96238526571953,433118.0150294506,4620215.037904033,203.7552399975162,61.0921081593591,0.8125599999999998,3,0
Feature,"{ ""height"": -1.0, ""confidence"": -1.0 }",4071,3,0.9274,75.4395515555641,34.763733628391186,431450.3653412372,4622079.460173041,191.07426431540517,59.320027220522704,0.78626,3,3
Feature,"{ ""height"": 5.7597222328186026, ""confidence"": -1.0 }",4080,3,0.7857,71.31542050991854,33.829655570373504,430404.55883521086,4622533.674448559,331.51383219774823,79.65432700016174,0.8654999999999999,3,3
Feature,"{ ""height"": 4.9803385734558097, ""confidence"": -1.0 }",4089,0,0.5975,1470.3775816897005,215.97737410455065,429113.23541345535,4619863.521484345,457.7224235524851,105.57470798742222,0.8257,2,2
Feature,"{ ""height"": -1.0, ""confidence"": -1.0 }",4099,3,0.6947,118.66310514687524,56.64093986318565,427670.7567136571,4617116.341232579,125.83600472405597,53.05415712954493,0.7855,3,1
Feature,"{ ""height"": 4.0779528617858887, ""confidence"": -1.0 }",4103,3,0.8855,229.4484708365891,64.047607407617,433506.79033071763,4621832.675133557,123.15951915783599,51.19012959877466,0.7189,3,0
Feature,"{ ""height"": 3.3944499492645259, ""confidence"": -1.0 }",4110,3,0.8385,200.1781542899677,63.428085320098056,431754.5749723857,4620491.405560002,129.48658090533294,46.830679868759546,0.79448,3,3
Feature,"{ ""height"": -1.0, ""confidence"": -1.0 }",4117,2,0.7519,123.8334970193278,56.50651667842587,431211.1907902299,4622983.182410156,286.08693394961347,77.95095515382124,0.78516,3,3
Feature,"{ ""height"": 3.6243643760681152, ""confidence"": -1.0 }",4127,3,0.8885,243.5287590516008,64.56660639584983,430194.8016033771,4621601.437706503,179.40206721103775,52.80151255113824,0.76958,3,3
Feature,"{ ""height"": 4.7841129302978525, ""confidence"": -1.0 }",4136,3,0.8715,101.70288593522918,40.950123900068384,429694.55108130065,4619630.24222722,149.78218655418866,51.4910445162678,0.86294,3,1
Feature,"{ ""height"": 5.1275267601013184, ""confidence"": -1.0 }",4196,3,0.8996,294.06399496305096,82.37826865786995,429982.97845036053,4622618.1938056955,249.77572728274782,69.82854298956582,0.9091400000000001,3,3
Feature,"{ ""height"": -1.0, ""confidence"": -1.0 }",4212,3,0.8155,109.9403781868102,44.53420050115505,428040.88523965166,4619935.611413339,135.59013186134197,48.65965408506275,0.78756,3,1
Feature,"{ ""height"": 3.1211123466491699, ""confidence"": -1.0 }",4216,3,0.8351,165.38865137746708,57.46802391563163,427777.4103899794,4616631.011327373,145.07481163542235,51.0888079281497,0.7817799999999999,3,1
Feature,"{ ""height"": 7.6466751098632812, ""confidence"": -1.0 }",4251,0,0.5976,669.0437634059532,134.55113144307433,430169.2404827431,4618756.527424953,897.0397277316526,126.07515324378453,0.8629000000000001,0,1
Feature,"{ ""height"": 4.4944443702697754, ""confidence"": -1.0 }",4267,3,0.8613,232.04487026284605,63.22183124613133,429092.8790686413,4618836.0087209465,122.96742056248306,45.780572844852486,0.7851999999999999,3,1
Feature,"{ ""height"": 5.6117434501647949, ""confidence"": -1.0 }",4284,3,0.9641,522.255595898507,94.63531365954393,433510.6419116307,4622931.140246242,306.5095303150914,77.81315354557562,0.90338,3,0
Feature,"{ ""height"": 4.2025151252746582, ""confidence"": -1.0 }",4293,3,0.8762,153.0505035033758,58.65844891679486,431913.44639787934,4621786.519334366,164.4584565288804,53.27468835903742,0.8166399999999999,3,3
Feature,"{ ""height"": -1.0, ""confidence"": -1.0 }",4317,3,0.6824,100.42717520519298,41.688429179524725,429922.901839154,4619303.420380797,125.93563989915488,44.621685215186844,0.82548,3,1
Feature,"{ ""height"": 4.5265698432922363, ""confidence"": -1.0 }",4322,3,0.8371,112.86056105817732,43.62572585808122,429715.3246900075,4623091.8121858705,258.71517649378995,73.13606288922968,0.79736,3,3
Feature,"{ ""height"": -1.0, ""confidence"": -1.0 }",4324,3,0.8765,126.46507008641832,50.74432637458905,429631.13398612343,4622666.727051031,243.47815216327353,60.926256032339936,0.84824,3,3
Feature,"{ ""height"": 7.7226691246032715, ""confidence"": -1.0 }",4360,3,0.8213,104.77149917597411,40.95459529724637,431732.0385682368,4620922.147095452,178.0561238281005,56.4056254451753,0.82014,3,3
Feature,"{ ""height"": 4.8881092071533203, ""confidence"": -1.0 }",4361,3,0.7077,134.26797044375354,47.21410281795153,431709.7440418294,4621040.775076813,151.68529647310538,50.6743834903789,0.7336199999999999,3,3
Feature,"{ ""height"": 4.4421601295471191, ""confidence"": -1.0 }",4415,3,0.9457,161.56922519004286,57.633490191157435,433442.3201225106,4621376.819182404,977.8433939413924,144.49754654392953,0.79016,3,0
Feature,"{ ""height"": 3.8196258544921871, ""confidence"": -1.0 }",4416,3,0.8172,193.3692570074688,63.54121723233788,433324.13955784147,4620405.225458543,191.48263456191262,58.682662154045715,0.76854,3,0
Feature,"{ ""height"": 4.0857377052307129, ""confidence"": -1.0 }",4417,3,0.9181,180.43321432264432,58.37488126344888,433124.48322564655,4620196.6422134405,197.85430510437254,59.60960895981324,0.7773800000000001,3,0
Feature,"{ ""height"": 4.1367864608764648, ""confidence"": -1.0 }",4425,3,0.5274,234.1348516109628,64.78872910322784,431869.8910402659,4622302.800227653,163.24622608590627,53.2553637771026,0.73978,3,3
Feature,"{ ""height"": -1.0, ""confidence"": -1.0 }",4432,3,0.5607,105.16102557046788,54.39771770235987,430942.6603468626,4619174.90970404,1113.4605355185638,164.81465985017016,0.82324,0,1
Feature,"{ ""height"": 6.6568102836608887, ""confidence"": -1.0 }",4441,0,0.9666,1014.7804454564132,148.66981147209407,430056.6335630837,4618764.74340359,263.1028066027086,68.23589032269231,0.7060000000000001,3,1
Feature,"{ ""height"": 4.7437286376953125, ""confidence"": -1.0 }",4460,3,0.8061,173.9839350830124,57.48344360889022,428953.734414372,4619456.596429088,89.33925763739475,37.81156040461342,0.76958,3,1
Feature,"{ ""height"": 4.2542281150817871, ""confidence"": -1.0 }",4477,3,0.6614,184.86805339139,55.38400591508867,431696.77538107155,4621608.181353023,206.37033710779116,62.47651318459104,0.8608800000000001,3,3
Feature,"{ ""height"": 3.6178030967712402, ""confidence"": -1.0 }",4480,3,0.8357,242.9210774624183,70.4984575264872,431280.2821258372,4621517.857552746,183.95129914397268,57.15450046794872,0.8946400000000001,3,3
Feature,"{ ""height"": 3.613762378692627, ""confidence"": -1.0 }",4491,3,0.8289,178.33190369576,56.536599671274,430204.1508645027,4620479.529526387,69.88937984340816,35.885235480247204,0.70806,3,3
Feature,"{ ""height"": -1.0, ""confidence"": -1.0 }",4500,3,0.8414,26.1428817056009,21.123824088766977,429641.4903218931,4618526.887804364,178.8145760527314,60.22961262910577,0.68502,3,1
Feature,"{ ""height"": 5.5876235961914062, ""confidence"": -1.0 }",4530,3,0.9233,295.5004876943476,70.30788278728951,431101.9081862342,4621261.184131742,111.9429011742172,47.15041890859488,0.82338,3,3
Feature,"{ ""height"": 4.119593620300293, ""confidence"": -1.0 }",4553,3,0.8285,131.8561135845136,48.06556788211559,429205.49910613376,4619134.06141107,227.26246738190375,66.96492510717624,0.85518,3,1
Feature,"{ ""height"": 3.5517535209655762, ""confidence"": -1.0 }",4562,3,0.8747,173.87694093982162,57.38082835661463,428025.33341193106,4619069.26155869,171.56850387009897,56.93272839639553,0.78746,3,1
Feature,"{ ""height"": 4.1379408836364746, ""confidence"": -1.0 }",4578,3,0.8909,171.5336745928282,58.49216302368486,432071.56157554715,4621703.694540746,293.17086813906434,86.38577294513854,0.83194,3,0
Feature,"{ ""height"": -1.0, ""confidence"": -1.0 }",4590,3,0.8358,20.32101560243916,18.036151000833865,430879.57528879447,4619845.404079618,175.84318119690852,55.629833218864405,0.8494399999999999,3,3
Feature,"{ ""height"": 5.4281706809997559, ""confidence"": -1.0 }",4597,3,0.8562,194.21714113895348,57.4018405490244,430181.68143318116,4622443.453250522,301.0055833776371,75.24724244943246,0.8524,3,3
Feature,"{ ""height"": -1.0, ""confidence"": -1.0 }",4598,2,0.9311,900.9429512966976,120.28778350401512,430134.9180809775,4617917.129930046,656.7266489530613,87.42773568983225,0.7117199999999999,2,1
Feature,"{ ""height"": 3.9398572444915771, ""confidence"": -1.0 }",4611,3,0.5999,146.18135686211426,56.12246190794245,428995.91560309596,4618277.164900316,143.0587997465847,49.568830712455984,0.8451599999999999,3,1
Feature,"{ ""height"": -1.0, ""confidence"": -1.0 }",4614,3,0.7307,98.69232904618238,40.08566033399073,427745.2764277262,4616211.046649966,170.504296055099,56.29029749750755,0.8255000000000001,3,1
Feature,"{ ""height"": 3.2763445377349849, ""confidence"": -1.0 }",4619,3,0.6979,294.01212619682855,73.04181428467518,432989.60877968307,4620769.552379458,175.96864355254348,53.95655140496278,0.7646,3,0
Feature,"{ ""height"": 3.7804815769195552, ""confidence"": -1.0 }",4630,3,0.8447,387.4195223803799,106.20694266835574,431267.85295376903,4620638.2466474995,82.49221019256326,34.05511536829768,0.72586,3,3
Feature,"{ ""height"": -1.0, ""confidence"": -1.0 }",4639,3,0.5751,82.21283153410832,38.077809570826865,430308.3989657916,4622013.625285712,187.53520213132097,59.61184971797422,0.8441000000000001,3,3
Feature,"{ ""height"": 5.4725489616394043, ""confidence"": -1.0 }",4646,0,0.5225,25.221508665330592,20.08934734843235,430102.59454566165,4623862.701015152,250.90814729845494,68.03452890489889,0.84328,0,3
Feature,"{ ""height"": 3.125396728515625, ""confidence"": -1.0 }",4650,2,0.8179,31.257156255779503,32.56481638420085,429619.0284740109,4617029.907361669,156.3741040712273,48.613215255539075,0.7187600000000001,3,1
Feature,"{ ""height"": 4.6632781028747559, ""confidence"": -1.0 }",4662,3,0.8822,195.26652647180993,55.92067534009309,428830.8485361106,4618631.282881809,129.86234406532353,46.79644842306269,0.8652200000000001,3,1
Feature,"{ ""height"": 3.941828727722168, ""confidence"": -1.0 }",4667,3,0.9292,325.9787450613121,83.27895074698941,433553.38668433344,4622765.4195223125,280.5258858043402,70.80345957156086,0.8861799999999999,3,0
Feature,"{ ""height"": -1.0, ""confidence"": -1.0 }",4671,3,0.5376,55.49150341812968,29.855252342418837,433227.54355629085,4620360.065037222,239.35305155862434,69.99748087161493,0.8261799999999999,3,0
Feature,"{ ""height"": 4.9200572967529297, ""confidence"": -1.0 }",4710,3,0.7712,312.1039193802588,77.00295104506448,429500.64365206705,4618465.597846269,121.6223685177998,49.053787237846265,0.69906,3,1
Feature,"{ ""height"": -1.0, ""confidence"": -1.0 }",4723,3,0.9339,106.82368590160128,41.82725662482275,427674.92814891954,4615727.378809389,426.7819747847655,99.77944876150937,0.84292,3,1
Feature,"{ ""height"": 4.3972973823547363, ""confidence"": -1.0 }",4753,3,0.866,183.68442834815488,56.676325692097635,430029.84928341996,4618879.260277475,367.04215685510957,81.5281625844232,0.81118,3,1
Feature,"{ ""height"": 4.516869068145752, ""confidence"": -1.0 }",4782,3,0.8659,183.852063459023,54.7483281632509,427009.06579324236,4619137.194937703,166.11488873872713,51.853796526020815,0.77386,3,1
Feature,"{ ""height"": 5.2430839538574219, ""confidence"": -1.0 }",4786,3,0.8599,243.72047621671865,74.22946740694111,433240.2287488513,4620418.160970258,205.42661397081596,61.55234683106384,0.7661,3,0
Feature,"{ ""height"": -1.0, ""confidence"": -1.0 }",4819,3,0.8772,147.50067846367935,64.13523573106802,429657.7272005989,4621894.034300781,159.41955935438713,60.73803653074644,0.76054,3,3
Feature,"{ ""height"": -1.0, ""confidence"": -1.0 }",4827,3,0.8842,135.41891641257382,50.37058572423008,428219.99023060076,4616579.619897665,139.59365892578558,51.01386432836192,0.8308800000000002,3,1
Feature,"{ ""height"": 3.9366674423217769, ""confidence"": -1.0 }",4831,3,0.9138,212.2438558430456,61.873585773303034,427343.19488966593,4618722.311095974,161.64276511698694,52.8263118528635,0.8867200000000001,3,1
Feature,"{ ""height"": 4.619999885559082, ""confidence"": -1.0 }",4848,3,0.9511,314.8953487793575,87.61918978260805,431099.56528106716,4622399.126329319,156.85318352456062,50.76098669957221,0.8429,3,3
Feature,"{ ""height"": 5.6742701530456543, ""confidence"": -1.0 }",4865,3,0.817,108.59898827836828,41.82953837253834,429689.5484997681,4622120.226781641,162.71169834184366,51.958615078656955,0.7946000000000001,3,3
Feature,"{ ""height"": -1.0, ""confidence"": -1.0 }",4878,3,0.6087,93.71500919698354,38.74321228966969,427552.22692012246,4619225.21408517,182.88344795597794,58.4542069097286,0.88914,3,1
Feature,"{ ""height"": 3.7700059413909912, ""confidence"": -1.0 }",4883,3,0.7903,413.4195436502632,101.0460139535996,432962.7997377656,4621645.140221073,6503.236632612893,459.10795490810744,0.8222799999999999,2,0
Feature,"{ ""height"": -1.0, ""confidence"": -1.0 }",4903,2,0.885,94.99756416282848,39.55683258506774,430561.10554588767,4619317.589628095,188.26014428448084,58.080532089033014,0.76198,2,1
Feature,"{ ""height"": 4.3240704536437988, ""confidence"": -1.0 }",4920,0,0.6432,390.4460466669617,88.95936141769312,429813.65052392444,4623418.967002214,395.812494014815,89.46189133095552,0.7518199999999999,0,3
Feature,"{ ""height"": -1.0, ""confidence"": -1.0 }",4923,3,0.7308,80.9203553897533,36.710226824904936,429632.28371176164,4620272.0454980405,187.20248195689334,57.37920770761311,0.82538,3,3
Feature,"{ ""height"": 3.7950539588928223, ""confidence"": -1.0 }",4938,3,0.7133,174.3270671063699,60.91617828375023,433397.4882966578,4621950.733562861,189.9215894785868,60.53003983972078,0.73714,3,0
Feature,"{ ""height"": 5.8604769706726074, ""confidence"": -1.0 }",4939,3,0.856,191.99215937457143,59.42309054684824,433229.3749571142,4619879.004290477,246.57019321662625,65.65794777716391,0.8737400000000001,3,0
Feature,"{ ""height"": 3.097251176834106, ""confidence"": -1.0 }",4984,3,0.593,355.2117572118254,98.04382229219664,429408.6682466684,4621302.950456798,120.53243030324977,50.806724002799804,0.7854599999999999,3,3
Feature,"{ ""height"": -1.0, ""confidence"": -1.0 }",4987,2,0.5581,2532.9224429557153,249.09555418249283,428866.90389546053,4623299.182336003,3445.551797594109,251.28545600230632,0.7921799999999999,2,2
Feature,"{ ""height"": 4.4050426483154297, ""confidence"": -1.0 }",5006,3,0.6625,180.84221254235393,54.73780369442647,430941.7633721058,4620951.343745558,154.22535048238944,49.95884897499735,0.79694,3,3
Feature,"{ ""height"": 5.1293907165527344, ""confidence"": -1.0 }",5017,3,0.5174,138.5562524993748,47.66316571126441,429431.63810378214,4620138.526811515,262.6986332631333,68.36825822157995,0.80556,3,3
Feature,"{ ""height"": 3.880295991897583, ""confidence"": -1.0 }",5036,3,0.9534,221.10136767745996,63.00770907921694,431535.0617885684,4619953.626865791,95.40826588001923,39.765982405855716,0.7177800000000001,3,3
Feature,"{ ""height"": -1.0, ""confidence"": -1.0 }",5037,3,0.6379,81.65314322975657,41.193105419374525,431531.58662487386,4622470.223982458,151.1126307571009,50.21066037587407,0.8196199999999999,3,3
Feature,"{ ""height"": -1.0, ""confidence"": -1.0 }",5039,3,0.9108,175.42311183138602,57.491876616012206,431237.2219801078,4619802.270373024,151.12649660603626,52.31064344601647,0.82914,3,3
Feature,"{ ""height"": 3.6941380500793453, ""confidence"": -1.0 }",5044,3,0.6606,373.18089595808465,77.9468513563671,430509.7021002107,4618624.765250771,835.3348409699911,120.93289878338187,0.81918,2,1
Feature,"{ ""height"": 5.1188883781433097, ""confidence"": -1.0 }",5048,1,0.5944,282.0944735962303,93.9178323649641,430053.12530052755,4617578.57918792,261.75298170953886,66.69782684505516,0.7588,3,1
Feature,"{ ""height"": 5.1710162162780762, ""confidence"": -1.0 }",5066,2,0.8914,1230.3084426555142,156.50597765692237,428471.87779415055,4616668.72053414,174.91774457482697,55.36446848189341,0.7812399999999999,3,1
Feature,"{ ""height"": 3.624428272247314, ""confidence"": -1.0 }",5073,3,0.8123,184.33849202937716,54.308620437171456,433245.9626622604,4620213.601836491,168.84183754460724,53.346398427023516,0.7594,3,0
Feature,"{ ""height"": 3.5133986473083492, ""confidence"": -1.0 }",5093,3,0.8996,232.92826497816392,68.10337201193936,431728.40612757177,4621198.55226743,136.58864424579087,46.2334367708797,0.80528,3,3
Feature,"{ ""height"": 3.548316478729248, ""confidence"": -1.0 }",5095,3,0.8291,113.29987404101972,42.73230608211313,431657.4336049513,4620645.721203676,163.20545241801432,53.747108528423595,0.76244,3,3
Feature,"{ ""height"": 3.3807754516601562, ""confidence"": -1.0 }",5127,3,0.6811,93.53873045395748,50.88574058562723,429679.877662283,4621869.680426119,170.21194895633147,63.38793555983459,0.7997599999999999,3,3
Feature,"{ ""height"": 6.3428349494934082, ""confidence"": -1.0 }",5132,0,0.7194,189.50230217272835,57.90494711480781,429437.20362145605,4622496.813862327,265.0111223876664,61.952824792649025,0.9289999999999999,3,3
Feature,"{ ""height"": 5.0168242454528809, ""confidence"": -1.0 }",5134,3,0.6708,47.05934518313008,27.452642686235365,428828.6792065706,4619716.53258365,124.41092134307004,46.64620910855102,0.7781,3,1
Feature,"{ ""height"": 3.6008892059326172, ""confidence"": -1.0 }",5138,3,0.7969,234.42518922940135,65.03933127108122,427903.57784602244,4616199.24851402,308.66194315967056,76.78085307345087,0.83004,3,1
Feature,"{ ""height"": 4.2348418235778809, ""confidence"": -1.0 }",5152,3,0.5728,167.5464017710038,52.51941620469965,432074.04854392976,4621916.522905686,199.29548474606952,58.88857367428217,0.73272,3,0
Feature,"{ ""height"": 3.145982980728149, ""confidence"": -1.0 }",5158,3,0.753,153.34119538150478,57.60406886041877,431968.2704850485,4620719.995740112,116.02909298316521,45.79394337332343,0.8013999999999999,3,3
Feature,"{ ""height"": 5.6466259956359863, ""confidence"": -1.0 }",5190,2,0.893,1003.3686584070692,140.9749700469344,429199.149401915,4624120.687659139,944.6668802025437,139.49520262973903,0.76524,3,3
Feature,"{ ""height"": -1.0, ""confidence"": -1.0 }",5199,2,0.9144,981.0965230371756,179.12016805305973,427869.5159066152,4616059.806706284,158.49914332197798,53.39561667184256,0.8059800000000001,3,1
Feature,"{ ""height"": 4.4122614860534668, ""confidence"": -1.0 }",5230,3,0.7966,453.44584133615626,93.73704196509506,430197.1221619983,4621514.762517697,195.43506336898366,56.47235007397944,0.81644,3,3
Feature,"{ ""height"": 3.1828823089599609, ""confidence"": -1.0 }",5232,3,0.6361,135.48816716545977,49.88055841889807,430059.8776713377,4621808.5355858,96.59885293053455,40.83295207210419,0.7314999999999999,3,3
Feature,"{ ""height"": 4.036984920501709, ""confidence"": -1.0 }",5256,3,0.8089,140.800085919199,52.5279359417664,433369.43584679754,4620126.042330395,214.07496700713236,62.38047477664882,0.84444,3,0
Feature,"{ ""height"": 4.2221593856811523, ""confidence"": -1.0 }",5263,3,0.872,262.9578923069968,68.56507933743454,431990.1334171458,4622870.254300926,208.77635882314175,63.30922917218927,0.84224,3,0
Feature,"{ ""height"": 4.4347281455993652, ""confidence"": -1.0 }",5265,3,0.8581,118.53073871331507,45.11596725572237,431836.0859610735,4620645.729166419,145.32188476615522,52.371479091336596,0.81066,3,3
Feature,"{ ""height"": 3.9184708595275879, ""confidence"": -1.0 }",5270,3,0.6259,254.09378961339624,66.28752851209458,431542.3160833944,4621234.981715341,180.87757565198336,60.18626532830585,0.77494,3,3
Feature,"{ ""height"": 4.2039146423339844, ""confidence"": -1.0 }",5281,3,0.9012,139.0982556371965,49.58649567024057,430273.46592994704,4622583.627981689,146.87816172999413,47.483743915547485,0.8493999999999999,3,3
Feature,"{ ""height"": 4.3810210227966309, ""confidence"": -1.0 }",5282,1,0.5859,69.03831001072994,34.31212451258224,430106.36331710767,4617195.8181759585,189.1524958439435,53.95111599981861,0.71236,3,1
Feature,"{ ""height"": 3.332674503326416, ""confidence"": -1.0 }",5300,3,0.5898,150.43393121488705,53.86807330924211,429632.64335954335,4621524.15510383,164.89949620709913,53.832992878347895,0.8241999999999999,3,3
Feature,"{ ""height"": -1.0, ""confidence"": -1.0 }",5304,2,0.9152,1571.6410888917023,181.99980723317867,429208.924616809,4623062.680701626,236.1941676211082,61.77704814142104,0.78818,3,2
Feature,"{ ""height"": 5.1387252807617188, ""confidence"": -1.0 }",5315,3,0.9026,202.3180709116345,57.013647061561905,427451.24700309924,4618769.502480275,147.95206232780555,52.12559706203865,0.8182599999999999,3,1
Feature,"{ ""height"": 3.0279130935668941, ""confidence"": -1.0 }",5328,3,0.9151,305.0425546611259,80.2424881084724,432174.90384647,4621881.91535371,332.50397956893596,88.56783878776608,0.6660600000000001,3,0
Feature,"{ ""height"": 4.4259915351867685, ""confidence"": -1.0 }",5341,3,0.8459,364.8944287637888,100.01624422046665,431205.8947676529,4622633.701689365,126.33322390360192,46.169316393800194,0.8358000000000001,3,3
Feature,"{ ""height"": 3.2251636981964111, ""confidence"": -1.0 }",5369,3,0.6439,166.65791896669012,54.490746601381375,428717.91096254706,4619599.186995347,175.88517765699243,56.14404882364134,0.79798,3,1
Feature,"{ ""height"": 5.0339651107788086, ""confidence"": -1.0 }",5386,3,0.9264,62.92035198295747,35.015318846298086,432008.051880888,4620714.707831067,152.23538516251676,52.87646697301907,0.74676,3,3
Feature,"{ ""height"": 3.8389854431152339, ""confidence"": -1.0 }",5389,3,0.8688,173.56331954716114,55.438018117197814,431385.98034294613,4620390.517324251,203.73077360595266,59.75034383368751,0.8022199999999999,3,3
Feature,"{ ""height"": 5.0386357307434082, ""confidence"": -1.0 }",5407,3,0.9033,185.7320339031856,54.77919037815187,430294.5871926617,4622583.706367788,137.5514060767963,46.445204973965225,0.8489800000000001,3,3
Feature,"{ ""height"": -1.0, ""confidence"": -1.0 }",5419,3,0.9135,118.40746712159456,52.366714511965874,429531.181796384,4621803.898993799,179.16217714299705,60.52910779772767,0.8138599999999998,3,3
Feature,"{ ""height"": 5.1831731796264648, ""confidence"": -1.0 }",5436,3,0.9204,196.3445238432913,56.11795457500669,427195.0770366719,4618764.610011636,165.27619443867107,54.093564513589705,0.8278599999999999,3,1
Feature,"{ ""height"": 3.0075948238372798, ""confidence"": -1.0 }",5466,3,0.855,156.71738509999636,53.875329947352576,429098.6649767111,4618561.907660862,110.51277416688993,43.86345255924776,0.8218399999999999,3,1
Feature,"{ ""height"": 4.438288688659668, ""confidence"": -1.0 }",5468,3,0.7035,141.42351808967078,51.639009102298665,428719.0742742544,4619898.125874589,119.50919607579252,42.966340571808544,0.7533,3,1
Feature,"{ ""height"": 3.3280198574066162, ""confidence"": -1.0 }",5476,3,0.8971,258.3023850874863,73.02673127046059,433409.0871578189,4620652.826683027,237.05297848062952,64.14793533270293,0.8078000000000001,3,0
Feature,"{ ""height"": 3.0008511543273921, ""confidence"": -1.0 }",5483,3,0.6766,174.58430725207734,56.71694588741307,431693.98311696015,4622514.533595318,119.10803274214811,44.906550590562325,0.81288,3,3
Feature,"{ ""height"": 3.1681232452392578, ""confidence"": -1.0 }",5489,3,0.928,119.18938899401098,51.20882203612923,430776.6982332352,4619536.325224555,299.76206481643965,80.9646390874073,0.7364599999999999,3,3
Feature,"{ ""height"": -1.0, ""confidence"": -1.0 }",5490,2,0.5758,1074.07767219522,241.0368332149803,430603.7527645462,4619571.328763896,118.80023739935105,46.3974254382082,0.69312,3,2
Feature,"{ ""height"": -1.0, ""confidence"": -1.0 }",5494,3,0.8321,154.00600485728387,50.043043351287885,430386.9413729201,4619866.0564468615,178.9960917335692,61.46233390748459,0.82144,3,3
Feature,"{ ""height"": -1.0, ""confidence"": -1.0 }",5500,3,0.5505,32.19140020312351,22.700222554813596,429928.46350789303,4622229.920925001,234.0024744294059,63.19941508731749,0.8883800000000001,3,3
Feature,"{ ""height"": 4.5716423988342276, ""confidence"": -1.0 }",5503,3,0.891,297.3296097128869,70.0866028245502,429858.3162484476,4622352.104973188,185.0194268136411,54.48493291832265,0.8231200000000001,3,3
Feature,"{ ""height"": -1.0, ""confidence"": -1.0 }",5504,3,0.854,56.970821726329675,32.23949657690999,429821.1602945531,4621654.1337489,190.21565848582568,60.82177631229551,0.85456,3,3
Feature,"{ ""height"": 7.4000740051269531, ""confidence"": -1.0 }",5519,2,0.828,5878.085615579349,365.4349526459392,428553.3726955602,4623781.360057283,2953.8430864452853,247.33515738796368,0.80744,2,2
Feature,"{ ""height"": 4.3350939750671387, ""confidence"": -1.0 }",5523,3,0.9258,319.65402001664484,77.15962972201316,428186.282593896,4617002.705021052,308.1254545275292,76.11241357993853,0.8713200000000001,3,1
Feature,"{ ""height"": 5.1322736740112296, ""confidence"": -1.0 }",5528,3,0.8024,212.33442098706473,58.61166773305009,427721.21765793726,4616720.231253733,157.57194744365052,53.66575278958501,0.8238199999999999,3,1
Feature,"{ ""height"": 3.3614776134490962, ""confidence"": -1.0 }",5530,3,0.5906,132.43506000744216,49.239959907058605,427582.2265336192,4618809.393296451,164.72683911620373,52.90416343257116,0.8561799999999999,3,1
Feature,"{ ""height"": 5.7351064682006845, ""confidence"": -1.0 }",5544,3,0.9069,46.54001043284502,28.15620299576569,430849.36284584197,4621691.263178591,176.5240306683334,57.509255629584096,0.7321200000000001,3,3
Feature,"{ ""height"": 4.4412012100219727, ""confidence"": -1.0 }",5546,3,0.5845,117.1980305815746,43.62163197703114,430443.5110146366,4619501.05870627,152.26214352747303,53.016084428710556,0.75282,3,1
Feature,"{ ""height"": 3.1915013790130611, ""confidence"": -1.0 }",5551,3,0.8125,87.62096154846783,38.017424719168346,430048.9153333629,4620383.114493988,210.32093665693543,56.58514332065887,0.66496,3,3
Feature,"{ ""height"": 4.1259651184082031, ""confidence"": -1.0 }",5587,2,0.7666,4357.93328945882,355.1723367954767,433177.51991523115,4622205.08983277,295.0300813673313,74.08097522738515,0.7034,3,2
Feature,"{ ""height"": 5.2954020500183097, ""confidence"": -1.0 }",5588,3,0.8468,193.0589094509481,59.695297292015674,432838.6914480134,4620123.95262929,303.0580610258965,81.63289722615919,0.8553000000000001,3,0
Feature,"{ ""height"": -1.0, ""confidence"": -1.0 }",5598,3,0.8795,177.7762954912932,59.13640108378956,431233.5874622227,4619690.68068929,150.15837568911985,51.1502814353892,0.8209799999999999,3,3
Feature,"{ ""height"": 4.739448070526123, ""confidence"": -1.0 }",5608,3,0.7679,489.5652465653485,98.18857649610666,430147.15097490844,4617630.103689297,199.41938214343364,63.8305455776596,0.7235199999999999,3,1
Feature,"{ ""height"": 5.359278678894043, ""confidence"": -1.0 }",5615,3,0.8368,225.3025050737262,62.71782142305224,429889.3021500502,4623136.171356775,232.16494570572664,64.15052262851263,0.75778,3,3
Feature,"{ ""height"": 4.8204889297485352, ""confidence"": -1.0 }",5616,3,0.6933,482.0578375699193,111.17023093162206,429807.37574573624,4623164.655500451,225.36280639358148,63.67828396214027,0.7662800000000001,3,3
Feature,"{ ""height"": 3.1333866119384761, ""confidence"": -1.0 }",5621,3,0.7838,310.0614761952805,93.25775894261224,429636.24682364083,4621143.149178098,129.14383955753948,46.549017986599125,0.90762,3,3
Feature,"{ ""height"": 4.7543683052062988, ""confidence"": -1.0 }",5644,3,0.7249,297.7179777322869,74.32182460602564,432093.8074897554,4622556.091400215,543.1082382094635,103.99184821469032,0.8156599999999999,3,0
Feature,"{ ""height"": 9.7041864395141602, ""confidence"": -1.0 }",5652,1,0.5422,982.2575446359652,155.94233634790254,430938.53459949244,4619047.464153764,938.0412317054643,144.5057361210616,0.8269399999999999,0,1
Feature,"{ ""height"": -1.0, ""confidence"": -1.0 }",5656,2,0.6175,69.12257775741269,36.76663033334563,430179.6714456968,4618780.971994483,1017.0239648613606,145.63205346573028,0.85892,0,1
Feature,"{ ""height"": 5.1927852630615234, ""confidence"": -1.0 }",5681,3,0.8954,211.8542802757239,62.2901073463482,427732.55600348633,4619094.843693985,150.3713439758529,51.54503826203156,0.79776,3,1
Feature,"{ ""height"": 6.2578635215759277, ""confidence"": -1.0 }",5687,3,0.5855,182.76700721050187,54.72690061979844,432992.0338632985,4620929.078426968,241.2057422447036,65.28973438966123,0.8173199999999999,3,0
Feature,"{ ""height"": 3.8510637283325191, ""confidence"": -1.0 }",5688,3,0.8778,246.78205175079844,66.58823483522133,432248.2030567885,4622720.084299236,663.1840483635161,120.3915868622421,0.87174,3,0
Feature,"{ ""height"": 5.2800002098083496, ""confidence"": -1.0 }",5693,3,0.8194,34.74623507445251,23.583445269340416,431283.66851910297,4620174.322929388,153.93593493722065,51.199199792749845,0.7192999999999999,3,3
Feature,"{ ""height"": 3.2157459259033199, ""confidence"": -1.0 }",5699,3,0.87,114.02725576165646,43.61511144828094,431000.1666157946,4619696.145432847,185.40147807682416,54.93662677732961,0.8434000000000001,3,3
Feature,"{ ""height"": 3.1201868057250972, ""confidence"": -1.0 }",5713,3,0.8804,85.0028754887131,36.95012799479733,429669.7679938225,4620987.478812121,192.05852611822715,59.04965577317812,0.82494,3,3
Feature,"{ ""height"": 3.55409836769104, ""confidence"": -1.0 }",5729,3,0.8418,121.0147231876831,45.88206373875866,428582.7117642963,4618857.210499331,141.83508222487174,52.40533745631884,0.83066,3,1
Feature,"{ ""height"": 3.57463526725769, ""confidence"": -1.0 }",5735,3,0.8026,309.55295596701785,75.67546177110987,428062.2923716583,4617059.1994688725,311.8811789573756,78.39738170705304,0.9143799999999999,3,1
Feature,"{ ""height"": 3.7703063488006592, ""confidence"": -1.0 }",5758,3,0.9175,148.80230876008054,54.337000733676255,431338.7298692851,4621516.299287079,146.81383145371672,53.00736529599412,0.87006,3,3
Feature,"{ ""height"": 5.0536179542541504, ""confidence"": -1.0 }",5761,3,0.8476,95.19864875096532,40.487725350074285,430951.07330166595,4621397.175648037,165.548794705631,58.53363166021252,0.8362,3,3
Feature,"{ ""height"": 5.7683439254760742, ""confidence"": -1.0 }",5785,3,0.8216,1054.4067528511805,182.61964241120285,428999.32981626363,4617184.834935952,503.4258073575264,82.37231751218668,0.74314,2,1
Feature,"{ ""height"": 5.3254647254943848, ""confidence"": -1.0 }",5786,2,0.9432,2361.900752257244,244.21827359631013,428639.5175009686,4621794.67759759,804.6755125656776,113.61273477628079,0.88538,2,2
Feature,"{ ""height"": 3.7759764194488521, ""confidence"": -1.0 }",5787,3,0.5398,134.6573620045045,57.47827492970431,428488.8890530177,4618284.674319716,176.4192102631319,56.016145820455144,0.88444,3,1
Feature,"{ ""height"": 3.3742110729217529, ""confidence"": -1.0 }",5824,3,0.5605,55.03423625213956,35.61883163462981,430157.9088192625,4620372.574611491,233.56651388669155,61.33970144319083,0.75876,3,3
Feature,"{ ""height"": 4.3799843788146973, ""confidence"": -1.0 }",5825,3,0.8424,126.6964031446712,46.79451089702375,430059.25180436054,4620761.62353641,156.32298119740534,52.79349585731118,0.79742,3,3
Feature,"{ ""height"": 5.3396716117858887, ""confidence"": -1.0 }",5832,3,0.6579,114.8205206983419,42.88270574148698,429816.72806627775,4618529.184666522,111.33607509044941,45.14471007093213,0.7605000000000001,3,1
Feature,"{ ""height"": 4.2838015556335449, ""confidence"": -1.0 }",5839,3,0.7831,151.90123420990963,49.77134952720017,429481.260204245,4617383.897465813,98.62037208718289,40.07551364484681,0.75506,3,1
Feature,"{ ""height"": 8.0301475524902344, ""confidence"": -1.0 }",5871,2,0.9521,144.83569934809302,78.06663258383472,432443.97977255506,4621693.2034882605,2388.7026678127677,204.04011704609235,0.80418,3,0
Feature,"{ ""height"": 6.4860267639160156, ""confidence"": -1.0 }",5900,3,0.5587,245.0141550631984,65.51158803181308,430253.50289852906,4617699.99592474,204.64808770789168,60.77022195563386,0.75288,0,1
Feature,"{ ""height"": 4.8295140266418457, ""confidence"": -1.0 }",5901,2,0.8097,630.7203471550439,108.58058856158824,430216.0170332062,4618428.033119799,826.9178009809353,120.93748533799001,0.70772,0,1
Feature,"{ ""height"": 3.054391622543335, ""confidence"": -1.0 }",5914,3,0.7712,123.4836031241803,61.17832269133026,429702.5601155988,4621807.5168913435,177.36121143497087,61.555850961250314,0.82226,3,3
Feature,"{ ""height"": 6.2144131660461426, ""confidence"": -1.0 }",5916,3,0.8131,83.18885033882012,36.92832253960672,429625.93954939867,4622276.442684282,163.45827777086697,52.04292679037661,0.83334,3,3
Feature,"{ ""height"": 5.0159292221069336, ""confidence"": -1.0 }",5930,2,0.8293,1036.038768194524,171.74874650222762,428458.32026045717,4622091.2113202205,711.186417179151,100.28060195928035,0.8608,2,2
Feature,"{ ""height"": 3.364951372146606, ""confidence"": -1.0 }",5939,3,0.7117,208.94237188666676,61.00808298202682,433421.4093000763,4622183.63565944,129.71638882194574,46.75671200032163,0.7516,3,0
Feature,"{ ""height"": 7.3847131729125977, ""confidence"": -1.0 }",5945,2,0.8776,624.3923745205244,109.77405587135522,432781.0608770861,4621343.823273046,6045.49541886593,395.64703123925324,0.8089600000000001,2,0
Feature,"{ ""height"": 3.1538138389587398, ""confidence"": -1.0 }",5965,3,0.8836,117.88398222822396,47.031039274964854,430134.5257756517,4622337.520878172,116.73046267978131,47.432812096291336,0.7957000000000001,3,3
Feature,"{ ""height"": -1.0, ""confidence"": -1.0 }",5987,3,0.7286,153.12178534524148,59.88054887628344,427795.4432864741,4615725.33515836,417.5223548960374,96.16879031121724,0.8839799999999999,3,1
Feature,"{ ""height"": 3.480870246887207, ""confidence"": -1.0 }",5998,3,0.9435,132.03654785707977,50.087283181232905,431650.93245321047,4622411.214863136,115.9738022310718,44.81261353998808,0.73426,3,3
Feature,"{ ""height"": 4.5071582794189453, ""confidence"": -1.0 }",6004,3,0.5494,114.12298770089254,53.246809742697224,430767.7955348328,4620899.064305212,130.81520068710296,45.98142888628119,0.7771399999999999,3,3
Feature,"{ ""height"": 4.4660139083862305, ""confidence"": -1.0 }",6014,3,0.8109,273.27246686355306,72.47912726853913,429981.6881031927,4623191.368302486,218.54921469421734,64.54170463167353,0.76974,3,3
Feature,"{ ""height"": 4.4791765213012686, ""confidence"": -1.0 }",6015,3,0.7931,105.83642779145327,43.35292222324309,429935.38595457555,4620068.749232078,95.73920246094805,37.7789156952701,0.81364,3,3
Feature,"{ ""height"": 5.3844327926635742, ""confidence"": -1.0 }",6025,3,0.8601,250.27895188222217,69.43921626869499,428232.0382303166,4619435.461161362,134.51898401798454,49.78355021977467,0.7892599999999999,3,1
Feature,"{ ""height"": 3.3025727272033691, ""confidence"": -1.0 }",6028,3,0.7103,177.61976231746317,59.22516046210366,428161.8980472314,4616395.175435914,132.09154740635682,47.94097003452629,0.7708,3,1
Feature,"{ ""height"": 3.7959184646606441, ""confidence"": -1.0 }",6038,3,0.6572,55.80485913520259,31.32025758741184,433441.4853663883,4622139.243800178,192.26761273890745,58.44297773330694,0.80718,3,0
Feature,"{ ""height"": 3.465498685836792, ""confidence"": -1.0 }",6046,3,0.5898,138.90417410126963,50.74549557054368,432054.505009986,4620648.590754989,126.38542023503278,49.25895508952417,0.8051400000000001,3,0
Feature,"{ ""height"": 3.8222112655639648, ""confidence"": -1.0 }",6058,3,0.752,99.55903379407071,42.79683929553087,430407.50400852744,4621123.358439571,119.73078485119743,41.84134688104835,0.7649600000000001,3,3
Feature,"{ ""height"": 4.9043788909912109, ""confidence"": -1.0 }",6068,3,0.8004,166.43449430413187,53.008248763066234,429872.9965227538,4619957.543650667,101.00469911943087,38.8776637456406,0.82994,3,3
Feature,"{ ""height"": 3.5987820625305171, ""confidence"": -1.0 }",6069,3,0.8969,203.1948075913207,60.571561643128334,429895.30373154505,4621908.753251506,121.37397758292177,49.87320503660383,0.71948,3,3
Feature,"{ ""height"": 3.4544930458068839, ""confidence"": -1.0 }",6111,3,0.5453,171.97621202259765,57.01977119897375,431358.9187976335,4622619.83672694,191.23046249569407,59.94965464699724,0.7768200000000001,3,3
Feature,"{ ""height"": 3.3954546451568599, ""confidence"": -1.0 }",6112,3,0.8395,10.898157527668015,13.80681264704681,431304.0815526587,4621089.090140842,122.23647759968041,45.089593495686096,0.83612,3,3
Feature,"{ ""height"": 4.093907356262207, ""confidence"": -1.0 }",6123,3,0.8153,108.2133136752415,42.27882319957165,430096.3682520833,4622261.889171441,113.05769189724587,47.14267860227421,0.84504,3,3
Feature,"{ ""height"": 5.0269198417663574, ""confidence"": -1.0 }",6124,3,0.9351,287.36604367560784,74.45559242136527,429944.6355553664,4623161.812540574,215.73049933180636,64.1464116011083,0.7449,3,3
Feature,"{ ""height"": 4.1459074020385742, ""confidence"": -1.0 }",6129,3,0.7464,306.27547189153984,83.2626954600191,429796.7759911327,4623124.376824303,216.85841152781262,63.00343842666781,0.7721,3,3
Feature,"{ ""height"": -1.0, ""confidence"": -1.0 }",6133,3,0.7947,99.62551894798844,46.90207733526542,429610.37416707416,4624021.936667632,363.80308309529397,86.53231452244829,0.8124,3,3
Feature,"{ ""height"": 3.4558446407318111, ""confidence"": -1.0 }",6138,3,0.8733,231.90629704003143,70.37308545369906,429107.6047390582,4619075.8759589065,164.04201290046154,52.80796095481166,0.8101800000000001,3,1
Feature,"{ ""height"": -1.0, ""confidence"": -1.0 }",6161,3,0.5663,171.3789473329536,53.17619185194836,432157.4608226695,4622208.456951187,257.04969070267833,66.62372323449584,0.7767999999999999,3,0
Feature,"{ ""height"": 5.3175673484802246, ""confidence"": -1.0 }",6163,3,0.8978,146.70129383137294,48.98233091845598,432070.5779230541,4621766.1179815205,298.13734429135536,88.28773936618431,0.83056,3,0
Feature,"{ ""height"": 4.697291374206543, ""confidence"": -1.0 }",6170,3,0.7649,177.41337107848554,56.50734399549894,431451.6010736417,4622657.721880582,172.67946479872145,57.0420406393942,0.7009200000000001,3,3
Feature,"{ ""height"": 4.2469086647033691, ""confidence"": -1.0 }",6183,3,0.7782,128.2052025004394,65.80550945901379,430356.1389127782,4619830.605001045,184.15625220493808,58.30984068593941,0.8322200000000001,3,3
Feature,"{ ""height"": -1.0, ""confidence"": -1.0 }",6184,3,0.7721,27.53306307511358,21.366102076210836,430321.37429309665,4622473.964012008,340.2703036847092,82.1470376989943,0.86822,3,3
Feature,"{ ""height"": 3.5214488506317139, ""confidence"": -1.0 }",6185,3,0.7721,193.05872428729677,57.967102918268225,430271.85525806784,4619133.312882715,135.3212003314837,47.61941479015609,0.8149599999999999,3,1
Feature,"{ ""height"": 3.3463218212127681, ""confidence"": -1.0 }",6189,3,0.7921,147.95258976237832,54.91433977566012,430164.4199610622,4621851.390421964,131.66753884016907,48.83537046305231,0.7099799999999999,3,3
Feature,"{ ""height"": 5.6066699028015137, ""confidence"": -1.0 }",6193,3,0.5409,101.17816325735946,40.72043120071987,429959.74127946224,4618804.390974163,308.6722044335632,69.8234266561433,0.82714,3,1
Feature,"{ ""height"": 4.7989382743835449, ""confidence"": -1.0 }",6216,3,0.9018,308.19824542979984,87.35569837394375,433517.79933718,4620491.656427738,278.04474211057993,74.26789609818323,0.9255600000000002,3,0
Feature,"{ ""height"": 3.4925315380096431, ""confidence"": -1.0 }",6222,3,0.7637,381.68400896096136,95.5010053309628,432083.10147179227,4620164.769529179,189.7568252883541,60.21106959375381,0.70342,3,0
Feature,"{ ""height"": 3.8744449615478511, ""confidence"": -1.0 }",6224,3,0.5543,123.02019116822171,47.12989590523475,431540.1450398791,4622697.18806102,132.38093868407853,47.49979243691289,0.7651199999999999,3,3
Feature,"{ ""height"": 4.1345958709716797, ""confidence"": -1.0 }",6244,3,0.9094,96.10547143309807,48.3892918630383,430095.3510947189,4622337.911274443,121.08616483880648,47.16116157867665,0.79054,3,3
Feature,"{ ""height"": 4.1636781692504883, ""confidence"": -1.0 }",6279,3,0.791,193.56918799416457,58.26264895419371,432163.7419148185,4620426.852660224,218.65576121385325,64.66614007137139,0.77088,3,0
Feature,"{ ""height"": 3.8497281074523921, ""confidence"": -1.0 }",6291,3,0.6897,200.65220324491335,62.49311708478945,430963.42779367004,4619537.467202871,148.5425879972597,49.96229759199309,0.88476,3,3
Feature,"{ ""height"": -1.0, ""confidence"": -1.0 }",6305,3,0.5551,53.04698370190423,29.41134269523014,430058.78854441614,4620479.343868296,195.73797333029117,54.59018520754216,0.6936,3,3
Feature,"{ ""height"": 4.8795762062072754, ""confidence"": -1.0 }",6319,3,0.8472,163.86374043979663,55.78545742192681,429183.43342480145,4618634.233885465,130.34905832543822,48.67169412971814,0.81756,3,1
Feature,"{ ""height"": 3.913987398147583, ""confidence"": -1.0 }",6336,2,0.8508,721.2996860713741,136.9713886976465,432977.7666318313,4622469.287785827,565.4115257935855,130.0818039356872,0.7774800000000001,0,0
Feature,"{ ""height"": 4.0662550926208496, ""confidence"": -1.0 }",6346,3,0.7846,152.6674079351415,50.73970264755896,431719.76687911287,4620321.298821746,120.9327441286215,45.61262474727724,0.7757399999999999,3,3
Feature,"{ ""height"": -1.0, ""confidence"": -1.0 }",6355,3,0.9101,108.1548167619122,42.71808523837462,430990.6283020874,4621535.611847943,135.80475353797522,49.538546280827724,0.8301400000000001,3,3
Feature,"{ ""height"": -1.0, ""confidence"": -1.0 }",6357,2,0.6921,154.2680196795754,52.03709626626379,430843.5899328681,4621110.67653468,162.20739817786222,58.21638819564125,0.75054,3,3
Feature,"{ ""height"": -1.0, ""confidence"": -1.0 }",6364,2,0.5504,89.45687176302631,37.83617489454981,430077.6533929678,4621504.505497679,210.50948014961105,58.988092506362,0.8798599999999999,3,3
Feature,"{ ""height"": 4.3662433624267578, ""confidence"": -1.0 }",6366,3,0.7358,105.34676265800049,41.243311017034955,429837.40196784714,4618560.898680605,113.23082669851769,45.472589015822535,0.74492,3,1
Feature,"{ ""height"": 6.4582533836364746, ""confidence"": -1.0 }",6379,3,0.8339,620.5167490962424,128.98298367082072,429599.0276593518,4623918.89970224,283.98505770598683,68.23641093457475,0.79608,3,3
Feature,"{ ""height"": 4.2199306488037109, ""confidence"": -1.0 }",6385,2,0.9198,543.3776216598999,94.79832663076466,429408.1682065314,4621657.801090132,194.6798482169934,61.09315376199877,0.83908,3,3
Feature,"{ ""height"": 4.8962826728820801, ""confidence"": -1.0 }",6398,2,0.8047,2132.808710271321,338.78079411095626,432851.3812777391,4621754.5839977395,6063.4474642541945,405.2195142191319,0.8343,2,2
Feature,"{ ""height"": 4.007988452911377, ""confidence"": -1.0 }",6402,3,0.8936,136.2921687270273,47.36838889796623,431901.8054216063,4621194.325351948,139.89604143198432,47.835810205045355,0.74088,3,3
Feature,"{ ""height"": 4.7211871147155762, ""confidence"": -1.0 }",6403,3,0.7879,143.6667123595314,49.40657401168578,431845.6100199138,4620016.050822195,207.17370175474124,60.34402313346142,0.8260799999999999,3,3
Feature,"{ ""height"": -1.0, ""confidence"": -1.0 }",6407,3,0.8357,153.30871563785502,52.04604445219379,431680.33378392825,4620363.479756019,120.25677124930012,45.052560482008076,0.7858999999999999,3,3
Feature,"{ ""height"": 6.3021612167358398, ""confidence"": -1.0 }",6419,2,0.8391,470.86328314346815,95.28516234870308,430632.92431535455,4621643.057958727,663.4160076751134,136.52388086848342,0.7108000000000001,3,3
Feature,"{ ""height"": -1.0, ""confidence"": -1.0 }",6423,3,0.692,57.73845776982144,30.54042246169965,430297.2769708634,4620401.997943569,107.8309982051258,43.94405434012589,0.7783199999999999,3,3
Feature,"{ ""height"": -1.0, ""confidence"": -1.0 }",6425,3,0.6728,41.389322417737965,26.453203926261384,430260.56517839164,4620782.865295654,1085.6459320673796,133.27335222567808,0.8350200000000001,3,3
Feature,"{ ""height"": -1.0, ""confidence"": -1.0 }",6432,2,0.8658,572.3320510574495,95.76672259750228,429997.89870220446,4617923.702606764,723.570783923024,92.4549442934685,0.73984,2,1
Feature,"{ ""height"": 4.7608108520507812, ""confidence"": -1.0 }",6443,3,0.865,313.16276386036975,88.27992034754519,429289.8879487306,4619041.879282368,197.33783907542733,60.20919483144944,0.84514,3,1
Feature,"{ ""height"": -1.0, ""confidence"": -1.0 }",6452,3,0.8679,115.15315619696008,44.78355162235143,427834.9340025802,4616960.188032793,235.61825172183595,64.0331725245186,0.91654,3,1
Feature,"{ ""height"": 4.401951789855957, ""confidence"": -1.0 }",6455,3,0.9495,269.51995368426003,73.89138556190947,433557.17734465667,4620156.237427654,254.92293747083272,68.03430450571264,0.84956,3,0
Feature,"{ ""height"": 4.0831913948059082, ""confidence"": -1.0 }",6471,2,0.9217,291.16633667138615,71.6944874894094,431695.5594478778,4623210.84244215,1379.128842558539,145.91552510177345,0.7541,3,3
Feature,"{ ""height"": 4.4946351051330566, ""confidence"": -1.0 }",6478,3,0.6179,92.1980670226467,41.37325170583652,431213.9239702227,4621411.053978067,200.23957283674372,60.035926887227674,0.84138,3,3
Feature,"{ ""height"": -1.0, ""confidence"": -1.0 }",6494,2,0.7213,15.40605945800258,16.250478493139102,429975.0012951463,4617855.30732227,834.9559822429134,108.35819311434113,0.76874,2,1
Feature,"{ ""height"": 3.2293119430541992, ""confidence"": -1.0 }",6503,3,0.9284,226.89206576348124,71.45051725575559,429719.5820257073,4621809.7238251595,156.6795189071107,59.50141204836525,0.7908200000000001,3,3
Feature,"{ ""height"": 4.530799388885498, ""confidence"": -1.0 }",6527,3,0.8982,301.7965453589562,75.09293018444846,427984.4768718071,4616905.658356328,228.66289087215154,62.846342036379,0.9056599999999999,3,1
Feature,"{ ""height"": 3.7010371685028072, ""confidence"": -1.0 }",6535,3,0.912,162.4479110067909,53.88873510294368,433423.06074562593,4622040.414652695,150.9155564177007,51.86464500324719,0.79028,3,0
Feature,"{ ""height"": 3.722254753112793, ""confidence"": -1.0 }",6547,3,0.8965,84.43388442900414,37.032254223729254,431245.06862359773,4622704.602954258,256.94426485270753,70.36060528192509,0.83628,3,3
Feature,"{ ""height"": 4.4829769134521484, ""confidence"": -1.0 }",6575,2,0.9034,838.314648070562,139.67269185955683,428538.45258544997,4622090.7664862415,750.7312412039435,106.69581288781451,0.8459800000000002,2,3
Feature,"{ ""height"": 4.0991735458374023, ""confidence"": -1.0 }",6604,3,0.5934,107.94478901929108,44.10712367882208,430947.309490676,4619988.432489184,115.35196155581086,43.77391210531798,0.73082,3,3
Feature,"{ ""height"": 7.071042537689209, ""confidence"": -1.0 }",6614,2,0.8783,1677.8207072341802,233.18504145848323,430088.07247254124,4621038.885466554,133.51351065644906,47.072328889845394,0.8281400000000001,3,2
Feature,"{ ""height"": 3.929263591766357, ""confidence"": -1.0 }",6621,3,0.8998,51.12213793871096,29.84011790042648,429762.71673713333,4621348.514840539,137.96380990594704,48.781817824626344,0.83138,3,3
Feature,"{ ""height"": 4.5348834991455078, ""confidence"": -1.0 }",6633,3,0.8263,123.69515229496665,44.99881497567628,428979.5279240704,4618412.194447531,147.55604066001422,51.79356009890921,0.7998799999999999,3,1
Feature,"{ ""height"": -1.0, ""confidence"": -1.0 }",6653,3,0.8155,202.96401498748983,56.98627602825958,432233.6497059218,4620426.097695902,166.8402974712316,55.62021953380412,0.66604,3,0
Feature,"{ ""height"": 5.1238799095153809, ""confidence"": -1.0 }",6660,3,0.9046,94.11807699949232,38.942658839334456,431410.38840886217,4619720.557454079,129.7932984996377,48.46201201138077,0.8238800000000002,3,3
Feature,"{ ""height"": 4.1325545310974121, ""confidence"": -1.0 }",6687,3,0.5848,123.22939565080397,46.10737114878541,429507.2275264805,4620014.718877118,246.01943601735394,64.5983829469889,0.78602,3,1
Feature,"{ ""height"": 3.1898679733276358, ""confidence"": -1.0 }",6696,3,0.8541,116.4977757706476,45.837368166564026,428837.18273721245,4619640.715195101,134.9116382452332,49.70753763689803,0.79466,3,1
Feature,"{ ""height"": -1.0, ""confidence"": -1.0 }",6699,3,0.8138,106.7226079586707,43.31854518126354,428149.65415169694,4619930.9119571755,136.23368590696992,48.90278514904105,0.7879,3,1
Feature,"{ ""height"": 3.6530261039733882, ""confidence"": -1.0 }",6702,3,0.8971,316.147163719406,75.26272139893759,433627.7480724047,4622645.624846724,311.6971897073082,76.71716938778388,0.8939999999999999,3,0
Feature,"{ ""height"": 5.2183012962341309, ""confidence"": -1.0 }",6713,3,0.7324,376.3161428543904,87.77347605560738,431986.8615990461,4622254.176861525,231.43297733667768,61.861194352282496,0.70366,3,0
Feature,"{ ""height"": 3.7626183032989502, ""confidence"": -1.0 }",6730,3,0.84,125.7725376395314,45.43506558128925,430364.9501682312,4619583.3158301,166.80359209407507,55.24170971903285,0.7431399999999999,3,3
Feature,"{ ""height"": 5.3702487945556641, ""confidence"": -1.0 }",6733,0,0.7234,257.18155693774963,66.85552364228106,430255.5745675799,4617785.071978189,584.7430573839491,83.62243235137433,0.64294,3,1
Feature,"{ ""height"": 4.8038535118103027, ""confidence"": -1.0 }",6739,3,0.7531,413.9791825123729,113.12614094742652,429996.2688937601,4623159.460756446,179.8494507689432,54.96540998908203,0.75102,3,3
Feature,"{ ""height"": -1.0, ""confidence"": -1.0 }",6746,3,0.8345,196.5531877406477,59.774518679132214,429817.7294139533,4624074.5116451485,184.1879795338944,63.593025721281855,0.8301000000000001,3,3
Feature,"{ ""height"": 5.2291502952575684, ""confidence"": -1.0 }",6820,3,0.9023,381.35271858228214,84.27155800254113,433527.7308544822,4623390.288216973,252.8418372791758,68.86018106640047,0.9041599999999999,3,0
Feature,"{ ""height"": 8.3166637420654297, ""confidence"": -1.0 }",6852,0,0.8025,646.936686206039,129.78734218819838,430076.99450045166,4623719.8183905985,242.7639196595731,65.18734940264352,0.84182,3,3
Feature,"{ ""height"": 3.9517843723297119, ""confidence"": -1.0 }",6858,3,0.6438,131.2540887562061,54.7989257830252,429826.664061103,4622568.250172253,255.47171730792326,71.58664965436749,0.87584,3,3
Feature,"{ ""height"": -1.0, ""confidence"": -1.0 }",6859,2,0.9432,29.466730961431395,24.397546435800024,429735.4648409472,4616989.619774387,140.159604290261,47.154824242295646,0.6542600000000001,3,1
Feature,"{ ""height"": 4.3798184394836435, ""confidence"": -1.0 }",6868,3,0.838,43.75826049561368,30.481921814836696,429467.5470341755,4620564.940126548,127.56758185726824,45.352050592357216,0.7748999999999999,3,3
Feature,"{ ""height"": -1.0, ""confidence"": -1.0 }",6886,3,0.7971,75.19474845106406,34.6990912563017,433158.8836634123,4621266.226008157,975.0940426067676,144.33967716801772,0.7798400000000001,3,0
Feature,"{ ""height"": -1.0, ""confidence"": -1.0 }",6892,3,0.8589,77.29705806311433,39.30912062134919,431720.6889165515,4620085.756795535,195.33267586198903,59.57336589496633,0.80264,3,3
Feature,"{ ""height"": 5.1994895935058594, ""confidence"": -1.0 }",6900,3,0.8187,116.62689569096288,46.42174140788318,431112.55899924244,4620456.104012304,109.36746312738384,43.049288699479014,0.7601800000000001,3,3
Feature,"{ ""height"": 5.8543286323547363, ""confidence"": -1.0 }",6902,3,0.8613,178.33393719739803,54.99426310823497,431086.9355231989,4620730.657309379,191.31768885954818,53.952859564764786,0.77152,3,3
Feature,"{ ""height"": 4.1561994552612296, ""confidence"": -1.0 }",6904,3,0.5388,61.47376730420736,31.396670215495917,430996.207394906,4621716.545955593,127.35239638847604,47.20777823724269,0.8523400000000001,3,3
Feature,"{ ""height"": 5.0402235984802246, ""confidence"": -1.0 }",6908,3,0.891,221.7610638195423,59.932617283036315,430471.0872059491,4621872.823789347,730.6845310004167,144.86573653676868,0.7460800000000001,3,3
Feature,"{ ""height"": -1.0, ""confidence"": -1.0 }",6913,3,0.8336,36.150028251746065,26.07934754957402,430057.4356163286,4622288.510458429,133.0772534750769,51.62315044136951,0.8057000000000001,3,3
Feature,"{ ""height"": -1.0, ""confidence"": -1.0 }",6936,3,0.7243,32.75916343580658,22.896113138333053,433481.1900869618,4622235.368797047,150.07749933860123,49.85435158354304,0.7598800000000001,3,0
Feature,"{ ""height"": 3.0847513675689688, ""confidence"": -1.0 }",6939,2,0.8275,3751.378472829346,392.3514605073682,433297.8956221413,4621419.170621334,261.0820705328507,77.77260921869245,0.85606,3,2
Feature,"{ ""height"": 6.5502548217773438, ""confidence"": -1.0 }",6942,3,0.7601,272.4052565737502,68.7311728505278,432777.0641691346,4620216.073821597,204.4468085514039,60.612649805795265,0.8665600000000001,3,0
Feature,"{ ""height"": 11.56651496887207, ""confidence"": -1.0 }",6945,2,0.9609,1867.1881405784104,265.5373121954289,432285.58996700397,4622510.524871376,256.2484572191812,68.12329042658516,0.7712800000000002,3,2
Feature,"{ ""height"": 4.5444884300231934, ""confidence"": -1.0 }",6957,3,0.754,163.23390116500062,54.74941616135031,431326.210807822,4622552.597167709,230.74371998014198,66.09265352278953,0.77086,3,3
Feature,"{ ""height"": 3.4689195156097412, ""confidence"": -1.0 }",6964,3,0.8759,200.93421529433888,68.13237517646411,430927.602875631,4621797.859790816,112.35631384039428,41.85002837389196,0.7598,3,3
Feature,"{ ""height"": 3.6412699222564688, ""confidence"": -1.0 }",6987,3,0.7782,15.615596096783785,16.02587329498355,428690.503777362,4619866.004705441,154.87433224215548,50.81443889444356,0.77478,3,1
Feature,"{ ""height"": -1.0, ""confidence"": -1.0 }",6993,0,0.5328,96.26205995535864,52.188970295288655,427834.88081840635,4617143.608452482,229.60849297812314,65.0491751368088,0.7988,3,1
Feature,"{ ""height"": 4.9505739212036133, ""confidence"": -1.0 }",6994,3,0.7008,112.32488796894626,43.18784471404962,427822.19657020655,4619110.9216624,164.94960301858572,54.457237125649,0.8369,3,1
Feature,"{ ""height"": 4.2014694213867188, ""confidence"": -1.0 }",6998,2,0.7422,1207.5751587529835,155.00204689591638,427377.28975169227,4620536.402400223,330.86888864804206,92.56567530385442,0.8236399999999999,3,1
Feature,"{ ""height"": 4.8398680686950684, ""confidence"": -1.0 }",7010,3,0.7285,150.55472555021598,54.150305966366595,432268.13282363483,4620801.36591107,183.3197109644886,56.7814216713871,0.8275600000000001,3,0
Feature,"{ ""height"": 5.6405744552612305, ""confidence"": -1.0 }",7012,3,0.6315,427.95984602534554,86.76897530186014,432229.29471923754,4621881.847334841,307.92052129609203,87.26254134908854,0.72278,3,0
Feature,"{ ""height"": 3.8273055553436279, ""confidence"": -1.0 }",7013,0,0.5734,1746.9961810913442,223.6546950484527,431927.4589966426,4621440.431782769,179.689879180159,57.17388045047132,0.7555200000000001,3,2
Feature,"{ ""height"": 4.5748610496520996, ""confidence"": -1.0 }",7022,3,0.9109,222.76135116372396,65.90124417717567,431372.7991448015,4620932.0885871975,83.08545250916373,34.390619005412574,0.7740400000000001,3,3
Feature,"{ ""height"": 3.5081496238708492, ""confidence"": -1.0 }",7026,3,0.9076,258.4298062111986,73.95992919970604,431183.59875865653,4621950.837808828,200.38647047356608,58.900438164705726,0.8673399999999999,3,3
Feature,"{ ""height"": -1.0, ""confidence"": -1.0 }",7029,3,0.8647,15.549881264476792,17.591319637358144,430793.60418140783,4619715.984964372,115.11980125829002,41.98946737481303,0.83468,3,3
Feature,"{ ""height"": 4.6197118759155273, ""confidence"": -1.0 }",7041,3,0.889,323.50924191697897,73.7153246369083,429567.56006317894,4620228.753517324,140.51394002103,50.28963483381043,0.7604,3,3
Feature,"{ ""height"": 6.2144036293029776, ""confidence"": -1.0 }",7042,2,0.5551,4019.780158532109,285.75577063446974,429486.16371653276,4619325.297508688,181.38854313776605,57.717620762051716,0.8284800000000001,3,2
Feature,"{ ""height"": 4.6262898445129395, ""confidence"": -1.0 }",7045,3,0.754,91.22991512241452,38.55253099076038,429387.0163993963,4620784.975852723,121.19713309034958,40.83175352503599,0.80976,3,3
Feature,"{ ""height"": 3.0974910259246822, ""confidence"": -1.0 }",7049,3,0.8979,137.69846407761668,57.193745842704026,428236.7407647691,4616278.519909517,138.87804377481984,49.863775413943955,0.8239599999999999,3,1
Feature,"{ ""height"": -1.0, ""confidence"": -1.0 }",7051,3,0.9275,305.0430170324325,75.23630399835345,427930.58926230815,4617029.297085123,272.4970971904244,69.91604627682281,0.8787600000000001,3,1
Feature,"{ ""height"": -1.0, ""confidence"": -1.0 }",7056,3,0.5468,80.09841519859462,42.00059710256258,427743.915286389,4617267.976762066,117.0884869848896,53.10695490749369,0.67662,3,1
Feature,"{ ""height"": 4.0235600471496582, ""confidence"": -1.0 }",7079,3,0.8786,113.45711284192345,43.38086288654365,431482.163614307,4619750.172440633,87.1145643243385,36.989862148366434,0.7385400000000001,3,3
Feature,"{ ""height"": -1.0, ""confidence"": -1.0 }",7086,2,0.8936,187.05678548084188,56.97872281046884,430448.52030759264,4619216.684681613,167.40392718987437,53.881663414599984,0.7848599999999999,2,1
Feature,"{ ""height"": 5.6089067459106436, ""confidence"": -1.0 }",7092,3,0.9101,112.33318419275994,44.0879648282769,430139.79260461696,4623821.465852979,295.57193608647987,72.3596764202089,0.7600399999999998,0,3
Feature,"{ ""height"": 3.5991218090057369, ""confidence"": -1.0 }",7098,3,0.781,78.95947413482504,38.89586768387031,429672.8472068686,4620417.486216857,106.42244810781953,42.64072289510328,0.7901800000000001,3,3
Feature,"{ ""height"": 5.1559262275695801, ""confidence"": -1.0 }",7109,3,0.8404,172.4676113859197,52.530862619200406,428868.8655211109,4618021.7910965495,158.82089202459514,53.04538469512376,0.7748199999999998,3,1
Feature,"{ ""height"": 6.0060582160949707, ""confidence"": -1.0 }",7110,3,0.8701,131.06067991689432,46.75452948144558,428714.349245926,4619824.087929102,159.33053864699917,50.13650888270748,0.8432999999999999,3,1
Feature,"{ ""height"": -1.0, ""confidence"": -1.0 }",7117,3,0.9156,311.72645059069464,76.3680742091293,427930.69148382073,4617059.611124739,271.226424284827,73.43000474776781,0.82082,3,1
Feature,"{ ""height"": -1.0, ""confidence"": -1.0 }",7131,3,0.6924,56.5156295210945,34.711774427019265,431802.763428264,4622288.543452501,124.71723165821834,45.25851825536268,0.68266,3,3
Feature,"{ ""height"": 5.1340904235839844, ""confidence"": -1.0 }",7145,2,0.7362,270.5821511928403,67.25549869607616,430541.0698373841,4621197.826046121,90.97520955111004,38.34482735082723,0.81556,3,3
Feature,"{ ""height"": 5.0876302719116211, ""confidence"": -1.0 }",7149,3,0.8554,175.93210565855722,54.2817147277719,429988.4522517858,4620980.8280099705,460.79344471430187,88.30146864166532,0.80292,3,3
Feature,"{ ""height"": -1.0, ""confidence"": -1.0 }",7165,3,0.8676,377.6802082413566,82.94900447372255,429554.66177221766,4623743.449090756,332.552365876964,77.44320677399438,0.7893399999999999,3,3
Feature,"{ ""height"": 3.8250095844268799, ""confidence"": -1.0 }",7173,3,0.5626,130.04732270298524,46.6103064684143,428580.15276179137,4619845.419848799,115.45660950806777,41.17411841720122,0.85074,3,1
Feature,"{ ""height"": 5.3332390785217276, ""confidence"": -1.0 }",7175,3,0.655,175.5751077046088,54.738513953235106,428422.15987808123,4619535.666808597,159.13964456896872,54.51074029864437,0.82182,3,1
Feature,"{ ""height"": 3.7249033451080322, ""confidence"": -1.0 }",7178,3,0.876,243.88223880696273,66.97605073956758,427775.02124011796,4615735.140139816,399.3702642036932,94.7496899385604,0.8545,3,1
Feature,"{ ""height"": 3.870061874389648, ""confidence"": -1.0 }",7210,0,0.7329,103.98654488882836,45.879367022094634,430138.2730172849,4623848.571317018,220.4480723057167,60.062607270735256,0.8166599999999999,0,3
Feature,"{ ""height"": 4.3978757858276367, ""confidence"": -1.0 }",7241,2,0.8215,303.35161807280764,72.85940303773009,432890.47098840796,4622976.136240942,409.74982888778425,99.89784869063314,0.70852,2,0
Feature,"{ ""height"": 4.3090744018554688, ""confidence"": -1.0 }",7253,2,0.7012,1241.792483603941,276.3261225687714,430856.0754919103,4620207.064964513,120.22319877360053,43.821428886775415,0.67466,3,2
Feature,"{ ""height"": -1.0, ""confidence"": -1.0 }",7267,3,0.6767,110.97313734860444,53.8271367564728,429773.236568948,4621925.7683109585,159.03626630341108,60.72303045321231,0.7934399999999999,3,3
Feature,"{ ""height"": 4.2030987739562988, ""confidence"": -1.0 }",7270,3,0.8793,176.66432241202418,54.9592958692544,429657.96584103064,4621732.464696467,194.35554398446925,65.99353502602244,0.82058,3,3
Feature,"{ ""height"": -1.0, ""confidence"": -1.0 }",7279,3,0.5844,38.721214245787024,24.926220940299057,428835.621528569,4619560.72182811,148.79932436273674,53.38448273296376,0.8313200000000001,3,1
Feature,"{ ""height"": 5.3215212821960449, ""confidence"": -1.0 }",7324,3,0.8172,229.4128746113616,63.3670538968956,429967.94811748463,4621059.377635892,417.9021376453522,79.1345357877702,0.84986,3,3
Feature,"{ ""height"": -1.0, ""confidence"": -1.0 }",7371,2,0.8318,211.2486261359938,78.45622418194479,430963.62742391083,4621269.697889696,147.81423558605138,48.97752765487932,0.8250200000000001,3,3
Feature,"{ ""height"": 3.2779922485351558, ""confidence"": -1.0 }",7372,3,0.6911,64.9589923845727,32.24524344463354,430912.68199456675,4620868.622430202,146.92251664002623,51.55469027808567,0.7477199999999999,3,3
Feature,"{ ""height"": -1.0, ""confidence"": -1.0 }",7385,3,0.768,62.70510441467912,33.9118021803671,429768.1120218739,4623919.439289487,359.3219825421577,82.61575007374739,0.8026399999999999,3,3
Feature,"{ ""height"": 5.6198348999023438, ""confidence"": -1.0 }",7394,3,0.6358,144.0612457231631,52.26018117006821,428854.62798967573,4619852.971327542,101.77182325835236,41.03699812422599,0.74352,3,1
Feature,"{ ""height"": -1.0, ""confidence"": -1.0 }",7408,3,0.7098,82.25939525411405,36.325341628797176,431549.0358805659,4620452.467432736,177.82930906243317,54.83076861315108,0.79268,3,3
Feature,"{ ""height"": 6.333803653717041, ""confidence"": -1.0 }",7416,2,0.6318,3544.392360294997,246.07998090582575,430702.9369538256,4622874.613966775,239.52946326519614,66.7601220466506,0.70362,2,2
Feature,"{ ""height"": 3.6147434711456299, ""confidence"": -1.0 }",7418,3,0.8231,76.46963085240715,35.42606717903271,430397.0572518109,4621296.6855784645,90.19509746965439,38.71799884162438,0.7668200000000001,3,3
Feature,"{ ""height"": 4.2982263565063477, ""confidence"": -1.0 }",7420,3,0.6358,89.37439857257553,42.494560288000855,430153.2467791762,4620190.711671905,192.06817546610594,56.75330050450968,0.7841,3,3
Feature,"{ ""height"": -1.0, ""confidence"": -1.0 }",7438,3,0.8225,151.0314152100471,53.41545714764334,429430.05150097905,4621527.937414182,262.31140929707686,64.9594724170424,0.80564,3,3
Feature,"{ ""height"": 3.2917077541351318, ""confidence"": -1.0 }",7440,3,0.8633,151.36101483563078,52.49840340539291,429392.24245328194,4619661.6637015045,254.48317881970098,67.7176174910977,0.8235800000000001,3,1
Feature,"{ ""height"": 4.7808694839477539, ""confidence"": -1.0 }",7447,3,0.898,142.22236911308093,50.775288926833625,428512.1259184741,4619234.0159612,180.34336879242215,54.49007655184694,0.69718,3,1
Feature,"{ ""height"": -1.0, ""confidence"": -1.0 }",7460,2,0.8064,115.90444385501031,44.048960088774166,433008.75718396326,4622979.125770754,431.944105955517,97.86400649649548,0.71836,2,0
Feature,"{ ""height"": 5.1102542877197275, ""confidence"": -1.0 }",7475,3,0.5861,109.3599414420852,41.841331623773954,431126.87715245807,4620885.169370094,242.6259544922031,62.50712079764842,0.77548,3,3
Feature,"{ ""height"": 3.5869565010070801, ""confidence"": -1.0 }",7503,3,0.8453,312.60683575595004,80.15384976649732,429281.69694861886,4619073.483548236,191.1123229476164,60.547268730299905,0.85182,3,1
Feature,"{ ""height"": 3.4045801162719722, ""confidence"": -1.0 }",7505,2,0.7888,1657.4778960858434,174.794881425386,428840.1000645789,4616545.413052888,390.12019502785427,75.7140360998683,0.8057399999999999,3,1
Feature,"{ ""height"": 4.2141461372375488, ""confidence"": -1.0 }",7507,3,0.6884,101.61760121730396,41.057476146525254,428815.84563215374,4619755.950946663,162.5580986745387,52.35914682743025,0.78054,3,1
Feature,"{ ""height"": -1.0, ""confidence"": -1.0 }",7508,2,0.8645,626.0830229020405,174.55715700570397,428732.46556883183,4621200.192238089,820.1143387185808,120.26432607439733,0.75092,2,3
Feature,"{ ""height"": 4.9629111289978027, ""confidence"": -1.0 }",7512,3,0.9284,176.62641074031822,57.64652532779145,428053.84909334476,4616296.472248797,154.36861302030917,51.33995198737366,0.74622,3,1
Feature,"{ ""height"": 5.3866367340087891, ""confidence"": -1.0 }",7516,3,0.7893,132.14728775129038,50.524509032180646,427763.7846736958,4616766.82849749,156.66273949912156,52.38949731994169,0.83334,3,1
Feature,"{ ""height"": 3.3377964496612549, ""confidence"": -1.0 }",7536,3,0.8135,129.34147233554495,48.22573478114983,431501.90843095677,4622694.255450432,131.11668245061387,47.28062466172987,0.7132799999999999,3,3
Feature,"{ ""height"": 4.5659594535827637, ""confidence"": -1.0 }",7539,3,0.9149,203.1844549195161,75.7164468919423,431312.91252754966,4622900.472784541,249.74057449630763,71.98702578259739,0.74816,3,3
Feature,"{ ""height"": 3.5702159404754639, ""confidence"": -1.0 }",7540,3,0.7104,192.6777267462398,60.52945684965008,431283.76104298595,4621808.293697639,208.18468247298452,58.84463782213369,0.87142,3,3
Feature,"{ ""height"": 4.0427274703979492, ""confidence"": -1.0 }",7546,2,0.7605,272.38481048764623,73.49341689087314,430594.2750755789,4623010.812903859,992.6743837609089,112.50041789252225,0.6898,2,3
Feature,"{ ""height"": 6.1369571685791025, ""confidence"": -1.0 }",7555,3,0.9085,349.85800637880976,81.91327185593252,430017.92685335473,4620265.413798667,119.55483512419043,43.650244238399765,0.76512,3,3
Feature,"{ ""height"": 3.9826438426971431, ""confidence"": -1.0 }",7578,3,0.8744,282.75691147954115,70.92781659545214,433458.4661914478,4621125.434937847,168.36584607836497,54.227736876747976,0.82796,3,0
Feature,"{ ""height"": 4.9891519546508789, ""confidence"": -1.0 }",7613,3,0.6274,151.24813598173142,49.194104015900415,428846.5292353431,4618022.593914943,163.0647871054328,53.71273641578375,0.8174199999999999,3,1
Feature,"{ ""height"": 4.3362722396850586, ""confidence"": -1.0 }",7623,3,0.9669,276.0008354624195,73.64599137326704,426948.6881552656,4614914.382123365,231.24110404388566,67.12026718029976,0.82082,3,1
Feature,"{ ""height"": 6.0625, ""confidence"": -1.0 }",7628,3,0.8771,566.4710262579356,144.93344913967235,433014.8456110776,4619954.566343643,207.60977617730842,61.24880434201024,0.8719999999999999,3,0
Feature,"{ ""height"": 3.8636147975921631, ""confidence"": -1.0 }",7637,3,0.8276,105.02790763034209,44.05991642062225,431540.21141561156,4621142.707222315,158.57646039651962,49.6724300676462,0.6969,3,3
Feature,"{ ""height"": 4.6188511848449707, ""confidence"": -1.0 }",7652,3,0.8413,168.2689800298307,54.27566853613203,430692.2767936114,4619857.269565926,119.79946985250751,41.94581703397695,0.83546,3,3
Feature,"{ ""height"": 6.764040470123291, ""confidence"": -1.0 }",7657,2,0.8771,1306.276301301797,169.89723001955053,430385.06682567275,4620689.820748546,823.4148439823846,102.87608443987476,0.78614,3,2
Feature,"{ ""height"": 4.5244417190551758, ""confidence"": -1.0 }",7659,3,0.7123,153.09656233250274,57.65890696114958,430141.9251180935,4622282.472957605,104.08104216579366,44.066661849958614,0.86564,3,3
Feature,"{ ""height"": -1.0, ""confidence"": -1.0 }",7669,3,0.8114,696.4691461684226,137.75691206799902,429725.0160326292,4623257.492329347,327.1227307727298,87.13990549216378,0.76108,2,3
Feature,"{ ""height"": -1.0, ""confidence"": -1.0 }",7676,2,0.7548,1824.8105898097656,211.20739365889983,429026.413670153,4621531.650029182,128.1752047746611,52.934612197973344,0.81616,3,2
Feature,"{ ""height"": 5.4242920875549316, ""confidence"": -1.0 }",7690,3,0.7621,211.81520655311857,62.167702622040025,433552.2229486583,4620819.199247435,259.14368515984285,69.30942585201632,0.77662,3,0
Feature,"{ ""height"": 7.3272485733032227, ""confidence"": -1.0 }",7703,3,0.8561,111.53830429128077,51.602068682265255,431424.3663074118,4621377.423293423,206.5855702047648,65.80660030559586,0.7550600000000001,3,3
Feature,"{ ""height"": 4.5753474235534668, ""confidence"": -1.0 }",7704,3,0.7613,131.97302878367347,46.55321829763385,431401.65433927637,4620818.175291899,122.00842463207375,43.03528889275978,0.74434,3,3
Feature,"{ ""height"": -1.0, ""confidence"": -1.0 }",7710,3,0.7978,122.06117172339854,44.50426753477328,430869.5343563657,4621862.61606858,212.30324790750888,64.61393809323214,0.80264,3,3
Feature,"{ ""height"": 3.9721393585205083, ""confidence"": -1.0 }",7725,3,0.875,49.78199383798218,32.21568126980005,429863.26433372695,4621353.683786262,121.61548025031183,44.15368583139478,0.7706599999999999,3,3
Feature,"{ ""height"": -1.0, ""confidence"": -1.0 }",7731,3,0.782,33.832440535607994,25.103707072968,429039.3596267234,4619548.0773278875,142.68833577016773,50.21834748035658,0.8199400000000001,3,1
Feature,"{ ""height"": 5.8613886833190918, ""confidence"": -1.0 }",7745,3,0.9316,372.4156811019746,84.5839375326119,433421.8042705058,4619759.669574187,226.06713955453392,62.283860830793216,0.86642,3,0
Feature,"{ ""height"": 5.0321507453918457, ""confidence"": -1.0 }",7752,3,0.8204,223.5645709259064,65.7163284884028,432605.85173600225,4620535.824212067,191.69492684040955,60.74285827443405,0.83288,3,0
Feature,"{ ""height"": -1.0, ""confidence"": -1.0 }",7760,3,0.547,62.150782758735566,31.617016323929953,431601.52232118667,4619889.149709418,109.60890758624109,41.065324769808775,0.7767,3,3
Feature,"{ ""height"": 3.2149207592010498, ""confidence"": -1.0 }",7762,3,0.7958,127.77686797381736,51.20684192758847,431425.2376169518,4621994.54074487,190.92285851869994,58.16648672114231,0.84304,3,3
Feature,"{ ""height"": -1.0, ""confidence"": -1.0 }",7769,2,0.6421,148.27143140342662,50.77373196024648,430600.68404776626,4622814.500520311,1163.6298792613968,118.32170157262019,0.7012,3,3
Feature,"{ ""height"": 3.2881662845611572, ""confidence"": -1.0 }",7791,3,0.7504,218.86311660590215,65.79746741814292,428964.9932828181,4618321.909232201,128.52244779782708,47.63382961041589,0.8150599999999999,3,1
Feature,"{ ""height"": 4.6758618354797363, ""confidence"": -1.0 }",7803,3,0.8867,172.36477449749793,60.78685865877995,427485.2972088398,4619003.039458689,174.37362907886057,54.8102910359522,0.8688800000000001,3,1
Feature,"{ ""height"": 3.631477832794189, ""confidence"": -1.0 }",7827,2,0.6867,284.1768537864463,73.97333749079868,431467.32911287,4620241.7248439845,123.94922496293626,45.984464281792086,0.7842399999999999,3,3
Feature,"{ ""height"": -1.0, ""confidence"": -1.0 }",7845,3,0.8645,177.33355229302853,60.54577640037595,430087.8204706579,4621852.774447347,88.2297759050208,38.69990847580861,0.68582,3,3
Feature,"{ ""height"": 3.6221895217895512, ""confidence"": -1.0 }",7849,3,0.7538,202.72431750231996,60.52407467138491,430033.60639986524,4620126.880687677,128.50961321360248,44.17183634452088,0.7545000000000001,3,3
Feature,"{ ""height"": 5.239619255065918, ""confidence"": -1.0 }",7857,3,0.9054,171.68247821686847,55.41828635802162,429574.5401534762,4622220.877395389,121.91465985945528,44.14914583386632,0.8138799999999999,3,3
Feature,"{ ""height"": 4.7813100814819345, ""confidence"": -1.0 }",7865,3,0.7895,103.09615031766558,40.974538955534086,428059.95094516117,4616476.386021169,131.7650387901129,48.529881164387476,0.74632,3,1
Feature,"{ ""height"": -1.0, ""confidence"": -1.0 }",7869,3,0.7432,50.20062877034983,29.87931845250993,427345.29403420666,4615288.302629397,272.5886947694393,75.03598800465642,0.88842,3,1
Feature,"{ ""height"": 3.9251701831817623, ""confidence"": -1.0 }",7870,3,0.8953,152.911132301395,54.611345248717086,426814.8402479007,4615197.30437903,255.85904467609058,70.92719640520977,0.8351399999999998,3,1
Feature,"{ ""height"": 8.722325325012207, ""confidence"": -1.0 }",7876,1,0.5523,160.10792730773315,57.89569479545835,432252.620553651,4622381.420415037,602.7641896356047,109.74395559454635,0.7070399999999999,2,0
Feature,"{ ""height"": 4.7055797576904297, ""confidence"": -1.0 }",7892,2,0.8842,731.8811113767206,123.72715526823974,430743.1021386935,4623158.179935278,2690.6970394404316,213.47866776431596,0.74356,2,3
Feature,"{ ""height"": 4.3519940376281738, ""confidence"": -1.0 }",7930,3,0.8229,129.32224099697362,46.96635536969282,432448.64085840585,4620474.638390762,167.48893990762167,56.15548219503948,0.7393400000000001,3,0
Feature,"{ ""height"": 5.6067523956298828, ""confidence"": -1.0 }",7948,3,0.8433,104.39458815663647,40.87113009760633,429728.2303163787,4618559.276877726,94.14956045925722,41.59539302613913,0.7259800000000001,3,1
Feature,"{ ""height"": 6.1141533851623526, ""confidence"": -1.0 }",7952,3,0.7893,117.60574067874592,43.59785162936499,429588.81493775843,4622106.198140804,130.0632035922845,46.55795047799953,0.8481799999999999,3,3
Feature,"{ ""height"": -1.0, ""confidence"": -1.0 }",7962,3,0.9126,322.03838134872944,77.02145767620186,427977.0614175691,4617194.50507386,267.03876843191995,77.59252709074204,0.8209399999999999,3,1
Feature,"{ ""height"": 3.6507449150085449, ""confidence"": -1.0 }",7997,3,0.9393,209.6123196970972,64.12916985719676,430309.5662423099,4621475.379696641,237.6824894528135,61.13122988405526,0.77862,3,3
Feature,"{ ""height"": -1.0, ""confidence"": -1.0 }",7998,1,0.8652,36.50608049191766,44.472389630961715,430277.0642674277,4617570.144339117,209.6194619824686,58.52175257499107,0.67694,3,1
Feature,"{ ""height"": -1.0, ""confidence"": -1.0 }",8032,3,0.5572,414.7379620201639,89.13104166596555,433311.2894696062,4622002.788459954,181.3143942625827,63.99727939351594,0.84482,3,0
Feature,"{ ""height"": 5.1756258010864258, ""confidence"": -1.0 }",8040,3,0.5539,534.6142265699086,107.6547089661379,432617.1994177063,4622448.381461303,777.9805259972492,138.10336045475685,0.80044,2,0
Feature,"{ ""height"": 8.3575544357299805, ""confidence"": -1.0 }",8054,0,0.944,1056.907286518588,155.20394598547347,430873.6806848156,4619059.614822609,656.806201731862,114.56701163066047,0.7663800000000001,3,1
Feature,"{ ""height"": 3.16273021697998, ""confidence"": -1.0 }",8065,3,0.6778,210.0404065748128,64.79715713292916,429896.82027705177,4620808.155893734,177.97900031229224,56.47944116718894,0.8622799999999999,3,3
Feature,"{ ""height"": 6.1159296035766602, ""confidence"": -1.0 }",8074,0,0.5922,230.95047234428728,62.78144839454096,429520.43452346243,4618581.415946925,156.82870193359665,56.05315794120334,0.7491,3,1
Feature,"{ ""height"": -1.0, ""confidence"": -1.0 }",8078,3,0.812,138.46948860087477,53.72290687986929,428764.2320288219,4619633.471136304,171.8868438451855,54.54725962051415,0.75158,3,1
Feature,"{ ""height"": 5.0020895004272461, ""confidence"": -1.0 }",8094,3,0.7983,308.4807455741545,76.26588664648632,433258.9900470959,4620504.810569985,241.2181637399056,71.46596516818798,0.8392,3,0
Feature,"{ ""height"": -1.0, ""confidence"": -1.0 }",8099,3,0.6929,39.65720164060686,25.37591672980067,431683.0834889457,4620439.142117309,176.05826442678799,56.619582233708215,0.7746000000000001,3,3
Feature,"{ ""height"": 3.9512815475463863, ""confidence"": -1.0 }",8103,3,0.836,254.45565035983455,67.64242588485693,431314.0332625791,4622455.704037962,186.3665035654904,58.85119591516561,0.72976,3,3
Feature,"{ ""height"": 5.1621041297912598, ""confidence"": -1.0 }",8106,3,0.8371,324.12608289112103,73.91735736842976,431251.66007430886,4623152.266674414,310.128739007527,79.15818228267398,0.8055800000000002,3,3
Feature,"{ ""height"": 3.3645627498626709, ""confidence"": -1.0 }",8108,3,0.8656,151.0556526859056,54.96811217981107,430793.50915559166,4619919.864260692,128.2711751642777,43.55996488128462,0.8436199999999999,3,3
Feature,"{ ""height"": 3.603442907333374, ""confidence"": -1.0 }",8114,3,0.8311,158.41235386259942,53.00117218750216,430176.45219326223,4620810.496446391,353.8923359393246,67.60008563512534,0.8046599999999999,3,3
Feature,"{ ""height"": 3.5073261260986333, ""confidence"": -1.0 }",8117,3,0.6121,81.39344785753573,36.92977646070558,429960.11221757927,4617553.596585093,307.73873473494814,78.60025259138858,0.78118,3,1
Feature,"{ ""height"": 5.7272038459777832, ""confidence"": -1.0 }",8118,3,0.7987,262.79133154831504,67.47050575394952,429972.9984732622,4617664.5033413805,265.613610119122,71.98729216725808,0.71794,3,1
Feature,"{ ""height"": 3.8793349266052242, ""confidence"": -1.0 }",8128,3,0.8538,277.32669547997347,89.48408242524458,429598.2908653107,4620505.235281448,107.11873131699329,39.5600271762948,0.7106800000000001,3,3
Feature,"{ ""height"": 4.9855747222900391, ""confidence"": -1.0 }",8132,3,0.5468,116.7490415275536,44.3870646552014,429486.5381022008,4623110.219351641,84.32163988479267,37.27609183528568,0.77036,3,3
Feature,"{ ""height"": 4.5315113067626953, ""confidence"": -1.0 }",8151,3,0.871,178.19624547404658,61.409108619269674,427220.48511650204,4618988.625645022,195.8021511284703,58.6425092817964,0.81996,3,1
Feature,"{ ""height"": 3.9964900016784672, ""confidence"": -1.0 }",8155,3,0.8093,141.21017736184405,49.96051839431755,433477.00471735053,4621421.9093642775,981.9152035070323,146.0321409032975,0.81744,3,0
Feature,"{ ""height"": 5.3710999488830566, ""confidence"": -1.0 }",8156,3,0.6201,284.53706175363146,68.74686706163911,433368.6367488553,4620646.60225869,271.8069728647544,74.55121331304801,0.8534599999999999,3,0
Feature,"{ ""height"": 3.5192916393280029, ""confidence"": -1.0 }",8161,2,0.7579,391.5924779900665,82.38822789376059,432147.7510044024,4622315.476482428,225.69531432906638,63.73876222578234,0.65212,3,0
Feature,"{ ""height"": 5.4272994995117188, ""confidence"": -1.0 }",8177,3,0.8035,33.32652444192526,23.133764553072744,431211.7839355812,4622755.973739091,231.72141510725191,66.2122225686626,0.7942199999999999,3,3
Feature,"{ ""height"": 3.8839254379272461, ""confidence"": -1.0 }",8181,3,0.7982,140.91478196715906,50.77651972363389,430982.8103866177,4621045.2520543495,133.666314939605,46.79952016910791,0.75244,3,3
Feature,"{ ""height"": 4.017634391784668, ""confidence"": -1.0 }",8182,3,0.9102,115.14657951764256,42.93866816806435,430787.52328620374,4621416.925705454,157.67507142281184,56.76598261614238,0.7676000000000001,3,3
Feature,"{ ""height"": 4.291560173034668, ""confidence"": -1.0 }",8183,3,0.6915,96.95036282645712,41.60925731887459,430756.198454207,4621543.391044496,214.7527492033576,57.498836131343616,0.7706200000000001,3,3
Feature,"{ ""height"": -1.0, ""confidence"": -1.0 }",8189,3,0.831,317.89795429901693,72.64575780984335,430029.9782735477,4622895.368204078,175.25869511519838,55.117915374651474,0.64886,3,3
Feature,"{ ""height"": 3.6646914482116699, ""confidence"": -1.0 }",8194,3,0.7704,100.3481563286476,40.069641155046114,429682.3655500003,4620658.771060441,173.96696929030855,57.31217186226992,0.7783599999999999,3,3
Feature,"{ ""height"": 3.399855375289917, ""confidence"": -1.0 }",8197,3,0.6205,68.03965573883293,34.467874685694085,429517.81464203296,4621425.280135477,157.98467031390615,54.16087782855052,0.7947599999999999,3,3
Feature,"{ ""height"": 5.4562563896179199, ""confidence"": -1.0 }",8242,3,0.5633,142.21233182653862,49.39341277862749,431281.14308211504,4620660.907898221,131.53364830333152,45.41782134624332,0.7821400000000001,3,3
Feature,"{ ""height"": 4.5390415191650391, ""confidence"": -1.0 }",8253,3,0.8502,184.01233139482795,55.643908377899855,430280.8525853881,4621920.749478485,170.23152956965106,56.89682376410595,0.78472,3,3
Feature,"{ ""height"": 6.0759143829345703, ""confidence"": -1.0 }",8290,3,0.8751,234.48472469447273,65.85470182475757,432107.10179547966,4620486.159606881,210.47265387379156,63.14772949725862,0.75406,3,0
Feature,"{ ""height"": 4.6083073616027832, ""confidence"": -1.0 }",8308,3,0.8246,238.16405870550773,67.6122400538341,430505.02381390193,4622779.841635202,473.83514131794465,77.3040804638567,0.71646,3,3
Feature,"{ ""height"": 4.5504145622253418, ""confidence"": -1.0 }",8313,3,0.8719,227.11489174344717,63.909819402438266,430059.3992204417,4617544.976701871,278.5944459577658,73.20424400304206,0.7292200000000001,3,1
Feature,"{ ""height"": 3.852367639541626, ""confidence"": -1.0 }",8335,3,0.8035,178.03788988001315,61.633997235149415,427885.479609273,4618750.609263915,142.1902085425816,51.861422650429006,0.70174,3,1
Feature,"{ ""height"": 3.012866735458374, ""confidence"": -1.0 }",8360,3,0.8999,96.1784868252189,40.291963043868265,430346.952913854,4621528.503069944,260.3692560271892,65.89867124672095,0.7865,3,3
Feature,"{ ""height"": 4.5895686149597168, ""confidence"": -1.0 }",8376,3,0.7337,318.7039564581693,71.95470372429703,429594.52893536777,4620825.524896592,107.29143194814078,41.942842692014935,0.8231200000000001,3,3
Feature,"{ ""height"": 3.8264713287353511, ""confidence"": -1.0 }",8394,3,0.882,229.7984246727972,68.05026747214188,433395.83380694507,4622092.851224079,125.3412909748987,47.12913958676467,0.8006,3,0
Feature,"{ ""height"": 4.6647887229919434, ""confidence"": -1.0 }",8409,3,0.847,70.65003616803631,33.621744865584866,431119.6144404011,4622341.198033207,205.70224604682485,61.560475682976836,0.86372,3,3
Feature,"{ ""height"": -1.0, ""confidence"": -1.0 }",8412,3,0.5232,252.59429695265436,68.25276144478262,430722.238714319,4620157.693045831,431.3049121846333,101.37342119325126,0.783,2,3
Feature,"{ ""height"": 4.2495942115783691, ""confidence"": -1.0 }",8422,3,0.7271,366.3246523815749,84.94939657342779,430150.01714317326,4622579.812684778,218.83343049443306,62.58168191599968,0.8817,3,3
Feature,"{ ""height"": -1.0, ""confidence"": -1.0 }",8429,3,0.8039,81.40045328558081,38.92273779816289,429958.0741435241,4623129.927595711,252.38473404412716,70.85723697783621,0.7864600000000002,3,3
Feature,"{ ""height"": -1.0, ""confidence"": -1.0 }",8430,3,0.786,132.91394344664965,46.93417299777033,429863.11675072863,4621815.327995702,206.39867572336067,64.79399530396833,0.8412000000000001,3,3
Feature,"{ ""height"": 4.2355842590332031, ""confidence"": -1.0 }",8441,2,0.8946,713.6253731737186,110.19371679668184,428804.61930091714,4621040.881882137,745.300525769123,126.01297866387704,0.77746,2,3
Feature,"{ ""height"": 3.6339898109436031, ""confidence"": -1.0 }",8442,3,0.843,108.24694790117312,42.26344595616062,428625.411697136,4619727.1346031,179.61221698192122,54.87584851834826,0.8196,3,1
Feature,"{ ""height"": 5.1738576889038086, ""confidence"": -1.0 }",8443,3,0.8179,195.07900456209092,55.887536975928185,428601.1495218984,4619806.174930308,93.01054117666143,37.75482692914143,0.8034800000000001,3,1
Feature,"{ ""height"": 4.5022125244140616, ""confidence"": -1.0 }",8450,3,0.8914,134.20745899644206,48.45374938790404,427544.40661074367,4619050.476884619,175.5779578202493,58.345343226667445,0.86338,3,1
Feature,"{ ""height"": 4.7891082763671875, ""confidence"": -1.0 }",8454,3,0.844,135.62887590451467,50.02339253437269,427371.1884772921,4618864.986422977,173.75717953636126,54.65802685951745,0.8766399999999999,3,1
Feature,"{ ""height"": -1.0, ""confidence"": -1.0 }",8462,3,0.7264,28.507766555220016,21.625342230309965,432906.1598425498,4622239.508019471,1374.3083999326964,172.66901267920528,0.7392799999999999,2,0
Feature,"{ ""height"": 5.3697209358215332, ""confidence"": -1.0 }",8463,2,0.6231,186.7801770789444,55.37639943419508,432919.5893260583,4623036.0929940725,417.7689593107302,95.5985186274113,0.75502,2,0
Feature,"{ ""height"": -1.0, ""confidence"": -1.0 }",8466,3,0.7019,39.57524450892427,29.017661860742106,432217.71489442256,4621967.045716724,274.073693253801,68.69848190065147,0.7297,3,0
Feature,"{ ""height"": 4.3832197189331055, ""confidence"": -1.0 }",8474,3,0.8437,22.01718268651663,20.72820369760492,431641.55971022166,4620118.8803656595,196.22871055361125,63.60921385177145,0.85598,3,3
Feature,"{ ""height"": 3.6176285743713379, ""confidence"": -1.0 }",8479,3,0.9144,235.73123508090885,66.95226776924052,431064.46692668425,4621877.320740592,214.464610050393,61.58009558761603,0.9021799999999999,3,3
Feature,"{ ""height"": 5.5051259994506845, ""confidence"": -1.0 }",8484,3,0.8722,179.03414900469568,56.906443883194854,430251.3226297644,4619003.192757203,269.7940678664461,75.34795951431984,0.83436,3,1
Feature,"{ ""height"": 4.1567201614379883, ""confidence"": -1.0 }",8489,3,0.9091,306.0836664812238,70.23237873811144,430033.4489986105,4623597.636329425,552.560158865723,106.62667181905412,0.8167399999999999,0,3
Feature,"{ ""height"": 3.929782390594482, ""confidence"": -1.0 }",8508,3,0.8105,350.9428159066242,84.10522827633383,433526.69235046214,4620270.515523423,278.68460516373995,73.47368686294597,0.8926999999999999,3,0
Feature,"{ ""height"": 3.6725106239318839, ""confidence"": -1.0 }",8510,3,0.8729,70.67351851304484,35.4408131860198,433316.84863338585,4621176.7947392035,193.50762932386843,56.7382577716633,0.79854,3,0
Feature,"{ ""height"": 4.8393740653991699, ""confidence"": -1.0 }",8517,3,0.8197,129.9573303774546,48.0665469296116,431839.75342398917,4621188.934049106,157.41901477978263,50.27543426772178,0.82012,3,3
Feature,"{ ""height"": 4.8076815605163574, ""confidence"": -1.0 }",8522,3,0.7487,694.4939045698001,141.276286593239,431091.67863109894,4620842.248509229,140.39515579641755,45.39640766446003,0.75408,3,3
Feature,"{ ""height"": 4.085258960723877, ""confidence"": -1.0 }",8523,3,0.8031,124.61152798504747,48.70979436599729,431050.0846951548,4621432.472474039,76.73176990094841,35.700965048627275,0.85024,3,3
Feature,"{ ""height"": -1.0, ""confidence"": -1.0 }",8525,3,0.5579,96.88503830015328,39.78217758206199,431009.8441689298,4619939.36111601,153.02643447534203,51.09455841029809,0.72762,3,3
Feature,"{ ""height"": 4.2425394058227539, ""confidence"": -1.0 }",8527,3,0.6641,91.33676624143548,38.272918589688786,430943.13177539373,4621737.593679385,134.27580365097492,47.82191969124703,0.80216,3,3
Feature,"{ ""height"": 3.9057328701019283, ""confidence"": -1.0 }",8544,3,0.9035,128.8566633086096,45.413163323357445,429532.81728986325,4620809.378301693,119.51573184488072,41.64277869321287,0.8063600000000001,3,3
Feature,"{ ""height"": 3.9786324501037589, ""confidence"": -1.0 }",8553,3,0.8161,139.18964876713537,50.797224497327385,428337.3998718718,4619839.560440577,129.11680316479038,46.96529817657618,0.7592199999999999,3,1
Feature,"{ ""height"": 4.2481298446655273, ""confidence"": -1.0 }",8560,3,0.86,192.27197851997516,60.992859938537435,433396.8594100551,4620203.273341362,220.06516093144995,62.73025852017948,0.8064199999999999,3,0
Feature,"{ ""height"": 3.9067027568817139, ""confidence"": -1.0 }",8567,3,0.7438,256.42122009535433,70.51552924488313,431864.0215173207,4622602.804083437,174.62838781651553,55.79909856994884,0.74,3,0
Feature,"{ ""height"": -1.0, ""confidence"": -1.0 }",8569,3,0.8802,53.136604304982974,29.25656178315825,431566.2639069962,4619923.957645687,129.00121855451462,46.516211865067454,0.73242,3,3
Feature,"{ ""height"": 4.8348212242126465, ""confidence"": -1.0 }",8581,3,0.9002,277.45829774466756,69.41140576284322,430055.3683800246,4622586.985540129,280.5784391146568,76.73928343506468,0.86316,3,3
Feature,"{ ""height"": 4.4007077217102051, ""confidence"": -1.0 }",8599,3,0.8701,112.14322741385963,43.18007810906395,428828.12387959496,4618680.286644429,145.6338531740195,50.586019798488365,0.86664,3,1
Feature,"{ ""height"": 5.6456437110900879, ""confidence"": -1.0 }",8611,3,0.5978,152.57564620593024,54.909873369609784,431838.1801386355,4622361.681517202,179.55806716691276,55.23113492382622,0.7257,3,3
Feature,"{ ""height"": 4.7548427581787109, ""confidence"": -1.0 }",8618,3,0.7272,163.49610463456114,53.224032304218866,431304.5912817346,4622854.90144734,220.88406295200826,63.8431429207461,0.83188,3,3
Feature,"{ ""height"": -1.0, ""confidence"": -1.0 }",8634,3,0.8133,32.18676244280478,22.698586579221463,430126.5876483154,4619124.754599784,259.8810860613408,75.65387131757112,0.8217800000000001,3,1
Feature,"{ ""height"": 6.6922154426574707, ""confidence"": -1.0 }",8635,3,0.7434,247.89999083304795,66.99045611207579,430093.401575497,4617717.608164567,271.950222476502,72.31206107695974,0.6555,3,1
Feature,"{ ""height"": 4.233004093170166, ""confidence"": -1.0 }",8648,2,0.8018,496.64987488885293,98.78433574274668,429282.45567800273,4619950.435201896,658.9337835049888,130.03307120704463,0.79208,2,1
Feature,"{ ""height"": 3.6944668292999259, ""confidence"": -1.0 }",8652,3,0.7954,122.67162377377753,44.76035138296859,428627.04201643454,4618805.904504902,135.7411695406029,50.44617431276402,0.8431799999999999,3,1
Feature,"{ ""height"": 3.846680641174316, ""confidence"": -1.0 }",8654,3,0.8891,94.0942980419627,39.42550032936376,427836.05826104735,4616885.789515741,204.74274965612784,59.763816616758774,0.8571199999999999,3,1
Feature,"{ ""height"": -1.0, ""confidence"": -1.0 }",8655,3,0.8753,121.06125493886437,45.01207373683589,427669.44697702955,4617190.50060414,112.78183478425774,53.4848956775931,0.67054,3,1
Feature,"{ ""height"": 4.7310295104980469, ""confidence"": -1.0 }",8656,3,0.8698,205.24421970498952,57.45296821867236,427452.26571072376,4618907.304630197,154.64533335043507,52.51257977119711,0.8729800000000001,3,1
Feature,"{ ""height"": 4.6141037940979004, ""confidence"": -1.0 }",8657,3,0.9201,291.5603948355865,69.28091439794294,433611.13385159435,4620096.349755785,231.91715776282518,65.25012933134585,0.83736,3,0
Feature,"{ ""height"": 3.8778295516967769, ""confidence"": -1.0 }",8670,3,0.7849,159.04888348715332,52.401014627034186,431509.27383302624,4621022.7166062705,138.59718886009892,46.87803505967834,0.73286,3,3
Feature,"{ ""height"": 4.9300270080566415, ""confidence"": -1.0 }",8674,3,0.9096,146.40316978313083,51.90459287325692,431264.911981629,4620580.436849494,156.38976821755017,51.75185682128266,0.7242,3,3
Feature,"{ ""height"": 3.0570652484893799, ""confidence"": -1.0 }",8676,3,0.8101,145.97274223867888,48.973064184074566,431214.2779177828,4619691.277246498,156.5190863396427,53.1829488153322,0.8348599999999999,3,3
Feature,"{ ""height"": -1.0, ""confidence"": -1.0 }",8677,3,0.833,48.2844698738286,28.47307786489495,431129.5971323268,4621379.977831688,178.04340352391836,55.573685199199204,0.80564,3,3
Feature,"{ ""height"": 3.1125044822692871, ""confidence"": -1.0 }",8696,3,0.8819,138.39184409785355,49.734685641118304,429497.0513238077,4621463.114233259,143.91423264210204,51.107515637465674,0.74248,3,3
Feature,"{ ""height"": -1.0, ""confidence"": -1.0 }",8713,3,0.5688,50.19941559778054,28.471018119219536,432499.6624044601,4623268.856821887,305.5856158489192,80.6168520518387,0.81282,2,0
Feature,"{ ""height"": 4.7602863311767578, ""confidence"": -1.0 }",8734,3,0.6535,83.32955333592972,36.67836767835876,430099.0156758401,4620485.681535191,207.82364783294452,56.84061520133757,0.6772,3,3
Feature,"{ ""height"": -1.0, ""confidence"": -1.0 }",8736,3,0.5251,338.37303187412147,78.98564976079402,430071.03846018447,4622876.919402595,171.1636796001775,53.84993698446134,0.71004,3,3
Feature,"{ ""height"": 3.8872387409210201, ""confidence"": -1.0 }",8740,3,0.8946,181.00474122707553,55.85639577337828,429928.935123476,4619251.156608331,139.49843656611844,51.67909747684526,0.8002600000000001,3,1
Feature,"{ ""height"": 4.5248227119445801, ""confidence"": -1.0 }",8750,3,0.512,69.06168112455534,34.02725523312729,429575.89927573845,4623183.943421336,175.8130565240393,57.886722712697214,0.7829999999999999,3,3
Feature,"{ ""height"": 5.6157751083374023, ""confidence"": -1.0 }",8773,3,0.8298,165.79606234165715,56.80891698120779,433233.76496001944,4619791.099347104,261.66650759834266,68.17891283620882,0.88674,3,0
Feature,"{ ""height"": 3.6173195838928223, ""confidence"": -1.0 }",8777,3,0.8529,120.059708916012,46.60112869475019,431861.12439881096,4622438.7436587475,174.84633093708385,56.328570406430615,0.6476,3,3
Feature,"{ ""height"": 8.2395906448364258, ""confidence"": -1.0 }",8779,3,0.7377,67.64046191924862,32.89754479526333,431687.6125093797,4621384.77528252,148.34592980107217,53.339311391631746,0.8594000000000002,3,3
Feature,"{ ""height"": 3.1995589733123779, ""confidence"": -1.0 }",8793,3,0.7754,224.83304170109773,61.02295538537857,430230.83712860924,4620599.139107698,344.2564820385274,67.94015059914622,0.7987599999999999,3,3
Feature,"{ ""height"": -1.0, ""confidence"": -1.0 }",8794,3,0.8009,221.89761043919768,71.01357579063054,430149.1812297379,4621951.36624892,123.73795592276213,46.35909114868791,0.7692,3,3
Feature,"{ ""height"": 5.4961519241333008, ""confidence"": -1.0 }",8805,3,0.8834,96.7867409414425,39.68988205010786,429695.3077430101,4617529.408952357,206.4756543263432,62.97700220004781,0.6614000000000001,3,1
Feature,"{ ""height"": 3.53475022315979, ""confidence"": -1.0 }",8807,3,0.8788,172.53866414193118,58.60127149133405,429584.6547864485,4621443.673965351,160.47854962169032,52.88635324192951,0.7664,3,3
Feature,"{ ""height"": 3.0068566799163818, ""confidence"": -1.0 }",8814,2,0.5009,137.4146166767136,47.66271502023985,428445.0977133361,4620165.572244176,268.65888754389624,62.855003851332626,0.8088000000000001,3,1
Feature,"{ ""height"": 3.9105780124664302, ""confidence"": -1.0 }",8823,3,0.7902,136.40955950425845,52.54086056152675,427411.3650274544,4619005.6949595325,186.9404654792922,57.602501796872595,0.87898,3,1
Feature,"{ ""height"": 4.7532405853271484, ""confidence"": -1.0 }",8829,3,0.6773,214.15811575687312,62.67654943309905,432758.4431262792,4620597.591944054,245.41389582503842,67.99020668942015,0.88738,3,0
Feature,"{ ""height"": 5.1507091522216797, ""confidence"": -1.0 }",8830,3,0.8373,167.83936606866206,51.87078104739676,432447.60167456773,4620053.276223797,233.2210242024279,69.7903105454403,0.7544000000000001,3,0
Feature,"{ ""height"": 3.865038156509399, ""confidence"": -1.0 }",8831,3,0.755,162.35748749285074,58.01907172267313,432277.8098139365,4620370.791476849,174.9616029701594,55.41366039492141,0.67814,3,0
Feature,"{ ""height"": 3.8193237781524663, ""confidence"": -1.0 }",8839,3,0.8306,51.308177894256886,29.028685126333738,431822.1052896016,4621901.349395804,184.20714283318802,59.019352042003355,0.79046,3,3
Feature,"{ ""height"": 4.3810219764709473, ""confidence"": -1.0 }",8844,3,0.8841,372.7115774524725,103.20541011991835,431638.62570975936,4620082.87526406,116.27137003703396,44.33990891047454,0.8526400000000001,3,3
Feature,"{ ""height"": 3.7304246425628662, ""confidence"": -1.0 }",8848,3,0.8522,469.7185001060783,101.40115066636432,431229.8499276119,4622819.673562791,112.0337176669644,45.12601437785433,0.77312,3,3
Feature,"{ ""height"": -1.0, ""confidence"": -1.0 }",8863,3,0.6318,61.70658944856507,31.46030408302194,429973.36947281304,4617169.487313549,190.61883995637646,54.52148008573067,0.70318,3,1
Feature,"{ ""height"": 3.1525375843048091, ""confidence"": -1.0 }",8873,3,0.8008,177.52749690481187,55.1849015534148,429558.89688347746,4621560.100461616,150.92165768584923,53.901321922417495,0.80528,3,3
Feature,"{ ""height"": 4.6576943397521973, ""confidence"": -1.0 }",8890,3,0.8632,195.33026883965667,56.52484792000335,427051.7769940324,4619024.635144596,163.8192476626004,51.49849257467032,0.7744,3,1
Feature,"{ ""height"": 5.5741705894470215, ""confidence"": -1.0 }",8893,3,0.9211,209.25169157431824,58.05728398771669,433240.9037985808,4619851.723551172,243.1182867766769,65.93110908899021,0.86072,3,0
Feature,"{ ""height"": 4.4118409156799316, ""confidence"": -1.0 }",8897,0,0.7786,688.8060183735387,145.11462779135982,432873.3005974616,4622473.716782498,571.9102593331527,128.45315611694454,0.7919200000000001,2,0
Feature,"{ ""height"": 5.5237545967102051, ""confidence"": -1.0 }",8899,3,0.9646,343.2181168350834,83.8708745443474,432777.4038287392,4620808.157102259,225.4974246891924,65.04068257719588,0.81142,3,0
Feature,"{ ""height"": 4.4842557907104492, ""confidence"": -1.0 }",8909,3,0.727,207.804637453096,69.39794937104344,431584.63144244876,4620012.738624492,146.22350297603353,49.562980200765686,0.82168,3,3
Feature,"{ ""height"": 3.4256067276000972, ""confidence"": -1.0 }",8917,3,0.8845,140.9974484865911,51.17587097425779,430279.59282597894,4619246.655443454,161.46928044203452,51.40430172061074,0.76644,3,1
Feature,"{ ""height"": -1.0, ""confidence"": -1.0 }",8938,3,0.8027,258.1599837989516,68.5728593277009,426744.6403031483,4614651.504183626,234.80927437657925,68.134893589413,0.85366,3,1
Feature,"{ ""height"": -1.0, ""confidence"": -1.0 }",8939,3,0.8929,111.60819397391391,44.41851683566331,426722.3437352641,4614669.584524542,264.1196323415868,72.96576208782052,0.8356200000000001,3,1
Feature,"{ ""height"": 4.1354236602783203, ""confidence"": -1.0 }",8941,3,0.8983,218.2618320194139,64.0469891658934,433354.36992185906,4622129.984439953,167.26034904279445,55.17976163031009,0.7458199999999999,3,0
Feature,"{ ""height"": 3.7152073383331299, ""confidence"": -1.0 }",8942,3,0.8565,53.72388567644352,29.38801789295792,432467.9249948864,4620792.114964171,188.8666164547751,58.81743127629778,0.7845599999999999,3,0
Feature,"{ ""height"": 4.9876279830932617, ""confidence"": -1.0 }",8944,3,0.5811,280.5721474352165,82.09379302168034,432205.49118279305,4620072.931907458,231.49917744810477,67.03559378694796,0.76784,3,0
Feature,"{ ""height"": 3.292580127716064, ""confidence"": -1.0 }",8950,3,0.7737,176.4455917677413,55.656711766524225,431385.31124673225,4622747.784958644,179.03527773907234,57.22817188662377,0.73554,3,3
Feature,"{ ""height"": 4.2913141250610352, ""confidence"": -1.0 }",8970,3,0.8648,269.11893670007953,65.68685447883362,429914.7062697807,4622278.9939448675,152.10820897846907,47.9082406491887,0.8038000000000001,3,3
Feature,"{ ""height"": -1.0, ""confidence"": -1.0 }",8999,3,0.8877,147.09077728164388,52.96681714544126,431708.578098138,4621631.344298733,213.92579232974035,62.95995093852052,0.81562,3,3
Feature,"{ ""height"": 3.5134060382843009, ""confidence"": -1.0 }",9007,3,0.8146,49.54487274411059,31.860200774657955,431032.42740487267,4620371.255278449,135.53215836124375,49.32663633691097,0.7872600000000001,3,3
Feature,"{ ""height"": 9.1400394439697266, ""confidence"": -1.0 }",9009,0,0.9408,985.5419179397088,170.78456686608016,430848.66892369057,4619133.823220985,937.3843570447156,141.53729001742607,0.74722,3,1
Feature,"{ ""height"": 4.2756528854370117, ""confidence"": -1.0 }",9026,3,0.9019,163.20947744740363,53.88675454642487,429725.5284361866,4620184.701950173,145.84200798606065,51.10872644051125,0.80902,3,3
Feature,"{ ""height"": -1.0, ""confidence"": -1.0 }",9029,3,0.8235,170.27183638652707,60.10059172624779,429645.8795046873,4619589.307446143,135.17444145722646,47.88383011619228,0.87246,3,1
Feature,"{ ""height"": 5.3380765914916992, ""confidence"": -1.0 }",9037,3,0.9311,101.06052464724024,41.82995935087399,428651.71879383473,4619759.251203599,181.2521730754896,54.991390442011856,0.8634799999999998,3,1
Feature,"{ ""height"": 5.4128222465515137, ""confidence"": -1.0 }",9048,2,0.6855,584.1010184077029,121.2681313590392,432793.5196706784,4622530.587217006,694.0725513292575,150.42832875057425,0.7760400000000001,0,0
Feature,"{ ""height"": 3.8607480525970459, ""confidence"": -1.0 }",9050,3,0.8826,219.92369533861955,69.93769457075051,432456.9855588155,4620318.167956588,177.80780879772587,55.65223907678111,0.79696,3,0
Feature,"{ ""height"": 5.9870319366455078, ""confidence"": -1.0 }",9078,3,0.7933,172.13796779652125,53.17484154513283,429744.8503510185,4620065.76944913,122.28020007696318,44.550796883484324,0.86532,3,3
Feature,"{ ""height"": 4.4092111587524414, ""confidence"": -1.0 }",9082,3,0.8856,93.58908577314034,41.41746428002772,429532.2899579296,4623216.75448572,99.53614306927044,43.776916481790565,0.6674599999999999,3,3
Feature,"{ ""height"": -1.0, ""confidence"": -1.0 }",9092,3,0.8612,146.36343308672505,52.511442401900055,428232.2443981684,4616440.573708168,152.30947799091487,54.23581729414184,0.81964,3,1
Feature,"{ ""height"": 4.6322345733642578, ""confidence"": -1.0 }",9113,3,0.7382,67.64817867343771,32.944298915829044,431415.56675084424,4619911.26235059,118.66972856162076,45.72678196694291,0.76702,3,3
Feature,"{ ""height"": 3.9341223239898682, ""confidence"": -1.0 }",9120,3,0.88,280.7518185633928,69.04880425709297,431002.08963610436,4619726.959714737,152.05656551647687,49.84988821556719,0.8413999999999999,3,3
Feature,"{ ""height"": -1.0, ""confidence"": -1.0 }",9131,3,0.6173,96.67799539354291,41.36989108255238,430010.56023913325,4620469.201214756,229.29479707183668,61.32222762705286,0.65122,3,3
Feature,"{ ""height"": 4.9094376564025879, ""confidence"": -1.0 }",9136,3,0.9417,52.03073521105951,28.942893896709656,429855.5211725057,4620009.665314817,123.97291335929863,43.9080405522058,0.8027599999999999,3,3
Feature,"{ ""height"": -1.0, ""confidence"": -1.0 }",9152,3,0.8736,200.5150380329352,61.92209667082606,427514.5946615293,4619129.930449337,153.7775319514957,52.89214411571163,0.83064,3,1
Feature,"{ ""height"": 4.2725648880004883, ""confidence"": -1.0 }",9159,3,0.8625,277.95532725377143,69.39469379908647,433053.9808194111,4620808.313384534,255.0122499505529,67.10559678736851,0.73014,3,0
Feature,"{ ""height"": 3.832413911819458, ""confidence"": -1.0 }",9165,3,0.7213,143.70239974379234,48.07588554282455,431921.71923796996,4622005.564229877,108.08546784485016,41.20795140395672,0.71024,3,3
Feature,"{ ""height"": -1.0, ""confidence"": -1.0 }",9167,3,0.8433,160.27372199489105,52.95410555854806,431812.29824169463,4621561.568248748,211.28920338709094,62.96249325589916,0.8245000000000001,3,3
Feature,"{ ""height"": 4.0881237983703613, ""confidence"": -1.0 }",9169,3,0.8628,157.01503022646614,54.304506346894115,431645.89891677373,4621816.073372746,209.49835369508918,65.26289011486676,0.8013199999999999,3,3
Feature,"{ ""height"": 4.2155370712280273, ""confidence"": -1.0 }",9173,3,0.8466,319.6802021564841,77.23278713112556,431455.90256524103,4622932.692068913,298.4742688042329,75.71665612677285,0.7943399999999999,3,3
Feature,"{ ""height"": 3.2719485759735099, ""confidence"": -1.0 }",9186,3,0.8551,115.44424654589253,43.64449890288048,430344.6712431449,4619522.952372225,173.51169255763622,55.869775537627845,0.6948,3,1
Feature,"{ ""height"": -1.0, ""confidence"": -1.0 }",9202,2,0.7867,97.74451226827624,50.34740793635762,429475.0940938079,4621916.754350601,143.54177849926418,56.34797560612833,0.8220199999999999,3,3
Feature,"{ ""height"": 3.7165775299072261, ""confidence"": -1.0 }",9229,3,0.6631,139.050215850033,52.50172373385034,432134.0473038055,4620687.43684841,137.00941238910167,49.37918599550862,0.79942,3,0
Feature,"{ ""height"": 3.4455068111419669, ""confidence"": -1.0 }",9241,3,0.669,77.15828419082156,35.3977108227773,431569.76126946806,4622422.526206064,126.94945496432342,47.750528011679194,0.78916,3,3
Feature,"{ ""height"": -1.0, ""confidence"": -1.0 }",9243,3,0.655,29.190461487745484,22.251967285423873,431473.5263725665,4621080.033545738,154.73496839979035,51.256717117673794,0.7632199999999999,3,3
Feature,"{ ""height"": 4.3751459121704102, ""confidence"": -1.0 }",9283,3,0.9264,297.5094843530522,78.08996210449142,433284.01708210405,4620531.019436645,248.3559627691315,70.45318642720116,0.8053000000000001,3,0
Feature,"{ ""height"": 3.5540990829467769, ""confidence"": -1.0 }",9286,3,0.8963,253.3599809612388,66.3138797647515,432109.82021532353,4620803.729842508,128.95413257319618,50.003382595495495,0.73216,3,0
Feature,"{ ""height"": 3.2505118846893311, ""confidence"": -1.0 }",9293,3,0.886,145.01184296530627,50.99206744854849,431660.34343226044,4622219.199201945,126.77980946580529,45.64129959590467,0.7944599999999999,3,3
Feature,"{ ""height"": 5.4465813636779776, ""confidence"": -1.0 }",9301,3,0.7611,69.62906621363389,33.64243394748171,431106.6931525205,4620729.251685784,257.4219484219605,65.28339865835304,0.7866000000000001,3,3
Feature,"{ ""height"": 3.7025852203369141, ""confidence"": -1.0 }",9303,3,0.8914,240.36985350008484,66.92008253373616,430939.0104625897,4621892.226033862,157.46265086432768,53.18902472107791,0.8311999999999999,3,3
Feature,"{ ""height"": 8.106694221496582, ""confidence"": -1.0 }",9309,2,0.8491,3612.011560326732,335.6508926389354,430414.37520543183,4620900.122340575,353.40623973210415,66.9705554734024,0.7247999999999999,3,2
Feature,"{ ""height"": 5.9911503791809082, ""confidence"": -1.0 }",9310,2,0.8443,16.880519180032426,16.804701185597153,430375.0511718558,4623152.553119109,215.41926345313064,63.53976397326714,0.63916,3,3
Feature,"{ ""height"": 4.9516129493713379, ""confidence"": -1.0 }",9346,3,0.7758,218.08699093249615,60.301398985408866,433337.92739610653,4620648.848494698,301.04011919981696,77.71069114159758,0.8131600000000001,3,0
Feature,"{ ""height"": 4.7458658218383789, ""confidence"": -1.0 }",9384,3,0.8578,146.9844077654433,48.5418673744282,428894.953536139,4618021.995582261,163.9175327486904,53.8431837440782,0.7713399999999999,3,1
Feature,"{ ""height"": -1.0, ""confidence"": -1.0 }",9386,3,0.8839,361.7919184621649,88.00689022125016,428738.3307088446,4619718.7755936105,124.20624395779461,46.99411146094711,0.7196400000000001,3,1
Feature,"{ ""height"": 5.0200152397155762, ""confidence"": -1.0 }",9392,3,0.7725,193.28257154500253,62.72204425267312,428498.57609275554,4618801.692738038,149.12069553978677,52.58638528924043,0.80784,3,1
Feature,"{ ""height"": 4.2415142059326172, ""confidence"": -1.0 }",9396,3,0.7349,113.80625355836617,51.40018357053585,433356.8015532305,4622171.083738549,188.151464735004,57.709122749381585,0.7785,3,0
Feature,"{ ""height"": 6.1494545936584473, ""confidence"": -1.0 }",9401,3,0.9527,290.8729993358662,70.2101307822771,432562.00369754963,4620222.399966282,184.08666717330718,57.16647261637038,0.82502,3,0
Feature,"{ ""height"": 3.5249209403991699, ""confidence"": -1.0 }",9409,3,0.8594,203.88166185653392,68.16653305956649,431700.1122268226,4621461.389161645,169.75234393366839,55.30290396243977,0.78396,3,3
Feature,"{ ""height"": 6.6935124397277832, ""confidence"": -1.0 }",9425,3,0.8765,132.97825066338416,46.75742705007114,430932.0468747231,4619718.509639436,130.4796178358054,43.76687737818661,0.86316,3,3
Feature,"{ ""height"": -1.0, ""confidence"": -1.0 }",9429,2,0.6962,107.76726326658982,45.44807524261634,430483.65685736155,4618843.254450019,366.4816286466722,72.66607256197348,0.7877,3,1
Feature,"{ ""height"": 5.1939253807067871, ""confidence"": -1.0 }",9449,3,0.8601,106.05736222354471,43.1439934549736,429545.3821503803,4623049.356512301,86.45997574559446,37.524706075331245,0.7077,3,3
Feature,"{ ""height"": -1.0, ""confidence"": -1.0 }",9458,2,0.855,16.101594846865883,16.906371029691673,428635.0208551086,4621936.711181616,1273.8353440477536,159.07511528960447,0.9030199999999999,2,3
Feature,"{ ""height"": 3.9255077838897701, ""confidence"": -1.0 }",9461,3,0.8587,307.65905477875395,75.80021969336397,428196.056930228,4617154.167565073,312.74209258244,82.68650725746487,0.8889799999999999,3,1
Feature,"{ ""height"": 3.4888534545898429, ""confidence"": -1.0 }",9462,3,0.7925,124.80806497746244,50.06973670703368,427866.03572012635,4616289.604488538,174.22790797647727,56.58987019000781,0.7447000000000001,3,1
Feature,"{ ""height"": -1.0, ""confidence"": -1.0 }",9464,3,0.8283,158.71809271178756,54.55906446231567,427733.88814391993,4616300.678973972,158.49914332197795,53.395616671842575,0.8059799999999999,3,1
Feature,"{ ""height"": 3.6109039783477779, ""confidence"": -1.0 }",9487,3,0.6996,105.94408656702312,50.02736270236092,430787.2326833906,4621742.284274901,176.760696325336,55.756543152120514,0.82538,3,3
Feature,"{ ""height"": -1.0, ""confidence"": -1.0 }",9488,3,0.6901,70.74121057576255,33.83779121984408,430703.03924425354,4621464.012273067,261.8077523021326,67.2562985117757,0.7589600000000001,3,3
Feature,"{ ""height"": 3.0223324298858638, ""confidence"": -1.0 }",9493,3,0.585,58.97809988657817,30.719303591840855,430062.2125156457,4617293.170302336,191.16453786877383,54.669680183966896,0.7125400000000001,3,1
Feature,"{ ""height"": -1.0, ""confidence"": -1.0 }",9506,3,0.7312,117.1198291715401,53.75335567404717,429206.37517863367,4621284.010370146,175.79359038271815,61.79270552160324,0.7885199999999999,3,3
Feature,"{ ""height"": -1.0, ""confidence"": -1.0 }",9511,3,0.8868,147.94885529927586,53.30664666221664,428880.1150798803,4619590.838994054,126.1750626580471,46.44892868651662,0.77966,3,1
Feature,"{ ""height"": -1.0, ""confidence"": -1.0 }",9515,3,0.5555,156.115407787581,55.32610046156894,427978.46513913176,4618603.537517238,146.574704961068,53.123002005145096,0.7513400000000001,3,1
Feature,"{ ""height"": 3.3074498176574698, ""confidence"": -1.0 }",9522,3,0.9332,251.38927588970944,68.93744969669609,433552.83052653656,4622699.183827755,295.4437796386607,73.67175978161953,0.88538,3,0
Feature,"{ ""height"": 5.2297196388244629, ""confidence"": -1.0 }",9544,3,0.9265,268.7452059738791,67.17082649954781,429953.4712363173,4622697.129238081,235.30694474374073,71.15730512964323,0.84124,3,3
Feature,"{ ""height"": -1.0, ""confidence"": -1.0 }",9558,3,0.8247,92.79445112010336,39.17180766138761,428820.8911362839,4620654.800554809,857.6431661281389,123.78300181722587,0.75918,2,3
Feature,"{ ""height"": 4.3694310188293457, ""confidence"": -1.0 }",9561,3,0.7153,145.0493887330973,50.30328853957035,428170.3237663126,4619495.126391771,155.56489664780952,53.6107357655996,0.81822,3,1
Feature,"{ ""height"": 4.7578563690185547, ""confidence"": -1.0 }",9564,3,0.8207,150.36038113493927,50.75787864773831,427735.20180410205,4616814.110562892,155.70788474697474,51.6280058893938,0.8309599999999999,3,1
Feature,"{ ""height"": 3.7841615676879883, ""confidence"": -1.0 }",9568,3,0.6525,63.93180702723495,31.98344619286766,433171.79969988257,4620813.719728908,319.3322684704314,78.08284713289302,0.8371999999999999,3,0
Feature,"{ ""height"": 3.9309358596801762, ""confidence"": -1.0 }",9569,2,0.6149,519.401987352046,104.8185787525041,433187.5399208761,4622299.252942086,1124.048686598928,133.71979624231585,0.7924599999999999,3,0
Feature,"{ ""height"": 4.2062273025512686, ""confidence"": -1.0 }",9571,3,0.9032,232.6679018110924,65.43151425712517,432974.6347376739,4620214.545443587,177.7082393102941,57.538452226527966,0.8126200000000001,3,0
Feature,"{ ""height"": 4.2027826309204102, ""confidence"": -1.0 }",9578,3,0.916,217.2057884597799,65.46382252036238,432140.97646900784,4622105.099343492,243.94797390018294,66.16125076861043,0.66672,3,0
Feature,"{ ""height"": -1.0, ""confidence"": -1.0 }",9591,3,0.7772,118.01485526920774,50.01928273369212,430065.0546257559,4623694.267491491,348.5482858469394,81.14096129354476,0.84688,0,3
Feature,"{ ""height"": 4.8391070365905762, ""confidence"": -1.0 }",9593,3,0.6425,149.42685766575516,55.66798429702991,429883.3099244036,4618640.570081239,104.41480769696675,42.587654359823546,0.76358,3,1
Feature,"{ ""height"": 4.736210823059082, ""confidence"": -1.0 }",9603,3,0.8297,41.494769079418646,26.052821740293005,429029.3981078237,4618327.207046356,163.9961173031238,55.58275874598587,0.7991999999999999,3,1
Feature,"{ ""height"": -1.0, ""confidence"": -1.0 }",9617,3,0.8553,158.74468935808244,53.63036685176024,433454.53443893086,4622649.709184706,306.4277904712624,75.81449958971342,0.91066,3,0
Feature,"{ ""height"": -1.0, ""confidence"": -1.0 }",9624,2,0.639,1046.4110847512266,207.2911559452712,432998.83160451433,4623073.732809262,245.84277777627375,65.21556732519608,0.75184,2,2
Feature,"{ ""height"": -1.0, ""confidence"": -1.0 }",9651,3,0.8909,379.2938681552732,92.64419604727118,431168.24504670245,4621490.454766912,143.92751573096757,48.8846583207998,0.8104000000000001,3,3
Feature,"{ ""height"": 3.6381700038909912, ""confidence"": -1.0 }",9653,3,0.7789,296.9906279686926,71.79502426650355,431084.1951011027,4620879.83819026,205.09981718688164,56.51638226910249,0.7369199999999999,3,3
Feature,"{ ""height"": 3.4382672309875488, ""confidence"": -1.0 }",9659,3,0.6112,137.33085624248517,50.337449703637546,430372.159869624,4619251.05777474,196.96134506243934,58.891972102606324,0.8187599999999999,2,1
Feature,"{ ""height"": 4.0068087577819824, ""confidence"": -1.0 }",9660,3,0.8118,276.134847055614,69.09169345148742,430390.70806582324,4621041.848818191,779.4279853066156,93.88014703524179,0.74196,3,3
Feature,"{ ""height"": -1.0, ""confidence"": -1.0 }",9702,3,0.8227,155.33920188512002,54.321071053449685,431318.9011524123,4619833.403003524,127.97883974555688,46.700120175763416,0.83498,3,3
Feature,"{ ""height"": 5.4439854621887207, ""confidence"": -1.0 }",9722,3,0.754,107.58281797832484,42.07086785687863,429653.2511699578,4622014.302985855,132.6332697515051,52.0010852440591,0.7932400000000001,3,3
Feature,"{ ""height"": 4.2832956314086914, ""confidence"": -1.0 }",9758,3,0.717,284.5981813165051,70.64132933825354,430066.30323080474,4617151.499346033,146.04052158278847,46.68527503468435,0.68614,3,1
Feature,"{ ""height"": 3.4323551654815669, ""confidence"": -1.0 }",9760,3,0.7079,190.08693770631817,62.75769090812315,430063.11552144156,4622367.716308197,107.87201035980407,44.24775193876265,0.8601000000000001,3,3
Feature,"{ ""height"": 5.2628622055053711, ""confidence"": -1.0 }",9765,3,0.9564,228.91679044041356,63.36255724096029,429882.66936721996,4622512.827068012,218.3915870184481,67.9318096242038,0.79974,3,3
Feature,"{ ""height"": 4.4059462547302246, ""confidence"": -1.0 }",9801,3,0.9153,172.71606609940144,55.90876323881832,432139.2466257923,4622088.380927292,205.19016027505344,59.02419209304711,0.71684,3,0
Feature,"{ ""height"": 3.5309734344482422, ""confidence"": -1.0 }",9814,3,0.8916,151.61570768291398,54.13731548491672,431126.01649068436,4619838.107111777,194.11421276968437,57.20368757325197,0.78798,3,3
Feature,"{ ""height"": -1.0, ""confidence"": -1.0 }",9841,3,0.8546,178.827471000382,53.893936378449816,427592.2775033434,4616750.084610122,164.2733374409871,54.609299060505066,0.8133799999999999,3,1
Feature,"{ ""height"": 5.2692508697509775, ""confidence"": -1.0 }",9850,3,0.5187,94.68945177839944,39.16891551453103,431461.23911262606,4620033.471432238,127.55553664516674,48.53619182540657,0.8332599999999999,3,3
Feature,"{ ""height"": 7.179713249206543, ""confidence"": -1.0 }",9869,0,0.8798,573.4013474658457,115.7177536910425,430147.382797852,4623721.249307402,221.9169727526381,64.01970572470773,0.8170399999999999,0,3
Feature,"{ ""height"": 4.1640148162841797, ""confidence"": -1.0 }",9878,3,0.8464,162.012900673552,52.51969500216222,429648.5830323037,4620778.282098366,155.47823790882256,50.01640514342925,0.7906,3,3
Feature,"{ ""height"": 4.9725408554077148, ""confidence"": -1.0 }",9884,3,0.8145,121.17657389713465,44.731554022489135,429586.0794898526,4623053.130642838,87.29042846788386,37.648846277438835,0.70712,3,3
Feature,"{ ""height"": 3.5423660278320312, ""confidence"": -1.0 }",9892,3,0.8799,121.1345175115051,44.33283573974313,428666.0304200012,4618939.941592842,127.38151255340786,49.03734135353595,0.8445199999999999,3,1
Feature,"{ ""height"": 3.2917337417602539, ""confidence"": -1.0 }",9894,3,0.7689,154.29619039037783,54.758139567048005,428185.9957785489,4616476.583588376,150.7229265301843,53.786477861112246,0.8381000000000001,3,1
Feature,"{ ""height"": 5.1858577728271484, ""confidence"": -1.0 }",9904,3,0.8134,128.27774236060944,45.519873285731805,432833.7756572848,4620671.8505484685,292.497543881282,74.4993474359888,0.8367000000000001,3,0
Feature,"{ ""height"": -1.0, ""confidence"": -1.0 }",9906,3,0.7628,221.79518113849895,64.62126459730997,432536.04396305885,4621036.884464313,152.29852999194392,49.92715627897228,0.7987,3,0
Feature,"{ ""height"": 3.6208300590515132, ""confidence"": -1.0 }",9912,3,0.9208,243.76428768277088,69.42565705373094,431995.50327945105,4620117.300340776,164.48351463653935,52.714387151338805,0.71482,3,0
Feature,"{ ""height"": 3.5808799266815181, ""confidence"": -1.0 }",9952,3,0.8597,150.47034541755207,53.41489257205929,429234.0702655135,4619605.688895899,252.37864472430329,64.44459909978221,0.78712,3,1
Feature,"{ ""height"": -1.0, ""confidence"": -1.0 }",9955,3,0.7916,175.76539178063783,59.47507217307614,428791.7086800435,4619661.082510735,164.38758420476876,53.65645347458967,0.77124,3,1
Feature,"{ ""height"": 4.7247309684753418, ""confidence"": -1.0 }",9974,3,0.8011,183.26884059974637,60.87576825852197,431879.662416333,4620610.452494563,122.29835997725652,47.67612144361367,0.84152,3,3
Feature,"{ ""height"": 3.1747806072235099, ""confidence"": -1.0 }",9986,3,0.9004,62.219754892851896,34.52512665505438,430997.91385150305,4621535.800852084,144.99176591178727,51.177137997491776,0.83208,3,3
Feature,"{ ""height"": 4.992159366607666, ""confidence"": -1.0 }",9990,3,0.8928,221.47048230803767,61.392726238016,430649.4471984132,4618874.514697235,702.5994803776202,115.94023008989616,0.8274000000000001,0,1
Feature,"{ ""height"": 3.1189942359924312, ""confidence"": -1.0 }",9998,3,0.8542,330.6942706598673,105.99900264857094,430055.8240848514,4619003.776840636,220.9949154780933,61.84733047067296,0.8395400000000001,3,1
Feature,"{ ""height"": -1.0, ""confidence"": -1.0 }",10023,3,0.5888,120.3198141631852,57.073347944361394,427672.48771489394,4617267.99252165,112.9301229393936,51.07264083608799,0.72784,3,1
Feature,"{ ""height"": 5.9792952537536621, ""confidence"": -1.0 }",10024,2,0.9546,426.2979170897585,148.49961395440104,427025.8162760979,4620751.007664181,487.12433698068696,93.86616189215746,0.7811600000000001,3,1
Feature,"{ ""height"": 5.0070910453796387, ""confidence"": -1.0 }",10038,2,0.5252,285.9434045443064,73.29622142556826,432160.18198865827,4622223.942519629,234.13679926040783,62.599717319771855,0.78502,3,0
Feature,"{ ""height"": 3.202620267868042, ""confidence"": -1.0 }",10062,3,0.8863,162.0524152406586,56.55480736264427,430179.09967458784,4622248.083791986,102.28987158416247,44.28748176965968,0.8308399999999999,3,3
Feature,"{ ""height"": -1.0, ""confidence"": -1.0 }",10069,3,0.8865,120.44965708126529,49.46828916424185,429597.38358918735,4620807.858137079,146.94229182352157,46.440125604025965,0.79256,3,3
Feature,"{ ""height"": 4.8517398834228525, ""confidence"": -1.0 }",10111,3,0.9108,163.90838254291177,53.86458363550389,431040.7332988269,4621064.720896155,176.21440932147453,53.739593768942555,0.7921400000000001,3,3
Feature,"{ ""height"": -1.0, ""confidence"": -1.0 }",10114,2,0.8606,381.50454692432106,83.43909764324147,430589.7841665306,4622504.548806298,520.8788518569215,86.70809115301022,0.76176,3,3
Feature,"{ ""height"": 3.6460428237915039, ""confidence"": -1.0 }",10141,3,0.8733,157.48919880643777,54.25545335396538,429109.17008899676,4618808.105908529,152.753033882361,51.0865508923293,0.8003599999999998,3,1
Feature,"{ ""height"": 4.1638092994689941, ""confidence"": -1.0 }",10176,3,0.8057,104.35396754861112,41.112873804711874,431033.087778622,4620967.959159815,178.40318929264052,54.60305258876836,0.7473000000000001,3,3
Feature,"{ ""height"": 4.2170453071594238, ""confidence"": -1.0 }",10180,3,0.5103,43.67169409130083,26.613810674181774,430336.7201362609,4621005.082530592,816.2696247757278,100.14891955657612,0.8216199999999999,3,3
Feature,"{ ""height"": -1.0, ""confidence"": -1.0 }",10201,2,0.6307,94.06001858419064,39.16965640532614,428943.6913625226,4620526.18543894,428.6680133781424,98.10961093166107,0.8313599999999999,3,3
Feature,"{ ""height"": -1.0, ""confidence"": -1.0 }",10202,2,0.9423,582.7269309637054,105.08200790590382,428935.21073415905,4620639.625555058,527.15053236615,85.66257608368869,0.7522800000000001,2,3
Feature,"{ ""height"": 4.7046346664428711, ""confidence"": -1.0 }",10208,3,0.7973,151.9237187883541,52.324122622232785,428468.4623444872,4617937.439736442,132.24043549244652,47.909499542083395,0.7562999999999999,3,1
Feature,"{ ""height"": 3.2574107646942139, ""confidence"": -1.0 }",10224,3,0.853,163.8326423275728,56.08788981644425,431137.2552466701,4622726.938074246,106.37664196442202,41.63326435538924,0.76838,3,3
Feature,"{ ""height"": 5.9442405700683594, ""confidence"": -1.0 }",10226,3,0.8258,67.58223982903576,33.37799631976968,430740.13956061454,4620568.072409969,211.16547286803092,64.69531564543612,0.8013600000000001,3,3
Feature,"{ ""height"": -1.0, ""confidence"": -1.0 }",10230,3,0.8353,57.692256740519575,36.084623749809595,430100.22639010556,4620413.298213716,186.4801668942874,52.105317107041756,0.6262,3,3
Feature,"{ ""height"": -1.0, ""confidence"": -1.0 }",10238,2,0.7696,139.023592959701,58.36129852628446,429706.1214333799,4623287.4553207485,410.33370115131095,96.34478272519353,0.78548,0,3
Feature,"{ ""height"": 3.9249999523162842, ""confidence"": -1.0 }",10242,2,0.5039,251.79126062339313,63.669624476774466,429585.7294152138,4620599.282645713,99.37319169590346,41.832871369536434,0.8093199999999999,3,3
Feature,"{ ""height"": 3.5371847152709961, ""confidence"": -1.0 }",10247,3,0.824,155.44560769909913,50.082672888945694,428566.69127735554,4619921.647983018,131.78531547813336,44.66870765715115,0.7564,3,1
Feature,"{ ""height"": 4.3536252975463867, ""confidence"": -1.0 }",10261,2,0.8393,596.5171924131561,126.00541421400354,433078.82745115284,4622599.167296929,688.5468686845944,148.91364613685462,0.75748,2,0
Feature,"{ ""height"": 6.8733048439025879, ""confidence"": -1.0 }",10268,3,0.8005,255.7766329132906,65.4181173324586,432180.3224120351,4622097.902858193,236.23380500948088,66.17039180619119,0.68982,3,0
Feature,"{ ""height"": 3.3125288486480708, ""confidence"": -1.0 }",10325,2,0.6076,320.1963298831774,88.65453633288135,431401.8103860098,4621246.990132661,156.09908486043776,56.34068991286184,0.78678,3,3
Feature,"{ ""height"": -1.0, ""confidence"": -1.0 }",10328,3,0.7418,124.92853573217516,44.98536542385179,431294.1635911024,4619730.059719673,146.39533959883093,52.08175450931903,0.84398,3,3
Feature,"{ ""height"": 3.6982636451721191, ""confidence"": -1.0 }",10361,3,0.8004,105.70402636842869,41.81553926183485,428582.5868605824,4619278.977402994,185.90787819694933,56.061593898400574,0.7768,3,1
Feature,"{ ""height"": 5.3190298080444336, ""confidence"": -1.0 }",10367,3,0.875,106.44834478284336,46.06448397200421,427416.68031289015,4618862.636188824,174.4045083348643,54.79027662053075,0.87194,3,1
Feature,"{ ""height"": 6.4306035041809082, ""confidence"": -1.0 }",10382,3,0.782,129.1358142106346,46.11103538573059,431128.27081221243,4620456.69976949,106.8656794234495,43.11142990390953,0.76752,3,3
Feature,"{ ""height"": 4.5495700836181641, ""confidence"": -1.0 }",10387,3,0.874,219.0322618228584,60.09651631868782,430312.20622692216,4622661.285596104,139.64783197982277,47.87445048469057,0.85756,3,3
Feature,"{ ""height"": 4.9896149635314941, ""confidence"": -1.0 }",10395,3,0.873,277.12773022139964,69.51452893948442,430044.41531774483,4617379.617999905,139.9753255689921,46.658227602811856,0.68198,3,1
Feature,"{ ""height"": -1.0, ""confidence"": -1.0 }",10403,3,0.6883,126.3219563027356,63.10237650340499,429691.4166330405,4618581.872158975,113.39720205160373,43.26146528359863,0.8253200000000002,3,1
Feature,"{ ""height"": -1.0, ""confidence"": -1.0 }",10416,3,0.864,154.9602331975677,54.343422090256894,429174.6641275459,4621253.5769194765,168.2255095775126,61.67469223836129,0.76196,3,3
Feature,"{ ""height"": -1.0, ""confidence"": -1.0 }",10425,3,0.6233,144.53113554185404,52.13340443872198,428340.9543822942,4619321.590183584,158.6778912832141,54.239117196266704,0.8767600000000002,3,1
Feature,"{ ""height"": 4.611842155456543, ""confidence"": -1.0 }",10430,3,0.9143,211.09432568395755,65.4182882477084,427686.65480724507,4619089.207511397,150.52333489420622,50.919402081759515,0.79398,3,1
Feature,"{ ""height"": 5.4617099761962891, ""confidence"": -1.0 }",10443,3,0.8516,200.093978442131,63.956497071522634,432106.20317487634,4620516.718507102,202.07940684769568,60.67199989809562,0.7541800000000001,3,0
Feature,"{ ""height"": 4.880281925201416, ""confidence"": -1.0 }",10446,3,0.896,288.5077038996085,71.18277967566709,431797.7429256849,4621709.07296023,163.5828041243717,56.59756060531737,0.8356199999999999,3,3
Feature,"{ ""height"": 5.264826774597168, ""confidence"": -1.0 }",10460,3,0.8207,168.66201722448622,54.08221479617672,431089.38538781303,4620458.358433414,98.96043882067917,41.51719402182031,0.7597799999999999,3,3
Feature,"{ ""height"": 3.4367413520812988, ""confidence"": -1.0 }",10476,3,0.8729,183.9210021428584,59.469144230919696,429978.93304854445,4622121.531828013,170.221413144017,52.32592152247088,0.8073599999999999,3,3
Feature,"{ ""height"": 5.8026556968688965, ""confidence"": -1.0 }",10493,3,0.5585,350.67156937120467,76.71967632922207,428533.35531400633,4619099.450542014,128.0045633054906,47.61121829609551,0.8567600000000001,3,1
Feature,"{ ""height"": 4.3472805023193359, ""confidence"": -1.0 }",10517,3,0.8057,154.19743193129287,52.315553472255274,431562.4361597987,4620929.46149497,168.32077247676315,54.47051177532867,0.7989599999999999,3,3
Feature,"{ ""height"": -1.0, ""confidence"": -1.0 }",10522,3,0.79,106.07738805589509,46.767858625365704,431263.59083287464,4621281.612869895,196.16008302206075,58.120958612604326,0.76782,3,3
Feature,"{ ""height"": 4.5678715705871582, ""confidence"": -1.0 }",10524,3,0.8535,246.75312336642483,63.989114037843606,431203.3409620402,4622259.897449367,170.48162860714714,55.4870018485251,0.86242,3,3
Feature,"{ ""height"": -1.0, ""confidence"": -1.0 }",10536,2,0.7408,291.5900252686655,73.44503809752747,430585.5626573489,4618378.183992838,851.653015107875,121.83326143514981,0.80314,2,1
Feature,"{ ""height"": 4.4333114624023438, ""confidence"": -1.0 }",10540,3,0.8679,152.4441992185793,50.97628476817783,430250.4808878538,4620268.885419155,91.49228936507144,39.8013371222767,0.65572,3,3
Feature,"{ ""height"": 4.5370059013366699, ""confidence"": -1.0 }",10566,3,0.7122,178.669925117707,54.36753440246549,428096.3536487444,4619682.70331199,126.35957401820458,47.21403636771787,0.74602,3,1
Feature,"{ ""height"": 4.724034309387207, ""confidence"": -1.0 }",10570,3,0.888,214.3940602250145,61.94016093175433,427282.79113020474,4619134.006777607,171.55670462579656,56.4935002140315,0.85144,3,1
Feature,"{ ""height"": 3.7708601951599121, ""confidence"": -1.0 }",10574,3,0.8006,76.38559915471996,34.989532507038575,433467.97561365424,4622104.514772695,176.98868053247938,55.677471936791655,0.78124,3,0
Feature,"{ ""height"": -1.0, ""confidence"": -1.0 }",10584,3,0.8242,299.4101532149283,88.53234251850608,431754.63404118665,4621561.053386415,166.53670873446856,55.24359654068744,0.8210000000000001,3,3
Feature,"{ ""height"": 3.5116219520568839, ""confidence"": -1.0 }",10616,3,0.9251,196.29145029615236,59.705952366005235,429253.0370928842,4619127.154603123,214.37540003957596,64.63684821039831,0.83586,3,1
Feature,"{ ""height"": -1.0, ""confidence"": -1.0 }",10636,3,0.7934,718.228140837868,131.7369920220435,432239.8506088293,4621149.287947261,204.87220163363554,59.91549328339488,0.8321400000000001,3,0
Feature,"{ ""height"": 3.21234130859375, ""confidence"": -1.0 }",10648,3,0.8602,109.37083714379663,41.84341520435035,430948.48387078993,4619949.236294517,136.36048485015687,48.01448929022554,0.67316,3,3
Feature,"{ ""height"": -1.0, ""confidence"": -1.0 }",10662,3,0.6617,48.31681643369008,28.013212994981313,430118.506723293,4621779.113837657,114.03312307688847,45.206421156887544,0.72638,3,3
Feature,"{ ""height"": -1.0, ""confidence"": -1.0 }",10694,2,0.8771,72.20252652504506,36.950580124061815,432537.8271771008,4623266.443457194,312.00588969294574,78.09352899842102,0.71304,2,0
Feature,"{ ""height"": 4.4760227203369141, ""confidence"": -1.0 }",10711,3,0.8556,70.26661113131898,33.83252794741247,430173.65040616906,4620994.828863025,434.4526969732947,82.68146036410904,0.77216,3,3
Feature,"{ ""height"": 4.0785441398620597, ""confidence"": -1.0 }",10715,3,0.8586,181.0072562107108,57.460257806664416,430010.5568631145,4622418.2043302525,131.8469138461741,51.66931066698881,0.8366,3,3
Feature,"{ ""height"": 3.9363341331481929, ""confidence"": -1.0 }",10726,3,0.9145,199.27280819964915,61.64648096386813,429650.83031694114,4618706.137138817,99.9033163485004,46.45413466419102,0.7545200000000001,3,1
Feature,"{ ""height"": 4.543187141418457, ""confidence"": -1.0 }",10759,3,0.5944,269.9095271967907,85.49578853815095,431400.5095383485,4622992.213591296,308.42840379617166,74.06405584536776,0.8447800000000001,3,3
Feature,"{ ""height"": 3.258818387985229, ""confidence"": -1.0 }",10763,3,0.8573,224.62106063630347,61.796044372119326,431181.4749741542,4621441.586377946,177.46180209984286,56.33975550209743,0.79612,3,3
Feature,"{ ""height"": 4.036592960357666, ""confidence"": -1.0 }",10777,3,0.8483,78.51634345732069,38.7440392982684,430034.771008477,4623032.608523359,147.20187429094582,50.84894304818057,0.65672,3,3
Feature,"{ ""height"": 4.3460736274719238, ""confidence"": -1.0 }",10784,3,0.8421,142.13452591047445,52.50688157862081,429768.1242377758,4623043.048471934,249.68660072402568,69.15460120294748,0.75296,3,3
Feature,"{ ""height"": 5.0134944915771484, ""confidence"": -1.0 }",10798,3,0.921,70.05444493973432,33.59866963756013,428832.2761512396,4619747.304172588,168.87072993005262,53.850908129223285,0.7340199999999999,3,1
Feature,"{ ""height"": -1.0, ""confidence"": -1.0 }",10803,3,0.6347,168.48343778096438,51.93602586578536,427684.3746302187,4620223.099774941,349.31467573009365,69.94656375101628,0.7782800000000001,3,1
Feature,"{ ""height"": 6.1407976150512686, ""confidence"": -1.0 }",10809,3,0.9585,453.96532355093893,92.88460667590934,433253.8663602806,4619294.2043506075,364.0801462545387,86.74002215255021,0.8872399999999999,3,0
Feature,"{ ""height"": 5.3338494300842276, ""confidence"": -1.0 }",10825,3,0.6287,94.90013016032168,39.41376446009161,431120.86602810555,4620748.9626651695,252.36773563262295,64.12913255583105,0.8130799999999999,3,3
Feature,"{ ""height"": 5.3118906021118164, ""confidence"": -1.0 }",10828,0,0.9051,696.0705455372354,134.46655864307525,430314.58509529714,4622432.907217308,208.2598286394384,60.051476419795904,0.8321999999999999,3,3
Feature,"{ ""height"": 3.6845855712890621, ""confidence"": -1.0 }",10880,3,0.8073,229.47896016067503,73.593112965077,430374.3725206112,4619661.436308428,148.26374197361932,54.04687573867184,0.78842,3,3
Feature,"{ ""height"": 5.051668643951416, ""confidence"": -1.0 }",10881,3,0.5618,137.97677011554453,47.17252518344245,430052.66370639653,4623030.9405302415,135.30978895930107,49.16324587114576,0.71402,3,3
Feature,"{ ""height"": 3.6933798789978018, ""confidence"": -1.0 }",10889,3,0.8534,142.21243376452736,53.887122022749686,429537.37822284445,4621651.206458593,296.8634675203341,74.31703431537592,0.83676,3,3
Feature,"{ ""height"": 5.1193275451660156, ""confidence"": -1.0 }",10902,3,0.9343,304.7676052509092,77.12614063475142,428073.61210000346,4616971.151802864,310.5795299314121,76.00632825838878,0.88338,3,1
Feature,"{ ""height"": 3.9110856056213379, ""confidence"": -1.0 }",10903,3,0.5834,217.2175408978008,66.28311993727266,428037.28680375137,4616357.036981577,117.2257410626506,44.318790281920734,0.79108,3,1
Feature,"{ ""height"": 4.099886417388916, ""confidence"": -1.0 }",10911,3,0.8079,174.69145527058225,59.39994745407431,433039.6963853018,4620164.543282768,208.66853887112796,61.62917448567889,0.8176,3,0
Feature,"{ ""height"": 3.790123462677002, ""confidence"": -1.0 }",10920,3,0.8295,84.31673125957835,36.94008216992416,431404.9444143546,4620802.70363617,131.53968413689276,44.95791611830172,0.7306999999999999,3,3
Feature,"{ ""height"": 4.0483431816101074, ""confidence"": -1.0 }",10939,3,0.8776,91.35013757555204,39.39300522185369,428996.7483266867,4619749.260940534,385.13007261762056,77.80759585855998,0.81526,3,1
Feature,"{ ""height"": 4.9750595092773438, ""confidence"": -1.0 }",10943,3,0.8487,125.23500497601458,47.04324877622069,428256.6110654947,4619439.621006331,159.52777339922605,54.26274371826953,0.7915399999999999,3,1
Feature,"{ ""height"": 5.4183897972106934, ""confidence"": -1.0 }",10947,3,0.8897,225.35434218467543,62.69969792207345,433454.6527324988,4620416.859832873,247.52833474157214,69.72071847891814,0.84924,3,0
Feature,"{ ""height"": -1.0, ""confidence"": -1.0 }",10968,3,0.7615,141.5529899613126,48.51656465184357,431557.4476901422,4622698.820395594,118.83256450501747,45.21013394688044,0.7402599999999999,3,3
Feature,"{ ""height"": 4.9034180641174316, ""confidence"": -1.0 }",10997,3,0.6354,158.11939300702645,53.26245941902951,428806.07825174625,4619743.888825656,151.2577403165942,49.91815017292941,0.79114,3,1
Feature,"{ ""height"": 3.7309517860412589, ""confidence"": -1.0 }",11046,3,0.9187,219.8382514008921,65.7472788468125,428858.0427163861,4618324.756643164,167.5478815757476,54.927327505934656,0.78772,3,1
Feature,"{ ""height"": 4.4368801116943359, ""confidence"": -1.0 }",11049,3,0.9025,110.08231453512477,42.044549575274694,428629.9725350577,4619756.110606353,133.09889594607677,46.66915564656454,0.80494,3,1
Feature,"{ ""height"": 4.2343144416809082, ""confidence"": -1.0 }",11055,3,0.7777,256.7724413913204,69.28737646681483,433522.50829560246,4620122.83771505,249.01904577312902,68.15966482329802,0.8698,3,0
Feature,"{ ""height"": 4.0988516807556152, ""confidence"": -1.0 }",11059,3,0.9346,384.18802670702553,84.74965579049281,432882.2362304383,4620528.794144636,222.37262604723907,64.87129988946523,0.8623799999999999,3,0
Feature,"{ ""height"": 4.7429137229919434, ""confidence"": -1.0 }",11076,3,0.8037,75.174201140395,36.49415795931557,430955.6358524166,4620677.496889553,219.15823240424692,64.772560137659,0.77978,3,3
Feature,"{ ""height"": 3.1407706737518311, ""confidence"": -1.0 }",11082,0,0.8501,159.701648935025,57.86281727085458,430253.06499725295,4617652.251129338,184.98034829384713,55.8436670470125,0.67996,3,1
Feature,"{ ""height"": 3.4150176048278809, ""confidence"": -1.0 }",11099,3,0.939,267.9998201520661,71.17623102017828,429703.96271920047,4621409.959836421,98.38327657446885,41.79860373129936,0.77278,3,3
Feature,"{ ""height"": 5.6830296516418457, ""confidence"": -1.0 }",11120,3,0.8978,693.5135869284434,191.52618057726983,432200.2670303606,4621764.098381996,243.75675417633525,65.4010747114346,0.78162,3,0
Feature,"{ ""height"": 3.763390064239502, ""confidence"": -1.0 }",11126,3,0.5913,241.4593241387219,67.78680858286188,431802.6936589609,4619964.146501083,213.40463735284348,63.42392683246368,0.85806,3,3
Feature,"{ ""height"": 5.3711557388305664, ""confidence"": -1.0 }",11132,3,0.7059,140.29435537734486,48.03557006798067,431583.113731455,4621083.404587526,132.51418962187046,46.099996561162435,0.75304,3,3
Feature,"{ ""height"": 5.3927712440490723, ""confidence"": -1.0 }",11152,3,0.5314,123.41186176476192,51.652250290439305,430091.9300418911,4623032.528621519,185.52227083214478,55.01190485208248,0.7255199999999999,3,3
Feature,"{ ""height"": 3.7407169342041011, ""confidence"": -1.0 }",11156,3,0.8637,155.8307898691438,51.38400757959112,429766.1177956343,4619857.481545932,128.00173269825632,46.882682758168094,0.843,3,1
Feature,"{ ""height"": 5.1930661201477051, ""confidence"": -1.0 }",11163,3,0.9036,72.97675997728246,34.7230448150766,428534.9524046178,4618284.308210454,188.7553306685763,60.56719184338069,0.81168,3,1
Feature,"{ ""height"": -1.0, ""confidence"": -1.0 }",11165,3,0.8827,135.6874401095796,48.96478106388514,428232.86781382316,4616525.455025289,154.44467658634395,54.94514956174481,0.81534,3,1
Feature,"{ ""height"": 6.5917558670043936, ""confidence"": -1.0 }",11173,2,0.8746,10477.42210694,632.6452793821172,432655.2335613991,4621456.817811444,1004.496765334998,185.12221081545846,0.8769399999999999,2,4
Feature,"{ ""height"": 3.7398946285247803, ""confidence"": -1.0 }",11175,3,0.8827,141.08506484715542,49.89330459766003,432457.1838843119,4620764.487679643,171.39438062063272,54.71637393535737,0.77932,3,0
Feature,"{ ""height"": -1.0, ""confidence"": -1.0 }",11178,3,0.6079,84.99795194800737,37.819321150508145,431861.82967459125,4620225.121559903,137.15953071904465,48.063903117235284,0.79578,3,3
Feature,"{ ""height"": 4.6089420318603525, ""confidence"": -1.0 }",11179,2,0.577,5449.057495670915,405.5032185839249,431806.0727427903,4623332.23183705,305.58658857332364,71.33550879178489,0.86762,2,2
Feature,"{ ""height"": 4.8052873611450186, ""confidence"": -1.0 }",11198,3,0.6088,195.20481792459847,57.46208962854498,430072.74787411606,4623117.671990239,167.05692222711616,57.92353870354791,0.6997,3,3
Feature,"{ ""height"": 4.4598684310913086, ""confidence"": -1.0 }",11204,3,0.7846,203.13387860559644,58.78966026210419,429704.95980946877,4622248.950813328,144.50531857624964,48.6073963992598,0.8253600000000001,3,3
Feature,"{ ""height"": -1.0, ""confidence"": -1.0 }",11213,3,0.8698,109.8216469043904,51.866300674076115,429130.08808562724,4621286.458177425,471.1729933557361,84.80283079493809,0.79316,3,3
Feature,"{ ""height"": 4.7117500305175781, ""confidence"": -1.0 }",11224,3,0.9065,139.65096101352316,52.289405447198575,428337.46823520015,4619541.355067161,162.74972598602665,54.100557466806904,0.7679199999999999,3,1
Feature,"{ ""height"": -1.0, ""confidence"": -1.0 }",11241,3,0.7619,119.81757853301433,44.4966103414152,431569.771333498,4619874.717625814,98.07554843138533,38.48940596631172,0.7337199999999999,3,3
Feature,"{ ""height"": -1.0, ""confidence"": -1.0 }",11299,3,0.8934,185.871775886322,59.60208336715171,431618.4552825781,4622312.791170812,136.85910125524822,48.81782354897483,0.81792,3,3
Feature,"{ ""height"": 4.1848893165588379, ""confidence"": -1.0 }",11314,3,0.5578,80.28590560941775,36.471802737965255,430258.9071026585,4617688.398803326,237.59373759864783,66.57817901440342,0.75306,0,1
Feature,"{ ""height"": 4.595146656036377, ""confidence"": -1.0 }",11318,3,0.7857,116.42662401983576,46.32556277260617,430121.6185262917,4621105.4791340185,445.7923272993179,84.4442246270208,0.84666,3,3
Feature,"{ ""height"": -1.0, ""confidence"": -1.0 }",11327,3,0.8135,73.45819144681074,34.445550465160345,429722.20426374645,4620166.816406733,179.20902890521347,53.991536859886295,0.83682,3,3
Feature,"{ ""height"": -1.0, ""confidence"": -1.0 }",11341,2,0.8996,842.9001022240064,174.53999101666707,428260.5149702052,4620946.910073432,910.8523000755642,144.10314557086545,0.75048,2,1
Feature,"{ ""height"": 3.2727129459381099, ""confidence"": -1.0 }",11343,3,0.8628,316.8511112820089,76.867315616019,428115.53740926797,4617045.536240116,312.53026932883165,78.4301051796501,0.89062,3,1
Feature,"{ ""height"": 3.1847095489501949, ""confidence"": -1.0 }",11345,3,0.8578,162.50291916201346,57.264992068570486,427762.39882050804,4618589.336889714,145.29720268618152,52.7352236837448,0.6908799999999999,3,1
Feature,"{ ""height"": 4.8157796859741211, ""confidence"": -1.0 }",11356,3,0.8645,405.246769367813,101.68877996314116,433171.1776545524,4620693.448260844,244.9651580036835,66.07388684975196,0.7826000000000001,3,0
Feature,"{ ""height"": 4.6111373901367188, ""confidence"": -1.0 }",11399,3,0.9497,423.1183831657275,85.23882979355038,429494.82523350656,4622568.972381267,218.28790618906652,56.4860482569005,0.88294,3,3
Feature,"{ ""height"": 4.2672457695007324, ""confidence"": -1.0 }",11402,3,0.6848,97.11067490867674,39.80261715730574,428998.14051743364,4619038.718834376,167.12829393016878,54.44555110760916,0.8407199999999999,3,1
Feature,"{ ""height"": 6.1296076774597168, ""confidence"": -1.0 }",11403,2,0.9586,1864.785958398721,172.95828367265165,428928.4821776786,4622087.811271796,711.186417179151,100.28060195928035,0.8608,2,2
Feature,"{ ""height"": 4.5581483840942383, ""confidence"": -1.0 }",11405,3,0.8862,127.43644176310931,46.09044589351311,428849.3793045401,4619263.654864656,110.15231665850406,42.74181652163948,0.7594200000000001,3,1
Feature,"{ ""height"": 3.4761905670166011, ""confidence"": -1.0 }",11410,3,0.851,39.48442233921494,25.177609310876633,428087.41637397633,4616386.651712561,152.77236477436776,52.53989240719993,0.73756,3,1
Feature,"{ ""height"": 3.4144933223724361, ""confidence"": -1.0 }",11427,3,0.7198,266.2127600547185,71.8794038251365,431572.17211846565,4621930.443834093,160.76965206813844,54.7778648695731,0.8083199999999999,3,3
Feature,"{ ""height"": 3.0372121334075919, ""confidence"": -1.0 }",11439,3,0.7673,84.04028846157152,36.94166061728838,430863.259529147,4620050.798184993,110.8244683805857,41.01107540336002,0.73446,3,3
Feature,"{ ""height"": 4.9862279891967773, ""confidence"": -1.0 }",11457,3,0.8703,129.85230811279456,45.62121133053524,428640.1885594067,4617992.9419704145,139.1201267797462,47.46280028936768,0.8053000000000001,3,1
Feature,"{ ""height"": 4.834172248840332, ""confidence"": -1.0 }",11469,3,0.8227,167.47196941072897,53.42213147881088,433282.0552495982,4620138.822898726,169.75446212962433,55.433336569328745,0.8282999999999999,3,0
Feature,"{ ""height"": 4.0179843902587891, ""confidence"": -1.0 }",11471,3,0.9527,278.38813298706185,72.19490084602191,433090.33753112494,4620483.613282872,266.6386033634596,75.25219131353445,0.80586,3,0
Feature,"{ ""height"": 3.0962703227996822, ""confidence"": -1.0 }",11487,3,0.851,212.57051734667817,65.94103908454127,431426.26126584166,4621609.245469298,126.88309563787531,47.36071793615416,0.8680199999999999,3,3
Feature,"{ ""height"": 3.4861185550689688, ""confidence"": -1.0 }",11489,3,0.6129,91.00229842711676,40.09675039769067,431177.4063336623,4620343.760850356,114.49238258015308,44.31428690151752,0.80134,3,3
Feature,"{ ""height"": -1.0, ""confidence"": -1.0 }",11504,3,0.9379,119.30675724979484,51.62009612307598,430009.7926658844,4624128.2360036615,182.07682608674935,60.563687299237394,0.7925,0,3
Feature,"{ ""height"": -1.0, ""confidence"": -1.0 }",11516,3,0.7386,91.61795697538751,38.29566497803213,429065.3413883745,4619360.214185813,120.33695041943174,44.83374536540763,0.83178,3,1
Feature,"{ ""height"": 3.6027624607086182, ""confidence"": -1.0 }",11527,3,0.922,296.63466501569616,97.34105510117024,427999.0010174623,4617180.29041169,313.8757031139414,78.13807434636132,0.898,3,1
Feature,"{ ""height"": 3.5291821956634521, ""confidence"": -1.0 }",11531,3,0.8623,304.769627531016,75.18268658482347,433545.4281328591,4622575.353584369,264.73508202746575,69.54520054380075,0.8652,3,0
Feature,"{ ""height"": 4.8982911109924316, ""confidence"": -1.0 }",11533,3,0.8287,484.5363358172661,116.9925376182041,433336.64803301124,4619351.6462269025,389.1825068518564,87.00098387963627,0.9479200000000001,3,0
Feature,"{ ""height"": -1.0, ""confidence"": -1.0 }",11540,3,0.8137,132.6756969315473,59.513452696441206,432093.5971562465,4623054.719629833,324.21380380501046,77.34580582182092,0.8711,3,0
Feature,"{ ""height"": 4.4082746505737305, ""confidence"": -1.0 }",11555,3,0.7677,190.8183478157146,55.25924026788047,430053.79991381196,4620339.168840655,245.3663965393981,62.476142600926764,0.75658,3,3
Feature,"{ ""height"": -1.0, ""confidence"": -1.0 }",11562,3,0.7986,204.83799958063156,66.06491589916574,429936.61422356643,4621858.982810864,116.19764487340119,43.61554484986006,0.73164,3,3
Feature,"{ ""height"": -1.0, ""confidence"": -1.0 }",11568,3,0.8012,58.254332593358875,31.41916824292648,429628.5492080848,4620509.949231306,150.9332038943162,51.17301001275842,0.7212000000000001,3,3
Feature,"{ ""height"": 5.4371805191040039, ""confidence"": -1.0 }",11592,3,0.8206,135.74347626775952,46.86632670213282,433317.3023181749,4620482.525479901,251.41138689683893,71.66458221250124,0.84562,3,0
Feature,"{ ""height"": 5.5135135650634775, ""confidence"": -1.0 }",11595,3,0.9594,264.1278052210511,75.80733275514386,432656.5357517251,4620621.7498526,208.03226455340055,61.22199699901303,0.81958,3,0
Feature,"{ ""height"": 5.4122467041015616, ""confidence"": -1.0 }",11601,3,0.6026,115.00214339424453,44.46990818402456,431601.684200441,4621083.618903835,158.58813380969212,51.80555604445918,0.78424,3,3
Feature,"{ ""height"": 5.0569248199462891, ""confidence"": -1.0 }",11624,3,0.9601,389.7149598128922,82.32454775410841,429492.1701503608,4622512.05858086,224.96859085963357,57.068904664788896,0.8808600000000002,3,3
Feature,"{ ""height"": -1.0, ""confidence"": -1.0 }",11625,2,0.5274,3058.8867977767422,340.7948354543595,429356.80993261293,4624543.886141708,435.18864384631723,93.79643316193756,0.85322,3,2
Feature,"{ ""height"": 4.3916964530944824, ""confidence"": -1.0 }",11626,2,0.7316,710.1320785462394,116.07368960440104,429254.92494370544,4619823.337814265,595.0039220971297,111.34000583684944,0.7891,2,1
Feature,"{ ""height"": 5.1214346885681152, ""confidence"": -1.0 }",11646,3,0.8086,283.17036513863576,72.38961266102453,431946.06662856287,4620988.123553166,167.81491511355085,53.3209515279656,0.86374,3,0
Feature,"{ ""height"": 5.1500582695007324, ""confidence"": -1.0 }",11654,3,0.696,127.89997277367726,46.26637043568668,431358.8533635038,4620295.208848558,167.40817522348044,53.92462371960048,0.78008,3,3
Feature,"{ ""height"": 4.7453327178955078, ""confidence"": -1.0 }",11657,3,0.8441,102.50253243843952,45.76222353626381,431253.18653638026,4621093.715520199,119.29298793115602,43.60168958583107,0.8622,3,3
Feature,"{ ""height"": 4.0052289962768546, ""confidence"": -1.0 }",11659,3,0.7464,151.55601388685827,51.63347186943132,431082.9731538978,4622728.6993004475,164.92407651952186,55.120945944139315,0.7795799999999999,3,3
Feature,"{ ""height"": -1.0, ""confidence"": -1.0 }",11660,3,0.777,314.2365088248804,89.43891500997418,430949.58724510926,4621529.1319736205,99.72964611151042,41.622897495568324,0.85448,3,3
Feature,"{ ""height"": 3.6203305721282959, ""confidence"": -1.0 }",11685,3,0.9095,324.2563778384933,77.660213597075,427863.3404688502,4616964.6492492445,225.56269344420124,62.18127206872928,0.8996599999999999,3,1
Feature,"{ ""height"": 5.501152515411377, ""confidence"": -1.0 }",11696,3,0.6127,215.26115548409075,65.02234831959362,432253.3899599248,4620427.46529405,164.38086937191142,54.01300507553731,0.7066,3,0
Feature,"{ ""height"": 3.6493871212005611, ""confidence"": -1.0 }",11718,3,0.8607,141.53177324768467,48.952997016334095,430841.35284391337,4619700.285794451,89.92342286164845,35.717131899017836,0.8354800000000001,3,3
Feature,"{ ""height"": 4.1066584587097168, ""confidence"": -1.0 }",11727,3,0.8023,80.42794160375604,38.252198061296355,430187.50859175104,4620545.207845775,122.49163853801716,44.39712459909858,0.7289799999999999,3,3
Feature,"{ ""height"": 5.026677131652832, ""confidence"": -1.0 }",11737,3,0.837,126.68717309443927,45.59930317034837,429773.7267610604,4620350.2536451155,75.2068715447522,34.5219820103514,0.79616,3,3
Feature,"{ ""height"": 4.3168902397155762, ""confidence"": -1.0 }",11744,3,0.8653,125.59902828168838,44.94233875794462,429513.14139449876,4622379.430441111,180.43669855587518,50.391046799332486,0.8702200000000001,3,3
Feature,"{ ""height"": 3.3172566890716548, ""confidence"": -1.0 }",11747,3,0.7053,112.10749966852386,47.23239807698751,429185.62142512936,4618537.772983999,119.43475125318443,45.192038933320774,0.85178,3,1
Feature,"{ ""height"": 8.1760225296020508, ""confidence"": -1.0 }",11778,0,0.8502,247.09392149518084,64.12377251740783,432171.87679915276,4623108.751866606,274.36167174883565,70.23345148097954,0.78886,3,0
Feature,"{ ""height"": 3.248853206634521, ""confidence"": -1.0 }",11782,3,0.9095,172.63096445055788,63.02442549071402,431749.1001125797,4621834.409239981,164.5861956625249,56.08708890061295,0.8118399999999999,3,3
Feature,"{ ""height"": 3.644574642181396, ""confidence"": -1.0 }",11795,2,0.9638,9331.748148515078,654.9592891231187,430778.4262196601,4623354.458621027,267.45656943838196,62.27685164128642,0.74286,2,4
Feature,"{ ""height"": 3.22129225730896, ""confidence"": -1.0 }",11839,3,0.5728,189.41390258308616,61.55957915799919,431610.103047002,4622649.43493614,122.89999393159107,45.246147380145764,0.77724,3,3
Feature,"{ ""height"": 3.7529873847961421, ""confidence"": -1.0 }",11842,3,0.8268,252.9492286241725,71.1639771532775,431355.0640846718,4622674.43590914,159.2758558281798,53.57738106861227,0.74902,3,3
Feature,"{ ""height"": 4.5394272804260254, ""confidence"": -1.0 }",11843,3,0.8552,98.75758632793706,41.256785124130175,431258.4565817002,4621069.938554007,120.04197715325651,44.502777268257795,0.85998,3,3
Feature,"{ ""height"": 3.597396612167358, ""confidence"": -1.0 }",11850,0,0.8822,422.9313179346621,99.71695146391072,430748.5290112126,4621741.185765771,223.1762428427609,61.049870301188776,0.75004,3,3
Feature,"{ ""height"": 4.507718563079834, ""confidence"": -1.0 }",11876,3,0.612,231.36753870567196,62.505571061491096,428430.3907882729,4618859.678247843,141.50370210765286,52.62967992747686,0.83994,3,1
Feature,"{ ""height"": 5.0217008590698242, ""confidence"": -1.0 }",11884,3,0.8972,395.1936800611147,86.11294390888303,433545.23454219336,4623209.262819071,263.92855955138265,71.25962332485209,0.89828,3,0
Feature,"{ ""height"": 4.1604938507080078, ""confidence"": -1.0 }",11891,3,0.9062,196.80858267270276,56.73983306276069,431802.8952571983,4620022.031089034,222.3347856460473,65.63332193648391,0.7950800000000001,3,3
Feature,"{ ""height"": -1.0, ""confidence"": -1.0 }",11896,3,0.9095,141.2561921628458,50.34503634415437,431386.83785801654,4620361.90764761,164.7369313456467,53.10889053790694,0.73738,3,3
Feature,"{ ""height"": 3.9804618358612061, ""confidence"": -1.0 }",11899,3,0.9081,111.6129036596408,42.282460134661015,431217.3322037328,4621575.626041862,210.2129339045282,62.797699946313955,0.88016,3,3
Feature,"{ ""height"": 3.3331093788146968, ""confidence"": -1.0 }",11915,0,0.6502,73.5303537393533,34.5739783382158,430263.2629652039,4617552.949597768,202.21460733298144,60.50143483354026,0.71994,3,1
Feature,"{ ""height"": 4.8913660049438477, ""confidence"": -1.0 }",11925,3,0.8695,122.35521149779022,49.78318552626474,429679.7743686289,4618724.27067716,115.2868356888722,48.826793751711705,0.76352,3,1
Feature,"{ ""height"": 5.244044303894043, ""confidence"": -1.0 }",11930,3,0.8767,272.4448885047769,67.40332982744681,429436.50242778874,4622563.269171026,248.42260512125668,60.05314825012122,0.89754,3,3
Feature,"{ ""height"": -1.0, ""confidence"": -1.0 }",11935,3,0.77,583.3255813748181,138.11929603690763,427615.25733360765,4615700.203887863,331.48159569012216,80.52104087909238,0.8756999999999999,3,1
Feature,"{ ""height"": 4.307518482208252, ""confidence"": -1.0 }",11939,3,0.8503,329.1035399503862,74.0870428763601,433192.8296803536,4620725.6390754655,260.1938038871688,71.59423426710818,0.78544,3,0
Feature,"{ ""height"": 3.3566195964813232, ""confidence"": -1.0 }",11940,3,0.7481,189.42907765036983,59.25974985738144,433128.9478309739,4620303.894501869,186.5103621667667,57.04257218362668,0.76508,3,0
Feature,"{ ""height"": -1.0, ""confidence"": -1.0 }",11952,3,0.7863,103.18895781059308,41.127042062756736,431589.9854065994,4622228.3722381145,169.91484982297635,54.736174778175474,0.7641399999999999,3,3
Feature,"{ ""height"": -1.0, ""confidence"": -1.0 }",11953,3,0.8922,187.53956741662225,61.38758621771551,431344.9941896276,4620360.18624427,116.84534522302552,44.12506314457311,0.72608,3,3
Feature,"{ ""height"": 4.3748049736022949, ""confidence"": -1.0 }",11967,3,0.9054,286.0953683327653,72.0558449653192,429837.6502386194,4621703.375015425,143.38495129453298,53.35236107820411,0.84378,3,3
Feature,"{ ""height"": -1.0, ""confidence"": -1.0 }",11974,3,0.7832,17.178513581923696,17.709543209628265,429659.2761849303,4620453.125030973,118.7786402183998,46.877987789951696,0.7897400000000001,3,3
Feature,"{ ""height"": 5.2356715202331543, ""confidence"": -1.0 }",11977,3,0.9138,123.67923053722308,44.49178295816174,429380.2569964647,4620085.95872543,292.18424463429506,86.44337664824127,0.74222,3,1
Feature,"{ ""height"": 5.031191349029541, ""confidence"": -1.0 }",11981,3,0.802,132.00833194456695,49.81374273177968,428873.4230940639,4619911.070717941,357.99746383174937,91.1630244683738,0.7493000000000001,3,1
Feature,"{ ""height"": -1.0, ""confidence"": -1.0 }",11991,3,0.7734,110.23812594360484,48.20963029083761,427985.21064892766,4616660.661661157,114.13591882508385,45.60570457277346,0.76312,3,1
Feature,"{ ""height"": 5.6868987083435059, ""confidence"": -1.0 }",12005,3,0.758,216.3328658490592,59.17119795488689,433335.53217389376,4619770.226533694,251.55914689686225,67.706456641473,0.9010999999999999,3,0
Feature,"{ ""height"": -1.0, ""confidence"": -1.0 }",12009,2,0.8084,326.711884345783,84.38752123350413,433049.224919273,4623102.810186564,389.7826178573625,89.79629426754948,0.7179599999999999,2,0
Feature,"{ ""height"": 3.3696920871734619, ""confidence"": -1.0 }",12010,2,0.6657,372.9415544079569,108.38520675142114,432600.22980466875,4622952.50120238,263.1096234318887,65.55372977701361,0.74958,2,0
Feature,"{ ""height"": -1.0, ""confidence"": -1.0 }",12017,3,0.7968,77.46534654767657,40.486359609269186,431258.63142399275,4619622.642380708,143.64375245860512,49.905873229412514,0.8493600000000001,3,3
Feature,"{ ""height"": -1.0, ""confidence"": -1.0 }",12043,3,0.8203,16.105182309855984,19.136837620109375,429470.09737124044,4620896.338435043,153.65458966757595,49.7129831105721,0.7873199999999999,3,3
Feature,"{ ""height"": 5.9076061248779297, ""confidence"": -1.0 }",12066,3,0.6006,212.3787914095866,68.6908626298205,432264.59696335834,4620135.270091877,228.8564886152467,67.43486279910836,0.73078,3,0
Feature,"{ ""height"": 3.3756833076477051, ""confidence"": -1.0 }",12086,3,0.8801,227.069058935628,62.11406371344684,430796.48982955224,4619941.212561401,96.22275560068142,38.663972990788736,0.82592,3,3
Feature,"{ ""height"": 5.5033588409423828, ""confidence"": -1.0 }",12093,3,0.8368,228.6432653080531,61.399925892656114,430183.67457770393,4622467.126398671,280.40587687222023,69.04298742334063,0.82882,3,3
Feature,"{ ""height"": 4.040092945098877, ""confidence"": -1.0 }",12111,3,0.8896,85.32740496550484,37.45595339804521,428932.2719689133,4619729.88382704,95.07932785559358,39.21644269505343,0.7939800000000001,3,1
Feature,"{ ""height"": -1.0, ""confidence"": -1.0 }",12117,3,0.6915,129.1362007201645,54.61944269779682,427789.28647550783,4617103.936723677,118.92983476783279,52.48158103280815,0.77494,3,1
Feature,"{ ""height"": -1.0, ""confidence"": -1.0 }",12139,3,0.9134,239.24140717603768,67.1637205227454,431212.4508844742,4622287.521780848,171.98397184522457,54.85208055154474,0.8504400000000001,3,3
Feature,"{ ""height"": -1.0, ""confidence"": -1.0 }",12145,2,0.9686,234.50106253257687,67.68988417689144,430405.1846487761,4619723.684453168,150.58139034076444,55.70424605190967,0.82254,3,3
Feature,"{ ""height"": 5.3140058517456046, ""confidence"": -1.0 }",12151,0,0.9084,262.9707279982918,70.09339863464793,430074.9206978341,4623931.062880118,107.92288638862253,44.17896136130399,0.76302,0,3
Feature,"{ ""height"": 3.951738595962524, ""confidence"": -1.0 }",12188,0,0.8576,929.12563321831,236.39550408372344,433066.0604406809,4622639.432598801,541.3256718241565,114.68170443016463,0.79212,2,2
Feature,"{ ""height"": -1.0, ""confidence"": -1.0 }",12207,3,0.5453,44.78336591869174,26.917259433984764,430437.8463111195,4621401.004129623,137.80561742961785,47.753311705508295,0.8766400000000001,3,3
Feature,"{ ""height"": 3.1051566600799561, ""confidence"": -1.0 }",12223,3,0.7065,98.11568093160722,39.62474778000173,429886.3277213718,4618559.351996453,114.67704304379636,45.79630166322918,0.75078,3,1
Feature,"{ ""height"": 3.2723772525787349, ""confidence"": -1.0 }",12271,3,0.742,257.7132737567439,69.03964659145764,430222.2089563127,4619457.318665718,121.86408977493193,44.68034368838262,0.78956,3,1
Feature,"{ ""height"": 4.4078001976013184, ""confidence"": -1.0 }",12304,3,0.8222,130.94277688853043,48.32635924348402,432607.2706126524,4620456.693592067,210.21928564788476,64.22085212341781,0.83252,3,0
Feature,"{ ""height"": 3.259890079498291, ""confidence"": -1.0 }",12316,3,0.862,270.5672477959275,66.35321800761679,431401.62381028564,4621995.3077040315,162.36478255427792,55.137211505136655,0.8298,3,3
Feature,"{ ""height"": 3.3171977996826172, ""confidence"": -1.0 }",12373,3,0.8343,203.7580347112747,72.98607732396141,431543.58411248476,4621291.934572139,185.19351641519486,59.5598552887894,0.7632999999999999,3,3
Feature,"{ ""height"": -1.0, ""confidence"": -1.0 }",12377,3,0.8994,55.42635450856553,34.71280105201584,431352.71931159834,4621582.486183627,219.04013507681822,65.14063070532738,0.88064,3,3
Feature,"{ ""height"": 5.2436051368713379, ""confidence"": -1.0 }",12381,3,0.7033,122.28489574574849,47.84969883866455,431170.1927097225,4622335.6423298055,195.37527413128242,58.714884888360906,0.89246,3,3
Feature,"{ ""height"": 5.3922667503356934, ""confidence"": -1.0 }",12388,3,0.7131,177.0226958346233,54.788097355151535,430301.8674186267,4620115.40973536,135.36811570939122,47.920547390150624,0.75336,3,3
Feature,"{ ""height"": -1.0, ""confidence"": -1.0 }",12394,3,0.5964,62.003472095375706,31.50750282879791,429954.27710594196,4623155.314611113,256.26413028216814,72.34028397170921,0.82796,3,3
Feature,"{ ""height"": 5.2602024078369141, ""confidence"": -1.0 }",12413,3,0.7842,162.0863879972142,56.98217494537877,427791.2143224374,4616195.449575733,157.82548426489262,52.910994575229935,0.8148,3,1
