Source_File,Class_ID,Class_Name,Confidence,Normalized_X_Center,Normalized_Y_Center,Normalized_Width,Normalized_Height
10023.png,3,Residential,0.7338,0.533488,0.912609,0.41215,0.166659
10023.png,3,Residential,0.5888,0.503712,0.485661,0.499892,0.229204
10024.png,2,Commercial,0.9546,0.4264,0.624236,0.814971,0.746757
10038.png,2,Commercial,0.8296,0.876292,0.498521,0.247416,0.997042
10038.png,3,Residential,0.7885,0.449304,0.875128,0.51633,0.249745
10038.png,2,Commercial,0.5252,0.459862,0.502196,0.471526,0.390015
10062.png,3,Residential,0.8863,0.500789,0.514654,0.424056,0.410276
10062.png,3,Residential,0.876,0.431086,0.897512,0.607355,0.19942
10062.png,3,Residential,0.8179,0.506687,0.108947,0.466538,0.217894
10069.png,3,Residential,0.8865,0.38928,0.12459,0.520864,0.249179
10111.png,3,Residential,0.9108,0.473204,0.531251,0.454317,0.37154
10111.png,3,Residential,0.6779,0.55601,0.139549,0.528185,0.276997
10114.png,2,Commercial,0.8606,0.492449,0.488396,0.457503,0.50627
1013.png,3,Residential,0.897,0.470278,0.509254,0.424104,0.426723
1013.png,3,Residential,0.8592,0.465038,0.924107,0.492294,0.151218
10141.png,3,Residential,0.8733,0.46494,0.525078,0.364624,0.458229
10141.png,3,Residential,0.8136,0.934133,0.490566,0.131734,0.305147
10176.png,3,Residential,0.8057,0.53345,0.644586,0.461876,0.591436
10180.png,3,Residential,0.7811,0.397315,0.517005,0.405103,0.257921
10180.png,3,Residential,0.7454,0.356754,0.847165,0.567591,0.30041
10180.png,3,Residential,0.5103,0.357767,0.678066,0.570216,0.643869
10201.png,2,Commercial,0.6307,0.461662,0.581918,0.346554,0.422581
10202.png,2,Commercial,0.9423,0.47223,0.501568,0.496359,0.594168
10202.png,2,Commercial,0.5892,0.917119,0.239068,0.165763,0.478137
10208.png,3,Residential,0.7973,0.461751,0.507231,0.366683,0.502649
10224.png,3,Residential,0.853,0.467396,0.544827,0.410319,0.417736
10224.png,3,Residential,0.8509,0.860755,0.583281,0.278489,0.465859
10226.png,3,Residential,0.8258,0.516135,0.535724,0.440942,0.34378
10226.png,3,Residential,0.5649,0.386068,0.181495,0.570416,0.313212
10230.png,3,Residential,0.8353,0.363139,0.834867,0.546954,0.330265
10230.png,3,Residential,0.833,0.33559,0.234177,0.67118,0.468354
10238.png,2,Commercial,0.8623,0.665554,0.918627,0.667612,0.162746
10238.png,2,Commercial,0.7696,0.490342,0.505005,0.504686,0.223494
10238.png,3,Residential,0.716,0.869248,0.190135,0.261504,0.365259
10242.png,2,Commercial,0.5039,0.484512,0.529701,0.451124,0.42757
10247.png,3,Residential,0.8309,0.502545,0.899733,0.355128,0.200534
10247.png,3,Residential,0.824,0.478424,0.508922,0.46701,0.389226
10261.png,2,Commercial,0.8393,0.492622,0.487358,0.641777,0.613943
10261.png,2,Commercial,0.6452,0.061335,0.321758,0.119588,0.643515
10268.png,3,Residential,0.8373,0.472206,0.890548,0.446315,0.21652
10268.png,3,Residential,0.8005,0.477603,0.505694,0.429476,0.44494
10268.png,3,Residential,0.6613,0.514167,0.103453,0.413098,0.206292
10325.png,3,Residential,0.8985,0.8015,0.8734,0.324313,0.253199
10325.png,2,Commercial,0.6076,0.505658,0.490491,0.589497,0.343659
10328.png,3,Residential,0.7418,0.506487,0.565803,0.335283,0.406102
10361.png,3,Residential,0.8004,0.458617,0.530078,0.402249,0.320735
10367.png,3,Residential,0.875,0.534823,0.560315,0.333569,0.475185
10367.png,3,Residential,0.5865,0.572789,0.050283,0.367194,0.100566
10382.png,3,Residential,0.8139,0.228306,0.890236,0.386896,0.219527
10382.png,3,Residential,0.782,0.470313,0.498673,0.353173,0.360968
10387.png,3,Residential,0.874,0.487356,0.509832,0.466202,0.364398
10387.png,3,Residential,0.5485,0.922668,0.398011,0.154665,0.579351
10387.png,3,Residential,0.5118,0.042033,0.489801,0.084065,0.417235
10395.png,3,Residential,0.873,0.481919,0.509453,0.520171,0.370669
10403.png,3,Residential,0.6883,0.784854,0.872129,0.225767,0.255742
10416.png,3,Residential,0.864,0.483582,0.517238,0.458837,0.298573
10416.png,3,Residential,0.8264,0.3364,0.147058,0.545311,0.195104
10416.png,3,Residential,0.7675,0.899335,0.151327,0.198527,0.295462
10425.png,3,Residential,0.6855,0.088291,0.523314,0.175189,0.49315
10425.png,3,Residential,0.6233,0.485579,0.61718,0.46225,0.497127
10425.png,3,Residential,0.5323,0.908768,0.509786,0.182464,0.352867
10430.png,3,Residential,0.9143,0.481833,0.527219,0.34466,0.513465
10443.png,3,Residential,0.8516,0.49707,0.497994,0.447073,0.415598
10443.png,3,Residential,0.792,0.908973,0.40202,0.182053,0.350034
10446.png,3,Residential,0.896,0.480684,0.536945,0.380798,0.523292
10446.png,3,Residential,0.8492,0.886717,0.38604,0.226566,0.353037
10446.png,3,Residential,0.7495,0.419931,0.946586,0.363651,0.106828
10446.png,3,Residential,0.674,0.063461,0.330039,0.126921,0.269253
1046.png,3,Residential,0.9195,0.466708,0.490247,0.585412,0.531405
1046.png,3,Residential,0.8135,0.096784,0.259731,0.193567,0.441575
1046.png,3,Residential,0.7224,0.846321,0.84087,0.307358,0.31826
10460.png,3,Residential,0.8207,0.494802,0.576401,0.467518,0.530761
10460.png,3,Residential,0.6205,0.102494,0.503306,0.204988,0.387675
10476.png,3,Residential,0.8877,0.484674,0.900394,0.453377,0.199211
10476.png,3,Residential,0.8729,0.491004,0.518611,0.4052,0.404185
10476.png,3,Residential,0.5502,0.525544,0.072871,0.514321,0.145742
1048.png,3,Residential,0.8546,0.501481,0.480712,0.492563,0.420802
1049.png,3,Residential,0.9479,0.475731,0.514647,0.528291,0.457728
1049.png,3,Residential,0.6766,0.896551,0.542492,0.204536,0.375543
10493.png,3,Residential,0.9371,0.837527,0.713484,0.315353,0.27082
10493.png,3,Residential,0.5585,0.339167,0.505423,0.535355,0.514551
10517.png,3,Residential,0.8057,0.478982,0.65115,0.352096,0.661668
10522.png,3,Residential,0.79,0.503885,0.524681,0.496232,0.315574
10524.png,3,Residential,0.8535,0.491395,0.5203,0.540654,0.469239
10524.png,3,Residential,0.6649,0.077965,0.879175,0.155615,0.240434
10524.png,3,Residential,0.5358,0.649067,0.076306,0.271183,0.152612
10536.png,2,Commercial,0.7408,0.477776,0.481951,0.4708,0.367535
10540.png,3,Residential,0.8679,0.489569,0.517753,0.347807,0.407824
10540.png,3,Residential,0.8643,0.853795,0.527756,0.292409,0.403971
10540.png,3,Residential,0.8054,0.141686,0.538143,0.283372,0.484974
10540.png,3,Residential,0.5009,0.494663,0.928188,0.322065,0.143624
10566.png,3,Residential,0.7122,0.50279,0.520015,0.389718,0.420373
10566.png,3,Residential,0.5644,0.079106,0.496036,0.158213,0.454171
10570.png,3,Residential,0.888,0.495273,0.454295,0.443582,0.400268
10570.png,3,Residential,0.7583,0.904784,0.4764,0.189932,0.433831
10574.png,3,Residential,0.8006,0.492096,0.510967,0.386632,0.329514
10584.png,3,Residential,0.8242,0.881326,0.489325,0.237347,0.448936
10616.png,3,Residential,0.9251,0.482381,0.51141,0.491329,0.326848
10636.png,3,Residential,0.7934,0.5237,0.384357,0.620203,0.768714
10648.png,3,Residential,0.8602,0.499253,0.141328,0.487673,0.282656
10662.png,3,Residential,0.6617,0.454225,0.574456,0.357993,0.41357
10694.png,2,Commercial,0.8771,0.498435,0.537564,0.435099,0.336386
10711.png,3,Residential,0.8556,0.503909,0.530544,0.355352,0.308519
10711.png,3,Residential,0.6438,0.393813,0.914591,0.399227,0.170818
10715.png,3,Residential,0.8586,0.490441,0.499749,0.419238,0.385348
10715.png,3,Residential,0.8272,0.89147,0.530888,0.217059,0.312167
10715.png,3,Residential,0.7898,0.113062,0.495722,0.226125,0.331912
10726.png,3,Residential,0.9145,0.484834,0.509355,0.452466,0.387511
10726.png,3,Residential,0.8652,0.102565,0.476788,0.205131,0.454399
10726.png,3,Residential,0.5006,0.957736,0.682638,0.084528,0.297156
10759.png,3,Residential,0.5944,0.883156,0.150102,0.233526,0.290649
10759.png,3,Residential,0.5439,0.892249,0.924133,0.212444,0.151735
10763.png,3,Residential,0.8573,0.495686,0.514089,0.426549,0.478185
10763.png,2,Commercial,0.7015,0.422482,0.924394,0.354243,0.148265
10763.png,3,Residential,0.675,0.955717,0.907515,0.088567,0.18497
10763.png,3,Residential,0.5845,0.545295,0.09524,0.435737,0.188323
10777.png,3,Residential,0.8483,0.479629,0.597383,0.416869,0.409952
10777.png,3,Residential,0.778,0.103014,0.503985,0.20311,0.541042
10777.png,3,Residential,0.7705,0.864781,0.567799,0.270438,0.396526
10784.png,3,Residential,0.8894,0.118982,0.524188,0.237964,0.404483
10784.png,3,Residential,0.8421,0.478335,0.567228,0.376319,0.328715
10784.png,3,Residential,0.7577,0.87675,0.487983,0.2465,0.325116
10798.png,3,Residential,0.921,0.547105,0.582442,0.43778,0.496238
10798.png,3,Residential,0.8536,0.096687,0.298218,0.188631,0.450863
10803.png,3,Residential,0.6347,0.505735,0.52306,0.358748,0.372734
10809.png,3,Residential,0.9585,0.515468,0.501128,0.583071,0.529249
10809.png,3,Residential,0.5643,0.682003,0.08715,0.259935,0.174301
10825.png,3,Residential,0.8355,0.116792,0.941342,0.230845,0.115718
10825.png,3,Residential,0.6287,0.458296,0.534744,0.381775,0.396152
10825.png,3,Residential,0.5987,0.482079,0.93294,0.451874,0.13412
10828.png,0,Apartment,0.9051,0.50344,0.49126,0.717738,0.454715
10828.png,3,Residential,0.6532,0.051372,0.728444,0.102743,0.537579
10828.png,0,Apartment,0.6324,0.502059,0.090809,0.681741,0.165503
10880.png,3,Residential,0.8533,0.14374,0.427367,0.287479,0.360868
10880.png,3,Residential,0.8073,0.483979,0.422629,0.29117,0.336318
10880.png,3,Residential,0.7925,0.917651,0.397272,0.164697,0.378042
10881.png,3,Residential,0.8519,0.112741,0.493233,0.222458,0.500958
10881.png,3,Residential,0.7247,0.865732,0.503621,0.268535,0.388833
10881.png,3,Residential,0.5618,0.472853,0.520367,0.388183,0.348198
10889.png,3,Residential,0.8534,0.496632,0.495199,0.445579,0.285863
10889.png,3,Residential,0.7017,0.451385,0.880747,0.257987,0.238507
10889.png,3,Residential,0.6721,0.56428,0.859061,0.496379,0.281878
10902.png,3,Residential,0.9343,0.500243,0.523952,0.578304,0.395411
10902.png,3,Residential,0.8922,0.905103,0.526344,0.188127,0.410797
10903.png,3,Residential,0.6863,0.6683,0.782779,0.306787,0.383386
10903.png,3,Residential,0.5834,0.536351,0.493685,0.494423,0.358425
10903.png,3,Residential,0.5831,0.438805,0.142009,0.344944,0.278299
1091.png,0,Apartment,0.8625,0.491267,0.312709,0.501675,0.625418
10911.png,3,Residential,0.8079,0.803194,0.194073,0.393612,0.387184
10911.png,3,Residential,0.7547,0.12295,0.75357,0.2459,0.482049
10920.png,3,Residential,0.8295,0.447555,0.497908,0.351687,0.316067
10920.png,3,Residential,0.8184,0.330243,0.859515,0.586556,0.280969
10920.png,3,Residential,0.5348,0.341748,0.124108,0.585549,0.248217
10939.png,3,Residential,0.8776,0.45136,0.521908,0.345264,0.388705
10939.png,3,Residential,0.7108,0.897397,0.258029,0.198353,0.254916
10943.png,3,Residential,0.8487,0.882384,0.366727,0.235007,0.3853
10947.png,3,Residential,0.8897,0.461097,0.50866,0.445587,0.370464
10947.png,3,Residential,0.6112,0.699826,0.859687,0.303418,0.252199
10968.png,3,Residential,0.8736,0.117471,0.574308,0.234941,0.438075
10968.png,3,Residential,0.8577,0.875533,0.520325,0.248934,0.290422
10968.png,3,Residential,0.7615,0.498098,0.58067,0.369565,0.447122
10968.png,3,Residential,0.7348,0.49844,0.508619,0.384441,0.306157
10997.png,3,Residential,0.8102,0.130631,0.497694,0.260819,0.414109
10997.png,3,Residential,0.6998,0.699851,0.221775,0.301089,0.421143
10997.png,3,Residential,0.6354,0.519962,0.505421,0.443355,0.407276
110.png,3,Residential,0.9732,0.460242,0.522591,0.535291,0.510938
110.png,3,Residential,0.8894,0.802031,0.108842,0.370845,0.217684
110.png,3,Residential,0.7619,0.180779,0.079526,0.361558,0.159051
110.png,3,Residential,0.6045,0.097936,0.364262,0.195872,0.403078
11046.png,3,Residential,0.9187,0.478194,0.506687,0.547744,0.363684
11049.png,3,Residential,0.9025,0.475466,0.504263,0.37222,0.495247
11049.png,3,Residential,0.8597,0.877056,0.462657,0.243332,0.419944
11049.png,3,Residential,0.7962,0.093687,0.402598,0.187375,0.324109
11055.png,3,Residential,0.8159,0.502035,0.122128,0.456846,0.243233
11055.png,3,Residential,0.7777,0.494608,0.470019,0.448174,0.391455
11059.png,3,Residential,0.9346,0.459711,0.521971,0.567816,0.450699
1106.png,3,Residential,0.8931,0.476345,0.449787,0.45613,0.233008
1106.png,3,Residential,0.8121,0.376508,0.848333,0.598618,0.293792
11076.png,3,Residential,0.8037,0.47226,0.546161,0.368955,0.350508
11082.png,0,Apartment,0.8501,0.465099,0.837075,0.506595,0.325849
11082.png,3,Residential,0.632,0.33515,0.513329,0.219634,0.269554
11099.png,3,Residential,0.939,0.465495,0.532661,0.473822,0.515395
11120.png,3,Residential,0.8978,0.67406,0.501398,0.328737,0.502662
11126.png,3,Residential,0.882,0.140662,0.784731,0.281324,0.374423
11126.png,3,Residential,0.73,0.052003,0.250807,0.104006,0.419458
11126.png,3,Residential,0.5913,0.505433,0.513894,0.453825,0.427722
1113.png,3,Residential,0.8705,0.511417,0.54369,0.3968,0.299467
1113.png,3,Residential,0.7965,0.919561,0.372916,0.160878,0.36353
11132.png,3,Residential,0.7059,0.50718,0.637425,0.386671,0.679095
11132.png,3,Residential,0.5305,0.909128,0.506839,0.181745,0.333003
11152.png,3,Residential,0.818,0.894671,0.601765,0.209634,0.370263
11152.png,3,Residential,0.5314,0.133633,0.523565,0.267266,0.438416
11156.png,3,Residential,0.8637,0.469196,0.495212,0.352727,0.40681
11156.png,3,Residential,0.8086,0.90436,0.435699,0.19128,0.482426
11163.png,3,Residential,0.9036,0.494662,0.424123,0.364605,0.59234
11165.png,3,Residential,0.8827,0.444937,0.510863,0.313341,0.458587
11165.png,3,Residential,0.787,0.089969,0.681148,0.179938,0.345433
11173.png,2,Commercial,0.8746,0.655316,0.47723,0.532903,0.794167
11173.png,2,Commercial,0.8444,0.151847,0.25206,0.264069,0.483587
11173.png,2,Commercial,0.817,0.386365,0.13995,0.211182,0.225721
11173.png,2,Commercial,0.7014,0.223214,0.751582,0.296722,0.269388
11175.png,3,Residential,0.8827,0.48838,0.517222,0.411683,0.27187
11178.png,3,Residential,0.6079,0.598626,0.922057,0.35299,0.155388
11179.png,2,Commercial,0.8662,0.410583,0.487877,0.602804,0.632776
11179.png,2,Commercial,0.577,0.529571,0.494414,0.827239,0.654998
1118.png,3,Residential,0.847,0.640715,0.823119,0.647503,0.353763
1118.png,3,Residential,0.6486,0.465066,0.506313,0.496585,0.465356
1118.png,3,Residential,0.5317,0.404394,0.139679,0.428809,0.279358
11198.png,3,Residential,0.636,0.069677,0.479804,0.139355,0.368783
11198.png,3,Residential,0.6088,0.490567,0.419658,0.44596,0.55804
11198.png,3,Residential,0.5645,0.899912,0.510287,0.200176,0.33867
11204.png,3,Residential,0.7846,0.457436,0.511381,0.493867,0.370214
11204.png,3,Residential,0.5612,0.077418,0.506379,0.153633,0.359372
11213.png,3,Residential,0.8698,0.486403,0.50954,0.505379,0.210061
11224.png,3,Residential,0.9065,0.488611,0.532717,0.458971,0.40449
11224.png,3,Residential,0.6926,0.074087,0.730308,0.148173,0.273634
11241.png,3,Residential,0.7684,0.840191,0.411693,0.319619,0.658536
11241.png,3,Residential,0.7619,0.459608,0.510599,0.295035,0.38127
11241.png,3,Residential,0.5898,0.053287,0.487656,0.106574,0.339118
1126.png,3,Residential,0.516,0.17095,0.579449,0.3419,0.720464
11299.png,3,Residential,0.8934,0.493039,0.514455,0.411891,0.365705
11299.png,3,Residential,0.86,0.896404,0.60184,0.207193,0.46598
11299.png,3,Residential,0.6967,0.094458,0.504214,0.188916,0.398969
11314.png,3,Residential,0.5578,0.342896,0.184621,0.685792,0.368575
11318.png,3,Residential,0.7857,0.499012,0.503076,0.432874,0.362891
11327.png,3,Residential,0.9344,0.44326,0.858006,0.448263,0.280547
11327.png,3,Residential,0.8636,0.510539,0.1226,0.513637,0.245199
11327.png,3,Residential,0.8135,0.501653,0.53824,0.290555,0.288767
11341.png,2,Commercial,0.9041,0.869643,0.513358,0.247628,0.69567
11341.png,2,Commercial,0.8996,0.473916,0.522058,0.397985,0.71406
11341.png,2,Commercial,0.7137,0.085926,0.503613,0.171853,0.715789
11341.png,2,Commercial,0.6285,0.41157,0.964415,0.368063,0.069112
11343.png,3,Residential,0.8628,0.494263,0.498813,0.539202,0.55375
11343.png,3,Residential,0.8303,0.172675,0.796643,0.345349,0.393108
11345.png,3,Residential,0.8578,0.523585,0.517336,0.428271,0.417363
11345.png,3,Residential,0.8441,0.138796,0.546782,0.277592,0.380944
11345.png,3,Residential,0.8072,0.848272,0.437451,0.297912,0.419811
11356.png,3,Residential,0.8645,0.482318,0.513901,0.500562,0.625964
11356.png,3,Residential,0.6188,0.885613,0.084106,0.228773,0.168212
1136.png,3,Residential,0.9155,0.50996,0.479744,0.384104,0.484768
1136.png,3,Residential,0.5875,0.120735,0.444555,0.24147,0.416251
11399.png,3,Residential,0.9497,0.442516,0.511459,0.459475,0.534135
11402.png,3,Residential,0.6848,0.471231,0.528123,0.31596,0.383582
11403.png,2,Commercial,0.9586,0.489936,0.492949,0.669636,0.654402
11405.png,3,Residential,0.8862,0.482154,0.521775,0.448355,0.333855
11405.png,3,Residential,0.644,0.502186,0.121278,0.38976,0.242556
11410.png,3,Residential,0.851,0.898277,0.281201,0.199513,0.423643
11410.png,3,Residential,0.5839,0.086415,0.305719,0.172831,0.611439
11410.png,3,Residential,0.508,0.363981,0.936273,0.406827,0.126771
11427.png,3,Residential,0.7939,0.924509,0.487553,0.150983,0.514823
11427.png,3,Residential,0.7198,0.479099,0.516914,0.493142,0.341904
11427.png,2,Commercial,0.5148,0.476294,0.517125,0.502407,0.348018
11439.png,3,Residential,0.7673,0.142466,0.505053,0.266194,0.325565
11457.png,3,Residential,0.8703,0.484334,0.509294,0.417099,0.368809
11457.png,3,Residential,0.5167,0.576977,0.95453,0.517919,0.090941
11469.png,3,Residential,0.8357,0.86107,0.744272,0.270378,0.466862
11469.png,3,Residential,0.8227,0.48534,0.528119,0.389867,0.422349
11471.png,3,Residential,0.9527,0.490059,0.514626,0.520086,0.494208
11471.png,3,Residential,0.6662,0.837035,0.233287,0.325931,0.46059
11487.png,3,Residential,0.851,0.488454,0.52095,0.461326,0.296598
11489.png,3,Residential,0.8524,0.289241,0.723666,0.41615,0.411165
11489.png,3,Residential,0.6129,0.646386,0.280906,0.406213,0.489722
11504.png,3,Residential,0.9379,0.49436,0.50998,0.514052,0.419224
11504.png,3,Residential,0.5471,0.503276,0.037557,0.543143,0.075115
11516.png,3,Residential,0.7386,0.463819,0.456512,0.310291,0.444473
11527.png,3,Residential,0.922,0.518845,0.507224,0.453496,0.548039
11527.png,3,Residential,0.8445,0.515112,0.910586,0.434963,0.177942
11527.png,3,Residential,0.603,0.520539,0.096377,0.44576,0.191532
1153.png,2,Commercial,0.7355,0.87028,0.459093,0.250238,0.392752
1153.png,2,Commercial,0.6825,0.479892,0.4577,0.336089,0.395682
11531.png,3,Residential,0.8984,0.456898,0.093061,0.425679,0.185988
11531.png,3,Residential,0.8623,0.458839,0.508801,0.399531,0.571178
11531.png,3,Residential,0.5376,0.491922,0.942981,0.444246,0.114037
11533.png,3,Residential,0.8287,0.406283,0.494234,0.509445,0.581815
11533.png,3,Residential,0.6775,0.58311,0.925039,0.185316,0.1307
11540.png,3,Residential,0.8137,0.132453,0.210175,0.263614,0.420349
11540.png,2,Commercial,0.588,0.263336,0.877003,0.526673,0.245923
1155.png,2,Commercial,0.8164,0.26888,0.547644,0.241201,0.3012
11555.png,3,Residential,0.7677,0.890957,0.393438,0.218086,0.786877
11562.png,3,Residential,0.8538,0.118919,0.529921,0.237833,0.351406
11562.png,3,Residential,0.7986,0.868343,0.58296,0.263314,0.408517
11562.png,3,Residential,0.7072,0.438635,0.538725,0.360688,0.348456
11568.png,3,Residential,0.898,0.845063,0.659202,0.309873,0.520472
11568.png,3,Residential,0.8488,0.10007,0.568744,0.198688,0.51156
11568.png,3,Residential,0.8012,0.501593,0.53647,0.349967,0.252125
1157.png,3,Residential,0.7588,0.493451,0.546906,0.422843,0.333802
1157.png,3,Residential,0.6783,0.051982,0.916579,0.103963,0.166841
11592.png,3,Residential,0.8206,0.498292,0.521115,0.391731,0.425139
11592.png,3,Residential,0.7593,0.533354,0.925458,0.34897,0.149084
11595.png,3,Residential,0.9594,0.479927,0.537301,0.543221,0.53831
11595.png,3,Residential,0.783,0.13092,0.816702,0.261841,0.366596
11601.png,3,Residential,0.7559,0.087218,0.886856,0.174436,0.220314
11601.png,3,Residential,0.6026,0.43018,0.535456,0.268547,0.356714
1161.png,3,Residential,0.8876,0.706766,0.130526,0.379227,0.261051
1161.png,3,Residential,0.8783,0.510634,0.508973,0.404966,0.462682
1161.png,3,Residential,0.5503,0.119068,0.598908,0.238136,0.530034
11624.png,3,Residential,0.9601,0.446527,0.534866,0.466855,0.556839
11625.png,2,Commercial,0.7985,0.512129,0.513046,0.742541,0.481348
11625.png,2,Commercial,0.5274,0.496909,0.548696,0.815746,0.673156
11626.png,2,Commercial,0.7316,0.451966,0.46517,0.604306,0.479693
11626.png,2,Commercial,0.7179,0.818089,0.795452,0.358452,0.409097
11626.png,2,Commercial,0.5056,0.827528,0.052311,0.344943,0.104622
11646.png,3,Residential,0.8086,0.432201,0.523729,0.472106,0.444996
11654.png,3,Residential,0.696,0.514106,0.380118,0.389304,0.685781
11657.png,3,Residential,0.8441,0.487141,0.453657,0.313212,0.358725
11659.png,3,Residential,0.7464,0.505145,0.52308,0.437467,0.366713
11660.png,3,Residential,0.777,0.534551,0.422477,0.202334,0.339573
11685.png,3,Residential,0.9095,0.502458,0.505052,0.441024,0.521901
11685.png,3,Residential,0.8766,0.490637,0.101752,0.436387,0.201052
11685.png,3,Residential,0.8405,0.509919,0.898948,0.476708,0.200674
11696.png,3,Residential,0.757,0.132889,0.567086,0.265778,0.434198
11696.png,3,Residential,0.6127,0.560403,0.49418,0.347808,0.289807
11718.png,3,Residential,0.8607,0.473277,0.487511,0.337863,0.408646
11718.png,3,Residential,0.8272,0.871067,0.559604,0.253194,0.308685
11718.png,3,Residential,0.8197,0.100258,0.467601,0.196175,0.522385
11727.png,3,Residential,0.8126,0.105796,0.289888,0.211592,0.295657
11727.png,3,Residential,0.8023,0.458884,0.508434,0.341441,0.511082
11737.png,3,Residential,0.8795,0.847824,0.283576,0.304351,0.377106
11737.png,3,Residential,0.837,0.447147,0.554008,0.37192,0.476759
11744.png,3,Residential,0.8653,0.493155,0.514536,0.402946,0.345476
11744.png,3,Residential,0.506,0.878774,0.462175,0.242453,0.349911
11747.png,3,Residential,0.7824,0.157914,0.800556,0.315708,0.396274
11747.png,3,Residential,0.7053,0.567305,0.527034,0.67583,0.548881
11747.png,3,Residential,0.5417,0.63179,0.132785,0.588627,0.265571
11778.png,0,Apartment,0.8502,0.474918,0.483463,0.49619,0.411518
11778.png,0,Apartment,0.83,0.08226,0.60533,0.16413,0.561681
11778.png,3,Residential,0.6365,0.875206,0.540719,0.249589,0.456989
11778.png,3,Residential,0.6221,0.542117,0.875122,0.426024,0.248973
1178.png,2,Commercial,0.8806,0.490228,0.502041,0.454645,0.375629
1178.png,2,Commercial,0.5592,0.938693,0.724026,0.122614,0.551949
11782.png,3,Residential,0.9095,0.502744,0.563002,0.52087,0.278036
11782.png,3,Residential,0.7731,0.843553,0.85289,0.268794,0.29422
11795.png,2,Commercial,0.9638,0.481672,0.379371,0.792195,0.572048
11839.png,3,Residential,0.6291,0.136351,0.191062,0.271835,0.276859
11839.png,3,Residential,0.6257,0.8502,0.16613,0.298571,0.332261
11839.png,3,Residential,0.5728,0.469857,0.475078,0.486781,0.505918
11842.png,3,Residential,0.8424,0.904489,0.49009,0.18577,0.365408
11842.png,3,Residential,0.8268,0.50639,0.509276,0.480433,0.457429
11843.png,3,Residential,0.8552,0.492506,0.54173,0.44101,0.351444
11850.png,0,Apartment,0.8822,0.471317,0.533431,0.615432,0.5693
11876.png,3,Residential,0.612,0.522764,0.401965,0.414059,0.744646
11884.png,3,Residential,0.8972,0.482641,0.513669,0.470481,0.507197
11884.png,3,Residential,0.8393,0.393653,0.906332,0.406838,0.187099
11891.png,3,Residential,0.9062,0.490758,0.504712,0.40523,0.365141
11896.png,3,Residential,0.9095,0.46376,0.50824,0.402285,0.291627
11896.png,3,Residential,0.9029,0.083177,0.604022,0.166354,0.483766
11899.png,3,Residential,0.9081,0.482882,0.456864,0.340452,0.48847
11915.png,0,Apartment,0.6502,0.323148,0.839149,0.643971,0.321701
11915.png,3,Residential,0.5802,0.789088,0.171898,0.421825,0.335836
11925.png,3,Residential,0.8921,0.564747,0.108639,0.410139,0.217277
11925.png,3,Residential,0.8695,0.509462,0.501352,0.512559,0.406723
11930.png,3,Residential,0.8767,0.463616,0.505589,0.406526,0.471179
11935.png,3,Residential,0.8824,0.651982,0.474989,0.308057,0.533307
11935.png,3,Residential,0.77,0.302955,0.498044,0.255301,0.541986
11935.png,3,Residential,0.5026,0.124325,0.874238,0.24641,0.251524
11939.png,3,Residential,0.8503,0.505506,0.513864,0.423975,0.510287
11939.png,3,Residential,0.6286,0.132673,0.575173,0.265347,0.282256
11940.png,3,Residential,0.8563,0.098931,0.542546,0.197127,0.364917
11940.png,3,Residential,0.7481,0.491624,0.498087,0.466412,0.289992
11952.png,3,Residential,0.7863,0.624817,0.506332,0.613007,0.442141
11952.png,3,Residential,0.7192,0.502047,0.881572,0.335889,0.236116
11953.png,3,Residential,0.8922,0.48479,0.514874,0.462882,0.441033
11953.png,3,Residential,0.7218,0.941546,0.525574,0.116908,0.482683
11967.png,3,Residential,0.9054,0.451221,0.520618,0.342793,0.523402
11967.png,3,Residential,0.7547,0.491342,0.913827,0.386425,0.171668
11967.png,3,Residential,0.543,0.779273,0.123106,0.441455,0.243936
11974.png,3,Residential,0.7832,0.772009,0.834185,0.455983,0.33163
11974.png,3,Residential,0.6684,0.809683,0.145836,0.380177,0.291672
11977.png,3,Residential,0.9138,0.485943,0.515058,0.416736,0.43983
11977.png,3,Residential,0.7301,0.645878,0.932175,0.266138,0.133736
11981.png,3,Residential,0.802,0.499598,0.479483,0.447805,0.44656
11981.png,3,Residential,0.6599,0.838351,0.640604,0.31724,0.41563
11991.png,3,Residential,0.7734,0.482035,0.51489,0.318876,0.460528
11991.png,3,Residential,0.7498,0.918263,0.41696,0.16082,0.503326
12005.png,3,Residential,0.8419,0.875269,0.12565,0.249099,0.2513
12005.png,3,Residential,0.758,0.507866,0.4799,0.456232,0.420105
12009.png,2,Commercial,0.8084,0.547807,0.48145,0.70573,0.325765
12010.png,2,Commercial,0.6657,0.475843,0.62248,0.62356,0.738251
12017.png,3,Residential,0.7968,0.457801,0.55746,0.269796,0.51395
12017.png,3,Residential,0.7729,0.570933,0.163699,0.381797,0.327397
12017.png,3,Residential,0.5017,0.104323,0.182766,0.208647,0.365532
12043.png,3,Residential,0.8203,0.594596,0.630298,0.633479,0.640557
12043.png,3,Residential,0.5999,0.679802,0.625172,0.452184,0.624341
12066.png,3,Residential,0.6006,0.539416,0.629398,0.54744,0.741205
1208.png,2,Commercial,0.8842,0.266174,0.391191,0.522122,0.775124
1208.png,2,Commercial,0.7079,0.432461,0.390498,0.864922,0.780996
12086.png,3,Residential,0.8801,0.491826,0.507048,0.488678,0.349879
12093.png,3,Residential,0.839,0.439072,0.903001,0.379687,0.193998
12093.png,3,Residential,0.8368,0.454156,0.509214,0.390723,0.453598
12111.png,3,Residential,0.8952,0.746074,0.272971,0.384916,0.344118
12111.png,3,Residential,0.8896,0.487241,0.508015,0.373208,0.370483
12117.png,3,Residential,0.8507,0.497989,0.878835,0.497219,0.236365
12117.png,3,Residential,0.6915,0.488105,0.491072,0.476234,0.156915
12139.png,3,Residential,0.9134,0.453757,0.516502,0.357743,0.499876
12145.png,2,Commercial,0.9686,0.387855,0.771627,0.775711,0.456746
12151.png,0,Apartment,0.9084,0.508928,0.633078,0.569646,0.622862
12151.png,0,Apartment,0.6157,0.058586,0.634544,0.117173,0.620759
1216.png,3,Residential,0.7602,0.507326,0.505164,0.428722,0.469267
1216.png,3,Residential,0.6872,0.095728,0.862164,0.191456,0.267719
1216.png,0,Apartment,0.5022,0.453609,0.914689,0.362082,0.169045
12188.png,0,Apartment,0.8576,0.583179,0.453969,0.52696,0.593609
12207.png,3,Residential,0.6702,0.899545,0.770777,0.198545,0.458446
12207.png,3,Residential,0.5453,0.666067,0.184457,0.667866,0.368914
12223.png,3,Residential,0.7065,0.441096,0.516761,0.377705,0.316216
12223.png,3,Residential,0.6804,0.097725,0.724903,0.19545,0.347209
1225.png,3,Residential,0.91,0.521479,0.141321,0.545989,0.280359
1225.png,3,Residential,0.8073,0.57921,0.90893,0.369907,0.182139
1225.png,3,Residential,0.7535,0.467339,0.519489,0.353736,0.38552
12271.png,3,Residential,0.8591,0.873836,0.503232,0.252328,0.367967
12271.png,3,Residential,0.742,0.471176,0.493939,0.461527,0.396295
12304.png,3,Residential,0.8467,0.790762,0.740518,0.418475,0.489627
12304.png,3,Residential,0.8222,0.484741,0.546034,0.405722,0.422189
12316.png,3,Residential,0.862,0.449088,0.51337,0.49736,0.405513
12316.png,3,Residential,0.6882,0.908252,0.603488,0.183496,0.389309
12373.png,3,Residential,0.911,0.875743,0.472395,0.236153,0.33502
12373.png,3,Residential,0.8343,0.427178,0.410011,0.309972,0.320904
12377.png,3,Residential,0.8994,0.705506,0.842037,0.387445,0.308294
12377.png,3,Residential,0.5991,0.223039,0.857601,0.434789,0.28104
12381.png,3,Residential,0.7033,0.910103,0.42229,0.179794,0.291496
12381.png,3,Residential,0.6673,0.116678,0.429699,0.233356,0.331692
12388.png,3,Residential,0.7131,0.552106,0.535119,0.376842,0.453782
12388.png,3,Residential,0.5652,0.111105,0.605377,0.221605,0.732997
12394.png,3,Residential,0.5964,0.314652,0.366744,0.629304,0.733489
12413.png,3,Residential,0.7842,0.516521,0.500929,0.329537,0.464031
12413.png,3,Residential,0.7397,0.860663,0.395721,0.278178,0.353594
12413.png,3,Residential,0.6111,0.725346,0.913956,0.513823,0.168369
1261.png,2,Commercial,0.8495,0.603248,0.516074,0.708395,0.511298
1261.png,2,Commercial,0.6229,0.606708,0.630602,0.716102,0.738796
1264.png,3,Residential,0.8472,0.453907,0.518701,0.346558,0.52721
1264.png,3,Residential,0.7017,0.104658,0.703232,0.201548,0.274966
1272.png,3,Residential,0.8485,0.457075,0.507229,0.532531,0.445001
1272.png,3,Residential,0.7877,0.890747,0.517636,0.213935,0.405447
1287.png,3,Residential,0.8864,0.475781,0.492222,0.506689,0.359741
1287.png,3,Residential,0.6122,0.575338,0.913702,0.595907,0.172596
1290.png,2,Commercial,0.7402,0.478102,0.101097,0.349255,0.200938
1290.png,3,Residential,0.6347,0.337957,0.516127,0.603342,0.470674
13.png,3,Residential,0.8888,0.498332,0.540152,0.471548,0.45369
13.png,3,Residential,0.6882,0.892473,0.611325,0.215055,0.301022
1331.png,3,Residential,0.7502,0.639742,0.077448,0.468312,0.154896
1331.png,3,Residential,0.7482,0.467295,0.497227,0.396948,0.572924
1331.png,3,Residential,0.7148,0.451445,0.904242,0.391905,0.188054
1358.png,3,Residential,0.8049,0.074888,0.488236,0.149776,0.446594
1358.png,3,Residential,0.6159,0.48427,0.533291,0.485933,0.338262
1374.png,3,Residential,0.807,0.494109,0.649535,0.429326,0.659877
1374.png,3,Residential,0.5311,0.896427,0.580299,0.207147,0.584423
1381.png,0,Apartment,0.9456,0.478459,0.508873,0.538856,0.683713
1387.png,0,Apartment,0.8137,0.483004,0.537382,0.651448,0.402965
1387.png,0,Apartment,0.7127,0.903008,0.515366,0.19074,0.426923
1394.png,3,Residential,0.5092,0.610162,0.522092,0.779676,0.399876
1396.png,3,Residential,0.7846,0.935792,0.557555,0.128417,0.434918
1396.png,3,Residential,0.7785,0.074627,0.513235,0.149253,0.40878
1396.png,3,Residential,0.6053,0.540069,0.513013,0.467093,0.389445
140.png,3,Residential,0.8081,0.460422,0.488517,0.507221,0.410733
1403.png,3,Residential,0.8254,0.511281,0.139834,0.552483,0.279668
1403.png,3,Residential,0.6868,0.125315,0.440178,0.240794,0.699995
1403.png,3,Residential,0.6346,0.118125,0.326808,0.234454,0.487553
1407.png,3,Residential,0.7168,0.473344,0.498927,0.302353,0.46743
1407.png,3,Residential,0.6852,0.861187,0.46323,0.27513,0.292539
1413.png,3,Residential,0.8509,0.465152,0.528332,0.413973,0.549211
1413.png,3,Residential,0.7788,0.126834,0.403352,0.244294,0.273745
1413.png,3,Residential,0.572,0.517648,0.938164,0.346171,0.123245
1414.png,3,Residential,0.5432,0.370133,0.869625,0.351652,0.231591
1421.png,3,Residential,0.8523,0.867656,0.547379,0.264688,0.390605
1421.png,3,Residential,0.6694,0.52519,0.947969,0.335004,0.104062
1421.png,3,Residential,0.5432,0.459215,0.517186,0.319902,0.400739
143.png,3,Residential,0.8709,0.482626,0.525578,0.492917,0.423439
143.png,3,Residential,0.8409,0.096519,0.485621,0.192361,0.528699
143.png,3,Residential,0.8383,0.87798,0.514055,0.24154,0.412311
1431.png,0,Apartment,0.7862,0.308184,0.890421,0.616369,0.219158
1431.png,3,Residential,0.7756,0.91482,0.147668,0.17036,0.295337
1431.png,3,Residential,0.7658,0.421802,0.099259,0.39033,0.196729
144.png,2,Commercial,0.9668,0.462438,0.480972,0.613783,0.652695
144.png,3,Residential,0.5606,0.903438,0.096363,0.187095,0.191407
1440.png,3,Residential,0.8654,0.481457,0.516186,0.296904,0.3422
1440.png,3,Residential,0.8614,0.540594,0.890904,0.395323,0.217646
1443.png,2,Commercial,0.7994,0.49389,0.505403,0.470542,0.600021
1443.png,0,Apartment,0.6338,0.601161,0.103617,0.797678,0.202281
1455.png,3,Residential,0.8637,0.489895,0.502506,0.422442,0.377357
1455.png,3,Residential,0.6188,0.499863,0.119312,0.386139,0.238623
1457.png,3,Residential,0.8573,0.895231,0.529965,0.198084,0.397775
1457.png,3,Residential,0.8321,0.119116,0.476008,0.238231,0.392638
1457.png,3,Residential,0.8077,0.491312,0.507578,0.377953,0.413922
1458.png,3,Residential,0.9435,0.45864,0.525064,0.456575,0.467807
1458.png,3,Residential,0.5412,0.956088,0.586681,0.087824,0.426265
147.png,3,Residential,0.8852,0.475224,0.518827,0.528878,0.403894
1487.png,3,Residential,0.8905,0.275023,0.158236,0.493505,0.316472
1487.png,3,Residential,0.6987,0.830471,0.149786,0.336828,0.299573
1487.png,3,Residential,0.5867,0.487512,0.618345,0.338888,0.54022
1492.png,0,Apartment,0.8153,0.849067,0.906707,0.301865,0.186587
1492.png,0,Apartment,0.7475,0.459627,0.540103,0.400358,0.501322
1492.png,0,Apartment,0.7321,0.887377,0.535622,0.225247,0.514546
1492.png,0,Apartment,0.6691,0.330708,0.880933,0.616102,0.234071
1495.png,3,Residential,0.9007,0.516673,0.482765,0.407951,0.256332
150.png,3,Residential,0.9546,0.495912,0.516882,0.521679,0.457088
1526.png,3,Residential,0.5675,0.450231,0.521092,0.519435,0.367668
1538.png,3,Residential,0.7707,0.420241,0.500323,0.551231,0.462995
1538.png,3,Residential,0.7639,0.338163,0.834294,0.322248,0.314107
1540.png,3,Residential,0.7458,0.50426,0.508031,0.432329,0.434519
1547.png,3,Residential,0.8737,0.651973,0.576704,0.669516,0.391171
1575.png,2,Commercial,0.96,0.479673,0.452643,0.786477,0.695939
1575.png,2,Commercial,0.8701,0.111307,0.110653,0.222614,0.221307
1575.png,2,Commercial,0.8304,0.208798,0.853281,0.414113,0.293438
1587.png,3,Residential,0.8169,0.322951,0.096303,0.553411,0.192606
1587.png,3,Residential,0.703,0.460497,0.560781,0.445164,0.433257
1593.png,3,Residential,0.9154,0.535595,0.72119,0.421609,0.418681
1599.png,0,Apartment,0.9564,0.467216,0.460604,0.726958,0.773049
1604.png,3,Residential,0.9279,0.475609,0.523903,0.430441,0.397326
1604.png,3,Residential,0.879,0.472042,0.118613,0.394248,0.237226
1604.png,3,Residential,0.737,0.957671,0.578934,0.084657,0.423473
1604.png,3,Residential,0.5499,0.279032,0.880672,0.382624,0.238656
1613.png,2,Commercial,0.9181,0.46795,0.445568,0.577053,0.404255
1621.png,3,Residential,0.8521,0.473702,0.45283,0.327489,0.360814
1621.png,3,Residential,0.6556,0.081526,0.425065,0.163052,0.483888
1621.png,3,Residential,0.6407,0.894339,0.498209,0.211322,0.484649
1629.png,3,Residential,0.6998,0.482367,0.53155,0.484889,0.437861
1631.png,3,Residential,0.5395,0.466544,0.540431,0.292851,0.463678
1644.png,3,Residential,0.8422,0.511793,0.873858,0.364106,0.252283
1644.png,2,Commercial,0.7465,0.095929,0.342347,0.191858,0.684694
1644.png,3,Residential,0.7442,0.427394,0.507951,0.2425,0.522467
1644.png,3,Residential,0.5538,0.057497,0.876345,0.114995,0.24731
1678.png,3,Residential,0.8769,0.423352,0.873446,0.400403,0.253108
1678.png,3,Residential,0.8236,0.509134,0.498024,0.308422,0.368945
1691.png,3,Residential,0.8508,0.82465,0.902439,0.343969,0.19392
1691.png,3,Residential,0.7272,0.218746,0.855685,0.437492,0.287773
1695.png,3,Residential,0.8913,0.669047,0.408769,0.230655,0.250373
1695.png,3,Residential,0.5254,0.283196,0.091257,0.343333,0.182514
1701.png,3,Residential,0.7049,0.504422,0.308293,0.244635,0.252164
1701.png,3,Residential,0.6261,0.47178,0.958378,0.455663,0.081695
1701.png,3,Residential,0.5593,0.460617,0.06243,0.393218,0.12486
1712.png,3,Residential,0.8744,0.494939,0.527666,0.401382,0.516678
1712.png,3,Residential,0.7497,0.505318,0.916054,0.423006,0.167893
1743.png,3,Residential,0.8263,0.451734,0.530487,0.352227,0.538953
1743.png,3,Residential,0.7719,0.505144,0.112924,0.323172,0.225847
1743.png,3,Residential,0.561,0.657746,0.895669,0.35835,0.206763
1744.png,3,Residential,0.8511,0.447411,0.529515,0.472171,0.465869
1744.png,3,Residential,0.5238,0.81409,0.157629,0.356492,0.315258
1751.png,3,Residential,0.646,0.493751,0.150936,0.395819,0.301872
1751.png,3,Residential,0.5936,0.484076,0.331374,0.426413,0.662749
1752.png,3,Residential,0.8782,0.593442,0.118512,0.581397,0.237023
1752.png,3,Residential,0.8279,0.474896,0.52054,0.343975,0.48562
1755.png,3,Residential,0.872,0.503411,0.53412,0.479592,0.36378
1755.png,3,Residential,0.8091,0.946497,0.870957,0.104837,0.258086
1757.png,3,Residential,0.8973,0.528698,0.521473,0.441851,0.366922
1757.png,3,Residential,0.872,0.496543,0.872372,0.428184,0.255257
1759.png,3,Residential,0.5732,0.882832,0.678281,0.234336,0.4653
1766.png,3,Residential,0.908,0.48098,0.53441,0.591898,0.429703
1766.png,3,Residential,0.5602,0.944869,0.553338,0.110262,0.392144
183.png,3,Residential,0.959,0.478361,0.470762,0.411182,0.496667
1839.png,3,Residential,0.8835,0.499448,0.870992,0.388434,0.258017
1845.png,2,Commercial,0.8021,0.542454,0.570692,0.713547,0.618363
1845.png,2,Commercial,0.6745,0.397504,0.225859,0.426617,0.250538
1854.png,3,Residential,0.9108,0.505018,0.514981,0.487415,0.482168
1854.png,3,Residential,0.7291,0.099075,0.71912,0.198151,0.295794
1861.png,3,Residential,0.8951,0.45701,0.530662,0.394925,0.562784
1861.png,3,Residential,0.8118,0.91893,0.569304,0.15583,0.281252
1861.png,3,Residential,0.6746,0.10879,0.51883,0.217579,0.219722
1866.png,3,Residential,0.7938,0.633897,0.476713,0.246761,0.5678
1866.png,3,Residential,0.7603,0.275518,0.465056,0.251485,0.567389
1882.png,0,Apartment,0.8201,0.505713,0.407957,0.501824,0.815913
1882.png,0,Apartment,0.7252,0.458906,0.895385,0.499787,0.209231
1882.png,0,Apartment,0.6786,0.494444,0.508129,0.481127,0.540692
1882.png,0,Apartment,0.5159,0.091074,0.89334,0.178153,0.21332
1886.png,0,Apartment,0.7062,0.564388,0.861669,0.57421,0.276662
1886.png,3,Residential,0.5393,0.122831,0.847205,0.243011,0.305589
1893.png,2,Commercial,0.8072,0.393791,0.551785,0.787581,0.896429
1902.png,3,Residential,0.941,0.499,0.514872,0.46539,0.27436
1902.png,3,Residential,0.8364,0.907666,0.274722,0.184667,0.451853
1902.png,3,Residential,0.6925,0.46391,0.12079,0.424232,0.24158
1903.png,3,Residential,0.8679,0.510099,0.527627,0.422686,0.456503
1903.png,3,Residential,0.8484,0.529151,0.929384,0.453953,0.138509
1923.png,3,Residential,0.8955,0.466624,0.511723,0.348389,0.492515
1923.png,3,Residential,0.8359,0.869104,0.625126,0.241605,0.283873
1926.png,2,Commercial,0.7227,0.380346,0.468839,0.746958,0.476659
1931.png,3,Residential,0.9141,0.487024,0.51969,0.563752,0.313487
1931.png,3,Residential,0.7733,0.061678,0.431615,0.122871,0.41471
1931.png,3,Residential,0.7659,0.576039,0.09669,0.295912,0.19338
1935.png,2,Commercial,0.9134,0.078636,0.504535,0.157272,0.650747
1935.png,2,Commercial,0.9103,0.46147,0.505462,0.30505,0.647812
1935.png,2,Commercial,0.8874,0.868445,0.509875,0.24513,0.66993
1942.png,3,Residential,0.7672,0.188678,0.656262,0.302777,0.379553
1968.png,3,Residential,0.8686,0.446943,0.487542,0.328769,0.427416
1970.png,3,Residential,0.8478,0.504566,0.510594,0.407208,0.405964
1970.png,3,Residential,0.8173,0.722059,0.877357,0.326674,0.245286
1983.png,3,Residential,0.6921,0.315893,0.48636,0.294701,0.481833
1984.png,3,Residential,0.8739,0.860541,0.523598,0.274719,0.38304
1984.png,3,Residential,0.7,0.150297,0.615434,0.300593,0.625943
1984.png,3,Residential,0.6873,0.49555,0.516445,0.349851,0.345849
1990.png,3,Residential,0.5836,0.478545,0.515055,0.497151,0.367234
1990.png,3,Residential,0.5372,0.046389,0.380757,0.092777,0.481116
1993.png,3,Residential,0.5301,0.484912,0.504654,0.342705,0.467132
1993.png,3,Residential,0.5259,0.58973,0.936261,0.727985,0.127368
2002.png,3,Residential,0.8011,0.820607,0.676304,0.358786,0.426457
2002.png,3,Residential,0.7873,0.525934,0.505715,0.410587,0.444908
2009.png,3,Residential,0.967,0.481798,0.524983,0.518143,0.507253
2012.png,3,Residential,0.8536,0.457878,0.531082,0.455294,0.45488
2040.png,3,Residential,0.7737,0.475796,0.513285,0.287523,0.465221
2040.png,3,Residential,0.5629,0.451652,0.938363,0.324669,0.123274
2049.png,3,Residential,0.9317,0.486344,0.512594,0.437776,0.525708
2049.png,3,Residential,0.8306,0.515351,0.901612,0.471907,0.196206
2049.png,3,Residential,0.7894,0.477499,0.101098,0.420619,0.199792
2057.png,3,Residential,0.6595,0.519277,0.108731,0.338486,0.21569
2057.png,3,Residential,0.5263,0.40657,0.516751,0.310424,0.504682
2064.png,3,Residential,0.9059,0.546293,0.522173,0.505098,0.42065
2074.png,3,Residential,0.8396,0.386303,0.591414,0.312558,0.484596
2074.png,2,Commercial,0.578,0.073889,0.573207,0.146765,0.54124
2080.png,3,Residential,0.8842,0.367133,0.882082,0.520843,0.235836
2080.png,3,Residential,0.8144,0.370888,0.486252,0.54195,0.387958
2090.png,3,Residential,0.9336,0.486665,0.501227,0.465054,0.352848
2090.png,3,Residential,0.5668,0.066536,0.768445,0.133072,0.440031
2102.png,3,Residential,0.9282,0.513322,0.484911,0.582603,0.397023
2141.png,3,Residential,0.8733,0.453904,0.492018,0.344834,0.374609
2141.png,3,Residential,0.7854,0.46438,0.076694,0.3826,0.151968
2163.png,3,Residential,0.7175,0.463609,0.498467,0.357479,0.469311
2165.png,3,Residential,0.8604,0.450824,0.502889,0.383458,0.437145
2165.png,3,Residential,0.8317,0.476773,0.913294,0.409286,0.173412
2165.png,3,Residential,0.7155,0.541283,0.1251,0.344399,0.2502
217.png,3,Residential,0.875,0.492117,0.58865,0.563556,0.701465
2172.png,3,Residential,0.8316,0.470598,0.553214,0.346423,0.440889
2178.png,3,Residential,0.8188,0.485848,0.527615,0.369412,0.369765
2206.png,3,Residential,0.9394,0.267746,0.342335,0.518345,0.640919
2232.png,3,Residential,0.8259,0.532581,0.157803,0.492937,0.282582
2232.png,3,Residential,0.7784,0.613819,0.865043,0.400798,0.269915
2242.png,3,Residential,0.5432,0.403942,0.697477,0.395356,0.605047
2243.png,2,Commercial,0.7739,0.490027,0.210471,0.700327,0.119332
2243.png,2,Commercial,0.5146,0.724206,0.187639,0.274687,0.106212
2247.png,3,Residential,0.8268,0.45506,0.512547,0.313397,0.336654
2247.png,3,Residential,0.7989,0.886572,0.552895,0.225892,0.294985
2247.png,3,Residential,0.7742,0.519992,0.125333,0.397092,0.247955
2253.png,2,Commercial,0.8541,0.474845,0.507122,0.369868,0.430723
2269.png,3,Residential,0.9044,0.590088,0.553021,0.528425,0.455682
2285.png,3,Residential,0.7944,0.447687,0.540881,0.478658,0.344181
2285.png,3,Residential,0.6407,0.445697,0.906304,0.420188,0.187393
2285.png,3,Residential,0.516,0.539893,0.906205,0.617816,0.187589
2286.png,3,Residential,0.867,0.112415,0.804434,0.222291,0.384565
2286.png,3,Residential,0.6728,0.642337,0.813832,0.342043,0.372335
2286.png,3,Residential,0.5554,0.956506,0.522131,0.086989,0.329068
2307.png,3,Residential,0.9039,0.483466,0.553895,0.419768,0.306364
2307.png,3,Residential,0.8729,0.440566,0.141171,0.558728,0.282342
2307.png,3,Residential,0.5855,0.38734,0.924643,0.731941,0.150713
2320.png,2,Commercial,0.6242,0.539481,0.469275,0.804638,0.145787
2321.png,3,Residential,0.8561,0.467813,0.51588,0.473347,0.468602
2321.png,3,Residential,0.8006,0.351262,0.514809,0.702524,0.459467
2321.png,3,Residential,0.6251,0.832718,0.799465,0.334563,0.40107
2321.png,3,Residential,0.6129,0.358758,0.412584,0.712269,0.682185
2330.png,3,Residential,0.9066,0.518822,0.50644,0.481237,0.311705
2330.png,3,Residential,0.603,0.056248,0.468416,0.110593,0.266542
2332.png,3,Residential,0.8663,0.518053,0.574776,0.478906,0.474078
2343.png,3,Residential,0.7751,0.501432,0.499746,0.310927,0.464319
2379.png,3,Residential,0.8991,0.484775,0.531867,0.421786,0.380413
2379.png,3,Residential,0.6602,0.51963,0.106867,0.290439,0.213733
2381.png,3,Residential,0.9324,0.627275,0.578464,0.725023,0.545895
2388.png,0,Apartment,0.6574,0.402678,0.497891,0.427958,0.718828
2408.png,3,Residential,0.9038,0.468636,0.520575,0.407762,0.329107
2414.png,3,Residential,0.9043,0.463741,0.51306,0.417651,0.278403
2414.png,3,Residential,0.5622,0.04181,0.702065,0.083486,0.290528
2419.png,3,Residential,0.7018,0.553561,0.892008,0.350391,0.215983
2419.png,3,Residential,0.5494,0.481636,0.479349,0.557485,0.383457
2419.png,0,Apartment,0.5078,0.55643,0.893266,0.353129,0.213469
2425.png,3,Residential,0.8304,0.83445,0.216371,0.3311,0.424198
2425.png,3,Residential,0.7579,0.455724,0.527346,0.381516,0.281441
2437.png,3,Residential,0.9198,0.493569,0.504296,0.413647,0.346527
2437.png,3,Residential,0.8172,0.378908,0.877683,0.355328,0.244634
2437.png,3,Residential,0.6812,0.577403,0.134321,0.467597,0.266796
2439.png,3,Residential,0.788,0.541767,0.508062,0.434693,0.320829
2439.png,3,Residential,0.7181,0.900513,0.59473,0.196383,0.417179
2442.png,3,Residential,0.8309,0.48366,0.53815,0.489048,0.233518
2461.png,0,Apartment,0.94,0.51741,0.497727,0.69287,0.450521
2461.png,0,Apartment,0.611,0.512469,0.073002,0.735544,0.141094
2462.png,3,Residential,0.8906,0.487921,0.517239,0.340432,0.495511
2472.png,3,Residential,0.944,0.483249,0.511221,0.480432,0.479362
2472.png,3,Residential,0.8426,0.879875,0.784883,0.24024,0.430234
2472.png,3,Residential,0.5187,0.178186,0.178882,0.356373,0.336034
2473.png,3,Residential,0.8733,0.284738,0.879799,0.344742,0.240402
2473.png,3,Residential,0.8692,0.888526,0.452937,0.222579,0.315314
2473.png,3,Residential,0.7453,0.486565,0.490653,0.451193,0.454358
2486.png,3,Residential,0.8916,0.491527,0.4973,0.338598,0.428315
2486.png,3,Residential,0.7748,0.509838,0.919305,0.362456,0.16139
2486.png,3,Residential,0.7063,0.524578,0.094967,0.305908,0.18905
2509.png,3,Residential,0.7777,0.471321,0.538858,0.432661,0.429815
2509.png,3,Residential,0.7137,0.106894,0.528065,0.213789,0.407827
2509.png,3,Residential,0.6912,0.866464,0.493305,0.266836,0.399751
2510.png,3,Residential,0.9178,0.302585,0.179571,0.588001,0.359143
2510.png,3,Residential,0.7686,0.888309,0.63406,0.221271,0.296818
2510.png,3,Residential,0.6772,0.430445,0.522818,0.27336,0.311827
252.png,3,Residential,0.8959,0.475515,0.53147,0.509,0.546597
252.png,3,Residential,0.8156,0.081455,0.320703,0.162435,0.564711
252.png,3,Residential,0.7774,0.888289,0.550856,0.219079,0.417921
2534.png,3,Residential,0.9231,0.51535,0.496053,0.394154,0.37766
2538.png,3,Residential,0.8866,0.499218,0.496491,0.388131,0.389682
2538.png,3,Residential,0.8055,0.48029,0.868732,0.415967,0.262536
2552.png,3,Residential,0.8815,0.48941,0.50948,0.424899,0.4545
2552.png,3,Residential,0.8653,0.133033,0.498212,0.264439,0.471099
2552.png,3,Residential,0.7972,0.862885,0.532941,0.274231,0.421704
2552.png,3,Residential,0.5692,0.087571,0.969432,0.175142,0.060551
2575.png,3,Residential,0.8691,0.466433,0.489619,0.377003,0.329948
2575.png,3,Residential,0.8587,0.473929,0.875571,0.341385,0.248859
2576.png,3,Residential,0.8743,0.378966,0.468249,0.566282,0.384313
2576.png,3,Residential,0.518,0.885319,0.273428,0.229362,0.506671
26.png,3,Residential,0.8673,0.474722,0.543592,0.552371,0.466266
26.png,3,Residential,0.8567,0.892338,0.527245,0.215324,0.337868
2604.png,2,Commercial,0.5924,0.845493,0.6153,0.306825,0.749632
2604.png,0,Apartment,0.5493,0.414114,0.614343,0.475141,0.737282
2611.png,3,Residential,0.8675,0.511059,0.520398,0.442328,0.390082
2611.png,3,Residential,0.7534,0.469829,0.061945,0.351914,0.123891
2611.png,3,Residential,0.5497,0.897622,0.276698,0.203562,0.338172
2615.png,2,Commercial,0.8209,0.559084,0.877452,0.671276,0.245095
2620.png,3,Residential,0.8242,0.564681,0.887751,0.246026,0.224498
2658.png,3,Residential,0.8532,0.479172,0.498524,0.39277,0.349174
2658.png,3,Residential,0.6658,0.879893,0.462872,0.240214,0.329389
2666.png,3,Residential,0.8268,0.939459,0.856372,0.121081,0.287256
2666.png,3,Residential,0.7525,0.78566,0.500766,0.42868,0.377959
2669.png,3,Residential,0.8547,0.895798,0.450778,0.208405,0.49504
2669.png,3,Residential,0.8118,0.097039,0.467461,0.194078,0.452432
2669.png,3,Residential,0.8022,0.523027,0.52698,0.493154,0.364619
2683.png,3,Residential,0.9004,0.442443,0.517082,0.400139,0.426002
2683.png,3,Residential,0.8349,0.39558,0.084722,0.51868,0.169444
2683.png,3,Residential,0.8185,0.363466,0.896385,0.457696,0.207229
2696.png,3,Residential,0.7764,0.4928,0.50995,0.506987,0.438069
2706.png,3,Residential,0.8151,0.495612,0.502736,0.513244,0.427742
2706.png,3,Residential,0.782,0.834511,0.180697,0.320172,0.360876
2706.png,1,Church,0.6969,0.723447,0.904987,0.520239,0.186252
2706.png,0,Apartment,0.6027,0.097856,0.428652,0.195713,0.544625
2706.png,1,Church,0.5968,0.21145,0.897192,0.418007,0.205309
2715.png,3,Residential,0.8955,0.867823,0.535574,0.254897,0.305744
2715.png,3,Residential,0.8111,0.874181,0.141544,0.251639,0.283088
2715.png,3,Residential,0.5691,0.59808,0.856861,0.803839,0.286277
2727.png,3,Residential,0.8384,0.453241,0.436497,0.339578,0.381415
2727.png,3,Residential,0.6817,0.113493,0.934928,0.226344,0.130145
2740.png,3,Residential,0.8961,0.510674,0.517948,0.421324,0.509019
2749.png,3,Residential,0.8551,0.800147,0.825696,0.399705,0.348608
276.png,3,Residential,0.8949,0.503942,0.504722,0.499957,0.561669
276.png,3,Residential,0.8926,0.376947,0.494123,0.753894,0.593565
2760.png,3,Residential,0.7226,0.942684,0.392847,0.114633,0.284268
2760.png,3,Residential,0.5068,0.535789,0.905033,0.366029,0.189934
2765.png,3,Residential,0.8131,0.123876,0.503967,0.245024,0.428145
2765.png,3,Residential,0.7956,0.416294,0.846806,0.263037,0.306389
2765.png,3,Residential,0.7002,0.834331,0.659173,0.296337,0.660831
2801.png,3,Residential,0.9037,0.498419,0.52853,0.523236,0.327063
2801.png,3,Residential,0.7437,0.66351,0.888191,0.227016,0.223618
2809.png,3,Residential,0.8112,0.462336,0.526515,0.389052,0.350575
2825.png,2,Commercial,0.8163,0.499972,0.086307,0.488552,0.172614
2825.png,2,Commercial,0.7927,0.491893,0.514343,0.508214,0.241598
2825.png,2,Commercial,0.6856,0.865579,0.092904,0.265259,0.185807
2825.png,2,Commercial,0.6717,0.115703,0.082619,0.227752,0.165238
2836.png,2,Commercial,0.6709,0.475439,0.507435,0.51303,0.714458
2842.png,3,Residential,0.8051,0.697919,0.511773,0.604163,0.205953
2860.png,3,Residential,0.8532,0.423363,0.493629,0.409413,0.424606
2885.png,3,Residential,0.918,0.471403,0.530068,0.471851,0.353042
2885.png,3,Residential,0.792,0.87044,0.493366,0.255486,0.329214
2885.png,3,Residential,0.6738,0.098469,0.491309,0.196938,0.369261
2886.png,3,Residential,0.9323,0.479952,0.52363,0.448638,0.500324
2886.png,3,Residential,0.8521,0.408422,0.925709,0.42506,0.148582
2892.png,3,Residential,0.9672,0.508706,0.510343,0.543623,0.560327
2892.png,3,Residential,0.6362,0.53289,0.9527,0.417402,0.094162
2892.png,3,Residential,0.562,0.07323,0.325731,0.146459,0.503344
2893.png,3,Residential,0.8878,0.496779,0.493239,0.489174,0.437201
2893.png,3,Residential,0.5324,0.057708,0.62468,0.112764,0.535504
2895.png,3,Residential,0.5858,0.439662,0.219566,0.417616,0.439132
2901.png,3,Residential,0.8844,0.481045,0.517306,0.348216,0.32895
2901.png,2,Commercial,0.8622,0.81789,0.897788,0.361918,0.204425
2917.png,2,Commercial,0.5047,0.496867,0.443272,0.681606,0.791397
2930.png,3,Residential,0.9207,0.444942,0.877871,0.538838,0.244258
2930.png,3,Residential,0.8853,0.506276,0.514318,0.457297,0.414526
2939.png,3,Residential,0.8667,0.478278,0.511117,0.368357,0.446855
2939.png,3,Residential,0.8621,0.237109,0.8955,0.474219,0.208999
2939.png,3,Residential,0.8103,0.086868,0.37273,0.173737,0.491297
2939.png,3,Residential,0.788,0.929589,0.894771,0.140822,0.210458
2939.png,3,Residential,0.6209,0.874192,0.484278,0.241226,0.473459
2940.png,2,Commercial,0.7978,0.445468,0.467602,0.35304,0.73474
2963.png,2,Commercial,0.6637,0.121039,0.612368,0.242079,0.687343
2976.png,3,Residential,0.8883,0.085569,0.538047,0.169988,0.473194
2976.png,3,Residential,0.8693,0.452379,0.524491,0.349348,0.464378
2976.png,3,Residential,0.8645,0.843053,0.601303,0.313894,0.500655
2978.png,2,Commercial,0.8954,0.49401,0.514534,0.685954,0.567759
3005.png,3,Residential,0.9446,0.516714,0.504189,0.49615,0.426929
3027.png,3,Residential,0.8354,0.143407,0.794872,0.283641,0.410256
3027.png,3,Residential,0.7183,0.472714,0.537756,0.478834,0.381314
3091.png,3,Residential,0.6914,0.461439,0.862876,0.326726,0.274249
3108.png,3,Residential,0.95,0.451233,0.539823,0.475945,0.408396
3114.png,3,Residential,0.8095,0.119537,0.872348,0.235359,0.255304
3114.png,3,Residential,0.8026,0.489219,0.513181,0.550226,0.553052
3116.png,3,Residential,0.6589,0.454944,0.505642,0.399988,0.324265
3127.png,2,Commercial,0.7218,0.49192,0.513874,0.304769,0.267807
3129.png,3,Residential,0.7771,0.497618,0.503526,0.411249,0.309112
314.png,3,Residential,0.5838,0.732293,0.643652,0.525137,0.712696
3140.png,3,Residential,0.9435,0.490794,0.527382,0.46214,0.324305
3140.png,3,Residential,0.8386,0.098059,0.389848,0.195027,0.500675
3140.png,3,Residential,0.8383,0.900989,0.498833,0.198023,0.48526
3147.png,3,Residential,0.7044,0.073775,0.564054,0.14755,0.410328
3150.png,2,Commercial,0.9201,0.480971,0.501887,0.481627,0.571846
3179.png,2,Commercial,0.8688,0.495982,0.487324,0.720997,0.37707
3179.png,2,Commercial,0.6039,0.943726,0.50554,0.108273,0.399517
3189.png,3,Residential,0.6762,0.509926,0.514956,0.346842,0.365384
3198.png,3,Residential,0.9315,0.493026,0.5287,0.512584,0.458124
3198.png,3,Residential,0.7772,0.896119,0.5139,0.207761,0.459376
32.png,3,Residential,0.7372,0.050203,0.465724,0.100406,0.430008
32.png,3,Residential,0.7256,0.859394,0.552332,0.27969,0.287778
32.png,3,Residential,0.5548,0.502402,0.486376,0.448591,0.545348
3216.png,3,Residential,0.9129,0.231017,0.69833,0.453867,0.590221
3216.png,3,Residential,0.8239,0.775145,0.558251,0.44971,0.319873
3228.png,3,Residential,0.8314,0.415796,0.56086,0.433312,0.532104
3228.png,3,Residential,0.6809,0.080434,0.516525,0.160867,0.450687
3259.png,2,Commercial,0.7884,0.447831,0.441035,0.887108,0.88089
3265.png,3,Residential,0.6978,0.570791,0.530836,0.438904,0.326674
3265.png,3,Residential,0.6739,0.138271,0.531051,0.271469,0.294971
3275.png,3,Residential,0.9168,0.39213,0.653407,0.784259,0.631905
3291.png,3,Residential,0.8072,0.427249,0.862867,0.300945,0.274266
3291.png,0,Apartment,0.6858,0.48208,0.443231,0.401981,0.886461
3291.png,3,Residential,0.5915,0.105766,0.142551,0.211532,0.285102
3291.png,0,Apartment,0.5842,0.467066,0.597833,0.344362,0.804334
3294.png,3,Residential,0.8947,0.857915,0.528733,0.284171,0.460502
3294.png,2,Commercial,0.8312,0.092245,0.644889,0.182111,0.430985
3294.png,1,Church,0.8052,0.458891,0.507481,0.495309,0.466566
3294.png,0,Apartment,0.5475,0.461491,0.512928,0.502396,0.472017
3306.png,3,Residential,0.6295,0.527747,0.485631,0.399753,0.374318
3316.png,3,Residential,0.8324,0.491804,0.521423,0.361404,0.456327
3323.png,3,Residential,0.8267,0.894439,0.942846,0.211123,0.114308
3323.png,3,Residential,0.7514,0.397976,0.945218,0.376927,0.107016
333.png,3,Residential,0.7978,0.472539,0.464516,0.509574,0.422792
333.png,3,Residential,0.5982,0.876039,0.477647,0.246867,0.447388
3332.png,3,Residential,0.8896,0.495974,0.491246,0.574237,0.364872
3351.png,3,Residential,0.9001,0.485343,0.544378,0.362365,0.436176
3351.png,3,Residential,0.7688,0.863977,0.543684,0.272047,0.39911
3373.png,3,Residential,0.8926,0.461218,0.161398,0.468446,0.322796
3373.png,3,Residential,0.8185,0.496794,0.552262,0.421633,0.388454
3373.png,3,Residential,0.5841,0.537556,0.95422,0.386113,0.091559
3390.png,0,Apartment,0.8283,0.458844,0.872755,0.574587,0.245296
3390.png,3,Residential,0.7311,0.597515,0.513788,0.203883,0.373099
3396.png,3,Residential,0.832,0.781106,0.895179,0.437789,0.204348
3405.png,0,Apartment,0.7871,0.061826,0.559677,0.123651,0.603168
341.png,3,Residential,0.9004,0.471179,0.531198,0.553126,0.439023
341.png,3,Residential,0.5522,0.143038,0.098809,0.284271,0.197618
3421.png,3,Residential,0.9256,0.491924,0.493434,0.441204,0.470674
3428.png,0,Apartment,0.7407,0.283667,0.137271,0.260536,0.062389
3428.png,0,Apartment,0.722,0.749038,0.268929,0.265917,0.326358
3428.png,2,Commercial,0.5945,0.512572,0.71196,0.808631,0.310177
3428.png,2,Commercial,0.5082,0.749549,0.268213,0.262455,0.334536
3434.png,3,Residential,0.8993,0.480218,0.524243,0.44037,0.349864
3434.png,3,Residential,0.7804,0.467449,0.20412,0.36588,0.24405
3434.png,3,Residential,0.5881,0.516044,0.932053,0.595036,0.135894
3442.png,3,Residential,0.9154,0.476037,0.517875,0.455235,0.420369
3442.png,3,Residential,0.6551,0.588197,0.098896,0.330584,0.197595
3464.png,3,Residential,0.8843,0.487198,0.528062,0.47765,0.424483
3464.png,3,Residential,0.7006,0.082418,0.439249,0.16159,0.448912
3486.png,3,Residential,0.9091,0.490409,0.526034,0.496751,0.459659
3486.png,3,Residential,0.6816,0.942274,0.287653,0.115453,0.564787
3516.png,3,Residential,0.8471,0.782892,0.131866,0.346034,0.263732
3516.png,3,Residential,0.6841,0.473242,0.524856,0.370016,0.358795
3516.png,3,Residential,0.6234,0.883214,0.627548,0.230034,0.358458
3538.png,2,Commercial,0.665,0.49416,0.520121,0.412057,0.473011
3538.png,2,Commercial,0.5437,0.495366,0.63458,0.416815,0.704391
3542.png,3,Residential,0.8598,0.520446,0.505851,0.476606,0.299047
3542.png,3,Residential,0.7968,0.948166,0.525327,0.102545,0.322905
3542.png,3,Residential,0.5596,0.076761,0.455687,0.153522,0.515874
3562.png,3,Residential,0.6123,0.512139,0.470612,0.772616,0.659072
3568.png,3,Residential,0.859,0.486517,0.536091,0.425577,0.363497
3568.png,3,Residential,0.6648,0.52829,0.106021,0.628893,0.212041
3568.png,3,Residential,0.6284,0.360185,0.93037,0.381929,0.139259
3602.png,3,Residential,0.7719,0.461253,0.514816,0.542625,0.581625
3602.png,3,Residential,0.6223,0.95488,0.374933,0.089387,0.250078
361.png,3,Residential,0.6466,0.468087,0.56524,0.595235,0.641597
361.png,3,Residential,0.5072,0.050671,0.09057,0.100305,0.18114
3614.png,3,Residential,0.7794,0.072156,0.862008,0.144311,0.260917
3614.png,3,Residential,0.5661,0.917684,0.62419,0.164631,0.504408
3623.png,3,Residential,0.7615,0.111794,0.47215,0.223588,0.529362
3623.png,3,Residential,0.6006,0.566677,0.904191,0.344047,0.187786
3624.png,3,Residential,0.9039,0.85699,0.527542,0.276908,0.453318
3624.png,3,Residential,0.8143,0.815566,0.893757,0.368868,0.212436
3624.png,3,Residential,0.7735,0.458162,0.505167,0.358153,0.46949
3638.png,3,Residential,0.8081,0.424976,0.530405,0.292651,0.439591
3643.png,3,Residential,0.6752,0.463486,0.544152,0.317776,0.327038
3660.png,3,Residential,0.5932,0.450902,0.852616,0.361221,0.291309
3663.png,3,Residential,0.8576,0.439703,0.14401,0.431255,0.288021
3663.png,3,Residential,0.7349,0.457756,0.935902,0.307454,0.128195
3663.png,3,Residential,0.6459,0.470346,0.594869,0.327885,0.479192
3673.png,3,Residential,0.8454,0.509543,0.500436,0.412078,0.485904
3673.png,3,Residential,0.8349,0.092535,0.603229,0.184925,0.357749
3676.png,2,Commercial,0.8316,0.464007,0.522143,0.374139,0.575533
3677.png,2,Commercial,0.7329,0.538135,0.495004,0.586473,0.683705
3677.png,2,Commercial,0.6683,0.501005,0.336644,0.659899,0.348444
3679.png,3,Residential,0.8104,0.104346,0.384071,0.208691,0.576453
3679.png,3,Residential,0.5002,0.491112,0.490175,0.40652,0.3118
3690.png,3,Residential,0.8652,0.492647,0.506373,0.349824,0.41233
3690.png,3,Residential,0.7302,0.503778,0.892334,0.444407,0.214881
3690.png,3,Residential,0.6641,0.534409,0.10328,0.428402,0.205663
3699.png,3,Residential,0.8254,0.425658,0.514708,0.482171,0.23711
3699.png,3,Residential,0.7796,0.434866,0.370514,0.488443,0.488888
3699.png,3,Residential,0.5973,0.421971,0.309085,0.458521,0.344435
3721.png,3,Residential,0.9153,0.469985,0.479205,0.562514,0.540595
3722.png,3,Residential,0.8436,0.907258,0.483534,0.185484,0.486633
3722.png,3,Residential,0.7433,0.486764,0.535568,0.461215,0.400443
3724.png,3,Residential,0.8278,0.247392,0.890201,0.415558,0.219228
3724.png,3,Residential,0.8246,0.463098,0.514676,0.490286,0.514084
3732.png,3,Residential,0.8622,0.83957,0.525366,0.32086,0.272026
3732.png,3,Residential,0.8234,0.461457,0.516816,0.29623,0.341395
3739.png,3,Residential,0.7654,0.686229,0.560946,0.386044,0.425368
3752.png,3,Residential,0.8709,0.916953,0.533813,0.165802,0.528755
3752.png,3,Residential,0.6856,0.460005,0.525395,0.563595,0.338146
3757.png,3,Residential,0.91,0.133197,0.188313,0.264755,0.376626
3757.png,3,Residential,0.8634,0.909406,0.799722,0.181188,0.400556
3757.png,3,Residential,0.5828,0.860476,0.098617,0.234925,0.197234
3769.png,3,Residential,0.849,0.814308,0.583802,0.36091,0.339156
3769.png,3,Residential,0.7491,0.447839,0.509435,0.230877,0.457917
3775.png,2,Commercial,0.9215,0.510263,0.510905,0.635239,0.459765
3779.png,3,Residential,0.7207,0.511947,0.512323,0.406354,0.414952
3793.png,3,Residential,0.6995,0.406299,0.499438,0.395788,0.368613
3798.png,3,Residential,0.6152,0.482618,0.520258,0.323121,0.426576
380.png,3,Residential,0.8776,0.481496,0.875473,0.441727,0.249055
380.png,3,Residential,0.8316,0.489377,0.096463,0.382838,0.192884
380.png,3,Residential,0.8168,0.474365,0.454171,0.464846,0.42652
3809.png,3,Residential,0.8041,0.425161,0.483695,0.438378,0.380564
3809.png,3,Residential,0.7484,0.889764,0.457302,0.220473,0.461664
3841.png,3,Residential,0.8138,0.475806,0.552086,0.491667,0.493466
3851.png,3,Residential,0.5411,0.6115,0.870731,0.376358,0.258539
3851.png,3,Residential,0.5236,0.926561,0.547351,0.146879,0.607708
3852.png,3,Residential,0.8097,0.437448,0.505136,0.584181,0.418791
3852.png,3,Residential,0.6826,0.079873,0.716718,0.159745,0.446652
3852.png,3,Residential,0.5794,0.745088,0.096027,0.339935,0.191953
3884.png,3,Residential,0.8213,0.46907,0.502812,0.41534,0.383123
3884.png,3,Residential,0.8203,0.55528,0.126127,0.485012,0.25075
3899.png,2,Commercial,0.8574,0.554626,0.417389,0.890748,0.795258
3899.png,2,Commercial,0.5869,0.862707,0.404455,0.274059,0.80891
3907.png,3,Residential,0.7647,0.512672,0.519681,0.412305,0.45774
3907.png,3,Residential,0.6125,0.915675,0.491336,0.16865,0.39268
392.png,3,Residential,0.9854,0.470185,0.539799,0.527057,0.541312
3948.png,3,Residential,0.8421,0.478665,0.494116,0.356179,0.404803
3948.png,3,Residential,0.7431,0.502681,0.893777,0.319679,0.212446
3948.png,3,Residential,0.5608,0.441118,0.11195,0.366389,0.223866
3959.png,2,Commercial,0.9837,0.589564,0.440989,0.820872,0.749282
3972.png,3,Residential,0.8286,0.336665,0.351929,0.527325,0.672229
3979.png,3,Residential,0.9191,0.480486,0.497947,0.495432,0.334315
3979.png,2,Commercial,0.6242,0.481736,0.794626,0.50776,0.18647
3997.png,3,Residential,0.8365,0.497302,0.521991,0.375859,0.474763
3997.png,3,Residential,0.565,0.427193,0.935948,0.367752,0.127966
3999.png,3,Residential,0.9398,0.500529,0.507734,0.473148,0.460046
4007.png,3,Residential,0.632,0.480328,0.514287,0.339702,0.455134
4007.png,3,Residential,0.5518,0.441283,0.108576,0.480932,0.217151
4016.png,3,Residential,0.5235,0.771982,0.379284,0.395214,0.722896
4022.png,0,Apartment,0.5174,0.649237,0.094291,0.701527,0.188583
4026.png,3,Residential,0.7875,0.099144,0.508306,0.198287,0.360822
4026.png,0,Apartment,0.755,0.485934,0.517574,0.521897,0.381102
4026.png,0,Apartment,0.5816,0.104711,0.81778,0.209421,0.221224
4036.png,3,Residential,0.801,0.087569,0.487589,0.175138,0.351725
4036.png,3,Residential,0.746,0.480633,0.513636,0.476891,0.353995
4050.png,3,Residential,0.8387,0.881236,0.51541,0.235888,0.484007
4050.png,3,Residential,0.8194,0.519009,0.503484,0.429833,0.351855
4056.png,3,Residential,0.8774,0.645264,0.906814,0.603935,0.18436
4056.png,3,Residential,0.7422,0.487401,0.50163,0.368532,0.444663
4071.png,3,Residential,0.9274,0.392358,0.87051,0.528256,0.25898
4071.png,3,Residential,0.6852,0.4968,0.37402,0.356679,0.601908
4080.png,3,Residential,0.7857,0.433592,0.656734,0.449811,0.583224
4089.png,0,Apartment,0.5975,0.510406,0.49175,0.487123,0.7796
4099.png,3,Residential,0.6947,0.524814,0.519768,0.558719,0.201973
41.png,3,Residential,0.8757,0.463167,0.497043,0.539414,0.531156
41.png,3,Residential,0.7534,0.092678,0.371208,0.185356,0.413981
4103.png,3,Residential,0.8855,0.497303,0.527112,0.407181,0.481352
4103.png,3,Residential,0.8359,0.483453,0.906351,0.370011,0.187298
4103.png,3,Residential,0.8304,0.515415,0.110302,0.385645,0.220513
4110.png,3,Residential,0.8385,0.418773,0.49138,0.449871,0.502919
4110.png,3,Residential,0.5026,0.870752,0.519485,0.258496,0.322793
4117.png,2,Commercial,0.7519,0.501518,0.516784,0.538012,0.227316
4127.png,3,Residential,0.8885,0.486854,0.514842,0.44254,0.401694
4127.png,3,Residential,0.5817,0.438046,0.133383,0.317439,0.266765
4136.png,3,Residential,0.8715,0.468018,0.508978,0.316686,0.368241
414.png,3,Residential,0.6859,0.498101,0.918111,0.383312,0.163779
4196.png,3,Residential,0.8996,0.447789,0.52079,0.499188,0.435632
4196.png,3,Residential,0.8769,0.893639,0.53044,0.212722,0.437224
4196.png,3,Residential,0.5932,0.885862,0.964649,0.228276,0.070701
4212.png,3,Residential,0.8155,0.540466,0.503334,0.393193,0.325054
4212.png,3,Residential,0.5224,0.900991,0.507679,0.198018,0.346653
4216.png,3,Residential,0.855,0.147599,0.504552,0.294512,0.413594
4216.png,3,Residential,0.8351,0.504901,0.52117,0.420689,0.405273
4251.png,0,Apartment,0.5976,0.465315,0.585052,0.657383,0.801273
4267.png,3,Residential,0.8613,0.547935,0.508929,0.464104,0.473517
4267.png,3,Residential,0.5563,0.503477,0.965006,0.312868,0.069988
4284.png,3,Residential,0.9641,0.484505,0.429303,0.559176,0.479592
4293.png,3,Residential,0.8762,0.445479,0.462103,0.314926,0.314635
4293.png,3,Residential,0.835,0.477036,0.885737,0.338523,0.227885
4293.png,3,Residential,0.7946,0.531218,0.080959,0.42635,0.161918
4317.png,3,Residential,0.6824,0.480949,0.510099,0.383435,0.341875
4322.png,3,Residential,0.8579,0.098418,0.384549,0.196837,0.41665
4322.png,3,Residential,0.8371,0.466515,0.51839,0.4763,0.294164
4322.png,3,Residential,0.596,0.884961,0.448466,0.227587,0.494803
4324.png,3,Residential,0.8765,0.515419,0.5361,0.322793,0.338003
435.png,3,Residential,0.8397,0.517654,0.490699,0.390619,0.384603
435.png,3,Residential,0.7776,0.077157,0.496608,0.154314,0.350182
4360.png,3,Residential,0.8213,0.464199,0.55845,0.407451,0.430511
4360.png,3,Residential,0.8139,0.8944,0.569237,0.2112,0.405834
4360.png,3,Residential,0.5098,0.352909,0.139736,0.341709,0.279473
4361.png,3,Residential,0.7077,0.504029,0.510918,0.368117,0.335817
4361.png,3,Residential,0.6708,0.06835,0.901455,0.136098,0.197089
4361.png,3,Residential,0.5154,0.060101,0.685144,0.117379,0.216282
438.png,3,Residential,0.6554,0.494861,0.532339,0.350814,0.282862
4415.png,3,Residential,0.9457,0.501564,0.447939,0.435206,0.569816
4415.png,3,Residential,0.6696,0.464457,0.11362,0.496971,0.22724
4416.png,3,Residential,0.8172,0.56724,0.901609,0.38913,0.196783
4417.png,3,Residential,0.9181,0.481932,0.518749,0.468251,0.307673
4425.png,3,Residential,0.685,0.600145,0.85647,0.257525,0.28706
4425.png,1,Church,0.5302,0.090158,0.626423,0.180316,0.661293
4425.png,3,Residential,0.5274,0.4846,0.513177,0.479928,0.358559
4432.png,0,Apartment,0.63,0.627576,0.137853,0.671697,0.275706
4432.png,3,Residential,0.5607,0.930099,0.507956,0.139123,0.28105
4441.png,0,Apartment,0.9666,0.462264,0.487292,0.664551,0.702586
4441.png,0,Apartment,0.8712,0.7139,0.089062,0.5722,0.176944
4460.png,3,Residential,0.8061,0.47378,0.618783,0.482669,0.502078
4460.png,3,Residential,0.5176,0.892612,0.493927,0.214776,0.425395
4477.png,3,Residential,0.8471,0.559117,0.119623,0.579348,0.239246
4477.png,3,Residential,0.6614,0.455155,0.442915,0.392226,0.296262
4480.png,3,Residential,0.8357,0.466071,0.487671,0.510294,0.322152
4491.png,3,Residential,0.8289,0.510656,0.549772,0.45746,0.498735
4491.png,3,Residential,0.717,0.932077,0.497533,0.135665,0.297502
4491.png,3,Residential,0.6768,0.926827,0.892899,0.146345,0.21375
4500.png,3,Residential,0.8414,0.881331,0.784464,0.228829,0.420179
453.png,3,Residential,0.8906,0.49878,0.516895,0.517757,0.457281
453.png,3,Residential,0.8485,0.097273,0.611132,0.194546,0.344017
453.png,3,Residential,0.8184,0.895865,0.568591,0.202716,0.373257
4530.png,3,Residential,0.9233,0.472846,0.636118,0.585387,0.700642
4530.png,3,Residential,0.6597,0.463381,0.831196,0.584218,0.291598
4553.png,3,Residential,0.8285,0.464423,0.532453,0.379268,0.397405
4562.png,3,Residential,0.8747,0.51074,0.508298,0.335439,0.468394
4578.png,3,Residential,0.8909,0.495456,0.543258,0.387122,0.517755
4578.png,3,Residential,0.702,0.175636,0.938854,0.351272,0.120728
458.png,3,Residential,0.8897,0.498908,0.569527,0.42841,0.413249
458.png,3,Residential,0.7595,0.108744,0.574944,0.217489,0.456836
459.png,3,Residential,0.8408,0.520974,0.522166,0.561881,0.509372
459.png,3,Residential,0.5831,0.895469,0.762428,0.206886,0.313107
4590.png,3,Residential,0.8358,0.451972,0.437401,0.373739,0.820233
4597.png,3,Residential,0.8562,0.485528,0.510334,0.401641,0.453367
4598.png,2,Commercial,0.9311,0.484394,0.50649,0.567895,0.582072
4611.png,3,Residential,0.7781,0.957206,0.627893,0.085588,0.41066
4611.png,3,Residential,0.5999,0.426683,0.564962,0.561424,0.459581
4611.png,3,Residential,0.593,0.595912,0.531159,0.185707,0.365641
4611.png,3,Residential,0.5005,0.336881,0.57735,0.358164,0.473963
4614.png,3,Residential,0.8644,0.550466,0.8837,0.348827,0.2326
4614.png,3,Residential,0.7307,0.538926,0.473956,0.320732,0.371146
4619.png,3,Residential,0.7245,0.450274,0.926875,0.521691,0.14625
4619.png,3,Residential,0.6979,0.470501,0.487442,0.526153,0.484707
4630.png,3,Residential,0.8447,0.364672,0.466489,0.390424,0.323857
4630.png,3,Residential,0.8396,0.202243,0.138123,0.190001,0.253679
4630.png,0,Apartment,0.6003,0.925469,0.064787,0.145039,0.129574
4630.png,3,Residential,0.5586,0.405109,0.072394,0.192324,0.144789
4639.png,3,Residential,0.7518,0.476313,0.539686,0.342329,0.400852
4639.png,3,Residential,0.5751,0.460961,0.657679,0.344147,0.644563
4646.png,1,Church,0.5413,0.07956,0.48535,0.159119,0.391106
4646.png,0,Apartment,0.5225,0.568163,0.654766,0.863674,0.645425
4650.png,2,Commercial,0.8179,0.527858,0.252231,0.944284,0.504462
4662.png,3,Residential,0.8822,0.482793,0.519182,0.451579,0.401514
4662.png,3,Residential,0.571,0.487531,0.904285,0.393591,0.191429
4667.png,3,Residential,0.9292,0.485242,0.512718,0.390606,0.535021
4667.png,3,Residential,0.7224,0.513047,0.916125,0.295998,0.167751
4667.png,3,Residential,0.6946,0.441772,0.071745,0.447357,0.14349
4671.png,3,Residential,0.5376,0.180402,0.778838,0.351239,0.387835
4710.png,3,Residential,0.7712,0.44804,0.507378,0.415219,0.549748
4710.png,0,Apartment,0.5989,0.463934,0.092402,0.401081,0.184749
4723.png,3,Residential,0.9339,0.546492,0.518915,0.528681,0.510017
4753.png,3,Residential,0.866,0.415895,0.510231,0.53792,0.453856
478.png,3,Residential,0.7315,0.29015,0.672693,0.5803,0.654613
4782.png,3,Residential,0.8701,0.905909,0.579454,0.185098,0.414499
4782.png,3,Residential,0.8659,0.49887,0.503325,0.358415,0.418585
4782.png,3,Residential,0.8018,0.126255,0.493516,0.250188,0.410028
4786.png,3,Residential,0.8599,0.452491,0.517309,0.440513,0.549028
4786.png,3,Residential,0.7261,0.486717,0.945358,0.326903,0.109283
481.png,3,Residential,0.8997,0.472348,0.521067,0.482127,0.607215
4819.png,3,Residential,0.8772,0.219738,0.647666,0.365931,0.463122
4819.png,3,Residential,0.8275,0.901841,0.155829,0.196317,0.311658
4819.png,3,Residential,0.5811,0.952166,0.878401,0.095668,0.243198
4827.png,3,Residential,0.8842,0.492341,0.529007,0.462726,0.299965
4831.png,3,Residential,0.9138,0.530259,0.52114,0.415557,0.481309
4831.png,3,Residential,0.6817,0.946383,0.508266,0.107235,0.456482
4848.png,3,Residential,0.9511,0.4216,0.465979,0.360847,0.5017
4848.png,3,Residential,0.7733,0.91244,0.477652,0.175119,0.583116
4865.png,3,Residential,0.9069,0.531774,0.097557,0.468974,0.194657
4865.png,3,Residential,0.8829,0.606036,0.901892,0.659035,0.190661
4865.png,3,Residential,0.817,0.484684,0.526019,0.326703,0.372108
4878.png,3,Residential,0.6087,0.461704,0.510396,0.390584,0.351159
4883.png,3,Residential,0.7903,0.670515,0.945008,0.645904,0.10969
4903.png,2,Commercial,0.885,0.645246,0.230475,0.691549,0.460949
492.png,3,Residential,0.907,0.16847,0.895154,0.33694,0.209691
492.png,3,Residential,0.8956,0.727471,0.870613,0.477799,0.258774
4920.png,3,Residential,0.7864,0.496739,0.097195,0.428782,0.194389
4920.png,0,Apartment,0.7339,0.081666,0.897019,0.163333,0.202608
4920.png,0,Apartment,0.6432,0.486245,0.503817,0.43152,0.562785
4920.png,3,Residential,0.6421,0.481507,0.506838,0.430885,0.576487
4920.png,0,Apartment,0.5866,0.487557,0.898047,0.469598,0.203905
4923.png,3,Residential,0.7308,0.504628,0.610213,0.340583,0.523565
4938.png,3,Residential,0.7133,0.906709,0.450416,0.186583,0.373245
4939.png,3,Residential,0.856,0.492433,0.541512,0.461717,0.436586
4939.png,3,Residential,0.8005,0.821043,0.112068,0.357915,0.224137
4984.png,3,Residential,0.593,0.928182,0.577039,0.143635,0.636459
4987.png,2,Commercial,0.5581,0.526954,0.611151,0.654676,0.487701
4987.png,0,Apartment,0.5114,0.691178,0.05191,0.253745,0.103819
500.png,3,Residential,0.882,0.502153,0.498361,0.537618,0.727578
500.png,3,Residential,0.6885,0.078219,0.631339,0.156439,0.220415
5006.png,3,Residential,0.8047,0.868131,0.606141,0.263739,0.394733
5006.png,3,Residential,0.6625,0.470631,0.527403,0.395038,0.435441
501.png,3,Residential,0.8418,0.496849,0.504659,0.522867,0.481274
501.png,3,Residential,0.8317,0.11338,0.48098,0.225092,0.461818
501.png,3,Residential,0.554,0.921998,0.433288,0.15177,0.629651
5017.png,3,Residential,0.7389,0.911364,0.406938,0.177273,0.566874
5017.png,3,Residential,0.5174,0.326198,0.414888,0.638764,0.536437
5036.png,3,Residential,0.9534,0.482839,0.509047,0.476722,0.365049
5036.png,3,Residential,0.901,0.846721,0.842969,0.273502,0.314062
5037.png,3,Residential,0.6379,0.491734,0.529797,0.427704,0.314272
5037.png,3,Residential,0.5115,0.529354,0.921201,0.33613,0.157599
5039.png,3,Residential,0.9108,0.479423,0.52136,0.493181,0.326024
5044.png,3,Residential,0.6606,0.50444,0.514801,0.513509,0.414788
5048.png,3,Residential,0.8837,0.362387,0.500236,0.633269,0.525379
5048.png,1,Church,0.5944,0.366624,0.495026,0.661337,0.506604
5048.png,3,Residential,0.5271,0.797109,0.923468,0.361796,0.152237
5066.png,2,Commercial,0.8914,0.478322,0.500305,0.697017,0.507857
5073.png,3,Residential,0.8655,0.470174,0.875798,0.53467,0.248405
5073.png,3,Residential,0.8123,0.49516,0.527519,0.407654,0.422369
5073.png,3,Residential,0.5842,0.498001,0.641109,0.426666,0.664419
5093.png,3,Residential,0.8996,0.471723,0.514954,0.498941,0.520938
5093.png,3,Residential,0.8821,0.908579,0.752384,0.182842,0.481823
5095.png,3,Residential,0.8291,0.479558,0.533886,0.365577,0.346444
5127.png,3,Residential,0.7583,0.910459,0.564859,0.179083,0.432151
5127.png,3,Residential,0.6811,0.469065,0.531184,0.318845,0.511163
5127.png,3,Residential,0.5231,0.330905,0.634307,0.122616,0.17529
5132.png,0,Apartment,0.7194,0.494676,0.517593,0.541956,0.379284
5134.png,3,Residential,0.6708,0.794718,0.372535,0.374211,0.472367
5138.png,3,Residential,0.7969,0.482433,0.527946,0.564473,0.527679
5152.png,3,Residential,0.5728,0.422036,0.496106,0.458174,0.409899
5158.png,3,Residential,0.753,0.503888,0.519237,0.438629,0.490115
5158.png,3,Residential,0.675,0.488517,0.895777,0.412053,0.207897
516.png,3,Residential,0.8701,0.525069,0.505951,0.646345,0.473712
516.png,3,Residential,0.7322,0.881051,0.49024,0.237899,0.379354
5190.png,2,Commercial,0.893,0.484376,0.478619,0.513327,0.61687
5199.png,2,Commercial,0.9144,0.501779,0.492294,0.722809,0.427028
5230.png,2,Commercial,0.8428,0.589399,0.940089,0.745023,0.119822
5230.png,3,Residential,0.7966,0.433681,0.501294,0.427298,0.475963
5232.png,3,Residential,0.6361,0.875293,0.614545,0.249414,0.477607
5232.png,3,Residential,0.6035,0.05738,0.539431,0.113827,0.455875
5256.png,3,Residential,0.8089,0.901569,0.584251,0.189453,0.302302
5263.png,3,Residential,0.872,0.45745,0.509949,0.383845,0.42078
5263.png,3,Residential,0.8703,0.106232,0.483558,0.212463,0.422583
5263.png,3,Residential,0.8235,0.853611,0.549115,0.289683,0.352204
5263.png,3,Residential,0.7366,0.780122,0.091364,0.435283,0.182729
5265.png,3,Residential,0.8581,0.644625,0.772643,0.433901,0.438162
5265.png,3,Residential,0.7169,0.208586,0.205922,0.417171,0.349322
5270.png,3,Residential,0.6259,0.468525,0.517627,0.387531,0.489423
5281.png,3,Residential,0.9012,0.337873,0.504398,0.630401,0.382916
5281.png,3,Residential,0.8748,0.878892,0.510532,0.240862,0.388368
5282.png,0,Apartment,0.7817,0.503813,0.15552,0.384351,0.310576
5282.png,1,Church,0.5859,0.32951,0.686135,0.658502,0.62773
5300.png,3,Residential,0.7085,0.105802,0.526529,0.211605,0.448974
5300.png,3,Residential,0.5898,0.474455,0.498463,0.418883,0.44023
5300.png,3,Residential,0.516,0.888686,0.558306,0.222628,0.43928
5304.png,2,Commercial,0.9152,0.49302,0.455241,0.691475,0.52335
5315.png,3,Residential,0.9026,0.531601,0.497575,0.415974,0.359159
5328.png,3,Residential,0.9151,0.481274,0.554588,0.395766,0.375614
5328.png,3,Residential,0.7829,0.610891,0.92942,0.351334,0.140737
5341.png,3,Residential,0.8459,0.848703,0.734524,0.292203,0.363914
5341.png,3,Residential,0.7906,0.917871,0.370492,0.164257,0.262496
5341.png,3,Residential,0.7609,0.516216,0.919953,0.275297,0.160094
5369.png,3,Residential,0.7542,0.095935,0.408154,0.19187,0.402325
5369.png,3,Residential,0.6439,0.480337,0.590606,0.430854,0.601856
5386.png,3,Residential,0.9264,0.438134,0.454379,0.476718,0.389003
5389.png,3,Residential,0.8688,0.47203,0.560074,0.463512,0.409148
5389.png,3,Residential,0.7357,0.111294,0.393891,0.221697,0.34258
540.png,3,Residential,0.7824,0.506421,0.545784,0.551527,0.430035
540.png,3,Residential,0.5302,0.685812,0.835288,0.55762,0.329423
5407.png,3,Residential,0.9033,0.490979,0.506776,0.505308,0.360588
5407.png,3,Residential,0.8701,0.915309,0.495692,0.169071,0.409876
5407.png,3,Residential,0.5197,0.06666,0.60602,0.13332,0.650855
5419.png,3,Residential,0.9135,0.405132,0.547468,0.513479,0.378891
5419.png,3,Residential,0.8415,0.80986,0.397004,0.317511,0.533886
5436.png,3,Residential,0.9204,0.487289,0.514579,0.480304,0.407164
5436.png,3,Residential,0.6312,0.518017,0.078203,0.460121,0.155995
5466.png,3,Residential,0.855,0.468768,0.528308,0.387871,0.447963
5466.png,3,Residential,0.8396,0.076416,0.471166,0.152833,0.499678
5466.png,3,Residential,0.7117,0.881297,0.589573,0.237407,0.298696
5468.png,3,Residential,0.8582,0.441761,0.852107,0.381829,0.295786
5468.png,3,Residential,0.7035,0.63621,0.179026,0.38833,0.328331
5476.png,3,Residential,0.8971,0.49344,0.503507,0.40524,0.492078
5476.png,3,Residential,0.8334,0.858675,0.129114,0.280918,0.258229
548.png,3,Residential,0.8828,0.481376,0.516517,0.538759,0.50705
548.png,3,Residential,0.6931,0.894079,0.306613,0.211842,0.564222
548.png,3,Residential,0.6277,0.080064,0.547948,0.159698,0.364347
5483.png,3,Residential,0.6766,0.457769,0.496492,0.320552,0.429829
5483.png,3,Residential,0.6492,0.463257,0.107642,0.345849,0.21408
5483.png,3,Residential,0.583,0.581343,0.86198,0.595734,0.27604
5489.png,3,Residential,0.928,0.463038,0.506369,0.472976,0.437107
5489.png,3,Residential,0.5327,0.44258,0.096116,0.279744,0.192233
5490.png,2,Commercial,0.5758,0.476739,0.569892,0.684074,0.860217
5490.png,2,Commercial,0.5332,0.434614,0.699463,0.644487,0.229567
5494.png,3,Residential,0.8321,0.480126,0.501149,0.330265,0.374983
5494.png,3,Residential,0.7535,0.107324,0.477059,0.214648,0.384392
5500.png,3,Residential,0.7877,0.18817,0.1925,0.356357,0.385001
5500.png,3,Residential,0.7218,0.868975,0.091355,0.262051,0.18271
5500.png,3,Residential,0.5505,0.842012,0.527383,0.313341,0.451637
5500.png,3,Residential,0.5118,0.205255,0.710143,0.41051,0.568559
5503.png,3,Residential,0.891,0.445334,0.866111,0.372879,0.267778
5503.png,3,Residential,0.8368,0.884158,0.685324,0.227507,0.462525
5503.png,3,Residential,0.8133,0.519697,0.13766,0.458091,0.27532
5504.png,3,Residential,0.854,0.854647,0.708249,0.290706,0.579813
5504.png,3,Residential,0.8265,0.880262,0.179904,0.239476,0.359808
5519.png,2,Commercial,0.828,0.383562,0.504977,0.421546,0.783988
5523.png,3,Residential,0.9258,0.497853,0.505159,0.441593,0.539691
5523.png,3,Residential,0.7522,0.492901,0.06991,0.410234,0.139819
5523.png,3,Residential,0.6676,0.514882,0.902755,0.48388,0.192001
5528.png,3,Residential,0.8798,0.54255,0.870623,0.3127,0.258754
5528.png,3,Residential,0.8024,0.516596,0.500942,0.434518,0.351244
5530.png,3,Residential,0.5906,0.488495,0.532426,0.446552,0.425949
5544.png,3,Residential,0.9069,0.48574,0.454977,0.418298,0.388809
5544.png,3,Residential,0.8971,0.436415,0.861891,0.388659,0.276219
5546.png,3,Residential,0.5845,0.158899,0.290893,0.251083,0.362839
555.png,3,Residential,0.8988,0.472225,0.513735,0.507895,0.523944
555.png,3,Residential,0.8112,0.167677,0.781815,0.333578,0.398323
5551.png,3,Residential,0.8125,0.452901,0.534416,0.36168,0.307189
5587.png,2,Commercial,0.7666,0.48687,0.512645,0.737772,0.783553
5588.png,3,Residential,0.8468,0.450569,0.507655,0.41555,0.437774
5588.png,3,Residential,0.7553,0.848819,0.732954,0.302363,0.361154
5598.png,3,Residential,0.8795,0.502437,0.547522,0.334182,0.387361
5598.png,3,Residential,0.6565,0.673282,0.151185,0.304513,0.270683
5608.png,3,Residential,0.7679,0.802704,0.091475,0.295265,0.18295
5615.png,3,Residential,0.8368,0.49292,0.52738,0.412637,0.51644
5615.png,3,Residential,0.8123,0.491779,0.094172,0.391421,0.188345
5616.png,3,Residential,0.6933,0.470131,0.580979,0.366323,0.426943
5616.png,3,Residential,0.5666,0.571126,0.027119,0.348565,0.054238
562.png,3,Residential,0.8541,0.472095,0.506968,0.498161,0.6057
5621.png,3,Residential,0.7838,0.494628,0.444762,0.553808,0.302532
5621.png,3,Residential,0.7005,0.881323,0.438091,0.135496,0.281844
564.png,3,Residential,0.8834,0.507541,0.564423,0.590906,0.511041
564.png,3,Residential,0.711,0.597388,0.570191,0.805225,0.546225
5644.png,3,Residential,0.7249,0.919753,0.436933,0.160494,0.546025
5644.png,3,Residential,0.5976,0.035733,0.380869,0.071004,0.576759
5652.png,0,Apartment,0.5706,0.472793,0.486894,0.677549,0.486512
5652.png,1,Church,0.5426,0.489868,0.882866,0.729261,0.167747
5652.png,1,Church,0.5422,0.485038,0.487885,0.669408,0.49405
5656.png,2,Commercial,0.6175,0.504766,0.503861,0.407295,0.373862
5681.png,3,Residential,0.8954,0.502717,0.48502,0.351528,0.493705
5687.png,3,Residential,0.5855,0.466903,0.500908,0.635437,0.700646
5688.png,3,Residential,0.8778,0.497768,0.48893,0.484154,0.442227
5693.png,3,Residential,0.8194,0.415355,0.618088,0.538686,0.479227
5693.png,3,Residential,0.6102,0.400722,0.082482,0.447223,0.164964
5699.png,3,Residential,0.87,0.841138,0.531175,0.275196,0.373805
5713.png,3,Residential,0.8804,0.466728,0.537889,0.333088,0.33947
5713.png,3,Residential,0.7488,0.843724,0.436067,0.308201,0.423821
5729.png,3,Residential,0.8418,0.467115,0.506586,0.445768,0.311873
5729.png,3,Residential,0.6125,0.551454,0.934802,0.288523,0.130395
5735.png,3,Residential,0.8513,0.819146,0.19206,0.361707,0.384119
5735.png,3,Residential,0.8026,0.50334,0.494167,0.544849,0.503364
5735.png,3,Residential,0.7402,0.180165,0.815571,0.354614,0.368858
5758.png,3,Residential,0.9175,0.488441,0.542664,0.465968,0.347568
5758.png,3,Residential,0.8018,0.094683,0.618351,0.189365,0.57091
5758.png,3,Residential,0.6921,0.91503,0.656601,0.169941,0.462459
5761.png,3,Residential,0.8476,0.860977,0.933759,0.278045,0.131957
5785.png,3,Residential,0.8216,0.45227,0.520795,0.549669,0.726887
5786.png,2,Commercial,0.9432,0.554466,0.563789,0.891068,0.653949
5787.png,3,Residential,0.5398,0.428247,0.555313,0.41246,0.46544
5824.png,3,Residential,0.6283,0.504731,0.147619,0.509339,0.295238
5824.png,3,Residential,0.6019,0.517205,0.877815,0.423598,0.244371
5824.png,3,Residential,0.5605,0.506488,0.513428,0.326587,0.281027
5825.png,3,Residential,0.8424,0.869,0.489903,0.262001,0.44151
5825.png,3,Residential,0.6541,0.843271,0.350694,0.310666,0.701388
5832.png,3,Residential,0.7467,0.904672,0.353757,0.18568,0.355957
5832.png,3,Residential,0.721,0.072359,0.7193,0.144058,0.284972
5832.png,3,Residential,0.6579,0.527744,0.47081,0.508663,0.338991
5839.png,3,Residential,0.7831,0.50022,0.496019,0.472837,0.441437
5839.png,3,Residential,0.764,0.331732,0.893493,0.31292,0.213013
5871.png,2,Commercial,0.9521,0.359719,0.624878,0.713847,0.750244
5900.png,3,Residential,0.5587,0.496137,0.650013,0.582692,0.64813
5901.png,2,Commercial,0.8097,0.49381,0.51482,0.604267,0.474133
5914.png,3,Residential,0.7712,0.42263,0.501203,0.237858,0.471424
5916.png,3,Residential,0.8131,0.481828,0.512642,0.305418,0.352394
5916.png,3,Residential,0.8106,0.498873,0.885043,0.321841,0.229551
5916.png,3,Residential,0.7755,0.546847,0.086468,0.372214,0.172937
5930.png,2,Commercial,0.8293,0.588208,0.501811,0.394445,0.671927
5930.png,2,Commercial,0.7573,0.910967,0.527568,0.159786,0.629484
5939.png,3,Residential,0.7117,0.461544,0.5198,0.398167,0.384176
5939.png,3,Residential,0.7065,0.855875,0.518396,0.280231,0.427076
5945.png,2,Commercial,0.8776,0.428572,0.419024,0.725183,0.838047
5965.png,3,Residential,0.8836,0.492324,0.569646,0.445147,0.362507
5987.png,3,Residential,0.7669,0.143297,0.315702,0.28559,0.631404
5987.png,3,Residential,0.7286,0.503222,0.50714,0.442416,0.387708
5998.png,3,Residential,0.9435,0.501525,0.516721,0.400745,0.368145
6004.png,3,Residential,0.7867,0.494407,0.889491,0.329319,0.221018
6004.png,3,Residential,0.5494,0.601285,0.528301,0.162306,0.357984
6014.png,0,Apartment,0.8429,0.378077,0.905692,0.608957,0.187266
6014.png,3,Residential,0.8109,0.394795,0.517491,0.628653,0.523163
6014.png,0,Apartment,0.7337,0.884114,0.49674,0.231772,0.519582
6014.png,0,Apartment,0.7257,0.872272,0.917646,0.255455,0.16411
6015.png,3,Residential,0.7931,0.455854,0.537057,0.374845,0.489225
6015.png,3,Residential,0.7555,0.832382,0.900257,0.317508,0.198478
6025.png,3,Residential,0.8601,0.502392,0.500756,0.415806,0.492728
6028.png,3,Residential,0.7103,0.466612,0.518576,0.308155,0.473465
6038.png,3,Residential,0.8473,0.123897,0.52518,0.247795,0.332951
6038.png,3,Residential,0.6572,0.505834,0.535305,0.3753,0.37815
6046.png,3,Residential,0.8699,0.106399,0.498133,0.212799,0.367172
6046.png,3,Residential,0.5898,0.498999,0.529847,0.457725,0.393957
6058.png,3,Residential,0.8544,0.828453,0.515427,0.281718,0.384238
6058.png,3,Residential,0.752,0.108476,0.494704,0.213144,0.354199
6068.png,3,Residential,0.8004,0.446329,0.894143,0.471032,0.211714
6068.png,3,Residential,0.7837,0.562783,0.135575,0.252349,0.271041
6069.png,3,Residential,0.8969,0.491705,0.516029,0.442575,0.35402
6069.png,3,Residential,0.8666,0.873375,0.460883,0.25325,0.290882
6069.png,3,Residential,0.7639,0.108712,0.466363,0.217184,0.453253
6111.png,3,Residential,0.5453,0.460179,0.595247,0.463569,0.770891
6112.png,3,Residential,0.8395,0.365437,0.358413,0.457772,0.615569
6112.png,3,Residential,0.617,0.807122,0.38688,0.368057,0.599818
612.png,3,Residential,0.8451,0.125859,0.566645,0.250935,0.48067
6123.png,3,Residential,0.8539,0.557562,0.079887,0.432014,0.159773
6123.png,3,Residential,0.8153,0.442,0.515239,0.485337,0.423299
6123.png,3,Residential,0.7587,0.507204,0.911341,0.656541,0.177318
6124.png,3,Residential,0.9351,0.574141,0.516229,0.596578,0.524808
6124.png,3,Residential,0.8332,0.104498,0.904054,0.208996,0.191891
6124.png,3,Residential,0.7338,0.104305,0.520422,0.20861,0.436123
6124.png,3,Residential,0.6637,0.106031,0.113562,0.212061,0.227124
6124.png,3,Residential,0.5137,0.483801,0.102564,0.400144,0.204486
6129.png,3,Residential,0.7464,0.4922,0.488711,0.605215,0.348091
6133.png,3,Residential,0.7947,0.135682,0.508563,0.271364,0.65942
6133.png,2,Commercial,0.6108,0.917751,0.649512,0.160816,0.685645
6138.png,3,Residential,0.8733,0.457711,0.53416,0.461107,0.474546
614.png,3,Residential,0.8926,0.470726,0.528922,0.50422,0.373075
614.png,3,Residential,0.7697,0.896454,0.53836,0.204326,0.549787
6161.png,3,Residential,0.7038,0.559636,0.138837,0.612092,0.277673
6161.png,3,Residential,0.6183,0.629772,0.845805,0.352643,0.30238
6161.png,3,Residential,0.5663,0.514942,0.538482,0.54839,0.397621
6161.png,3,Residential,0.5021,0.933464,0.88745,0.133073,0.2251
6163.png,3,Residential,0.8978,0.482291,0.517092,0.3962,0.342421
6163.png,3,Residential,0.7641,0.130697,0.637313,0.261119,0.346758
6170.png,3,Residential,0.8104,0.323284,0.885418,0.292226,0.228633
6170.png,3,Residential,0.7649,0.48115,0.487986,0.381809,0.406949
6183.png,3,Residential,0.7782,0.498086,0.471189,0.470318,0.277559
6183.png,3,Residential,0.7446,0.476488,0.593094,0.482414,0.534882
6183.png,3,Residential,0.6901,0.400989,0.130429,0.358118,0.260857
6183.png,3,Residential,0.6103,0.855137,0.681903,0.231762,0.249105
6184.png,3,Residential,0.7721,0.494331,0.340105,0.988662,0.589914
6184.png,3,Residential,0.6946,0.42799,0.889139,0.727236,0.217669
6185.png,3,Residential,0.7721,0.065954,0.607874,0.131045,0.332668
6189.png,3,Residential,0.7921,0.476196,0.473864,0.414692,0.535484
619.png,3,Residential,0.8472,0.459196,0.485297,0.538228,0.425336
6193.png,3,Residential,0.7378,0.043931,0.582562,0.087863,0.530098
6193.png,3,Residential,0.5409,0.579557,0.536652,0.608121,0.382684
6193.png,3,Residential,0.5036,0.747826,0.591064,0.264642,0.271737
6216.png,3,Residential,0.9018,0.514742,0.515326,0.564843,0.486104
6216.png,3,Residential,0.7889,0.899386,0.68342,0.200891,0.413731
6222.png,3,Residential,0.7637,0.384366,0.571573,0.371658,0.399084
6224.png,3,Residential,0.7228,0.123492,0.480315,0.246983,0.32822
6224.png,3,Residential,0.6487,0.876817,0.474859,0.246365,0.329893
6224.png,3,Residential,0.5569,0.346053,0.513822,0.692107,0.363256
6224.png,3,Residential,0.5543,0.517529,0.663288,0.38386,0.65179
6244.png,3,Residential,0.9094,0.363893,0.506867,0.443735,0.477643
626.png,3,Residential,0.8892,0.505569,0.531512,0.504909,0.42575
626.png,3,Residential,0.789,0.885356,0.470718,0.22621,0.401454
626.png,3,Residential,0.5102,0.070419,0.589472,0.13837,0.559041
6279.png,3,Residential,0.791,0.475465,0.477725,0.383786,0.417525
6291.png,3,Residential,0.8263,0.073803,0.428733,0.146583,0.36381
6291.png,3,Residential,0.6897,0.465193,0.454614,0.473531,0.514647
6291.png,3,Residential,0.6551,0.914115,0.439586,0.171769,0.663665
6305.png,3,Residential,0.6723,0.142881,0.128171,0.285762,0.256342
6305.png,3,Residential,0.5551,0.532034,0.191783,0.290786,0.380391
6319.png,3,Residential,0.8655,0.49095,0.912515,0.418206,0.17497
6319.png,3,Residential,0.8472,0.452917,0.508002,0.444666,0.392959
6319.png,3,Residential,0.6119,0.425776,0.139272,0.391924,0.278545
6336.png,2,Commercial,0.8508,0.462424,0.495489,0.645366,0.640705
6336.png,3,Residential,0.6464,0.863529,0.770142,0.189601,0.457935
6336.png,2,Commercial,0.5269,0.953909,0.111695,0.091852,0.22339
6346.png,3,Residential,0.7846,0.4677,0.532555,0.365491,0.440239
635.png,3,Residential,0.8801,0.499524,0.522378,0.496457,0.573783
6355.png,3,Residential,0.9101,0.603112,0.554075,0.5758,0.445775
6357.png,2,Commercial,0.6921,0.479248,0.522204,0.297599,0.433394
6364.png,2,Commercial,0.5504,0.487582,0.511141,0.340045,0.283661
6366.png,3,Residential,0.7358,0.473308,0.494468,0.388082,0.3209
6379.png,3,Residential,0.8339,0.47635,0.506173,0.633767,0.400649
6379.png,3,Residential,0.6355,0.040834,0.423043,0.080165,0.311396
6385.png,2,Commercial,0.9198,0.518757,0.503835,0.620422,0.448639
6398.png,2,Commercial,0.8047,0.47884,0.525356,0.791965,0.749358
6398.png,2,Commercial,0.6938,0.267509,0.088042,0.319322,0.176084
6402.png,3,Residential,0.8936,0.475691,0.512147,0.500216,0.315854
6403.png,3,Residential,0.7879,0.591763,0.584701,0.538342,0.613214
6407.png,3,Residential,0.8357,0.483367,0.513333,0.33355,0.456456
6419.png,2,Commercial,0.8391,0.469666,0.515724,0.537161,0.505219
6419.png,0,Apartment,0.8266,0.508599,0.127008,0.730819,0.254016
6423.png,3,Residential,0.7639,0.843229,0.189929,0.308544,0.379261
6423.png,3,Residential,0.692,0.483048,0.547139,0.321445,0.298154
6425.png,3,Residential,0.6728,0.605549,0.630552,0.524941,0.731227
6432.png,2,Commercial,0.8658,0.657975,0.440607,0.673036,0.455933
6443.png,3,Residential,0.865,0.517941,0.47311,0.431741,0.417286
6452.png,3,Residential,0.8679,0.492664,0.543125,0.419776,0.31188
6455.png,3,Residential,0.9495,0.502097,0.513288,0.441225,0.471253
6455.png,3,Residential,0.9141,0.863155,0.883229,0.261518,0.227168
6455.png,3,Residential,0.8771,0.464633,0.886392,0.3545,0.227217
6455.png,3,Residential,0.8646,0.50144,0.128153,0.454834,0.254759
6471.png,2,Commercial,0.9217,0.526441,0.502864,0.567678,0.363399
6478.png,3,Residential,0.7526,0.153269,0.195664,0.2758,0.23671
6478.png,3,Residential,0.6179,0.466207,0.504349,0.336429,0.313428
6494.png,2,Commercial,0.7213,0.184025,0.330768,0.368049,0.65634
6503.png,3,Residential,0.9284,0.470534,0.510129,0.402773,0.479677
6503.png,3,Residential,0.5094,0.072098,0.527372,0.144196,0.465557
6527.png,3,Residential,0.8982,0.500884,0.574728,0.555727,0.484162
6527.png,3,Residential,0.8851,0.895489,0.521556,0.20832,0.365344
6535.png,3,Residential,0.912,0.509175,0.508451,0.505109,0.302691
6535.png,3,Residential,0.6722,0.883355,0.512664,0.233291,0.321957
6547.png,3,Residential,0.8965,0.513708,0.533317,0.467329,0.497323
6575.png,2,Commercial,0.9034,0.504803,0.507428,0.395518,0.652668
6604.png,3,Residential,0.5934,0.52441,0.52882,0.341324,0.356351
6614.png,2,Commercial,0.8783,0.491145,0.471419,0.748849,0.638124
6621.png,3,Residential,0.8998,0.511535,0.371024,0.578985,0.553455
6621.png,3,Residential,0.7934,0.453182,0.88406,0.453579,0.23188
6633.png,3,Residential,0.8263,0.475832,0.539269,0.429014,0.375522
665.png,3,Residential,0.8965,0.471971,0.394722,0.360563,0.57577
6653.png,3,Residential,0.8728,0.11796,0.517693,0.235919,0.55701
6653.png,3,Residential,0.8155,0.475238,0.515462,0.425487,0.38916
666.png,3,Residential,0.8849,0.509761,0.551452,0.435406,0.474305
6660.png,3,Residential,0.9046,0.491413,0.510815,0.322299,0.344193
6660.png,3,Residential,0.628,0.486721,0.928328,0.451504,0.14075
6687.png,3,Residential,0.8297,0.481605,0.133644,0.419967,0.267289
6687.png,3,Residential,0.6424,0.46857,0.907228,0.309734,0.185545
6687.png,3,Residential,0.5848,0.577844,0.512598,0.610142,0.353158
6696.png,3,Residential,0.8541,0.488369,0.517237,0.460439,0.482275
6699.png,3,Residential,0.8138,0.511436,0.516622,0.347626,0.445789
6699.png,3,Residential,0.7655,0.872555,0.417841,0.246592,0.323184
6702.png,3,Residential,0.8971,0.493004,0.508608,0.534227,0.381814
6702.png,3,Residential,0.83,0.095206,0.552833,0.190411,0.392368
6702.png,3,Residential,0.768,0.913809,0.4804,0.172383,0.411844
6713.png,3,Residential,0.7324,0.502657,0.471529,0.497654,0.633617
6730.png,3,Residential,0.84,0.493407,0.513176,0.38176,0.319956
6733.png,0,Apartment,0.7234,0.484364,0.510103,0.557785,0.366896
6739.png,0,Apartment,0.8649,0.17237,0.080954,0.34474,0.161908
6739.png,3,Residential,0.7531,0.537858,0.506249,0.341881,0.541503
6739.png,3,Residential,0.6662,0.167192,0.461921,0.327406,0.542389
6739.png,3,Residential,0.5655,0.549667,0.076787,0.292006,0.153575
6746.png,3,Residential,0.8345,0.821635,0.323979,0.351263,0.39892
6820.png,3,Residential,0.9023,0.537414,0.474328,0.514623,0.494721
6820.png,3,Residential,0.7209,0.312862,0.903709,0.520464,0.192582
6852.png,0,Apartment,0.8025,0.486713,0.599456,0.598398,0.801087
6852.png,0,Apartment,0.6489,0.602323,0.123097,0.403394,0.246193
6852.png,0,Apartment,0.6454,0.4897,0.501309,0.611734,0.605306
6858.png,3,Residential,0.6707,0.515346,0.611082,0.599361,0.777837
6858.png,3,Residential,0.6438,0.48581,0.505704,0.524102,0.345969
6858.png,3,Residential,0.6164,0.066512,0.283153,0.131835,0.487498
6858.png,3,Residential,0.5023,0.470239,0.087013,0.217032,0.174026
6859.png,2,Commercial,0.9432,0.460982,0.246871,0.921964,0.493741
6868.png,3,Residential,0.838,0.501698,0.481661,0.374902,0.446461
6886.png,3,Residential,0.7971,0.493918,0.51627,0.312589,0.265544
6892.png,3,Residential,0.8589,0.246768,0.714082,0.469191,0.563022
690.png,3,Residential,0.7504,0.131629,0.432733,0.263258,0.293806
690.png,3,Residential,0.6781,0.344721,0.909752,0.567942,0.180496
690.png,3,Residential,0.5324,0.542388,0.490395,0.521705,0.431206
6900.png,3,Residential,0.8187,0.618485,0.869855,0.499133,0.260291
6902.png,3,Residential,0.8613,0.441532,0.528106,0.369075,0.47242
6902.png,3,Residential,0.556,0.89971,0.56055,0.20058,0.317236
6904.png,3,Residential,0.5388,0.588817,0.331701,0.556166,0.533672
6908.png,3,Residential,0.891,0.491115,0.514015,0.505688,0.397415
6908.png,3,Residential,0.7765,0.476238,0.899547,0.466597,0.200906
6913.png,3,Residential,0.8336,0.474738,0.647815,0.311888,0.469071
6913.png,3,Residential,0.7594,0.880284,0.365376,0.236156,0.553556
6936.png,3,Residential,0.8025,0.838866,0.535956,0.322268,0.422032
6936.png,3,Residential,0.7243,0.136699,0.63518,0.271164,0.580866
6936.png,2,Commercial,0.6501,0.934158,0.900705,0.131685,0.198591
6939.png,2,Commercial,0.8275,0.495016,0.501316,0.868103,0.816534
6939.png,3,Residential,0.6948,0.101164,0.857164,0.201452,0.284412
6942.png,3,Residential,0.7652,0.804116,0.883185,0.369398,0.232435
6942.png,3,Residential,0.7601,0.496338,0.500887,0.478415,0.517007
6945.png,2,Commercial,0.9609,0.485133,0.509434,0.686746,0.680689
6957.png,3,Residential,0.8189,0.893053,0.517935,0.212657,0.427545
6957.png,3,Residential,0.754,0.476627,0.585634,0.405485,0.496979
6957.png,3,Residential,0.7337,0.117321,0.522669,0.233325,0.405924
6964.png,3,Residential,0.8759,0.509176,0.530934,0.532112,0.388019
6964.png,3,Residential,0.8627,0.90604,0.536297,0.18792,0.345566
6964.png,3,Residential,0.7487,0.069039,0.503929,0.137899,0.33902
6987.png,3,Residential,0.9263,0.255456,0.67237,0.44237,0.611451
6987.png,3,Residential,0.7782,0.395674,0.131212,0.53304,0.259059
6993.png,0,Apartment,0.5328,0.961716,0.476047,0.076567,0.832887
6994.png,3,Residential,0.7008,0.569711,0.526579,0.42214,0.42497
6994.png,3,Residential,0.6766,0.911992,0.893434,0.176016,0.213133
6998.png,2,Commercial,0.7422,0.522229,0.500551,0.683732,0.551902
7010.png,3,Residential,0.8448,0.090305,0.608759,0.178736,0.580419
7010.png,3,Residential,0.7285,0.815648,0.621462,0.366907,0.607107
7010.png,3,Residential,0.6048,0.473606,0.51746,0.466125,0.317883
7012.png,3,Residential,0.6315,0.451154,0.520787,0.529718,0.59872
7013.png,3,Residential,0.8907,0.26522,0.900602,0.245362,0.183844
7013.png,3,Residential,0.8115,0.272462,0.65936,0.246624,0.156363
7013.png,0,Apartment,0.7321,0.709583,0.430324,0.167635,0.451885
7013.png,0,Apartment,0.5734,0.395848,0.457834,0.428412,0.594768
7022.png,3,Residential,0.9109,0.465482,0.522118,0.476371,0.39938
7022.png,3,Residential,0.8172,0.88313,0.59015,0.233445,0.303537
7022.png,3,Residential,0.6784,0.071475,0.520967,0.142003,0.310108
7026.png,3,Residential,0.9076,0.478993,0.550623,0.516951,0.405874
7026.png,3,Residential,0.7653,0.087916,0.548518,0.175832,0.484291
7026.png,3,Residential,0.7198,0.887368,0.53274,0.225265,0.339194
7029.png,3,Residential,0.8647,0.264965,0.377349,0.529931,0.652837
7029.png,3,Residential,0.8558,0.915569,0.867381,0.168862,0.265238
7029.png,3,Residential,0.8077,0.459796,0.905916,0.752175,0.188168
703.png,3,Residential,0.9352,0.491327,0.508828,0.505952,0.362957
703.png,3,Residential,0.8279,0.04238,0.458603,0.084761,0.464119
703.png,3,Residential,0.6706,0.911349,0.58525,0.177009,0.317213
7041.png,3,Residential,0.889,0.458628,0.521797,0.409809,0.49245
7042.png,2,Commercial,0.5551,0.434466,0.43268,0.669828,0.750715
7045.png,3,Residential,0.754,0.472631,0.535298,0.391302,0.311344
7045.png,3,Residential,0.5181,0.95905,0.539148,0.080193,0.314143
7049.png,3,Residential,0.8979,0.476549,0.511002,0.302674,0.479032
705.png,3,Residential,0.7201,0.481684,0.511793,0.471657,0.469402
705.png,3,Residential,0.6787,0.87933,0.312316,0.241339,0.332656
7051.png,3,Residential,0.9275,0.50465,0.509397,0.432201,0.531625
7051.png,3,Residential,0.9013,0.497991,0.101107,0.406428,0.200849
7051.png,3,Residential,0.6827,0.079675,0.911684,0.159349,0.171799
7051.png,3,Residential,0.5508,0.490318,0.913891,0.431133,0.172219
7056.png,3,Residential,0.5486,0.78331,0.278347,0.349113,0.430243
7056.png,3,Residential,0.5468,0.525076,0.601752,0.473574,0.589478
7079.png,3,Residential,0.8786,0.484598,0.500755,0.29775,0.375707
7086.png,2,Commercial,0.8936,0.491736,0.506705,0.330925,0.436985
7086.png,2,Commercial,0.8526,0.10175,0.520783,0.178579,0.64286
7092.png,3,Residential,0.9101,0.410422,0.642285,0.734483,0.71543
7098.png,3,Residential,0.781,0.15397,0.108611,0.307939,0.216893
7109.png,3,Residential,0.8404,0.493415,0.5322,0.410549,0.436677
7109.png,3,Residential,0.6148,0.048195,0.507171,0.096391,0.499998
7110.png,3,Residential,0.8701,0.45898,0.839771,0.430774,0.320459
7110.png,3,Residential,0.8087,0.52209,0.141209,0.322717,0.282419
7117.png,3,Residential,0.9156,0.513739,0.502025,0.444012,0.538793
7117.png,3,Residential,0.8311,0.501184,0.900646,0.45009,0.198708
7117.png,3,Residential,0.6055,0.486491,0.097153,0.430082,0.191605
7131.png,3,Residential,0.6924,0.419691,0.550152,0.438316,0.389486
7145.png,2,Commercial,0.815,0.191297,0.202594,0.382594,0.209407
7145.png,2,Commercial,0.7623,0.084922,0.659859,0.169844,0.659275
7145.png,2,Commercial,0.7362,0.480586,0.51693,0.474851,0.358617
7149.png,3,Residential,0.8554,0.466619,0.521088,0.377898,0.441361
7165.png,3,Residential,0.8676,0.508569,0.540448,0.503218,0.52615
7165.png,3,Residential,0.8179,0.916076,0.395259,0.164174,0.272106
7165.png,3,Residential,0.7293,0.314238,0.93046,0.334969,0.136902
7173.png,3,Residential,0.7723,0.212379,0.801431,0.415059,0.397138
7173.png,3,Residential,0.5626,0.51164,0.497586,0.548654,0.431668
7175.png,3,Residential,0.655,0.494702,0.525126,0.394986,0.463509
7178.png,3,Residential,0.876,0.496819,0.494722,0.523803,0.489203
7210.png,0,Apartment,0.7329,0.381583,0.344607,0.663447,0.689215
7241.png,2,Commercial,0.8215,0.565832,0.571989,0.649864,0.539535
7253.png,2,Commercial,0.7012,0.93883,0.644383,0.12234,0.547331
7267.png,3,Residential,0.8394,0.488287,0.459746,0.487797,0.294869
7267.png,3,Residential,0.6767,0.500309,0.895973,0.519431,0.208053
7267.png,2,Commercial,0.5759,0.499679,0.106623,0.547971,0.213247
7270.png,3,Residential,0.8793,0.463106,0.515704,0.376104,0.427569
7270.png,3,Residential,0.8205,0.453257,0.89281,0.372761,0.213956
7270.png,3,Residential,0.8114,0.448532,0.124428,0.466616,0.248856
7279.png,3,Residential,0.5844,0.618475,0.692178,0.719902,0.615645
7324.png,3,Residential,0.8172,0.455892,0.507768,0.378395,0.463317
7324.png,3,Residential,0.6649,0.837013,0.091407,0.325973,0.182813
7371.png,2,Commercial,0.8318,0.386939,0.821034,0.746411,0.357933
7372.png,3,Residential,0.6911,0.439835,0.576316,0.39292,0.410336
7372.png,3,Residential,0.6101,0.500894,0.394577,0.408247,0.789153
7385.png,3,Residential,0.768,0.465133,0.70901,0.793933,0.58198
7394.png,3,Residential,0.8351,0.465511,0.369763,0.417594,0.707232
7394.png,3,Residential,0.6358,0.478793,0.511724,0.418519,0.453527
7408.png,3,Residential,0.7098,0.54421,0.580517,0.437007,0.388199
7408.png,3,Residential,0.5189,0.061872,0.80373,0.123744,0.374137
7416.png,2,Commercial,0.6318,0.077555,0.464631,0.15511,0.545826
7418.png,3,Residential,0.8231,0.467423,0.524251,0.376313,0.26631
7418.png,3,Residential,0.7385,0.530959,0.160495,0.451084,0.296632
7418.png,3,Residential,0.6236,0.518463,0.853448,0.576034,0.293104
7420.png,3,Residential,0.6369,0.441105,0.106504,0.351294,0.213008
7420.png,3,Residential,0.6358,0.500303,0.621061,0.521336,0.476455
7438.png,3,Residential,0.8585,0.086077,0.489572,0.172153,0.402492
7438.png,3,Residential,0.8225,0.478515,0.512547,0.410521,0.384844
7440.png,3,Residential,0.8633,0.485416,0.493805,0.39052,0.440139
7440.png,3,Residential,0.8067,0.792229,0.850241,0.415542,0.290867
7447.png,3,Residential,0.898,0.452325,0.521034,0.40978,0.363391
7447.png,3,Residential,0.7255,0.934335,0.579411,0.130275,0.661365
7460.png,2,Commercial,0.879,0.110898,0.716374,0.221797,0.366238
7460.png,2,Commercial,0.8064,0.497063,0.520034,0.295575,0.409697
7460.png,2,Commercial,0.6492,0.917083,0.287612,0.165834,0.523697
7475.png,3,Residential,0.5861,0.868699,0.684121,0.262601,0.449884
750.png,3,Residential,0.8336,0.368646,0.513886,0.708431,0.50783
7503.png,3,Residential,0.8453,0.460303,0.52729,0.519373,0.55434
7503.png,3,Residential,0.5859,0.631193,0.936824,0.450942,0.126352
7505.png,2,Commercial,0.7888,0.504747,0.495261,0.786838,0.743347
7507.png,3,Residential,0.8394,0.887152,0.783056,0.225696,0.433887
7507.png,3,Residential,0.7027,0.530003,0.143775,0.414048,0.286408
7507.png,3,Residential,0.6884,0.483384,0.51788,0.384015,0.438356
7507.png,3,Residential,0.6386,0.229079,0.806517,0.446504,0.378755
7507.png,3,Residential,0.558,0.099284,0.263545,0.198567,0.52709
7508.png,2,Commercial,0.8645,0.511677,0.511038,0.746606,0.373797
7512.png,3,Residential,0.9284,0.499978,0.531837,0.501469,0.503459
7512.png,3,Residential,0.725,0.894108,0.65173,0.205884,0.610463
7516.png,3,Residential,0.8528,0.882464,0.491365,0.231482,0.412991
7516.png,3,Residential,0.7893,0.520597,0.539348,0.391593,0.493349
7516.png,3,Residential,0.6757,0.598359,0.111859,0.493059,0.222755
7536.png,3,Residential,0.8135,0.489246,0.505266,0.345866,0.383968
7536.png,3,Residential,0.5149,0.924164,0.426299,0.151672,0.372237
7539.png,3,Residential,0.9149,0.47204,0.546975,0.401093,0.554695
7540.png,3,Residential,0.8851,0.706607,0.125727,0.467797,0.251453
7540.png,3,Residential,0.7104,0.443059,0.515128,0.363067,0.402442
7546.png,2,Commercial,0.7605,0.48427,0.513583,0.523495,0.39416
7555.png,3,Residential,0.9085,0.439318,0.515725,0.477682,0.564822
7578.png,3,Residential,0.8744,0.514038,0.485612,0.503613,0.477176
7578.png,3,Residential,0.873,0.811194,0.213111,0.377611,0.332544
7613.png,3,Residential,0.6274,0.480474,0.541917,0.39946,0.428019
7613.png,3,Residential,0.6256,0.930366,0.532313,0.139268,0.435318
7623.png,3,Residential,0.9669,0.474193,0.584764,0.444732,0.617006
7628.png,3,Residential,0.8771,0.88089,0.508227,0.236769,0.324139
7637.png,3,Residential,0.8364,0.121988,0.543261,0.243848,0.424262
7637.png,3,Residential,0.8276,0.475144,0.520809,0.371705,0.475362
7637.png,3,Residential,0.7831,0.850369,0.379979,0.299262,0.759958
765.png,3,Residential,0.8498,0.496364,0.542152,0.478529,0.467444
765.png,3,Residential,0.5645,0.0893,0.541469,0.177823,0.291735
7652.png,3,Residential,0.8413,0.47592,0.538087,0.391695,0.502113
7657.png,2,Commercial,0.8771,0.482392,0.478605,0.63728,0.595683
7659.png,3,Residential,0.7387,0.881433,0.514432,0.237135,0.345856
7659.png,3,Residential,0.7123,0.548391,0.570266,0.334816,0.417983
7669.png,3,Residential,0.8114,0.926668,0.554039,0.145417,0.365065
7669.png,3,Residential,0.6848,0.049329,0.478245,0.098659,0.403727
7676.png,2,Commercial,0.7548,0.485338,0.483837,0.776553,0.505752
7690.png,3,Residential,0.7621,0.807481,0.889967,0.378583,0.217201
7703.png,3,Residential,0.8561,0.457522,0.514158,0.351778,0.45043
7704.png,3,Residential,0.8873,0.537557,0.88571,0.303693,0.228579
7704.png,3,Residential,0.8233,0.557546,0.114556,0.409128,0.229112
7704.png,3,Residential,0.7613,0.429153,0.513833,0.538613,0.317526
7710.png,3,Residential,0.7978,0.0947,0.299979,0.185069,0.317093
7710.png,3,Residential,0.6355,0.192249,0.820867,0.384497,0.317873
772.png,3,Residential,0.8435,0.493987,0.588229,0.485045,0.366829
772.png,3,Residential,0.795,0.91539,0.538138,0.168218,0.498852
772.png,3,Residential,0.6456,0.118743,0.509385,0.237487,0.408064
7725.png,3,Residential,0.875,0.141328,0.652559,0.282655,0.56967
7725.png,3,Residential,0.6494,0.894704,0.608206,0.210592,0.355954
7731.png,3,Residential,0.8901,0.743999,0.714183,0.502623,0.539511
7731.png,3,Residential,0.782,0.239822,0.36395,0.47569,0.484354
7745.png,3,Residential,0.9316,0.52581,0.504073,0.51145,0.549146
7752.png,3,Residential,0.8204,0.833513,0.261423,0.332973,0.423882
7752.png,3,Residential,0.7799,0.197765,0.862327,0.39553,0.275347
7752.png,3,Residential,0.5259,0.408945,0.547916,0.345407,0.347087
7760.png,3,Residential,0.6276,0.616867,0.830908,0.395119,0.326406
7760.png,3,Residential,0.5715,0.14097,0.718111,0.275384,0.563778
7760.png,3,Residential,0.547,0.570249,0.700713,0.463043,0.598573
7762.png,3,Residential,0.7958,0.487059,0.545421,0.411055,0.341673
7762.png,3,Residential,0.7207,0.865166,0.510265,0.269668,0.519846
7769.png,2,Commercial,0.6421,0.20373,0.702252,0.404884,0.595497
7791.png,3,Residential,0.7504,0.49591,0.526705,0.508469,0.405809
7803.png,3,Residential,0.8867,0.480928,0.532707,0.476794,0.418845
7803.png,3,Residential,0.8459,0.093944,0.481218,0.186509,0.384448
7827.png,2,Commercial,0.6867,0.481504,0.46722,0.551093,0.265715
783.png,3,Residential,0.9539,0.437208,0.504691,0.579099,0.413571
784.png,3,Residential,0.961,0.479789,0.508486,0.471506,0.524649
784.png,3,Residential,0.6704,0.473177,0.085488,0.529517,0.167947
7845.png,3,Residential,0.8645,0.491981,0.524724,0.464604,0.409115
7845.png,3,Residential,0.7867,0.90904,0.589757,0.18192,0.3345
7845.png,3,Residential,0.7749,0.122395,0.507206,0.24479,0.408515
7849.png,3,Residential,0.7538,0.461622,0.509031,0.328386,0.458314
7849.png,2,Commercial,0.7376,0.864946,0.35074,0.270108,0.701481
7849.png,3,Residential,0.7368,0.140831,0.578313,0.281662,0.34002
7849.png,3,Residential,0.6524,0.385475,0.089021,0.471538,0.178042
7857.png,3,Residential,0.9054,0.496203,0.512837,0.40704,0.445268
7857.png,3,Residential,0.8243,0.876072,0.542259,0.247856,0.301915
7857.png,3,Residential,0.7455,0.112235,0.428304,0.22447,0.393797
7865.png,3,Residential,0.7895,0.448781,0.532665,0.505973,0.369926
7865.png,3,Residential,0.658,0.868201,0.560192,0.263599,0.570368
7869.png,3,Residential,0.7432,0.646545,0.645238,0.677564,0.693519
7870.png,3,Residential,0.8953,0.578019,0.580739,0.62655,0.695088
7876.png,1,Church,0.5523,0.468034,0.480606,0.497999,0.26525
7892.png,2,Commercial,0.8842,0.457171,0.531217,0.543884,0.510976
79.png,3,Residential,0.878,0.447508,0.516327,0.536825,0.488516
79.png,3,Residential,0.8239,0.438903,0.911693,0.623212,0.176614
7930.png,3,Residential,0.8229,0.467501,0.534298,0.368428,0.459187
7948.png,3,Residential,0.8529,0.448638,0.118043,0.363005,0.235893
7948.png,3,Residential,0.8433,0.498011,0.495238,0.406006,0.326148
7948.png,3,Residential,0.8042,0.591849,0.919844,0.42302,0.160312
795.png,3,Residential,0.9375,0.502418,0.503166,0.438895,0.394947
795.png,3,Residential,0.8075,0.886123,0.446571,0.222632,0.302435
7952.png,3,Residential,0.909,0.44678,0.117894,0.464767,0.235787
7952.png,3,Residential,0.7893,0.448393,0.506574,0.374152,0.347588
7952.png,3,Residential,0.6714,0.491431,0.943156,0.344637,0.113687
7962.png,3,Residential,0.9126,0.480731,0.501484,0.422893,0.509202
7962.png,3,Residential,0.8831,0.497718,0.903487,0.453784,0.193026
7962.png,3,Residential,0.6484,0.923139,0.916344,0.153722,0.167311
7962.png,3,Residential,0.5065,0.934985,0.221909,0.130031,0.436493
798.png,3,Residential,0.7815,0.887188,0.504892,0.222709,0.442686
798.png,3,Residential,0.7336,0.488007,0.505253,0.541745,0.364739
7997.png,3,Residential,0.9393,0.479951,0.465421,0.472872,0.283953
7997.png,3,Residential,0.6864,0.045763,0.42651,0.088243,0.34416
7998.png,1,Church,0.8652,0.523913,0.524502,0.829204,0.500906
7998.png,3,Residential,0.6009,0.53269,0.525077,0.831558,0.50507
80.png,3,Residential,0.7262,0.467894,0.521834,0.305795,0.266088
8032.png,3,Residential,0.5572,0.489925,0.514899,0.378101,0.578431
8040.png,3,Residential,0.5539,0.488413,0.510986,0.475458,0.628964
8054.png,0,Apartment,0.944,0.470031,0.499425,0.580217,0.699621
8065.png,3,Residential,0.6778,0.468527,0.481149,0.48773,0.258229
8065.png,3,Residential,0.6236,0.424057,0.863553,0.552034,0.272893
807.png,3,Residential,0.8566,0.786435,0.199017,0.419835,0.390815
807.png,3,Residential,0.775,0.487997,0.485709,0.686853,0.607428
8074.png,1,Church,0.6251,0.080933,0.611615,0.161067,0.608171
8074.png,0,Apartment,0.5922,0.476029,0.527055,0.528301,0.399687
8078.png,3,Residential,0.8231,0.169984,0.795691,0.337124,0.408619
8078.png,3,Residential,0.812,0.790942,0.204575,0.418117,0.409151
8094.png,3,Residential,0.8601,0.721102,0.888218,0.333588,0.219625
8094.png,3,Residential,0.8395,0.870703,0.116104,0.258595,0.230814
8094.png,3,Residential,0.7983,0.506561,0.540406,0.420821,0.578308
8099.png,3,Residential,0.8871,0.233222,0.204704,0.381002,0.333651
8099.png,3,Residential,0.8697,0.787389,0.209386,0.392443,0.297985
8099.png,3,Residential,0.6929,0.415199,0.527904,0.332129,0.280446
81.png,3,Residential,0.8703,0.490012,0.485194,0.444918,0.531265
8103.png,3,Residential,0.836,0.496216,0.508674,0.406424,0.488338
8103.png,3,Residential,0.8117,0.119543,0.520483,0.237355,0.496892
8106.png,3,Residential,0.8371,0.497365,0.505372,0.523182,0.382316
8108.png,3,Residential,0.8656,0.471227,0.489131,0.449515,0.357078
8108.png,3,Residential,0.7916,0.637684,0.927518,0.217961,0.144965
8108.png,3,Residential,0.7341,0.542778,0.928521,0.426704,0.137964
811.png,3,Residential,0.8484,0.882759,0.505218,0.234482,0.356844
811.png,3,Residential,0.6949,0.107588,0.463664,0.215176,0.287986
811.png,3,Residential,0.6097,0.495747,0.529137,0.463029,0.438832
8114.png,3,Residential,0.8311,0.442957,0.556373,0.497058,0.389463
8114.png,3,Residential,0.698,0.400293,0.136496,0.350778,0.272992
8117.png,1,Church,0.8802,0.357164,0.873562,0.714328,0.249276
8117.png,3,Residential,0.6574,0.168365,0.377026,0.336731,0.672449
8117.png,3,Residential,0.6121,0.658996,0.647075,0.663214,0.705851
8118.png,3,Residential,0.7987,0.513361,0.583408,0.605721,0.594876
8128.png,3,Residential,0.8782,0.791346,0.4245,0.232051,0.330241
8128.png,3,Residential,0.8538,0.36029,0.414182,0.264615,0.338827
8132.png,3,Residential,0.869,0.165111,0.861562,0.329228,0.276876
8132.png,3,Residential,0.5468,0.89232,0.514971,0.215103,0.306888
814.png,3,Residential,0.8129,0.457426,0.505305,0.464209,0.410917
814.png,3,Residential,0.504,0.890723,0.185461,0.217946,0.249625
8151.png,3,Residential,0.871,0.509605,0.526953,0.435438,0.501964
8151.png,3,Residential,0.8569,0.674766,0.099257,0.638575,0.198513
8155.png,3,Residential,0.8093,0.847452,0.103116,0.304987,0.206233
8156.png,3,Residential,0.6201,0.07676,0.486092,0.151544,0.49122
8161.png,2,Commercial,0.7579,0.509248,0.511906,0.591507,0.414393
8177.png,3,Residential,0.8035,0.131037,0.687529,0.262073,0.585937
8177.png,3,Residential,0.5992,0.901761,0.712416,0.193843,0.365275
8181.png,3,Residential,0.7982,0.475463,0.530837,0.449692,0.330515
8182.png,3,Residential,0.9102,0.489352,0.864353,0.542437,0.271294
8183.png,3,Residential,0.6915,0.462618,0.585938,0.353035,0.453032
8189.png,3,Residential,0.831,0.49698,0.525919,0.453223,0.510678
8194.png,3,Residential,0.7704,0.477976,0.545524,0.383327,0.340281
8197.png,3,Residential,0.6205,0.246447,0.080057,0.450546,0.160115
8197.png,3,Residential,0.5392,0.814661,0.057382,0.370678,0.114764
8197.png,2,Commercial,0.5312,0.447388,0.926669,0.657817,0.146663
821.png,3,Residential,0.8018,0.348067,0.49614,0.686881,0.583134
822.png,3,Residential,0.9611,0.468913,0.512475,0.443914,0.481997
822.png,3,Residential,0.6972,0.403673,0.887744,0.682143,0.223549
8242.png,3,Residential,0.5633,0.542795,0.683086,0.487867,0.633828
8242.png,3,Residential,0.5289,0.938163,0.440347,0.123674,0.44578
8253.png,3,Residential,0.8502,0.490037,0.518507,0.332441,0.435973
8290.png,3,Residential,0.8751,0.443522,0.521366,0.349786,0.444718
830.png,3,Residential,0.8018,0.542158,0.517709,0.453655,0.382435
830.png,3,Residential,0.711,0.916381,0.869566,0.166766,0.260868
830.png,3,Residential,0.5841,0.075836,0.747491,0.151671,0.48535
8308.png,3,Residential,0.8246,0.481036,0.535007,0.45834,0.466757
8308.png,3,Residential,0.7556,0.481473,0.130791,0.324218,0.261581
8313.png,3,Residential,0.8719,0.464826,0.530474,0.511377,0.395044
8313.png,3,Residential,0.8306,0.874266,0.527476,0.251468,0.38615
8335.png,3,Residential,0.8614,0.149842,0.571216,0.299685,0.357456
8335.png,3,Residential,0.8035,0.503246,0.500781,0.336522,0.476065
8360.png,3,Residential,0.8999,0.799782,0.82865,0.371096,0.331605
8360.png,3,Residential,0.5999,0.232306,0.897109,0.410078,0.205782
8376.png,3,Residential,0.7337,0.468346,0.53177,0.483412,0.451271
8376.png,3,Residential,0.5665,0.577791,0.91926,0.520883,0.16148
8394.png,3,Residential,0.882,0.440462,0.513141,0.369825,0.491978
8409.png,3,Residential,0.847,0.479592,0.505267,0.385636,0.329511
8409.png,3,Residential,0.6667,0.273039,0.84186,0.292669,0.308762
8412.png,3,Residential,0.5625,0.855775,0.66065,0.274837,0.255952
8412.png,3,Residential,0.5232,0.491989,0.624754,0.280827,0.294081
8422.png,3,Residential,0.8496,0.868675,0.3669,0.255567,0.282364
8422.png,3,Residential,0.7951,0.935599,0.868666,0.128802,0.254789
8422.png,3,Residential,0.7832,0.686969,0.923249,0.235661,0.153502
8422.png,3,Residential,0.7271,0.16733,0.371856,0.323887,0.431521
8429.png,3,Residential,0.8039,0.56243,0.695388,0.746844,0.609224
8430.png,3,Residential,0.85,0.120725,0.543723,0.240831,0.33706
8430.png,3,Residential,0.786,0.494539,0.532833,0.421192,0.337347
8430.png,3,Residential,0.7043,0.899802,0.607496,0.196902,0.474644
8441.png,2,Commercial,0.8946,0.504479,0.44818,0.559114,0.470059
8442.png,3,Residential,0.843,0.092428,0.431076,0.182465,0.379291
8442.png,3,Residential,0.5605,0.916498,0.650316,0.167003,0.412794
8443.png,3,Residential,0.8179,0.47971,0.506072,0.410566,0.395916
8443.png,3,Residential,0.7011,0.081114,0.515884,0.162229,0.380421
845.png,3,Residential,0.8689,0.067696,0.515187,0.135126,0.32692
845.png,3,Residential,0.8061,0.885026,0.57569,0.229949,0.482975
845.png,3,Residential,0.7089,0.437893,0.533755,0.44571,0.351565
8450.png,3,Residential,0.8914,0.49562,0.514962,0.343658,0.437741
8454.png,3,Residential,0.844,0.510405,0.485419,0.322675,0.374711
8454.png,3,Residential,0.5476,0.533842,0.921183,0.315682,0.155289
8454.png,3,Residential,0.5328,0.514006,0.084532,0.42335,0.16856
8462.png,3,Residential,0.7264,0.520876,0.422747,0.510614,0.703374
8463.png,2,Commercial,0.6876,0.917811,0.77407,0.164378,0.451859
8463.png,3,Residential,0.6736,0.404054,0.846171,0.356916,0.307658
8463.png,2,Commercial,0.6231,0.497782,0.511781,0.436791,0.339984
8466.png,3,Residential,0.8209,0.634178,0.158076,0.44157,0.313553
8466.png,3,Residential,0.7019,0.613883,0.366638,0.42243,0.733275
8474.png,3,Residential,0.8437,0.51991,0.603291,0.411894,0.38115
8474.png,3,Residential,0.745,0.704788,0.093362,0.570777,0.186724
8479.png,3,Residential,0.9144,0.453095,0.516521,0.443674,0.431609
8479.png,3,Residential,0.7756,0.465231,0.133318,0.311511,0.266636
8484.png,3,Residential,0.8722,0.495919,0.463728,0.460121,0.531137
8484.png,3,Residential,0.6416,0.88592,0.202997,0.226706,0.405993
8489.png,3,Residential,0.9091,0.470428,0.862566,0.492782,0.274868
8508.png,3,Residential,0.8848,0.471945,0.904345,0.516827,0.19131
8508.png,3,Residential,0.8105,0.500836,0.463997,0.419744,0.450237
8508.png,3,Residential,0.6478,0.465881,0.043379,0.495701,0.08465
8510.png,3,Residential,0.8729,0.600886,0.390022,0.659932,0.780043
8517.png,3,Residential,0.8947,0.387204,0.859603,0.499039,0.279272
8517.png,3,Residential,0.8197,0.466248,0.499691,0.374764,0.324921
8522.png,3,Residential,0.7487,0.948912,0.599768,0.102176,0.431109
8523.png,3,Residential,0.8031,0.432214,0.518021,0.500448,0.355501
8523.png,3,Residential,0.7517,0.438548,0.918744,0.418707,0.162512
8525.png,3,Residential,0.8282,0.273139,0.888717,0.334066,0.222565
8525.png,3,Residential,0.7081,0.84214,0.244023,0.315721,0.243838
8525.png,3,Residential,0.5579,0.463649,0.509783,0.346143,0.292549
8527.png,3,Residential,0.8723,0.887724,0.569632,0.224552,0.48862
8527.png,3,Residential,0.6641,0.478854,0.563621,0.351427,0.423784
8527.png,3,Residential,0.662,0.085983,0.510419,0.171967,0.371177
8544.png,3,Residential,0.9035,0.551596,0.133077,0.53574,0.266155
8544.png,3,Residential,0.8248,0.349612,0.937522,0.537047,0.12452
8553.png,3,Residential,0.8161,0.504464,0.512318,0.465726,0.31425
8553.png,3,Residential,0.7357,0.896677,0.478835,0.205757,0.302374
8560.png,3,Residential,0.86,0.503154,0.534176,0.396582,0.474487
8567.png,3,Residential,0.7438,0.466503,0.501999,0.554039,0.420311
8569.png,3,Residential,0.8802,0.129475,0.718194,0.254474,0.459629
8569.png,3,Residential,0.5676,0.157225,0.219605,0.310404,0.43921
8581.png,3,Residential,0.9002,0.449514,0.51046,0.370751,0.523897
8581.png,3,Residential,0.8571,0.798602,0.048003,0.402797,0.09554
8599.png,3,Residential,0.8701,0.483694,0.50181,0.351029,0.40525
8611.png,3,Residential,0.5978,0.901546,0.409666,0.196909,0.627154
8618.png,3,Residential,0.7856,0.076444,0.56718,0.152888,0.391817
8618.png,3,Residential,0.7272,0.483076,0.525803,0.414423,0.456295
8618.png,3,Residential,0.6184,0.60658,0.91091,0.410301,0.176848
8618.png,3,Residential,0.5978,0.481686,0.382566,0.436943,0.765133
8618.png,3,Residential,0.5208,0.534457,0.912879,0.586271,0.174243
8634.png,3,Residential,0.8144,0.882839,0.579994,0.229742,0.49545
8634.png,3,Residential,0.8133,0.328399,0.536316,0.606065,0.355445
8634.png,0,Apartment,0.5407,0.274477,0.106657,0.548955,0.211529
8635.png,3,Residential,0.7434,0.4818,0.52448,0.474175,0.463283
8635.png,3,Residential,0.678,0.810213,0.187552,0.377957,0.375104
864.png,3,Residential,0.9102,0.489397,0.483167,0.496873,0.523408
864.png,3,Residential,0.8497,0.344557,0.905513,0.552523,0.188582
8648.png,2,Commercial,0.8018,0.449135,0.50415,0.418751,0.595716
8648.png,2,Commercial,0.7238,0.659491,0.07778,0.535539,0.15556
865.png,3,Residential,0.9293,0.47538,0.531678,0.542608,0.459034
8652.png,3,Residential,0.7954,0.472201,0.518827,0.409665,0.387391
8652.png,3,Residential,0.7797,0.498027,0.086902,0.48934,0.173804
8654.png,3,Residential,0.8891,0.49583,0.537993,0.40168,0.308858
8654.png,3,Residential,0.526,0.441107,0.910086,0.617472,0.178261
8655.png,3,Residential,0.8753,0.513732,0.507566,0.409492,0.276003
8656.png,3,Residential,0.8698,0.531173,0.494057,0.441172,0.360347
8657.png,3,Residential,0.9319,0.312793,0.896746,0.625586,0.204884
8657.png,3,Residential,0.9201,0.500975,0.503158,0.473225,0.465239
8670.png,3,Residential,0.8863,0.881629,0.529672,0.236743,0.744128
8670.png,3,Residential,0.7849,0.492794,0.591727,0.491333,0.449935
8674.png,3,Residential,0.9096,0.471665,0.554302,0.391258,0.43286
8674.png,3,Residential,0.8788,0.466098,0.128279,0.364261,0.246891
8674.png,3,Residential,0.6939,0.882852,0.396603,0.234296,0.294025
8676.png,3,Residential,0.8101,0.473469,0.495903,0.338077,0.409838
8676.png,3,Residential,0.6749,0.065606,0.510485,0.131212,0.407622
8677.png,3,Residential,0.833,0.176232,0.860309,0.351859,0.279381
8696.png,3,Residential,0.8819,0.474191,0.536074,0.390475,0.474719
8696.png,3,Residential,0.7917,0.779801,0.849575,0.429337,0.300849
8696.png,3,Residential,0.6329,0.36636,0.081566,0.656694,0.162631
8713.png,3,Residential,0.5688,0.33305,0.687394,0.656316,0.610364
8734.png,3,Residential,0.6535,0.072412,0.429049,0.144355,0.544845
8736.png,3,Residential,0.5251,0.492424,0.523615,0.510473,0.443816
8740.png,3,Residential,0.9007,0.877505,0.558696,0.244991,0.445237
8740.png,3,Residential,0.8946,0.494227,0.495429,0.476081,0.33079
8740.png,3,Residential,0.6042,0.11172,0.780348,0.223439,0.439304
8750.png,3,Residential,0.6793,0.586777,0.529485,0.62015,0.390674
8750.png,3,Residential,0.512,0.33942,0.510933,0.520839,0.370328
876.png,3,Residential,0.8497,0.472486,0.430652,0.480695,0.580806
8773.png,3,Residential,0.8298,0.495648,0.482263,0.419304,0.398914
8773.png,3,Residential,0.8276,0.583267,0.891971,0.475999,0.213314
8777.png,3,Residential,0.8529,0.498109,0.54398,0.436564,0.331815
8777.png,3,Residential,0.8254,0.116266,0.439456,0.230632,0.446669
8779.png,3,Residential,0.7377,0.670013,0.093948,0.473635,0.187897
8793.png,3,Residential,0.7754,0.48128,0.513964,0.469051,0.395598
8794.png,3,Residential,0.8009,0.484813,0.536259,0.447879,0.47416
8794.png,3,Residential,0.6074,0.904701,0.475406,0.185179,0.501769
8805.png,3,Residential,0.8834,0.478614,0.531061,0.38827,0.46153
8805.png,3,Residential,0.7047,0.831214,0.889619,0.240714,0.220762
8807.png,3,Residential,0.8788,0.481109,0.515744,0.439825,0.345011
8807.png,3,Residential,0.6513,0.883986,0.509468,0.231686,0.380232
8814.png,2,Commercial,0.6076,0.132538,0.454754,0.259327,0.376041
8814.png,2,Commercial,0.5009,0.509441,0.523879,0.393761,0.343185
8823.png,3,Residential,0.7902,0.492739,0.505885,0.443274,0.370606
8823.png,3,Residential,0.6887,0.921972,0.526858,0.146962,0.310494
8829.png,3,Residential,0.8177,0.811805,0.823629,0.373885,0.347611
8829.png,3,Residential,0.6773,0.518096,0.512734,0.471328,0.557389
8830.png,3,Residential,0.8373,0.479899,0.500521,0.44455,0.403509
8830.png,3,Residential,0.8341,0.116701,0.364733,0.233402,0.413148
8830.png,3,Residential,0.6206,0.892501,0.713641,0.214998,0.572108
8831.png,3,Residential,0.755,0.499949,0.496873,0.495553,0.389789
8839.png,3,Residential,0.8306,0.459755,0.621537,0.385348,0.481622
8844.png,3,Residential,0.8841,0.457055,0.504234,0.389012,0.591231
8844.png,3,Residential,0.866,0.857756,0.47096,0.284489,0.252137
8844.png,3,Residential,0.7509,0.555763,0.068234,0.3578,0.136107
8848.png,3,Residential,0.8976,0.822746,0.505841,0.354509,0.262503
8848.png,3,Residential,0.8522,0.390099,0.515882,0.332082,0.482345
8848.png,3,Residential,0.7241,0.37002,0.082372,0.38449,0.164743
8863.png,0,Apartment,0.8174,0.63693,0.861525,0.710961,0.273475
8863.png,3,Residential,0.6318,0.265557,0.348746,0.531114,0.697491
8863.png,0,Apartment,0.5945,0.695516,0.516958,0.587365,0.286419
8873.png,3,Residential,0.8615,0.860013,0.510736,0.279974,0.362194
8873.png,3,Residential,0.8008,0.492505,0.524989,0.407762,0.411943
8890.png,3,Residential,0.8632,0.494899,0.512679,0.396403,0.416679
8890.png,3,Residential,0.7881,0.085244,0.542743,0.170488,0.406607
8893.png,3,Residential,0.9211,0.497121,0.498161,0.498165,0.376422
8897.png,0,Apartment,0.7786,0.502118,0.475476,0.631927,0.569013
8899.png,3,Residential,0.9646,0.485122,0.510742,0.498979,0.580833
8909.png,3,Residential,0.727,0.43638,0.384329,0.299505,0.311571
8917.png,3,Residential,0.8845,0.45924,0.532607,0.315295,0.527181
8938.png,3,Residential,0.8027,0.104887,0.184002,0.209774,0.368004
8939.png,3,Residential,0.8929,0.503878,0.534691,0.40063,0.489948
8941.png,3,Residential,0.8983,0.516886,0.511269,0.336527,0.419235
8941.png,3,Residential,0.6038,0.486645,0.894599,0.444183,0.210801
8942.png,3,Residential,0.8565,0.546501,0.698455,0.623393,0.60309
8944.png,3,Residential,0.5811,0.479145,0.513688,0.503073,0.541607
8950.png,3,Residential,0.7737,0.487239,0.569355,0.471088,0.42815
8950.png,3,Residential,0.7276,0.097391,0.48271,0.194035,0.515986
8950.png,3,Residential,0.5492,0.886898,0.530862,0.226204,0.260246
897.png,3,Residential,0.8848,0.469347,0.491006,0.49717,0.457262
897.png,3,Residential,0.7922,0.084254,0.632459,0.168189,0.481245
897.png,3,Residential,0.7094,0.890535,0.479972,0.218882,0.379961
8970.png,3,Residential,0.8882,0.500082,0.86918,0.506021,0.261639
8970.png,3,Residential,0.8648,0.484736,0.51247,0.476961,0.397837
8970.png,3,Residential,0.8178,0.541431,0.130153,0.519276,0.260307
8999.png,3,Residential,0.8877,0.34995,0.169901,0.6999,0.331645
8999.png,3,Residential,0.6767,0.298781,0.679056,0.597562,0.289279
8999.png,3,Residential,0.5218,0.17905,0.672379,0.35646,0.27166
9007.png,3,Residential,0.8146,0.515644,0.660155,0.514341,0.67969
9009.png,0,Apartment,0.9408,0.475435,0.486022,0.599653,0.67268
9026.png,3,Residential,0.9019,0.445931,0.536394,0.422359,0.378719
9026.png,3,Residential,0.5257,0.959759,0.088279,0.080483,0.176558
9026.png,3,Residential,0.5102,0.454403,0.099034,0.476903,0.198067
9029.png,3,Residential,0.8555,0.471278,0.871716,0.339159,0.256568
9029.png,3,Residential,0.8235,0.484491,0.45913,0.283803,0.28926
9029.png,3,Residential,0.5332,0.489338,0.107225,0.397143,0.213087
9037.png,3,Residential,0.9311,0.458116,0.574123,0.556504,0.453982
9048.png,2,Commercial,0.6855,0.485115,0.486925,0.629989,0.5794
9050.png,3,Residential,0.8826,0.503663,0.490747,0.510081,0.337796
9078.png,3,Residential,0.7933,0.449275,0.517405,0.363056,0.449345
9082.png,3,Residential,0.8856,0.4528,0.632257,0.359097,0.499143
9092.png,3,Residential,0.8612,0.493399,0.512721,0.340781,0.456213
911.png,3,Residential,0.9603,0.475006,0.489476,0.498624,0.548907
911.png,3,Residential,0.8606,0.157517,0.827104,0.315034,0.345793
9113.png,3,Residential,0.8451,0.663984,0.122945,0.500493,0.24589
9113.png,3,Residential,0.7382,0.449722,0.544064,0.328877,0.404497
9120.png,3,Residential,0.88,0.470591,0.514697,0.545685,0.382799
9120.png,3,Residential,0.7442,0.672643,0.882113,0.484743,0.235774
9120.png,3,Residential,0.5514,0.478778,0.112374,0.482392,0.224748
9131.png,3,Residential,0.8253,0.53415,0.166427,0.482704,0.332854
9131.png,3,Residential,0.6173,0.447989,0.536423,0.264621,0.37402
9136.png,3,Residential,0.9417,0.7359,0.706217,0.5282,0.389031
9136.png,3,Residential,0.6456,0.863278,0.103914,0.273445,0.207827
9152.png,3,Residential,0.8736,0.507822,0.515484,0.490086,0.343057
9152.png,3,Residential,0.8324,0.059685,0.421754,0.11937,0.482366
9152.png,3,Residential,0.7922,0.931728,0.488168,0.136544,0.374005
9159.png,3,Residential,0.8625,0.524265,0.514802,0.579478,0.523744
9159.png,3,Residential,0.8397,0.209859,0.877481,0.419718,0.245039
9159.png,3,Residential,0.6933,0.085215,0.236525,0.170431,0.300028
916.png,3,Residential,0.8452,0.452886,0.50633,0.439709,0.531022
9165.png,3,Residential,0.7456,0.376697,0.89113,0.312852,0.21774
9165.png,3,Residential,0.7213,0.451028,0.512588,0.331034,0.356971
9167.png,3,Residential,0.8433,0.444532,0.504376,0.377656,0.424917
9167.png,3,Residential,0.835,0.864008,0.415527,0.271983,0.429604
9169.png,3,Residential,0.8628,0.491625,0.512722,0.473013,0.33148
9169.png,3,Residential,0.5901,0.070994,0.231509,0.138686,0.463017
9173.png,3,Residential,0.8466,0.551263,0.504364,0.309498,0.479047
9173.png,3,Residential,0.7107,0.570598,0.9052,0.279265,0.189599
9173.png,3,Residential,0.559,0.039158,0.382422,0.078317,0.279356
9186.png,3,Residential,0.8551,0.472386,0.524356,0.428515,0.346639
9186.png,3,Residential,0.8446,0.46457,0.864758,0.243371,0.267591
9186.png,3,Residential,0.7737,0.916988,0.882343,0.166025,0.235313
9186.png,3,Residential,0.5101,0.508158,0.139935,0.497376,0.279871
9202.png,2,Commercial,0.7867,0.562427,0.934157,0.432876,0.123667
9229.png,3,Residential,0.7198,0.620183,0.053656,0.421739,0.107311
9229.png,3,Residential,0.6964,0.824499,0.62124,0.246706,0.286497
9229.png,3,Residential,0.6631,0.457565,0.519026,0.299688,0.487707
9241.png,3,Residential,0.669,0.501918,0.572611,0.412983,0.41794
9241.png,3,Residential,0.619,0.500155,0.907807,0.379496,0.184385
9243.png,3,Residential,0.8588,0.379604,0.89008,0.634464,0.21984
9243.png,3,Residential,0.655,0.619073,0.245047,0.424138,0.400437
926.png,3,Residential,0.8267,0.568242,0.833447,0.693934,0.324632
926.png,3,Residential,0.8184,0.444441,0.498254,0.496853,0.467273
927.png,3,Residential,0.8508,0.499733,0.540186,0.522253,0.515803
927.png,3,Residential,0.8407,0.892541,0.576094,0.210174,0.403665
9283.png,3,Residential,0.9264,0.442297,0.505353,0.469118,0.505711
9286.png,3,Residential,0.8963,0.494063,0.505274,0.499365,0.441182
9286.png,3,Residential,0.8438,0.494303,0.885504,0.453177,0.226927
9293.png,3,Residential,0.886,0.474325,0.524304,0.389071,0.465058
9293.png,3,Residential,0.6554,0.429494,0.918567,0.45447,0.162866
93.png,3,Residential,0.8885,0.494289,0.510869,0.544141,0.485805
93.png,3,Residential,0.617,0.075848,0.550279,0.151697,0.364218
9301.png,3,Residential,0.7611,0.443543,0.525018,0.420984,0.326827
9301.png,3,Residential,0.5142,0.850913,0.478642,0.28247,0.263395
9303.png,3,Residential,0.8914,0.468149,0.525034,0.416836,0.497456
9309.png,2,Commercial,0.8491,0.498041,0.542554,0.782735,0.783573
9310.png,2,Commercial,0.8443,0.605101,0.49239,0.789797,0.98478
9346.png,3,Residential,0.7758,0.453567,0.48863,0.626616,0.38364
9346.png,3,Residential,0.7689,0.215716,0.889349,0.409973,0.221301
936.png,3,Residential,0.8915,0.499907,0.514983,0.492482,0.446546
936.png,3,Residential,0.5089,0.890339,0.539877,0.213985,0.283951
9384.png,3,Residential,0.8578,0.475474,0.513864,0.445897,0.374368
9384.png,3,Residential,0.8347,0.906077,0.518442,0.187847,0.391846
9386.png,3,Residential,0.8839,0.320111,0.51508,0.249859,0.37223
9386.png,3,Residential,0.8835,0.633726,0.511165,0.231455,0.385692
9386.png,3,Residential,0.8263,0.921131,0.554314,0.157041,0.304117
9386.png,3,Residential,0.6265,0.050097,0.396519,0.098617,0.309973
939.png,3,Residential,0.8886,0.461061,0.527462,0.460296,0.413908
939.png,3,Residential,0.5835,0.882675,0.582232,0.23465,0.317954
9392.png,3,Residential,0.8487,0.694555,0.898804,0.294495,0.202392
9392.png,3,Residential,0.8306,0.427995,0.11079,0.353389,0.221581
9392.png,3,Residential,0.7725,0.496722,0.498415,0.478777,0.41925
9396.png,3,Residential,0.8586,0.506773,0.893508,0.39825,0.212985
9396.png,3,Residential,0.7349,0.499566,0.50587,0.343309,0.384658
9396.png,3,Residential,0.7006,0.1095,0.874252,0.219001,0.251495
940.png,3,Residential,0.8972,0.470744,0.505712,0.553403,0.415784
940.png,3,Residential,0.8689,0.10658,0.790376,0.21316,0.407223
940.png,3,Residential,0.7396,0.862096,0.20797,0.272122,0.319289
9401.png,3,Residential,0.9527,0.50467,0.50326,0.532657,0.464227
9409.png,3,Residential,0.8594,0.467139,0.518277,0.567278,0.354597
9425.png,3,Residential,0.8765,0.482742,0.483062,0.452806,0.424367
9429.png,2,Commercial,0.6962,0.302753,0.430977,0.594533,0.861955
9449.png,3,Residential,0.8601,0.557895,0.525668,0.479067,0.400433
9458.png,2,Commercial,0.855,0.247411,0.314585,0.488087,0.628518
9461.png,3,Residential,0.8587,0.481599,0.509481,0.558092,0.498394
9461.png,3,Residential,0.8293,0.864649,0.360175,0.265932,0.402296
9462.png,3,Residential,0.7925,0.519384,0.516209,0.409171,0.375982
9462.png,3,Residential,0.5464,0.361502,0.150131,0.353307,0.300262
9464.png,3,Residential,0.8394,0.114563,0.531903,0.229126,0.372618
9464.png,3,Residential,0.8283,0.532026,0.513626,0.446474,0.386919
9464.png,3,Residential,0.5814,0.91472,0.581216,0.170561,0.336219
9487.png,3,Residential,0.6996,0.746538,0.919392,0.378045,0.161215
9488.png,3,Residential,0.6901,0.159324,0.723536,0.31079,0.552927
9493.png,3,Residential,0.585,0.646819,0.178644,0.706361,0.357247
9506.png,3,Residential,0.7312,0.478963,0.518448,0.486558,0.222307
9511.png,3,Residential,0.8868,0.469788,0.505002,0.47005,0.340642
9511.png,3,Residential,0.7732,0.175291,0.141,0.347371,0.282
9515.png,3,Residential,0.8449,0.192688,0.283642,0.375953,0.444656
9515.png,3,Residential,0.6679,0.870821,0.823089,0.258359,0.353821
9515.png,3,Residential,0.5555,0.513516,0.493775,0.416087,0.45398
9522.png,3,Residential,0.9332,0.491401,0.51168,0.372551,0.531268
9522.png,3,Residential,0.827,0.499076,0.908139,0.442796,0.183721
9522.png,3,Residential,0.6357,0.441759,0.051465,0.407543,0.10293
9544.png,3,Residential,0.9265,0.487434,0.508854,0.419389,0.487565
9544.png,3,Residential,0.8352,0.479289,0.083192,0.422584,0.166385
9544.png,3,Residential,0.727,0.456423,0.922443,0.518376,0.154347
9558.png,3,Residential,0.8247,0.492151,0.535923,0.285033,0.370598
956.png,3,Residential,0.9031,0.483441,0.540115,0.519174,0.535515
956.png,3,Residential,0.7845,0.848595,0.193362,0.30281,0.386723
956.png,3,Residential,0.6836,0.795628,0.819208,0.408745,0.361583
9561.png,3,Residential,0.7153,0.552976,0.575715,0.439343,0.415032
9561.png,3,Residential,0.579,0.930148,0.575046,0.139673,0.499806
9564.png,3,Residential,0.8207,0.516815,0.529045,0.361513,0.489909
9564.png,3,Residential,0.7824,0.101607,0.571706,0.203214,0.40075
9568.png,3,Residential,0.6525,0.28067,0.196863,0.56134,0.393726
9569.png,2,Commercial,0.6149,0.503446,0.486734,0.452906,0.596062
9571.png,3,Residential,0.9032,0.456061,0.519408,0.467651,0.457102
9571.png,3,Residential,0.819,0.854743,0.720619,0.290514,0.549369
9578.png,3,Residential,0.916,0.477682,0.441297,0.43814,0.365827
9578.png,3,Residential,0.7625,0.457167,0.852991,0.333482,0.293515
9591.png,3,Residential,0.7772,0.536531,0.86841,0.59742,0.26318
9593.png,3,Residential,0.8716,0.504429,0.118155,0.501966,0.23631
9593.png,3,Residential,0.7912,0.518323,0.860265,0.413014,0.279469
9593.png,3,Residential,0.6425,0.525646,0.469757,0.443664,0.331607
9603.png,3,Residential,0.8297,0.464436,0.594942,0.335817,0.38193
9617.png,3,Residential,0.8553,0.50886,0.503193,0.315099,0.459027
9617.png,3,Residential,0.5305,0.313252,0.049503,0.626504,0.096359
9624.png,2,Commercial,0.7584,0.70449,0.51946,0.206047,0.627644
9624.png,2,Commercial,0.639,0.301602,0.423814,0.204954,0.466818
9651.png,3,Residential,0.8909,0.489641,0.497977,0.539603,0.476873
9651.png,3,Residential,0.79,0.887173,0.323503,0.218937,0.172663
9653.png,3,Residential,0.7789,0.474789,0.527101,0.407056,0.511246
9653.png,2,Commercial,0.5797,0.431683,0.95875,0.533039,0.0825
9659.png,3,Residential,0.6112,0.509482,0.547542,0.491392,0.362901
9659.png,3,Residential,0.59,0.889943,0.75395,0.21896,0.413018
9660.png,3,Residential,0.882,0.479622,0.331221,0.365194,0.245204
9660.png,3,Residential,0.8118,0.430571,0.605976,0.409569,0.231322
9660.png,3,Residential,0.7475,0.543274,0.895808,0.61856,0.208383
9702.png,3,Residential,0.882,0.102502,0.486539,0.205004,0.494906
9702.png,3,Residential,0.8227,0.536383,0.503563,0.364262,0.406437
972.png,3,Residential,0.9363,0.488118,0.530305,0.493758,0.392284
972.png,3,Residential,0.5899,0.920936,0.499835,0.158128,0.484005
9722.png,3,Residential,0.754,0.500596,0.521815,0.391587,0.313826
9722.png,3,Residential,0.7114,0.096033,0.543245,0.192066,0.392581
973.png,3,Residential,0.7113,0.868573,0.528184,0.262853,0.536894
973.png,3,Residential,0.5331,0.095682,0.543248,0.191363,0.481897
973.png,3,Residential,0.5265,0.471074,0.48793,0.483501,0.389248
975.png,3,Residential,0.7828,0.880042,0.509115,0.239916,0.428441
9758.png,0,Apartment,0.8921,0.105006,0.128701,0.210013,0.242882
9758.png,0,Apartment,0.8402,0.327774,0.124997,0.203322,0.224165
9758.png,0,Apartment,0.7396,0.087315,0.45628,0.173299,0.385614
9758.png,3,Residential,0.717,0.441981,0.462994,0.503594,0.351021
9758.png,2,Commercial,0.5784,0.36839,0.950405,0.736779,0.09919
9760.png,3,Residential,0.7988,0.910876,0.509804,0.175913,0.396857
9760.png,3,Residential,0.7079,0.489242,0.543421,0.429266,0.43247
9765.png,3,Residential,0.9564,0.341428,0.539088,0.601041,0.477728
9765.png,3,Residential,0.8805,0.522575,0.096838,0.602434,0.193677
9765.png,3,Residential,0.8533,0.893299,0.561873,0.206262,0.353036
98.png,3,Residential,0.6712,0.070462,0.499063,0.140025,0.354797
98.png,3,Residential,0.5288,0.469263,0.560853,0.535868,0.57464
9801.png,3,Residential,0.9153,0.474102,0.530874,0.3791,0.430444
9801.png,3,Residential,0.8814,0.498599,0.113106,0.487283,0.225782
9801.png,3,Residential,0.8427,0.42523,0.891597,0.340937,0.216805
9814.png,3,Residential,0.8916,0.846718,0.464692,0.306563,0.498494
9814.png,3,Residential,0.7534,0.125347,0.425781,0.246581,0.501528
9841.png,3,Residential,0.8546,0.515916,0.519631,0.390972,0.399383
9841.png,3,Residential,0.8509,0.89376,0.491215,0.209937,0.41004
9850.png,3,Residential,0.8765,0.911734,0.586699,0.176532,0.61171
9850.png,3,Residential,0.5187,0.05564,0.664402,0.11128,0.419631
9869.png,0,Apartment,0.8798,0.495989,0.493912,0.632554,0.591155
9869.png,0,Apartment,0.5908,0.416161,0.091586,0.366497,0.183171
9878.png,3,Residential,0.8464,0.425321,0.564582,0.284684,0.472928
9878.png,3,Residential,0.7204,0.783042,0.623206,0.234907,0.289274
9884.png,3,Residential,0.8423,0.109715,0.508078,0.218648,0.411662
9884.png,3,Residential,0.8145,0.493446,0.547165,0.453162,0.423432
9884.png,3,Residential,0.7665,0.890379,0.641831,0.219242,0.432191
9892.png,3,Residential,0.8799,0.485031,0.510115,0.433804,0.317737
9892.png,3,Residential,0.6651,0.04662,0.457206,0.093239,0.397058
9894.png,3,Residential,0.8531,0.884725,0.549886,0.226538,0.476716
9894.png,3,Residential,0.7689,0.414568,0.527239,0.386578,0.476635
99.png,3,Residential,0.5733,0.500778,0.51735,0.521504,0.426181
9904.png,3,Residential,0.8134,0.41195,0.513477,0.615366,0.435422
9906.png,3,Residential,0.8802,0.097409,0.736902,0.194716,0.364265
9906.png,3,Residential,0.7628,0.472596,0.555472,0.459353,0.424223
9912.png,3,Residential,0.9208,0.512822,0.503221,0.442641,0.442572
9912.png,3,Residential,0.6346,0.574987,0.921859,0.284199,0.156282
9952.png,3,Residential,0.8597,0.46253,0.528118,0.337935,0.43695
9952.png,3,Residential,0.838,0.454741,0.098901,0.407514,0.197803
9952.png,3,Residential,0.8319,0.09601,0.866403,0.19202,0.262196
9955.png,3,Residential,0.8608,0.188215,0.798839,0.367016,0.390993
9955.png,3,Residential,0.7916,0.484911,0.412649,0.43769,0.686454
9974.png,3,Residential,0.8011,0.898113,0.569879,0.203774,0.355801
998.png,3,Residential,0.9136,0.483983,0.50735,0.422154,0.501759
998.png,3,Residential,0.7642,0.089686,0.439268,0.179371,0.280103
9986.png,3,Residential,0.9004,0.39237,0.563945,0.645958,0.461735
9990.png,3,Residential,0.8928,0.469804,0.53305,0.406777,0.503934
9998.png,3,Residential,0.8542,0.478558,0.498335,0.489246,0.404061
9998.png,3,Residential,0.823,0.508578,0.898392,0.436577,0.200655
