Source_File,Class_ID,Class_Name,Confidence,Normalized_X_Center,Normalized_Y_Center,Normalized_Width,Normalized_Height
1.png,3,Residential,0.9593,0.465489,0.479173,0.544224,0.460403
1.png,3,Residential,0.8278,0.822012,0.163935,0.355976,0.327871
10003.png,3,Residential,0.8629,0.442959,0.540079,0.375735,0.333566
10018.png,3,Residential,0.8666,0.222986,0.862566,0.425357,0.274868
10018.png,3,Residential,0.8204,0.128297,0.247749,0.255587,0.430978
10018.png,3,Residential,0.7895,0.479085,0.511786,0.417566,0.381775
10023.png,3,Residential,0.7338,0.533488,0.912609,0.41215,0.166659
10023.png,3,Residential,0.5888,0.503712,0.485661,0.499892,0.229204
10033.png,3,Residential,0.8752,0.496815,0.511033,0.467967,0.55618
10033.png,3,Residential,0.6875,0.958836,0.676802,0.082328,0.201323
10033.png,3,Residential,0.6801,0.533939,0.895182,0.371887,0.209526
1006.png,3,Residential,0.8703,0.474951,0.523608,0.466871,0.445054
1006.png,3,Residential,0.8605,0.111152,0.783447,0.222304,0.38145
1006.png,3,Residential,0.561,0.878745,0.863501,0.240833,0.272997
10064.png,3,Residential,0.8744,0.457623,0.503207,0.40523,0.390735
10064.png,3,Residential,0.8372,0.855096,0.507346,0.289807,0.3196
10064.png,3,Residential,0.7675,0.097365,0.495624,0.19473,0.507872
10066.png,3,Residential,0.9018,0.478108,0.118539,0.405215,0.237079
10066.png,3,Residential,0.886,0.475822,0.522016,0.376773,0.423942
10072.png,3,Residential,0.598,0.518262,0.506244,0.578876,0.347034
10088.png,3,Residential,0.8825,0.51019,0.520792,0.372898,0.378594
10090.png,3,Residential,0.8134,0.543985,0.52768,0.512799,0.437627
10106.png,3,Residential,0.9191,0.444734,0.499037,0.303183,0.440975
10106.png,3,Residential,0.8112,0.491966,0.902481,0.328716,0.195038
10106.png,3,Residential,0.5177,0.473345,0.079377,0.325394,0.15816
10121.png,0,Apartment,0.9382,0.531341,0.597453,0.598285,0.569908
10121.png,0,Apartment,0.8244,0.919073,0.537818,0.161853,0.652757
10126.png,3,Residential,0.9178,0.491668,0.524424,0.358048,0.531754
10126.png,3,Residential,0.7789,0.447335,0.064886,0.459594,0.129773
10127.png,3,Residential,0.7701,0.575432,0.891295,0.292071,0.217306
10127.png,3,Residential,0.7098,0.474587,0.476452,0.539755,0.535134
10127.png,0,Apartment,0.6193,0.084505,0.361731,0.167615,0.271815
10127.png,0,Apartment,0.5214,0.476912,0.476508,0.536617,0.534553
10129.png,3,Residential,0.8195,0.130973,0.484692,0.261946,0.291114
10129.png,3,Residential,0.7456,0.130016,0.941363,0.260031,0.116924
10133.png,3,Residential,0.7838,0.480166,0.510146,0.45948,0.330021
10133.png,3,Residential,0.7005,0.855832,0.498621,0.288336,0.257428
10134.png,3,Residential,0.8429,0.469223,0.455629,0.434979,0.307865
10141.png,3,Residential,0.8733,0.46494,0.525078,0.364624,0.458229
10141.png,3,Residential,0.8136,0.934133,0.490566,0.131734,0.305147
10148.png,2,Commercial,0.9368,0.383483,0.533138,0.766965,0.933723
10150.png,3,Residential,0.8742,0.45808,0.1476,0.464489,0.295199
10152.png,3,Residential,0.7936,0.511908,0.60084,0.476329,0.626306
10152.png,3,Residential,0.5396,0.508966,0.513015,0.475737,0.431655
10172.png,3,Residential,0.76,0.48426,0.499872,0.369467,0.496791
10172.png,3,Residential,0.5675,0.922538,0.668035,0.148856,0.362047
10201.png,2,Commercial,0.6307,0.461662,0.581918,0.346554,0.422581
10211.png,3,Residential,0.8573,0.887422,0.574748,0.222507,0.34679
10211.png,3,Residential,0.84,0.470667,0.532809,0.526819,0.459824
10214.png,3,Residential,0.868,0.471132,0.517796,0.410814,0.455709
10216.png,3,Residential,0.905,0.492074,0.48117,0.528942,0.514512
10216.png,3,Residential,0.8206,0.092654,0.768008,0.185307,0.431639
10218.png,3,Residential,0.8681,0.489528,0.487235,0.463721,0.356009
10225.png,3,Residential,0.8629,0.248582,0.843213,0.497164,0.313574
10225.png,3,Residential,0.8584,0.530369,0.181715,0.34461,0.36279
10225.png,3,Residential,0.7007,0.139243,0.111888,0.278486,0.223776
10225.png,3,Residential,0.6642,0.453724,0.512486,0.3289,0.297533
10237.png,3,Residential,0.8139,0.466828,0.530205,0.364171,0.359982
10237.png,3,Residential,0.586,0.489081,0.954333,0.470994,0.090976
10251.png,3,Residential,0.8695,0.478198,0.515493,0.446939,0.492235
10260.png,3,Residential,0.9331,0.469649,0.670441,0.518899,0.28437
10260.png,3,Residential,0.7017,0.082229,0.873699,0.164458,0.251952
10260.png,3,Residential,0.634,0.48801,0.348615,0.396068,0.288256
10261.png,2,Commercial,0.8393,0.492622,0.487358,0.641777,0.613943
10261.png,2,Commercial,0.6452,0.061335,0.321758,0.119588,0.643515
10266.png,3,Residential,0.9058,0.475025,0.528158,0.581193,0.343637
10268.png,3,Residential,0.8373,0.472206,0.890548,0.446315,0.21652
10268.png,3,Residential,0.8005,0.477603,0.505694,0.429476,0.44494
10268.png,3,Residential,0.6613,0.514167,0.103453,0.413098,0.206292
10269.png,3,Residential,0.8796,0.504424,0.11896,0.390408,0.237356
10269.png,3,Residential,0.8542,0.517905,0.894616,0.410291,0.210769
10269.png,3,Residential,0.8342,0.507702,0.503864,0.441017,0.453999
10283.png,3,Residential,0.9098,0.323762,0.559975,0.575681,0.386207
10283.png,3,Residential,0.8071,0.415735,0.911267,0.62208,0.177284
10291.png,3,Residential,0.8583,0.498633,0.597345,0.4882,0.256998
10291.png,3,Residential,0.8115,0.099018,0.61698,0.198036,0.468834
10302.png,0,Apartment,0.7621,0.477177,0.505506,0.483865,0.568259
10302.png,0,Apartment,0.6335,0.477635,0.399874,0.522137,0.799748
10302.png,0,Apartment,0.5105,0.496031,0.101958,0.481417,0.203916
10303.png,3,Residential,0.8748,0.501981,0.369661,0.422531,0.494424
10325.png,3,Residential,0.8985,0.8015,0.8734,0.324313,0.253199
10325.png,2,Commercial,0.6076,0.505658,0.490491,0.589497,0.343659
1033.png,3,Residential,0.8889,0.807972,0.897451,0.383499,0.205097
10363.png,2,Commercial,0.5927,0.470674,0.484486,0.354947,0.268885
10366.png,3,Residential,0.9107,0.497378,0.522586,0.391975,0.540367
10366.png,3,Residential,0.8472,0.50784,0.103681,0.461589,0.206272
10366.png,3,Residential,0.8467,0.522831,0.906503,0.502312,0.185444
1040.png,3,Residential,0.8162,0.100576,0.320506,0.200824,0.505859
1040.png,3,Residential,0.652,0.478051,0.477741,0.560684,0.442421
10413.png,0,Apartment,0.6788,0.487639,0.637783,0.395521,0.715673
10425.png,3,Residential,0.6855,0.088291,0.523314,0.175189,0.49315
10425.png,3,Residential,0.6233,0.485579,0.61718,0.46225,0.497127
10425.png,3,Residential,0.5323,0.908768,0.509786,0.182464,0.352867
10429.png,3,Residential,0.8232,0.517266,0.459518,0.366757,0.365438
10429.png,3,Residential,0.6044,0.180583,0.469137,0.361165,0.87693
10435.png,3,Residential,0.7535,0.474525,0.496398,0.336729,0.338308
10435.png,3,Residential,0.7309,0.902567,0.490232,0.185325,0.283427
10457.png,3,Residential,0.7809,0.493196,0.523471,0.392683,0.298191
10457.png,3,Residential,0.7789,0.595263,0.876449,0.394265,0.241787
10457.png,3,Residential,0.5985,0.596671,0.140278,0.459894,0.280556
10464.png,2,Commercial,0.5247,0.484079,0.830996,0.968159,0.338009
10465.png,3,Residential,0.8228,0.482164,0.507,0.413277,0.299048
10465.png,3,Residential,0.8184,0.42453,0.854139,0.32133,0.238662
10472.png,3,Residential,0.8855,0.509369,0.52974,0.349322,0.305359
10472.png,3,Residential,0.8611,0.530309,0.89335,0.334181,0.213301
10496.png,3,Residential,0.666,0.499391,0.506679,0.414797,0.384633
10503.png,3,Residential,0.8942,0.782279,0.825501,0.435442,0.348998
10503.png,3,Residential,0.881,0.482459,0.484375,0.508693,0.501998
10504.png,3,Residential,0.9733,0.331992,0.724954,0.663984,0.550093
10504.png,3,Residential,0.8331,0.32017,0.104687,0.572902,0.209373
10508.png,3,Residential,0.9138,0.454247,0.495228,0.454623,0.435477
10508.png,3,Residential,0.8601,0.864485,0.732235,0.271029,0.32962
10532.png,2,Commercial,0.8299,0.464454,0.499716,0.422766,0.48326
10559.png,3,Residential,0.9021,0.500941,0.526322,0.492648,0.406585
10559.png,3,Residential,0.8701,0.444207,0.89541,0.436021,0.209083
10559.png,3,Residential,0.5667,0.066556,0.957441,0.133112,0.084648
10562.png,2,Commercial,0.6499,0.500857,0.391883,0.984568,0.783767
10571.png,3,Residential,0.7716,0.501085,0.499371,0.465812,0.576587
10593.png,3,Residential,0.8316,0.121042,0.592775,0.242083,0.440852
10593.png,3,Residential,0.8263,0.901771,0.572367,0.196458,0.319518
10601.png,0,Apartment,0.5592,0.462473,0.841912,0.527767,0.316175
10601.png,3,Residential,0.5491,0.061799,0.82634,0.121627,0.34732
10613.png,0,Apartment,0.6736,0.494356,0.5528,0.532746,0.499128
10619.png,3,Residential,0.6647,0.917731,0.149823,0.159079,0.121391
10619.png,3,Residential,0.6644,0.425902,0.492475,0.407684,0.40428
10623.png,3,Residential,0.8643,0.43432,0.880461,0.457307,0.238278
10623.png,3,Residential,0.7855,0.482481,0.496902,0.381553,0.385744
10626.png,3,Residential,0.8605,0.470942,0.492569,0.279116,0.440423
10626.png,3,Residential,0.6922,0.127616,0.467063,0.255231,0.470513
10655.png,3,Residential,0.8255,0.565444,0.495856,0.260076,0.456918
10655.png,3,Residential,0.641,0.617672,0.056603,0.270094,0.113207
10659.png,0,Apartment,0.6403,0.409428,0.06776,0.5388,0.135519
10659.png,3,Residential,0.5104,0.467425,0.468766,0.485535,0.4096
10668.png,3,Residential,0.8655,0.475621,0.501686,0.344296,0.441574
10668.png,0,Apartment,0.5203,0.498506,0.127707,0.690504,0.255413
10681.png,2,Commercial,0.8064,0.505191,0.535687,0.540661,0.738137
10694.png,2,Commercial,0.8771,0.498435,0.537564,0.435099,0.336386
10716.png,3,Residential,0.913,0.490499,0.501853,0.44025,0.361193
10716.png,3,Residential,0.5919,0.483269,0.878371,0.402649,0.242687
10718.png,3,Residential,0.8781,0.496671,0.536351,0.384495,0.502165
10718.png,3,Residential,0.8647,0.860634,0.629507,0.278731,0.467723
10719.png,3,Residential,0.7871,0.450215,0.533173,0.362512,0.462271
10725.png,3,Residential,0.7989,0.120497,0.447737,0.240995,0.37808
10725.png,3,Residential,0.7134,0.500076,0.524535,0.296466,0.380388
10727.png,3,Residential,0.71,0.074573,0.142102,0.149146,0.284204
10727.png,3,Residential,0.507,0.46751,0.509848,0.366525,0.458517
10727.png,3,Residential,0.5,0.059697,0.750448,0.119394,0.49623
1073.png,3,Residential,0.7286,0.552427,0.082989,0.359439,0.165867
1073.png,3,Residential,0.7227,0.491606,0.538294,0.351766,0.521154
1073.png,3,Residential,0.641,0.161545,0.780942,0.319677,0.27113
10742.png,3,Residential,0.7856,0.086622,0.419409,0.173243,0.48196
10742.png,3,Residential,0.6974,0.48319,0.535251,0.426862,0.28978
10760.png,3,Residential,0.8556,0.534963,0.650863,0.417876,0.689821
10760.png,3,Residential,0.6421,0.095041,0.684039,0.190083,0.631922
10765.png,0,Apartment,0.9648,0.479533,0.490766,0.575049,0.668389
10769.png,3,Residential,0.9124,0.884059,0.556675,0.230304,0.381083
10769.png,3,Residential,0.872,0.593257,0.528412,0.236083,0.432218
10779.png,3,Residential,0.7113,0.498474,0.360565,0.399287,0.72113
10780.png,3,Residential,0.767,0.87888,0.546652,0.24224,0.429271
10780.png,3,Residential,0.7575,0.11476,0.528221,0.22952,0.380474
10780.png,3,Residential,0.7152,0.494191,0.562961,0.406564,0.355877
10784.png,3,Residential,0.8894,0.118982,0.524188,0.237964,0.404483
10784.png,3,Residential,0.8421,0.478335,0.567228,0.376319,0.328715
10784.png,3,Residential,0.7577,0.87675,0.487983,0.2465,0.325116
10786.png,3,Residential,0.7647,0.548779,0.885067,0.358051,0.229865
10786.png,3,Residential,0.6212,0.431153,0.528936,0.482288,0.334341
10804.png,3,Residential,0.5778,0.507881,0.518457,0.387588,0.454215
10804.png,3,Residential,0.574,0.081544,0.553504,0.163088,0.565037
10811.png,0,Apartment,0.9012,0.489541,0.512305,0.484563,0.711541
10811.png,3,Residential,0.8053,0.836339,0.162235,0.278584,0.211685
10813.png,2,Commercial,0.9201,0.473752,0.473592,0.659685,0.522229
10849.png,3,Residential,0.9065,0.49523,0.512516,0.453167,0.397555
10854.png,3,Residential,0.8458,0.497924,0.518852,0.385687,0.463023
10862.png,3,Residential,0.8971,0.47081,0.47056,0.422396,0.444629
10862.png,3,Residential,0.7395,0.189359,0.161679,0.37227,0.323358
10879.png,2,Commercial,0.699,0.86646,0.145366,0.267079,0.290732
10879.png,2,Commercial,0.5048,0.497443,0.4762,0.731962,0.524434
10886.png,3,Residential,0.9213,0.469738,0.516329,0.417211,0.470855
10937.png,3,Residential,0.8916,0.483559,0.873223,0.360304,0.253553
10937.png,3,Residential,0.8704,0.470984,0.481538,0.38815,0.324445
10937.png,3,Residential,0.7174,0.551614,0.130047,0.272177,0.260095
10941.png,3,Residential,0.855,0.473952,0.536655,0.357479,0.340481
10952.png,3,Residential,0.5234,0.488675,0.518372,0.467838,0.32295
10981.png,2,Commercial,0.8701,0.505962,0.504982,0.67257,0.494943
10988.png,0,Apartment,0.7697,0.193127,0.900161,0.383645,0.199678
10988.png,3,Residential,0.7089,0.881442,0.47289,0.230497,0.504993
10989.png,3,Residential,0.7766,0.280075,0.830012,0.298087,0.339977
10989.png,3,Residential,0.6365,0.474772,0.502859,0.325592,0.269305
10989.png,3,Residential,0.5098,0.908615,0.34016,0.182771,0.68032
10994.png,3,Residential,0.8178,0.093648,0.415523,0.185307,0.590386
10994.png,3,Residential,0.71,0.935132,0.414146,0.129737,0.565636
10994.png,3,Residential,0.6444,0.468257,0.57564,0.303231,0.246298
10999.png,3,Residential,0.8642,0.503314,0.512705,0.353048,0.321094
10999.png,3,Residential,0.8167,0.868055,0.576788,0.263891,0.356823
11000.png,3,Residential,0.7049,0.467228,0.534324,0.239967,0.480551
11002.png,3,Residential,0.7849,0.089535,0.586283,0.176876,0.333441
11002.png,3,Residential,0.7764,0.489488,0.510426,0.424731,0.457591
11003.png,3,Residential,0.8389,0.747701,0.19518,0.504598,0.39036
11003.png,3,Residential,0.7078,0.559117,0.788972,0.31946,0.28663
11003.png,3,Residential,0.6021,0.563169,0.662384,0.321444,0.573926
11004.png,3,Residential,0.8123,0.50638,0.500037,0.538922,0.481373
11011.png,3,Residential,0.7752,0.426548,0.483727,0.334913,0.36332
11011.png,3,Residential,0.7592,0.844235,0.912346,0.307882,0.171842
11045.png,3,Residential,0.9073,0.459685,0.512348,0.343475,0.431226
11055.png,3,Residential,0.8159,0.502035,0.122128,0.456846,0.243233
11055.png,3,Residential,0.7777,0.494608,0.470019,0.448174,0.391455
11058.png,3,Residential,0.8164,0.521757,0.488118,0.366283,0.363627
11065.png,3,Residential,0.8982,0.481591,0.498372,0.49419,0.524972
11065.png,3,Residential,0.8519,0.101257,0.185638,0.202513,0.371276
11065.png,3,Residential,0.8005,0.579705,0.907669,0.419779,0.184662
11068.png,3,Residential,0.856,0.894923,0.701791,0.210153,0.596418
11068.png,3,Residential,0.7045,0.516799,0.912211,0.233466,0.175577
11068.png,3,Residential,0.6325,0.514979,0.556476,0.426677,0.368859
11091.png,3,Residential,0.7462,0.703928,0.19877,0.592145,0.384884
11110.png,3,Residential,0.8923,0.777805,0.6986,0.440813,0.532166
11110.png,3,Residential,0.8055,0.769433,0.141738,0.4569,0.281588
11115.png,3,Residential,0.8438,0.533046,0.542033,0.427172,0.418199
11115.png,3,Residential,0.7936,0.612637,0.123533,0.580443,0.247065
11116.png,3,Residential,0.8154,0.478448,0.500251,0.425465,0.487345
11116.png,3,Residential,0.6632,0.464209,0.118741,0.432018,0.237481
11123.png,3,Residential,0.6714,0.453049,0.51699,0.346724,0.408629
11123.png,3,Residential,0.6573,0.38779,0.109366,0.36043,0.218731
11126.png,3,Residential,0.882,0.140662,0.784731,0.281324,0.374423
11126.png,3,Residential,0.73,0.052003,0.250807,0.104006,0.419458
11126.png,3,Residential,0.5913,0.505433,0.513894,0.453825,0.427722
11130.png,3,Residential,0.9301,0.470629,0.506455,0.436324,0.477679
11141.png,3,Residential,0.9027,0.498582,0.54396,0.59036,0.53602
11158.png,2,Commercial,0.7786,0.519965,0.552535,0.756912,0.504215
11158.png,2,Commercial,0.5235,0.520504,0.449167,0.787229,0.733495
11159.png,3,Residential,0.7117,0.516545,0.571979,0.442707,0.395393
11159.png,3,Residential,0.5864,0.845605,0.767409,0.301375,0.415691
11174.png,3,Residential,0.8942,0.49036,0.518588,0.423158,0.367981
11174.png,3,Residential,0.7597,0.864337,0.37657,0.271325,0.671426
11174.png,3,Residential,0.6459,0.868052,0.494683,0.261386,0.39872
11187.png,3,Residential,0.7083,0.463384,0.51284,0.390199,0.351657
112.png,3,Residential,0.868,0.487423,0.511449,0.520699,0.459834
112.png,3,Residential,0.7236,0.104144,0.525586,0.208289,0.487468
11202.png,3,Residential,0.7086,0.773785,0.88971,0.352012,0.22058
11202.png,3,Residential,0.6836,0.372712,0.442233,0.469141,0.392233
11243.png,3,Residential,0.8696,0.149979,0.298717,0.299958,0.38838
11243.png,3,Residential,0.8625,0.175495,0.850837,0.35099,0.298326
11245.png,3,Residential,0.7773,0.128852,0.655957,0.255797,0.507346
11245.png,3,Residential,0.7199,0.821828,0.605226,0.316443,0.434352
11245.png,3,Residential,0.6621,0.467183,0.562551,0.346313,0.446805
11246.png,3,Residential,0.8012,0.076794,0.4898,0.153461,0.500883
11246.png,3,Residential,0.7935,0.476265,0.507374,0.414838,0.300595
11251.png,3,Residential,0.8296,0.454569,0.517127,0.447384,0.495245
11257.png,3,Residential,0.9253,0.488911,0.523593,0.511566,0.402229
11283.png,3,Residential,0.9009,0.447899,0.50017,0.395723,0.494127
11285.png,3,Residential,0.8565,0.447243,0.524411,0.34909,0.442488
11285.png,3,Residential,0.5727,0.592588,0.087383,0.552007,0.174146
11291.png,3,Residential,0.9118,0.494639,0.526776,0.454881,0.436597
11291.png,3,Residential,0.7417,0.053829,0.412869,0.107658,0.542528
11296.png,3,Residential,0.8965,0.509637,0.500354,0.413287,0.428719
11296.png,3,Residential,0.633,0.73055,0.877747,0.336146,0.244163
11296.png,3,Residential,0.6226,0.463432,0.097947,0.552927,0.195895
11314.png,3,Residential,0.5578,0.342896,0.184621,0.685792,0.368575
11315.png,0,Apartment,0.8835,0.478377,0.508292,0.607445,0.647632
11317.png,3,Residential,0.5407,0.553673,0.18274,0.742089,0.365479
11325.png,3,Residential,0.892,0.507253,0.502747,0.470698,0.304809
11325.png,3,Residential,0.8146,0.875706,0.477264,0.248188,0.355143
11325.png,3,Residential,0.7065,0.060508,0.602775,0.120433,0.434537
11343.png,3,Residential,0.8628,0.494263,0.498813,0.539202,0.55375
11343.png,3,Residential,0.8303,0.172675,0.796643,0.345349,0.393108
11347.png,3,Residential,0.6019,0.097032,0.831678,0.194063,0.324496
11369.png,3,Residential,0.8696,0.450622,0.116864,0.477526,0.233729
11369.png,3,Residential,0.8474,0.477081,0.88688,0.4036,0.226241
11369.png,3,Residential,0.7605,0.466341,0.501771,0.334184,0.338856
11369.png,3,Residential,0.7403,0.095465,0.272857,0.190931,0.125811
11369.png,3,Residential,0.5637,0.087469,0.731972,0.174938,0.536057
11384.png,0,Apartment,0.8903,0.481258,0.400607,0.495702,0.626817
11385.png,3,Residential,0.6937,0.554022,0.524732,0.671221,0.605846
11385.png,3,Residential,0.5741,0.58053,0.613478,0.745171,0.773044
114.png,3,Residential,0.9117,0.289371,0.872599,0.578742,0.253683
114.png,3,Residential,0.8779,0.510731,0.473878,0.492213,0.526296
1140.png,3,Residential,0.9129,0.487821,0.508678,0.445558,0.372256
1140.png,3,Residential,0.7895,0.067651,0.536983,0.135302,0.392694
1140.png,3,Residential,0.6272,0.879244,0.513233,0.241512,0.307248
11419.png,3,Residential,0.7673,0.468106,0.511464,0.301717,0.286674
11419.png,3,Residential,0.5825,0.725331,0.148549,0.488152,0.297035
11425.png,3,Residential,0.9179,0.168238,0.196672,0.336476,0.295947
11425.png,3,Residential,0.8459,0.9354,0.724243,0.1292,0.551514
11425.png,3,Residential,0.8121,0.169873,0.756268,0.3383,0.442651
11442.png,3,Residential,0.7985,0.471989,0.505671,0.426261,0.579024
11451.png,2,Commercial,0.7873,0.5,0.533599,1.0,0.549239
11451.png,3,Residential,0.543,0.222266,0.510617,0.444076,0.475639
11451.png,0,Apartment,0.5067,0.225359,0.51381,0.450719,0.466788
11465.png,3,Residential,0.9137,0.533828,0.521106,0.454316,0.468064
11465.png,3,Residential,0.7774,0.691735,0.919576,0.598834,0.160753
11465.png,3,Residential,0.7223,0.576544,0.069597,0.554352,0.139194
11468.png,3,Residential,0.8803,0.509967,0.525457,0.414341,0.506478
11472.png,3,Residential,0.8623,0.468108,0.523133,0.511689,0.455821
11480.png,3,Residential,0.805,0.918501,0.338733,0.162999,0.377741
11480.png,3,Residential,0.7521,0.473205,0.523619,0.422651,0.357335
11483.png,3,Residential,0.7575,0.489007,0.10591,0.335769,0.210177
11486.png,3,Residential,0.831,0.483575,0.515751,0.425678,0.250918
11486.png,3,Residential,0.7869,0.104466,0.273362,0.206954,0.546724
11554.png,3,Residential,0.8482,0.468441,0.524294,0.35524,0.485069
11554.png,3,Residential,0.8178,0.247292,0.049079,0.477821,0.098157
11554.png,3,Residential,0.7358,0.800223,0.047866,0.399554,0.094359
11554.png,3,Residential,0.6821,0.879871,0.516585,0.236065,0.480563
11579.png,3,Residential,0.8996,0.463203,0.500121,0.451143,0.457008
11579.png,3,Residential,0.8579,0.875134,0.328564,0.24646,0.459628
11609.png,2,Commercial,0.6259,0.904136,0.634557,0.191728,0.673674
11609.png,3,Residential,0.5013,0.510684,0.900492,0.374742,0.195458
11613.png,3,Residential,0.8209,0.884722,0.493168,0.230556,0.414728
11613.png,3,Residential,0.7538,0.108007,0.513855,0.214707,0.341553
11613.png,3,Residential,0.6959,0.496254,0.522957,0.463281,0.384539
11619.png,3,Residential,0.8381,0.47981,0.526268,0.41735,0.399846
11630.png,3,Residential,0.82,0.540261,0.535852,0.378269,0.50974
11630.png,3,Residential,0.6616,0.702556,0.103653,0.398632,0.207306
11660.png,3,Residential,0.777,0.534551,0.422477,0.202334,0.339573
11664.png,3,Residential,0.8881,0.736463,0.194189,0.471768,0.388378
11664.png,3,Residential,0.6893,0.492228,0.484822,0.439448,0.49983
11664.png,3,Residential,0.5883,0.28046,0.855631,0.319328,0.288739
11675.png,2,Commercial,0.7586,0.500877,0.469872,0.515126,0.24731
11680.png,3,Residential,0.8874,0.371324,0.870674,0.430446,0.258653
11683.png,3,Residential,0.8708,0.322497,0.402947,0.201475,0.560662
11683.png,3,Residential,0.7718,0.753248,0.398943,0.151207,0.622741
11694.png,3,Residential,0.8787,0.483119,0.531755,0.44362,0.357435
11694.png,3,Residential,0.8179,0.082573,0.654871,0.165147,0.450999
1171.png,3,Residential,0.8374,0.465584,0.539141,0.381434,0.50001
11719.png,3,Residential,0.8949,0.483775,0.525597,0.431212,0.362264
11719.png,3,Residential,0.8874,0.454597,0.887125,0.469811,0.225751
11719.png,3,Residential,0.8211,0.467918,0.12506,0.356442,0.250119
11736.png,3,Residential,0.6347,0.487188,0.604488,0.409678,0.591464
11750.png,3,Residential,0.956,0.628879,0.452784,0.738437,0.413277
11750.png,3,Residential,0.6318,0.132681,0.332277,0.262766,0.593098
11761.png,3,Residential,0.6888,0.573556,0.526888,0.472287,0.408855
11770.png,3,Residential,0.9404,0.499911,0.521185,0.592154,0.449633
11770.png,3,Residential,0.6588,0.925156,0.67911,0.149688,0.608446
11772.png,2,Commercial,0.8115,0.956354,0.878073,0.087291,0.243855
11772.png,2,Commercial,0.8079,0.33493,0.522872,0.290463,0.737337
11772.png,2,Commercial,0.6721,0.687115,0.481806,0.277648,0.623217
11772.png,2,Commercial,0.6602,0.515673,0.523787,0.678532,0.678937
11804.png,3,Residential,0.9013,0.490052,0.508835,0.425252,0.455554
11804.png,3,Residential,0.8609,0.091912,0.45396,0.183825,0.392308
11804.png,3,Residential,0.7447,0.888476,0.64363,0.217189,0.462848
11817.png,3,Residential,0.6896,0.458852,0.503557,0.470495,0.483903
11817.png,3,Residential,0.5169,0.909478,0.438206,0.180919,0.623995
11820.png,3,Residential,0.9058,0.455671,0.524051,0.429189,0.39694
11820.png,3,Residential,0.8714,0.878841,0.723093,0.242317,0.331586
11820.png,3,Residential,0.6665,0.341554,0.080875,0.264201,0.161749
11826.png,3,Residential,0.9149,0.459,0.535808,0.42113,0.517856
11828.png,2,Commercial,0.7983,0.44711,0.549863,0.89422,0.900274
11853.png,2,Commercial,0.929,0.488507,0.50812,0.664579,0.762975
11854.png,3,Residential,0.9026,0.476408,0.540798,0.428476,0.30437
11854.png,3,Residential,0.7523,0.868323,0.573391,0.256454,0.373192
11873.png,3,Residential,0.8494,0.528045,0.482095,0.439587,0.361587
11874.png,3,Residential,0.8187,0.486253,0.509122,0.488035,0.379715
11874.png,3,Residential,0.5304,0.896731,0.162782,0.202787,0.325565
11882.png,2,Commercial,0.562,0.232016,0.057621,0.464032,0.115241
11886.png,3,Residential,0.8843,0.501478,0.606941,0.426921,0.571283
11886.png,3,Residential,0.8545,0.117297,0.341173,0.233428,0.381724
11896.png,3,Residential,0.9095,0.46376,0.50824,0.402285,0.291627
11896.png,3,Residential,0.9029,0.083177,0.604022,0.166354,0.483766
11902.png,3,Residential,0.7584,0.293169,0.185763,0.586338,0.371525
11920.png,3,Residential,0.8314,0.497986,0.505217,0.421863,0.349555
11920.png,3,Residential,0.7992,0.088691,0.523941,0.177382,0.331222
11957.png,0,Apartment,0.7538,0.485762,0.650063,0.560851,0.577045
11969.png,3,Residential,0.8261,0.182876,0.317982,0.365753,0.628822
1197.png,3,Residential,0.686,0.538471,0.553908,0.419106,0.474888
11977.png,3,Residential,0.9138,0.485943,0.515058,0.416736,0.43983
11977.png,3,Residential,0.7301,0.645878,0.932175,0.266138,0.133736
1198.png,3,Residential,0.8968,0.487447,0.518084,0.454569,0.370261
1198.png,3,Residential,0.8832,0.116272,0.495677,0.225856,0.449514
11995.png,3,Residential,0.763,0.5135,0.516517,0.381815,0.448805
11997.png,3,Residential,0.7905,0.514766,0.523087,0.39225,0.415302
11997.png,3,Residential,0.6955,0.919203,0.500755,0.161595,0.394149
12035.png,3,Residential,0.8473,0.469265,0.527309,0.389878,0.386566
12035.png,3,Residential,0.8246,0.397069,0.110455,0.447455,0.220911
12035.png,3,Residential,0.7155,0.071988,0.449215,0.140699,0.293606
12036.png,0,Apartment,0.7136,0.496347,0.621845,0.430094,0.756311
12049.png,3,Residential,0.9552,0.458451,0.516052,0.497757,0.602529
12052.png,3,Residential,0.8519,0.093671,0.57502,0.187342,0.287952
12052.png,3,Residential,0.6889,0.404681,0.543411,0.319782,0.292759
12055.png,3,Residential,0.9264,0.505601,0.516032,0.475331,0.517204
12055.png,3,Residential,0.8043,0.513326,0.897071,0.467302,0.205177
12055.png,3,Residential,0.782,0.472726,0.108364,0.421258,0.216728
12060.png,3,Residential,0.8582,0.481404,0.537306,0.459706,0.414394
12060.png,3,Residential,0.6036,0.101909,0.551748,0.20188,0.460392
12060.png,3,Residential,0.5588,0.869375,0.517871,0.26125,0.374099
12060.png,3,Residential,0.5076,0.86592,0.595824,0.26816,0.53956
12074.png,3,Residential,0.8423,0.4793,0.499791,0.431102,0.305684
12074.png,3,Residential,0.8326,0.509868,0.160822,0.527207,0.321644
12074.png,3,Residential,0.5254,0.400715,0.891694,0.442003,0.215988
12084.png,3,Residential,0.9114,0.489623,0.51064,0.346813,0.467776
12084.png,3,Residential,0.611,0.096916,0.540095,0.193831,0.672706
1209.png,2,Commercial,0.7432,0.942459,0.649693,0.115082,0.659416
1209.png,3,Residential,0.5149,0.493477,0.526582,0.348767,0.336216
12090.png,3,Residential,0.6471,0.902897,0.54243,0.19308,0.371243
12094.png,1,Church,0.5392,0.731787,0.77917,0.536426,0.428443
12094.png,3,Residential,0.5053,0.306496,0.569852,0.54976,0.843307
1210.png,3,Residential,0.9019,0.449497,0.532289,0.348419,0.480347
1210.png,3,Residential,0.6854,0.079256,0.572962,0.158512,0.365175
12100.png,3,Residential,0.9032,0.400218,0.884276,0.488147,0.231447
12100.png,3,Residential,0.875,0.468033,0.524123,0.305282,0.326622
12100.png,3,Residential,0.8246,0.4714,0.133268,0.354891,0.261565
12100.png,3,Residential,0.7563,0.077197,0.179776,0.154394,0.321095
12111.png,3,Residential,0.8952,0.746074,0.272971,0.384916,0.344118
12111.png,3,Residential,0.8896,0.487241,0.508015,0.373208,0.370483
12118.png,0,Apartment,0.5651,0.569711,0.865446,0.566316,0.269109
12118.png,3,Residential,0.5442,0.525574,0.513979,0.462698,0.275248
12126.png,3,Residential,0.9311,0.582319,0.354637,0.506779,0.548346
12126.png,3,Residential,0.8385,0.55267,0.887771,0.589384,0.218721
1214.png,0,Apartment,0.7947,0.845741,0.906731,0.285634,0.186539
1214.png,3,Residential,0.7131,0.48907,0.522564,0.439679,0.510783
1214.png,0,Apartment,0.6728,0.474319,0.895786,0.413439,0.207827
1214.png,0,Apartment,0.5235,0.489395,0.520938,0.418943,0.513898
12161.png,3,Residential,0.886,0.491485,0.539439,0.503522,0.374016
12161.png,3,Residential,0.7842,0.052763,0.680053,0.105273,0.489734
12167.png,3,Residential,0.8804,0.478263,0.882713,0.34589,0.234574
12167.png,3,Residential,0.8252,0.465116,0.500429,0.361015,0.363931
12167.png,3,Residential,0.6377,0.479333,0.104717,0.407841,0.209435
12175.png,3,Residential,0.8362,0.630628,0.925083,0.357014,0.149834
12175.png,3,Residential,0.8311,0.47343,0.461671,0.436952,0.361741
12187.png,3,Residential,0.9532,0.471525,0.517339,0.474047,0.62228
12201.png,3,Residential,0.876,0.472288,0.524306,0.321,0.456523
12201.png,3,Residential,0.7663,0.468103,0.929832,0.416334,0.139079
12207.png,3,Residential,0.6702,0.899545,0.770777,0.198545,0.458446
12207.png,3,Residential,0.5453,0.666067,0.184457,0.667866,0.368914
12215.png,0,Apartment,0.6592,0.494083,0.374169,0.551355,0.639224
12219.png,3,Residential,0.8326,0.490735,0.556188,0.374279,0.406203
12219.png,3,Residential,0.6962,0.054736,0.552534,0.109186,0.406614
12233.png,1,Church,0.8387,0.604425,0.493392,0.667311,0.428934
12233.png,0,Apartment,0.8361,0.090305,0.485696,0.180609,0.468445
12233.png,0,Apartment,0.757,0.418386,0.904097,0.655566,0.191161
12233.png,2,Commercial,0.5605,0.554301,0.503118,0.891398,0.423396
12254.png,3,Residential,0.9189,0.489273,0.562236,0.44322,0.538505
12254.png,3,Residential,0.5767,0.120458,0.821767,0.240915,0.356465
12256.png,3,Residential,0.7478,0.474641,0.515064,0.444994,0.340186
12256.png,3,Residential,0.7205,0.391917,0.940856,0.409938,0.118288
12261.png,3,Residential,0.8328,0.138985,0.939246,0.277971,0.121507
12261.png,3,Residential,0.8096,0.50767,0.907614,0.314566,0.184772
12261.png,3,Residential,0.7676,0.434623,0.525895,0.424979,0.44646
12283.png,3,Residential,0.6735,0.524746,0.549745,0.325566,0.309131
12283.png,3,Residential,0.6467,0.131641,0.482967,0.26169,0.425944
12283.png,3,Residential,0.6393,0.869045,0.574563,0.26191,0.382255
12284.png,3,Residential,0.6478,0.952992,0.516178,0.094017,0.366343
123.png,3,Residential,0.8756,0.468755,0.533711,0.490106,0.460242
123.png,3,Residential,0.6141,0.881222,0.579888,0.237556,0.30545
12312.png,3,Residential,0.826,0.772727,0.54622,0.419495,0.323024
12312.png,3,Residential,0.7164,0.663208,0.54975,0.6285,0.350433
12312.png,3,Residential,0.6012,0.669911,0.914378,0.58507,0.171243
12325.png,2,Commercial,0.8601,0.304941,0.197422,0.578749,0.394844
12325.png,3,Residential,0.7466,0.828376,0.7606,0.343249,0.46013
12325.png,3,Residential,0.6985,0.244638,0.795287,0.440195,0.409425
12332.png,3,Residential,0.7765,0.56794,0.90136,0.425688,0.197281
12332.png,3,Residential,0.7298,0.481301,0.482091,0.358362,0.363009
12332.png,3,Residential,0.7063,0.580253,0.051568,0.307951,0.103137
12343.png,0,Apartment,0.861,0.505847,0.100437,0.425748,0.200875
12343.png,0,Apartment,0.7197,0.909087,0.101558,0.181826,0.203116
12343.png,0,Apartment,0.7017,0.490716,0.52979,0.483002,0.592507
12343.png,0,Apartment,0.5918,0.900307,0.48681,0.199387,0.651542
12345.png,2,Commercial,0.8852,0.492085,0.36228,0.606739,0.494996
1235.png,3,Residential,0.88,0.876071,0.419395,0.246589,0.622903
1235.png,3,Residential,0.8289,0.132269,0.631944,0.264538,0.403968
1235.png,3,Residential,0.8082,0.528236,0.512087,0.398981,0.410686
12355.png,2,Commercial,0.786,0.477192,0.498898,0.520338,0.317845
12355.png,2,Commercial,0.6149,0.880285,0.575937,0.239429,0.324315
12363.png,3,Residential,0.7887,0.542683,0.575191,0.378039,0.472218
12366.png,3,Residential,0.7494,0.534021,0.531095,0.537186,0.366456
12366.png,3,Residential,0.7483,0.141893,0.493013,0.281842,0.442975
12367.png,3,Residential,0.9615,0.512472,0.553074,0.496504,0.528947
12374.png,3,Residential,0.8814,0.503492,0.450762,0.525748,0.387984
12379.png,3,Residential,0.9052,0.482901,0.463496,0.550334,0.371014
12409.png,3,Residential,0.899,0.508277,0.543025,0.49723,0.374097
125.png,3,Residential,0.9144,0.485053,0.482187,0.515408,0.520874
125.png,3,Residential,0.8144,0.350055,0.858016,0.392283,0.283968
1250.png,3,Residential,0.787,0.446668,0.138409,0.59678,0.271815
1250.png,3,Residential,0.6793,0.492719,0.509436,0.398075,0.367992
1265.png,3,Residential,0.681,0.375492,0.148961,0.416353,0.297922
1281.png,2,Commercial,0.8665,0.849692,0.495703,0.273588,0.704746
1281.png,2,Commercial,0.8097,0.460274,0.485594,0.312411,0.733974
1296.png,3,Residential,0.8841,0.518207,0.503779,0.388174,0.412522
1296.png,3,Residential,0.7865,0.446413,0.070891,0.367274,0.141783
1328.png,3,Residential,0.8974,0.483851,0.824929,0.337942,0.332283
1328.png,3,Residential,0.8916,0.449004,0.130803,0.45858,0.261605
1328.png,3,Residential,0.8057,0.061909,0.763667,0.123818,0.467806
1328.png,3,Residential,0.5311,0.479242,0.712092,0.347488,0.575817
1329.png,3,Residential,0.9015,0.640223,0.682787,0.719553,0.632997
1329.png,3,Residential,0.7679,0.816247,0.101853,0.367507,0.203706
1329.png,3,Residential,0.571,0.743023,0.097799,0.513954,0.195598
1334.png,2,Commercial,0.9153,0.496132,0.501093,0.489581,0.332966
1334.png,2,Commercial,0.673,0.477244,0.94286,0.453792,0.112477
1337.png,3,Residential,0.88,0.652766,0.638115,0.593759,0.650279
1340.png,3,Residential,0.9181,0.501341,0.53053,0.332849,0.520717
135.png,3,Residential,0.912,0.494201,0.500984,0.517758,0.448521
1351.png,3,Residential,0.8157,0.922611,0.12596,0.154778,0.251134
1351.png,3,Residential,0.8105,0.476041,0.510602,0.412069,0.500361
1351.png,3,Residential,0.7555,0.477249,0.903594,0.451245,0.192812
1351.png,3,Residential,0.7479,0.928132,0.74332,0.143735,0.278855
1351.png,3,Residential,0.6515,0.453356,0.108979,0.422002,0.217163
1351.png,3,Residential,0.5652,0.928932,0.417442,0.142136,0.249004
1381.png,0,Apartment,0.9456,0.478459,0.508873,0.538856,0.683713
1387.png,0,Apartment,0.8137,0.483004,0.537382,0.651448,0.402965
1387.png,0,Apartment,0.7127,0.903008,0.515366,0.19074,0.426923
1396.png,3,Residential,0.7846,0.935792,0.557555,0.128417,0.434918
1396.png,3,Residential,0.7785,0.074627,0.513235,0.149253,0.40878
1396.png,3,Residential,0.6053,0.540069,0.513013,0.467093,0.389445
1402.png,3,Residential,0.8742,0.483634,0.542379,0.435599,0.374152
1402.png,3,Residential,0.8346,0.861635,0.317502,0.272288,0.502073
1420.png,3,Residential,0.8574,0.445162,0.55513,0.411552,0.351928
1422.png,2,Commercial,0.9129,0.592668,0.299491,0.799869,0.598981
1445.png,2,Commercial,0.9093,0.481507,0.508433,0.608355,0.503508
1446.png,3,Residential,0.8697,0.486721,0.513549,0.406885,0.333686
1455.png,3,Residential,0.8637,0.489895,0.502506,0.422442,0.377357
1455.png,3,Residential,0.6188,0.499863,0.119312,0.386139,0.238623
1461.png,3,Residential,0.8501,0.355557,0.300049,0.708879,0.566983
1466.png,3,Residential,0.9098,0.481712,0.5639,0.490429,0.401183
1471.png,3,Residential,0.9024,0.483595,0.501084,0.443484,0.363433
1471.png,3,Residential,0.8605,0.108606,0.50921,0.212916,0.376721
1471.png,3,Residential,0.7771,0.882443,0.508921,0.235114,0.376112
1487.png,3,Residential,0.8905,0.275023,0.158236,0.493505,0.316472
1487.png,3,Residential,0.6987,0.830471,0.149786,0.336828,0.299573
1487.png,3,Residential,0.5867,0.487512,0.618345,0.338888,0.54022
1492.png,0,Apartment,0.8153,0.849067,0.906707,0.301865,0.186587
1492.png,0,Apartment,0.7475,0.459627,0.540103,0.400358,0.501322
1492.png,0,Apartment,0.7321,0.887377,0.535622,0.225247,0.514546
1492.png,0,Apartment,0.6691,0.330708,0.880933,0.616102,0.234071
1505.png,3,Residential,0.8533,0.127971,0.616056,0.255941,0.619657
1505.png,3,Residential,0.7924,0.877238,0.667977,0.245524,0.385423
1505.png,3,Residential,0.6143,0.519888,0.517466,0.428189,0.387573
1530.png,3,Residential,0.8061,0.202577,0.856079,0.285771,0.287843
1530.png,3,Residential,0.5714,0.515798,0.643767,0.487336,0.631893
1551.png,3,Residential,0.8797,0.471102,0.538577,0.529723,0.447454
1557.png,3,Residential,0.8873,0.646027,0.339327,0.694342,0.678654
1557.png,3,Residential,0.7378,0.142012,0.325429,0.284024,0.650858
157.png,3,Residential,0.8219,0.496273,0.478764,0.588687,0.527817
157.png,3,Residential,0.6062,0.08599,0.582872,0.171076,0.656691
1584.png,3,Residential,0.8974,0.529972,0.527165,0.415061,0.373966
1584.png,3,Residential,0.6071,0.431554,0.131069,0.236442,0.262138
1587.png,3,Residential,0.8169,0.322951,0.096303,0.553411,0.192606
1587.png,3,Residential,0.703,0.460497,0.560781,0.445164,0.433257
1589.png,3,Residential,0.9074,0.427202,0.904835,0.524807,0.189851
1589.png,3,Residential,0.8919,0.460207,0.515968,0.368806,0.444688
1589.png,3,Residential,0.7564,0.388334,0.117241,0.342157,0.234407
1601.png,3,Residential,0.8437,0.3969,0.138964,0.328083,0.277929
1601.png,3,Residential,0.7934,0.464156,0.607399,0.509882,0.535225
1616.png,3,Residential,0.8242,0.487482,0.392256,0.386521,0.671152
1621.png,3,Residential,0.8521,0.473702,0.45283,0.327489,0.360814
1621.png,3,Residential,0.6556,0.081526,0.425065,0.163052,0.483888
1621.png,3,Residential,0.6407,0.894339,0.498209,0.211322,0.484649
1622.png,3,Residential,0.9206,0.496235,0.525746,0.579271,0.402213
1622.png,3,Residential,0.8872,0.910756,0.503331,0.178487,0.354774
165.png,3,Residential,0.9375,0.453921,0.489404,0.526711,0.506527
165.png,0,Apartment,0.6959,0.424674,0.91238,0.564533,0.17524
1660.png,3,Residential,0.841,0.472458,0.502575,0.367705,0.514813
1660.png,3,Residential,0.8012,0.458338,0.897123,0.349845,0.205754
1673.png,3,Residential,0.7149,0.881573,0.551153,0.233411,0.298817
1674.png,3,Residential,0.9551,0.507378,0.495922,0.486981,0.580201
1674.png,3,Residential,0.8026,0.652855,0.067491,0.343152,0.134982
1674.png,3,Residential,0.6672,0.064861,0.759162,0.129722,0.481677
1675.png,3,Residential,0.8805,0.216042,0.748936,0.42392,0.434183
1675.png,3,Residential,0.8371,0.870229,0.700236,0.259543,0.354466
1686.png,3,Residential,0.8304,0.466998,0.904224,0.45836,0.191183
1686.png,3,Residential,0.8251,0.45899,0.113129,0.379554,0.226258
1686.png,3,Residential,0.8073,0.446299,0.505028,0.462693,0.455388
1701.png,3,Residential,0.7049,0.504422,0.308293,0.244635,0.252164
1701.png,3,Residential,0.6261,0.47178,0.958378,0.455663,0.081695
1701.png,3,Residential,0.5593,0.460617,0.06243,0.393218,0.12486
1706.png,3,Residential,0.8479,0.706782,0.859809,0.394923,0.272086
1706.png,3,Residential,0.5202,0.367251,0.099507,0.506567,0.199013
1717.png,3,Residential,0.8322,0.425831,0.109801,0.399268,0.219166
1717.png,3,Residential,0.7753,0.46894,0.517618,0.316059,0.402713
1718.png,3,Residential,0.9214,0.471429,0.514122,0.453087,0.506087
1718.png,3,Residential,0.8909,0.891415,0.572699,0.21717,0.610479
1719.png,3,Residential,0.8844,0.461154,0.551408,0.385935,0.400419
1719.png,3,Residential,0.857,0.062696,0.570701,0.125391,0.352207
1719.png,3,Residential,0.7768,0.886203,0.522972,0.227594,0.347343
1724.png,3,Residential,0.9442,0.555657,0.514935,0.625005,0.513236
1726.png,2,Commercial,0.891,0.459072,0.481603,0.545384,0.626008
1734.png,3,Residential,0.8552,0.524744,0.545647,0.400907,0.378535
1734.png,3,Residential,0.7506,0.141618,0.519236,0.283236,0.380347
1769.png,3,Residential,0.8864,0.506681,0.551126,0.398645,0.328237
1769.png,3,Residential,0.6658,0.543589,0.893999,0.672192,0.19678
1769.png,3,Residential,0.6497,0.529686,0.133852,0.532916,0.26089
1769.png,2,Commercial,0.5496,0.540602,0.89323,0.68211,0.204763
1775.png,3,Residential,0.8644,0.442039,0.57237,0.53782,0.478976
1776.png,3,Residential,0.9221,0.485637,0.544158,0.516626,0.436475
1776.png,3,Residential,0.8768,0.095622,0.562155,0.187551,0.425695
1776.png,3,Residential,0.8634,0.885806,0.58245,0.226577,0.42011
1779.png,3,Residential,0.9086,0.476542,0.516716,0.42896,0.390111
1779.png,3,Residential,0.8257,0.615148,0.09987,0.383099,0.19974
1779.png,3,Residential,0.6905,0.543504,0.88186,0.531866,0.23628
1781.png,3,Residential,0.9496,0.478727,0.505297,0.615575,0.429873
180.png,3,Residential,0.7008,0.479297,0.520312,0.457928,0.350507
180.png,3,Residential,0.5688,0.042483,0.502063,0.084967,0.417496
1805.png,2,Commercial,0.5118,0.69214,0.385288,0.615721,0.770575
181.png,3,Residential,0.8907,0.39678,0.458511,0.447784,0.57494
181.png,3,Residential,0.5934,0.152927,0.858837,0.305854,0.282326
1823.png,3,Residential,0.6299,0.155518,0.694426,0.306169,0.604201
1827.png,3,Residential,0.5792,0.691924,0.748247,0.616153,0.503506
1827.png,3,Residential,0.5772,0.661056,0.306352,0.677888,0.56257
1840.png,3,Residential,0.7945,0.46429,0.517228,0.387776,0.379218
1851.png,3,Residential,0.7982,0.508073,0.895724,0.502632,0.208551
1851.png,3,Residential,0.7509,0.507011,0.119446,0.412583,0.238893
1854.png,3,Residential,0.9108,0.505018,0.514981,0.487415,0.482168
1854.png,3,Residential,0.7291,0.099075,0.71912,0.198151,0.295794
1856.png,2,Commercial,0.6338,0.500944,0.462781,0.713224,0.347393
1858.png,3,Residential,0.8311,0.468562,0.531486,0.387977,0.457795
1858.png,3,Residential,0.6305,0.727282,0.927552,0.442612,0.140191
1869.png,3,Residential,0.836,0.472352,0.544003,0.535998,0.466107
1869.png,3,Residential,0.8186,0.940341,0.663337,0.117387,0.271365
1871.png,3,Residential,0.8538,0.590761,0.521746,0.658082,0.279684
1871.png,3,Residential,0.6904,0.751122,0.905734,0.387438,0.185118
1878.png,3,Residential,0.8586,0.472598,0.542293,0.390354,0.450506
1878.png,3,Residential,0.7427,0.873369,0.53613,0.246118,0.328166
1878.png,3,Residential,0.6022,0.103712,0.533656,0.207424,0.392099
1899.png,3,Residential,0.8017,0.47796,0.869865,0.348208,0.26027
1899.png,3,Residential,0.7474,0.489907,0.487517,0.438684,0.280876
1908.png,3,Residential,0.8936,0.489759,0.504361,0.332502,0.400643
1908.png,3,Residential,0.7636,0.876062,0.374598,0.247876,0.361697
1908.png,3,Residential,0.5977,0.699428,0.937337,0.546161,0.125326
1914.png,3,Residential,0.8025,0.459641,0.36743,0.489377,0.656973
1914.png,3,Residential,0.7176,0.866599,0.527817,0.266802,0.30376
1914.png,3,Residential,0.7173,0.090799,0.474841,0.181598,0.312693
1916.png,3,Residential,0.8707,0.477572,0.611771,0.392354,0.520235
1916.png,3,Residential,0.8197,0.110525,0.808916,0.22105,0.382167
1916.png,3,Residential,0.6081,0.930566,0.379031,0.138869,0.387017
193.png,3,Residential,0.8962,0.463049,0.222978,0.639494,0.445956
193.png,3,Residential,0.6824,0.321432,0.845811,0.642864,0.300836
1945.png,2,Commercial,0.7102,0.490203,0.501262,0.716749,0.313721
1948.png,3,Residential,0.8524,0.501665,0.513663,0.412793,0.46736
1948.png,3,Residential,0.8281,0.831464,0.669003,0.337072,0.449838
1955.png,3,Residential,0.855,0.569769,0.503438,0.6234,0.44985
1968.png,3,Residential,0.8686,0.446943,0.487542,0.328769,0.427416
198.png,3,Residential,0.9859,0.48591,0.517692,0.501615,0.573409
1994.png,3,Residential,0.8652,0.882595,0.561937,0.234809,0.382793
1994.png,3,Residential,0.794,0.493753,0.539163,0.549772,0.455012
1994.png,3,Residential,0.6991,0.098467,0.54839,0.195925,0.392196
2006.png,3,Residential,0.8378,0.477052,0.503461,0.371256,0.445865
2006.png,3,Residential,0.7679,0.911646,0.27281,0.176167,0.337798
2006.png,3,Residential,0.7494,0.409577,0.896319,0.309474,0.201532
203.png,3,Residential,0.7245,0.274411,0.84165,0.548453,0.3167
203.png,3,Residential,0.5433,0.208957,0.088119,0.345832,0.174403
2044.png,2,Commercial,0.8871,0.485912,0.506757,0.444079,0.67314
2050.png,3,Residential,0.8258,0.49793,0.495057,0.396122,0.325456
2050.png,3,Residential,0.5053,0.49983,0.101506,0.458782,0.203012
2060.png,3,Residential,0.8352,0.49058,0.509902,0.510054,0.429593
2083.png,3,Residential,0.9124,0.503562,0.542515,0.407345,0.36906
2083.png,3,Residential,0.8754,0.112624,0.47885,0.224758,0.518885
2089.png,3,Residential,0.9333,0.478054,0.506332,0.539267,0.32275
2092.png,2,Commercial,0.9408,0.557701,0.493632,0.518364,0.798089
2094.png,3,Residential,0.6888,0.601286,0.701115,0.274262,0.256495
2097.png,2,Commercial,0.5078,0.487955,0.465988,0.316326,0.412572
2102.png,3,Residential,0.9282,0.513322,0.484911,0.582603,0.397023
2103.png,2,Commercial,0.5012,0.484435,0.508763,0.732375,0.475539
2121.png,3,Residential,0.8221,0.885157,0.524516,0.229686,0.337336
2130.png,3,Residential,0.9115,0.469974,0.828579,0.615401,0.336328
2130.png,3,Residential,0.7611,0.511772,0.212728,0.572303,0.425455
216.png,3,Residential,0.9711,0.469763,0.492554,0.516199,0.522385
216.png,3,Residential,0.8003,0.854157,0.865074,0.291687,0.268135
2160.png,3,Residential,0.8756,0.517676,0.512552,0.491424,0.313832
2198.png,1,Church,0.5982,0.636187,0.124836,0.676933,0.249671
22.png,3,Residential,0.9079,0.485162,0.51644,0.464164,0.427628
2207.png,3,Residential,0.9138,0.480061,0.512701,0.459441,0.426983
2207.png,3,Residential,0.6262,0.087307,0.487138,0.174613,0.445856
222.png,3,Residential,0.7171,0.472426,0.45622,0.594312,0.478797
222.png,3,Residential,0.5298,0.480611,0.570683,0.594648,0.713359
2226.png,3,Residential,0.5428,0.212336,0.52783,0.418989,0.30166
224.png,3,Residential,0.7637,0.447179,0.484881,0.594929,0.467972
224.png,3,Residential,0.7122,0.10985,0.903998,0.21584,0.19146
224.png,3,Residential,0.6103,0.525919,0.916446,0.536424,0.167108
2246.png,3,Residential,0.9088,0.490982,0.858576,0.3694,0.282847
2246.png,3,Residential,0.6247,0.374537,0.501526,0.688306,0.372508
2302.png,3,Residential,0.7071,0.463954,0.509406,0.376358,0.359547
2311.png,3,Residential,0.854,0.399552,0.505321,0.528522,0.349708
2311.png,3,Residential,0.7971,0.408361,0.900003,0.348252,0.197772
2318.png,3,Residential,0.8662,0.461045,0.532612,0.363821,0.314249
2318.png,3,Residential,0.7806,0.069927,0.490234,0.139855,0.381604
2322.png,3,Residential,0.7667,0.465598,0.537008,0.457769,0.480449
2322.png,3,Residential,0.6726,0.235909,0.906854,0.286249,0.184829
2345.png,3,Residential,0.8472,0.898772,0.478898,0.200013,0.380064
2345.png,3,Residential,0.8354,0.467223,0.486274,0.303735,0.390869
2353.png,3,Residential,0.7999,0.504026,0.28406,0.349449,0.566418
236.png,3,Residential,0.8679,0.479415,0.512049,0.518127,0.474874
236.png,3,Residential,0.7638,0.879666,0.464358,0.238444,0.522002
2383.png,2,Commercial,0.8674,0.503814,0.102965,0.583888,0.20593
2383.png,2,Commercial,0.6419,0.908084,0.763406,0.183832,0.462385
2383.png,2,Commercial,0.6297,0.486499,0.569821,0.614245,0.581882
2386.png,3,Residential,0.9528,0.474239,0.526661,0.473674,0.508668
2391.png,3,Residential,0.7655,0.088827,0.480569,0.177655,0.411447
2392.png,3,Residential,0.7705,0.540282,0.892041,0.51855,0.215107
2392.png,3,Residential,0.5172,0.521059,0.499067,0.349332,0.459479
2393.png,3,Residential,0.8386,0.450523,0.522067,0.472907,0.514324
2408.png,3,Residential,0.9038,0.468636,0.520575,0.407762,0.329107
2427.png,3,Residential,0.8569,0.483731,0.591989,0.366758,0.4326
2444.png,3,Residential,0.8685,0.48042,0.505254,0.437536,0.330182
2456.png,3,Residential,0.8616,0.481408,0.498496,0.467879,0.508871
2458.png,2,Commercial,0.9083,0.395881,0.499504,0.730039,0.999007
246.png,3,Residential,0.7888,0.891469,0.526691,0.217012,0.355695
2467.png,3,Residential,0.8867,0.474577,0.464389,0.500735,0.604984
2467.png,3,Residential,0.6318,0.457619,0.904468,0.399978,0.191065
247.png,3,Residential,0.9364,0.467386,0.506625,0.454221,0.458043
247.png,3,Residential,0.7667,0.400191,0.101709,0.294976,0.202051
2476.png,3,Residential,0.8366,0.448252,0.089753,0.540267,0.179507
2476.png,3,Residential,0.5707,0.467083,0.495192,0.285123,0.419909
2498.png,3,Residential,0.8281,0.515382,0.516419,0.41279,0.529042
2498.png,3,Residential,0.7777,0.119579,0.49116,0.234594,0.574306
2498.png,3,Residential,0.646,0.893235,0.509101,0.21353,0.500877
2504.png,3,Residential,0.8638,0.50656,0.347745,0.396752,0.42346
2504.png,3,Residential,0.5666,0.41756,0.802052,0.383476,0.395896
2509.png,3,Residential,0.7777,0.471321,0.538858,0.432661,0.429815
2509.png,3,Residential,0.7137,0.106894,0.528065,0.213789,0.407827
2509.png,3,Residential,0.6912,0.866464,0.493305,0.266836,0.399751
2512.png,3,Residential,0.576,0.389811,0.328093,0.779622,0.656187
2512.png,0,Apartment,0.5146,0.628075,0.870949,0.743851,0.248447
2513.png,3,Residential,0.8265,0.478621,0.543528,0.450249,0.322828
2513.png,3,Residential,0.7216,0.871339,0.538123,0.253508,0.369022
2513.png,2,Commercial,0.7089,0.053121,0.287508,0.104163,0.575015
2519.png,3,Residential,0.7508,0.793652,0.13909,0.412695,0.27818
2519.png,3,Residential,0.6693,0.496193,0.547438,0.408469,0.447507
2520.png,2,Commercial,0.8348,0.48552,0.507527,0.50283,0.240796
2520.png,3,Residential,0.7722,0.459929,0.187058,0.53103,0.374117
2520.png,2,Commercial,0.7406,0.436089,0.913676,0.520037,0.172648
2520.png,2,Commercial,0.5691,0.856965,0.915581,0.286071,0.168837
2524.png,3,Residential,0.7953,0.466751,0.526465,0.293294,0.511868
2537.png,3,Residential,0.9031,0.463749,0.499794,0.455329,0.476599
2541.png,3,Residential,0.8687,0.491037,0.520766,0.515251,0.548475
2542.png,2,Commercial,0.796,0.427864,0.500489,0.775904,0.569485
2548.png,3,Residential,0.6861,0.422177,0.119626,0.276204,0.237879
2548.png,3,Residential,0.6815,0.406079,0.919183,0.288414,0.161634
256.png,3,Residential,0.9063,0.469914,0.449367,0.313893,0.37478
256.png,3,Residential,0.674,0.074644,0.472406,0.149288,0.240969
2563.png,3,Residential,0.9259,0.527151,0.879958,0.527225,0.240083
2563.png,3,Residential,0.8251,0.473875,0.508427,0.367046,0.418715
2563.png,3,Residential,0.8198,0.488322,0.139044,0.347114,0.276655
2581.png,3,Residential,0.8842,0.408998,0.516306,0.495466,0.2648
2594.png,3,Residential,0.6988,0.477592,0.475953,0.372431,0.385764
2597.png,3,Residential,0.9188,0.45724,0.501957,0.462368,0.454805
2597.png,3,Residential,0.8054,0.9117,0.639209,0.176599,0.352073
2597.png,3,Residential,0.6565,0.14309,0.201166,0.284574,0.34401
2616.png,0,Apartment,0.7252,0.451382,0.925442,0.618366,0.149117
2616.png,3,Residential,0.7195,0.455896,0.328797,0.911792,0.657337
2622.png,3,Residential,0.9352,0.510846,0.560039,0.539469,0.539469
2622.png,3,Residential,0.8893,0.216288,0.894173,0.38797,0.211654
2622.png,3,Residential,0.7555,0.934043,0.417593,0.131914,0.308033
2622.png,3,Residential,0.5721,0.071373,0.06762,0.142745,0.133959
2625.png,3,Residential,0.8672,0.485205,0.498383,0.520029,0.308325
2625.png,2,Commercial,0.539,0.941145,0.511964,0.116848,0.976072
2633.png,3,Residential,0.7133,0.471601,0.511604,0.389747,0.276169
2646.png,3,Residential,0.9721,0.502475,0.502576,0.516899,0.470682
2646.png,3,Residential,0.5842,0.128604,0.174262,0.253605,0.348524
2654.png,3,Residential,0.8146,0.717342,0.883466,0.436236,0.233069
2654.png,3,Residential,0.7772,0.083834,0.330763,0.167667,0.370421
2656.png,3,Residential,0.6994,0.551929,0.814285,0.284405,0.215245
2656.png,3,Residential,0.5043,0.516832,0.479656,0.327016,0.309269
266.png,3,Residential,0.6813,0.888856,0.394661,0.222288,0.382734
266.png,3,Residential,0.6115,0.812013,0.795645,0.357932,0.404682
2687.png,3,Residential,0.8478,0.514754,0.508368,0.335691,0.466188
2687.png,0,Apartment,0.7588,0.237594,0.90686,0.473742,0.185012
27.png,3,Residential,0.8647,0.488187,0.510117,0.414012,0.384161
2702.png,3,Residential,0.8955,0.480421,0.533978,0.442458,0.314111
2703.png,3,Residential,0.8613,0.460591,0.515334,0.397724,0.451905
2703.png,3,Residential,0.7603,0.084412,0.610548,0.163559,0.448967
2706.png,3,Residential,0.8151,0.495612,0.502736,0.513244,0.427742
2706.png,3,Residential,0.782,0.834511,0.180697,0.320172,0.360876
2706.png,1,Church,0.6969,0.723447,0.904987,0.520239,0.186252
2706.png,0,Apartment,0.6027,0.097856,0.428652,0.195713,0.544625
2706.png,1,Church,0.5968,0.21145,0.897192,0.418007,0.205309
274.png,3,Residential,0.8508,0.492676,0.518489,0.441242,0.407578
274.png,3,Residential,0.8501,0.100447,0.44251,0.199731,0.291599
274.png,3,Residential,0.5393,0.923916,0.547224,0.151902,0.675081
2750.png,3,Residential,0.8561,0.862008,0.231966,0.270621,0.327581
2758.png,3,Residential,0.9055,0.487197,0.515698,0.427391,0.318964
2790.png,3,Residential,0.6491,0.495777,0.523944,0.41425,0.382928
2791.png,3,Residential,0.6887,0.087376,0.545917,0.174752,0.397098
2791.png,3,Residential,0.538,0.479188,0.515322,0.462138,0.337999
2803.png,3,Residential,0.6831,0.079092,0.637015,0.156522,0.273639
2803.png,3,Residential,0.6391,0.471943,0.506752,0.356561,0.319672
2806.png,3,Residential,0.9103,0.488099,0.514476,0.431331,0.503543
2806.png,3,Residential,0.7947,0.450375,0.897725,0.418393,0.204473
2856.png,3,Residential,0.8319,0.501996,0.519789,0.43188,0.477469
2862.png,3,Residential,0.9063,0.477654,0.512612,0.399853,0.285221
2862.png,3,Residential,0.855,0.4483,0.188517,0.345452,0.230989
2862.png,3,Residential,0.852,0.60649,0.874464,0.597887,0.251072
2864.png,3,Residential,0.7857,0.06096,0.498205,0.12192,0.393777
2864.png,3,Residential,0.7494,0.886576,0.493213,0.223797,0.456148
287.png,3,Residential,0.8861,0.489932,0.535054,0.526446,0.435063
2872.png,3,Residential,0.7821,0.566128,0.869694,0.44047,0.260612
2889.png,3,Residential,0.875,0.52173,0.498168,0.376447,0.447645
2889.png,3,Residential,0.5918,0.449309,0.949428,0.516348,0.101145
2911.png,3,Residential,0.6955,0.791161,0.083616,0.417678,0.167232
2921.png,3,Residential,0.9132,0.547231,0.517591,0.31911,0.462476
2921.png,3,Residential,0.9058,0.116629,0.525728,0.233259,0.3738
2921.png,3,Residential,0.7741,0.614442,0.09635,0.395318,0.192701
2924.png,2,Commercial,0.5165,0.431342,0.880625,0.805185,0.191544
2931.png,3,Residential,0.8391,0.383514,0.911004,0.395185,0.177992
2931.png,3,Residential,0.7243,0.459611,0.421815,0.4405,0.598476
2931.png,3,Residential,0.6534,0.954504,0.116871,0.090017,0.215398
2933.png,3,Residential,0.7951,0.702403,0.378096,0.594897,0.451727
2940.png,2,Commercial,0.7978,0.445468,0.467602,0.35304,0.73474
2945.png,3,Residential,0.8063,0.892327,0.394779,0.215345,0.378248
2945.png,3,Residential,0.7245,0.492024,0.580326,0.365146,0.59331
295.png,3,Residential,0.974,0.478969,0.506343,0.471963,0.502459
295.png,3,Residential,0.7834,0.433924,0.900545,0.405468,0.19891
295.png,3,Residential,0.6179,0.903016,0.552493,0.193968,0.497578
2953.png,3,Residential,0.8346,0.484166,0.552757,0.43546,0.289402
2953.png,3,Residential,0.525,0.891009,0.461929,0.217982,0.450802
296.png,3,Residential,0.8471,0.480446,0.486958,0.546778,0.384164
296.png,3,Residential,0.7971,0.884049,0.508214,0.231266,0.391872
2964.png,3,Residential,0.5806,0.308299,0.514218,0.301306,0.328822
2967.png,3,Residential,0.8918,0.471873,0.512311,0.414808,0.34779
2979.png,3,Residential,0.8783,0.434837,0.511529,0.575826,0.415938
2979.png,3,Residential,0.74,0.386573,0.598941,0.673186,0.598069
30.png,3,Residential,0.9195,0.45,0.483927,0.416019,0.514141
302.png,3,Residential,0.8054,0.540228,0.510143,0.645546,0.518913
302.png,3,Residential,0.7714,0.760388,0.859327,0.479223,0.279896
3040.png,2,Commercial,0.7817,0.492458,0.498234,0.724992,0.580215
3051.png,3,Residential,0.7162,0.461818,0.520553,0.480344,0.341848
3052.png,3,Residential,0.894,0.493899,0.498248,0.520669,0.424052
3052.png,3,Residential,0.8627,0.095464,0.494018,0.188602,0.439095
3052.png,3,Residential,0.7618,0.888835,0.488525,0.220467,0.379576
3052.png,2,Commercial,0.7444,0.498149,0.820909,0.487841,0.170427
3071.png,3,Residential,0.9252,0.498443,0.519279,0.506959,0.390893
309.png,3,Residential,0.9248,0.486937,0.520904,0.464491,0.455723
3090.png,3,Residential,0.883,0.483152,0.882593,0.564291,0.234814
3090.png,3,Residential,0.8765,0.421723,0.439063,0.480131,0.44359
3090.png,3,Residential,0.518,0.366202,0.078167,0.360645,0.156333
3099.png,3,Residential,0.7912,0.136029,0.613889,0.271329,0.376937
3099.png,3,Residential,0.6952,0.4671,0.496009,0.362606,0.616831
3120.png,3,Residential,0.8348,0.481504,0.546506,0.397636,0.525085
3120.png,3,Residential,0.817,0.066526,0.405906,0.133052,0.393473
3120.png,3,Residential,0.7817,0.808137,0.783499,0.378536,0.422139
3124.png,2,Commercial,0.8789,0.475971,0.500336,0.495312,0.689528
3127.png,2,Commercial,0.7218,0.49192,0.513874,0.304769,0.267807
314.png,3,Residential,0.5838,0.732293,0.643652,0.525137,0.712696
3155.png,2,Commercial,0.8658,0.476639,0.519764,0.387327,0.627344
3155.png,2,Commercial,0.6695,0.846509,0.518802,0.225384,0.617603
3157.png,3,Residential,0.8458,0.350829,0.583133,0.299171,0.24117
3157.png,3,Residential,0.8178,0.868508,0.490495,0.261403,0.369758
3157.png,3,Residential,0.5135,0.460178,0.530843,0.495932,0.446034
3158.png,3,Residential,0.7292,0.884102,0.466806,0.230343,0.307715
3158.png,3,Residential,0.69,0.479505,0.518563,0.375427,0.342337
3179.png,2,Commercial,0.8688,0.495982,0.487324,0.720997,0.37707
3179.png,2,Commercial,0.6039,0.943726,0.50554,0.108273,0.399517
318.png,3,Residential,0.8986,0.512907,0.49046,0.499772,0.462651
318.png,3,Residential,0.8789,0.145393,0.865133,0.287342,0.269734
318.png,3,Residential,0.8435,0.847732,0.188678,0.304536,0.377356
3181.png,3,Residential,0.8939,0.478823,0.513581,0.416808,0.372295
3181.png,3,Residential,0.5369,0.099175,0.344774,0.19835,0.259834
3198.png,3,Residential,0.9315,0.493026,0.5287,0.512584,0.458124
3198.png,3,Residential,0.7772,0.896119,0.5139,0.207761,0.459376
3201.png,3,Residential,0.9292,0.502481,0.478765,0.476978,0.594142
3201.png,3,Residential,0.8799,0.316206,0.906762,0.43571,0.186027
3202.png,3,Residential,0.9359,0.481967,0.502882,0.520785,0.586579
3203.png,3,Residential,0.5322,0.18729,0.627058,0.374073,0.717386
3211.png,3,Residential,0.8235,0.08256,0.459193,0.16512,0.526934
3211.png,3,Residential,0.7697,0.472998,0.565646,0.409304,0.309294
3211.png,3,Residential,0.6623,0.862667,0.599558,0.2626,0.413015
3225.png,3,Residential,0.7436,0.768471,0.209175,0.452249,0.418349
3225.png,2,Commercial,0.7267,0.174793,0.777722,0.349587,0.36173
3225.png,2,Commercial,0.6862,0.410012,0.711193,0.820023,0.577615
3249.png,3,Residential,0.7087,0.586959,0.516156,0.557797,0.385867
3260.png,3,Residential,0.7991,0.487786,0.494327,0.285633,0.321222
3266.png,3,Residential,0.8139,0.474215,0.524353,0.323369,0.398928
3269.png,3,Residential,0.7612,0.480648,0.561723,0.353712,0.347079
3290.png,3,Residential,0.7193,0.478229,0.412643,0.340638,0.501648
3290.png,3,Residential,0.6462,0.920126,0.308012,0.159441,0.196595
3292.png,3,Residential,0.816,0.182502,0.338008,0.357115,0.496285
3292.png,3,Residential,0.658,0.885987,0.370739,0.228025,0.446916
3314.png,3,Residential,0.6256,0.910717,0.809351,0.177703,0.378501
3322.png,3,Residential,0.8953,0.141334,0.575124,0.282668,0.313218
3322.png,3,Residential,0.8165,0.878177,0.569384,0.243647,0.406196
3322.png,3,Residential,0.7999,0.517113,0.565385,0.303076,0.338041
3326.png,3,Residential,0.825,0.494237,0.579345,0.340429,0.602552
3326.png,3,Residential,0.751,0.542626,0.634222,0.401104,0.720096
3326.png,3,Residential,0.5357,0.657573,0.913857,0.29813,0.172285
3341.png,3,Residential,0.6085,0.821526,0.188238,0.356948,0.37456
3362.png,3,Residential,0.9313,0.479738,0.544533,0.456441,0.53508
3363.png,3,Residential,0.8596,0.498034,0.530133,0.495941,0.394585
3363.png,3,Residential,0.7684,0.041226,0.462524,0.082453,0.393049
3363.png,3,Residential,0.6107,0.950308,0.55076,0.099384,0.367643
3368.png,3,Residential,0.5214,0.458395,0.50935,0.37082,0.409514
3376.png,2,Commercial,0.5887,0.507552,0.512559,0.393993,0.426289
3377.png,2,Commercial,0.9594,0.503845,0.521814,0.808353,0.563818
3380.png,0,Apartment,0.6296,0.481776,0.479963,0.476287,0.690165
3388.png,3,Residential,0.615,0.380861,0.605663,0.600977,0.533277
3393.png,3,Residential,0.8358,0.56701,0.867668,0.256681,0.264664
3393.png,3,Residential,0.8065,0.857826,0.925761,0.280572,0.14797
3393.png,3,Residential,0.7586,0.178751,0.71654,0.30286,0.557863
3393.png,3,Residential,0.5436,0.506931,0.476262,0.395359,0.440242
3410.png,3,Residential,0.9182,0.445696,0.512431,0.384016,0.468745
3410.png,3,Residential,0.8184,0.453829,0.090836,0.385613,0.177844
3410.png,3,Residential,0.6518,0.430128,0.904795,0.343567,0.18911
3420.png,3,Residential,0.8501,0.474367,0.472532,0.513183,0.181381
3425.png,3,Residential,0.8266,0.477384,0.509026,0.382684,0.43203
3425.png,3,Residential,0.8192,0.461776,0.901133,0.391216,0.197735
343.png,3,Residential,0.7631,0.475952,0.365215,0.533322,0.338121
343.png,3,Residential,0.7396,0.118323,0.809961,0.236091,0.380078
343.png,3,Residential,0.7094,0.894123,0.575559,0.211755,0.313183
343.png,3,Residential,0.599,0.465605,0.426959,0.566081,0.498243
3444.png,3,Residential,0.7775,0.142145,0.508541,0.28429,0.376549
3444.png,3,Residential,0.712,0.464237,0.513704,0.311421,0.321203
3456.png,0,Apartment,0.9272,0.50393,0.623147,0.48517,0.59679
3456.png,0,Apartment,0.5781,0.865713,0.629237,0.268574,0.604742
3459.png,0,Apartment,0.7971,0.195535,0.144693,0.389827,0.289385
3459.png,0,Apartment,0.592,0.183421,0.669717,0.366843,0.641268
3459.png,0,Apartment,0.5372,0.513822,0.862501,0.271543,0.274998
3493.png,3,Residential,0.8898,0.388546,0.575085,0.317755,0.371431
3503.png,3,Residential,0.8764,0.466438,0.121227,0.352737,0.242453
3503.png,3,Residential,0.8659,0.483285,0.518879,0.397529,0.39232
3510.png,3,Residential,0.8954,0.499889,0.559561,0.50302,0.385138
3510.png,3,Residential,0.8395,0.063152,0.527478,0.126304,0.324439
3510.png,3,Residential,0.76,0.928906,0.5593,0.142188,0.337238
3515.png,3,Residential,0.8809,0.843919,0.557891,0.295712,0.45754
3515.png,3,Residential,0.8055,0.446499,0.531329,0.290925,0.358566
353.png,3,Residential,0.9565,0.481077,0.501087,0.560818,0.421101
353.png,3,Residential,0.8105,0.910557,0.512652,0.176182,0.376696
3532.png,3,Residential,0.8048,0.907872,0.469338,0.184256,0.443739
3532.png,3,Residential,0.538,0.463528,0.530516,0.391629,0.355098
3535.png,3,Residential,0.6222,0.428028,0.525703,0.674992,0.455578
3559.png,3,Residential,0.8934,0.570631,0.859934,0.603651,0.280132
3559.png,3,Residential,0.8409,0.444896,0.453899,0.336204,0.280562
3569.png,3,Residential,0.6909,0.741178,0.067553,0.514577,0.135105
3569.png,3,Residential,0.687,0.493309,0.501694,0.428231,0.332118
357.png,3,Residential,0.8459,0.075082,0.54844,0.150164,0.362313
357.png,3,Residential,0.8311,0.473594,0.516368,0.533316,0.370646
357.png,3,Residential,0.788,0.896026,0.341302,0.197483,0.596112
3578.png,3,Residential,0.7706,0.313702,0.948324,0.462492,0.101733
3584.png,0,Apartment,0.8543,0.175081,0.902707,0.33454,0.194586
3584.png,0,Apartment,0.5937,0.470658,0.501678,0.685365,0.413985
3585.png,3,Residential,0.8291,0.859771,0.465351,0.280459,0.401699
3585.png,3,Residential,0.7402,0.476571,0.438435,0.397872,0.310566
3585.png,3,Residential,0.6626,0.092003,0.484656,0.184005,0.289385
3585.png,3,Residential,0.5812,0.473196,0.518033,0.399694,0.45382
3599.png,3,Residential,0.7651,0.502252,0.493246,0.410773,0.350669
3599.png,3,Residential,0.6822,0.105816,0.499761,0.211633,0.327012
3606.png,2,Commercial,0.8663,0.655983,0.903178,0.634907,0.193643
3606.png,3,Residential,0.8303,0.664265,0.438257,0.292228,0.328049
3606.png,3,Residential,0.5296,0.954411,0.230721,0.091178,0.429078
3614.png,3,Residential,0.7794,0.072156,0.862008,0.144311,0.260917
3614.png,3,Residential,0.5661,0.917684,0.62419,0.164631,0.504408
3622.png,2,Commercial,0.7054,0.911817,0.669714,0.176366,0.274711
3638.png,3,Residential,0.8081,0.424976,0.530405,0.292651,0.439591
3642.png,3,Residential,0.8889,0.393642,0.877516,0.332267,0.244967
3642.png,3,Residential,0.6663,0.411814,0.471303,0.521988,0.271117
3642.png,0,Apartment,0.6136,0.423685,0.112122,0.548976,0.224244
3648.png,2,Commercial,0.7411,0.484756,0.48587,0.644619,0.802903
3658.png,3,Residential,0.8625,0.11982,0.528684,0.239639,0.438079
3658.png,3,Residential,0.7451,0.484747,0.542594,0.408304,0.465184
3671.png,2,Commercial,0.7687,0.504115,0.521463,0.709433,0.265488
3674.png,3,Residential,0.7843,0.477495,0.487629,0.379267,0.577059
3682.png,3,Residential,0.9127,0.476012,0.507597,0.532495,0.47632
3682.png,3,Residential,0.7996,0.838114,0.113403,0.318559,0.226806
3682.png,3,Residential,0.6605,0.078804,0.348134,0.157607,0.558474
3702.png,3,Residential,0.8693,0.355758,0.522916,0.654356,0.228917
3702.png,3,Residential,0.7041,0.487562,0.130461,0.671424,0.260922
3727.png,2,Commercial,0.8817,0.423119,0.323764,0.822443,0.647527
3727.png,2,Commercial,0.6007,0.413414,0.184294,0.806531,0.368587
3731.png,3,Residential,0.881,0.886584,0.608489,0.224433,0.282187
3731.png,3,Residential,0.845,0.478463,0.492767,0.507448,0.488508
3731.png,3,Residential,0.842,0.089871,0.531679,0.179742,0.319207
3741.png,2,Commercial,0.7826,0.704724,0.11258,0.566609,0.225161
3741.png,2,Commercial,0.692,0.513522,0.532681,0.65855,0.429649
3741.png,2,Commercial,0.6364,0.678623,0.533485,0.376859,0.454293
3746.png,3,Residential,0.8741,0.234112,0.503754,0.468223,0.492899
3746.png,3,Residential,0.6708,0.898646,0.515236,0.201824,0.542163
3752.png,3,Residential,0.8709,0.916953,0.533813,0.165802,0.528755
3752.png,3,Residential,0.6856,0.460005,0.525395,0.563595,0.338146
3756.png,3,Residential,0.8629,0.481134,0.498044,0.507506,0.577142
3757.png,3,Residential,0.91,0.133197,0.188313,0.264755,0.376626
3757.png,3,Residential,0.8634,0.909406,0.799722,0.181188,0.400556
3757.png,3,Residential,0.5828,0.860476,0.098617,0.234925,0.197234
3760.png,3,Residential,0.917,0.491768,0.521034,0.451899,0.412116
3760.png,3,Residential,0.8643,0.442926,0.907399,0.457549,0.185202
3760.png,3,Residential,0.687,0.414943,0.112794,0.50092,0.225588
377.png,3,Residential,0.7202,0.867116,0.445285,0.25783,0.476032
377.png,3,Residential,0.595,0.122213,0.37218,0.239873,0.724467
3776.png,3,Residential,0.8772,0.665278,0.890812,0.523933,0.217755
3776.png,3,Residential,0.815,0.533809,0.531314,0.341315,0.336962
3776.png,3,Residential,0.6543,0.526704,0.111035,0.445701,0.222069
3783.png,3,Residential,0.8597,0.554142,0.506409,0.349719,0.344322
3783.png,3,Residential,0.7519,0.619494,0.874195,0.336548,0.25161
3787.png,3,Residential,0.9018,0.495869,0.513929,0.50391,0.494742
3787.png,3,Residential,0.7437,0.895972,0.819438,0.208056,0.361125
3799.png,3,Residential,0.797,0.420183,0.509903,0.374292,0.354765
3802.png,3,Residential,0.913,0.497545,0.473546,0.435157,0.461423
3802.png,3,Residential,0.7668,0.596097,0.89107,0.296414,0.211338
3802.png,3,Residential,0.7228,0.082038,0.374197,0.164076,0.265951
3811.png,3,Residential,0.8905,0.233801,0.149998,0.46133,0.299996
3811.png,3,Residential,0.7458,0.182794,0.554659,0.363328,0.39345
3847.png,3,Residential,0.8558,0.438216,0.520212,0.532736,0.359033
3847.png,3,Residential,0.5351,0.943121,0.437906,0.111312,0.48629
3851.png,3,Residential,0.5411,0.6115,0.870731,0.376358,0.258539
3851.png,3,Residential,0.5236,0.926561,0.547351,0.146879,0.607708
3870.png,0,Apartment,0.7231,0.059156,0.484686,0.118311,0.52179
3888.png,3,Residential,0.8851,0.490703,0.549617,0.536657,0.512558
39.png,3,Residential,0.7886,0.457964,0.485094,0.558979,0.40027
3909.png,2,Commercial,0.6256,0.401263,0.506486,0.744454,0.473524
3912.png,3,Residential,0.7562,0.436251,0.8573,0.478574,0.28469
3912.png,3,Residential,0.7387,0.412808,0.116176,0.472397,0.232352
3912.png,3,Residential,0.6958,0.466477,0.502331,0.473033,0.340778
3914.png,3,Residential,0.7786,0.490701,0.491528,0.475186,0.518318
3921.png,3,Residential,0.8775,0.476266,0.494337,0.466383,0.413831
3932.png,3,Residential,0.8505,0.486297,0.52147,0.559281,0.419996
3932.png,3,Residential,0.843,0.892633,0.401384,0.209284,0.377111
3945.png,3,Residential,0.6265,0.477298,0.527839,0.393731,0.534877
396.png,3,Residential,0.8859,0.468568,0.48329,0.499064,0.498118
396.png,3,Residential,0.763,0.149806,0.798334,0.299613,0.403331
3975.png,2,Commercial,0.6689,0.517359,0.093545,0.51749,0.187091
3981.png,2,Commercial,0.9258,0.460576,0.473764,0.702639,0.64277
3981.png,2,Commercial,0.8222,0.18318,0.933211,0.36636,0.133579
3999.png,3,Residential,0.9398,0.500529,0.507734,0.473148,0.460046
4014.png,3,Residential,0.8737,0.481912,0.599882,0.353105,0.467143
4014.png,3,Residential,0.8656,0.884103,0.790953,0.231795,0.397182
4015.png,3,Residential,0.9247,0.472071,0.518024,0.558857,0.354606
4015.png,3,Residential,0.8225,0.048787,0.556733,0.096616,0.43055
4019.png,3,Residential,0.8045,0.458796,0.491933,0.430042,0.450023
4028.png,3,Residential,0.7573,0.902775,0.539958,0.192369,0.39562
4028.png,3,Residential,0.7291,0.487065,0.517669,0.510302,0.395255
4035.png,3,Residential,0.8867,0.254454,0.88033,0.217504,0.239341
4035.png,3,Residential,0.8683,0.323884,0.531514,0.227728,0.417844
4044.png,3,Residential,0.9181,0.450303,0.512109,0.318622,0.402614
4044.png,3,Residential,0.7883,0.274606,0.126079,0.324502,0.252158
4044.png,3,Residential,0.616,0.3627,0.903279,0.376294,0.19283
4050.png,3,Residential,0.8387,0.881236,0.51541,0.235888,0.484007
4050.png,3,Residential,0.8194,0.519009,0.503484,0.429833,0.351855
4062.png,3,Residential,0.9286,0.498048,0.517684,0.494803,0.495649
4080.png,3,Residential,0.7857,0.433592,0.656734,0.449811,0.583224
4087.png,3,Residential,0.9005,0.494057,0.508533,0.42755,0.468815
4087.png,3,Residential,0.6729,0.575052,0.09177,0.256307,0.182768
409.png,3,Residential,0.874,0.486097,0.53641,0.46922,0.537419
409.png,3,Residential,0.8366,0.235891,0.866295,0.46706,0.26741
4102.png,3,Residential,0.8954,0.492696,0.570477,0.512463,0.443308
4103.png,3,Residential,0.8855,0.497303,0.527112,0.407181,0.481352
4103.png,3,Residential,0.8359,0.483453,0.906351,0.370011,0.187298
4103.png,3,Residential,0.8304,0.515415,0.110302,0.385645,0.220513
4121.png,2,Commercial,0.7627,0.467904,0.516438,0.517566,0.352511
4137.png,3,Residential,0.9124,0.47451,0.525864,0.418581,0.456086
4137.png,3,Residential,0.8344,0.107517,0.40857,0.215033,0.345364
4137.png,3,Residential,0.7186,0.863929,0.460442,0.270183,0.270248
4143.png,3,Residential,0.8609,0.883411,0.560273,0.233178,0.424451
4143.png,3,Residential,0.8031,0.421944,0.508453,0.337302,0.406986
4143.png,3,Residential,0.7853,0.082165,0.641739,0.16433,0.414303
4145.png,0,Apartment,0.8714,0.498671,0.89076,0.522086,0.218479
4145.png,0,Apartment,0.6616,0.492488,0.515783,0.520425,0.375652
4160.png,3,Residential,0.8846,0.4744,0.511825,0.421996,0.429958
4160.png,3,Residential,0.882,0.463369,0.892555,0.404604,0.21489
4160.png,3,Residential,0.8371,0.474511,0.121158,0.357905,0.241178
4165.png,3,Residential,0.9092,0.483519,0.546382,0.455393,0.406933
4165.png,3,Residential,0.8425,0.889123,0.523343,0.217838,0.466611
4172.png,3,Residential,0.7612,0.454329,0.579644,0.359511,0.409489
4190.png,0,Apartment,0.867,0.513746,0.482226,0.669739,0.439646
4190.png,0,Apartment,0.6159,0.686395,0.080341,0.329809,0.160681
4197.png,3,Residential,0.7763,0.10266,0.529662,0.20532,0.368185
4197.png,3,Residential,0.7329,0.486823,0.525102,0.454878,0.481621
4197.png,0,Apartment,0.6202,0.474496,0.947231,0.484258,0.105538
4198.png,3,Residential,0.7609,0.187836,0.479712,0.369026,0.433087
4198.png,3,Residential,0.699,0.320862,0.47799,0.641723,0.425206
4198.png,3,Residential,0.5384,0.890964,0.445199,0.218072,0.584657
42.png,3,Residential,0.6264,0.468236,0.497902,0.426526,0.446298
42.png,3,Residential,0.5538,0.869953,0.502707,0.260093,0.389387
4203.png,3,Residential,0.7211,0.055213,0.637619,0.110139,0.324546
4203.png,3,Residential,0.6475,0.483728,0.524609,0.414431,0.406543
4271.png,3,Residential,0.8657,0.479245,0.511292,0.529482,0.342646
4271.png,3,Residential,0.6573,0.94943,0.49196,0.101112,0.485435
4280.png,3,Residential,0.8904,0.854201,0.533992,0.283171,0.382711
4280.png,3,Residential,0.8363,0.476742,0.498002,0.394716,0.420572
4280.png,3,Residential,0.7919,0.130029,0.534999,0.260057,0.446403
4280.png,3,Residential,0.5647,0.840736,0.913914,0.318528,0.172171
430.png,3,Residential,0.8766,0.49429,0.530354,0.489283,0.492737
430.png,3,Residential,0.7677,0.896612,0.414519,0.200114,0.408349
4315.png,3,Residential,0.8731,0.497339,0.501743,0.437078,0.404727
4315.png,3,Residential,0.5064,0.891878,0.532665,0.216244,0.319897
4319.png,3,Residential,0.8195,0.13771,0.11231,0.275419,0.222852
4319.png,3,Residential,0.7084,0.487463,0.509756,0.516837,0.55807
432.png,3,Residential,0.9601,0.481881,0.504345,0.556679,0.535141
432.png,3,Residential,0.762,0.067259,0.287306,0.134518,0.349501
432.png,3,Residential,0.6634,0.873152,0.770139,0.253695,0.459722
4322.png,3,Residential,0.8579,0.098418,0.384549,0.196837,0.41665
4322.png,3,Residential,0.8371,0.466515,0.51839,0.4763,0.294164
4322.png,3,Residential,0.596,0.884961,0.448466,0.227587,0.494803
4325.png,3,Residential,0.858,0.476994,0.527976,0.423966,0.347228
4325.png,3,Residential,0.6518,0.099108,0.466163,0.198216,0.477737
4325.png,3,Residential,0.5154,0.858007,0.489062,0.283985,0.454952
4335.png,3,Residential,0.7466,0.509502,0.51478,0.380794,0.448609
4343.png,3,Residential,0.831,0.490877,0.52971,0.380186,0.426324
4343.png,3,Residential,0.6446,0.94753,0.55064,0.104939,0.439701
4343.png,3,Residential,0.6176,0.063128,0.550799,0.126087,0.327988
436.png,3,Residential,0.9024,0.474182,0.442785,0.556538,0.331131
436.png,3,Residential,0.8158,0.077794,0.483912,0.155588,0.265696
436.png,3,Residential,0.7365,0.879831,0.523145,0.238775,0.32482
4370.png,3,Residential,0.5771,0.635022,0.589671,0.191342,0.394574
4374.png,3,Residential,0.8825,0.861432,0.470892,0.260834,0.390551
4374.png,3,Residential,0.8823,0.476028,0.520748,0.377416,0.415411
4395.png,3,Residential,0.8649,0.495552,0.516958,0.499107,0.364749
4395.png,3,Residential,0.8537,0.475695,0.11931,0.404668,0.23862
4395.png,3,Residential,0.844,0.46993,0.900141,0.484039,0.193918
4420.png,3,Residential,0.7512,0.471712,0.475516,0.372376,0.415258
4420.png,3,Residential,0.6713,0.453271,0.897345,0.341677,0.205003
4426.png,3,Residential,0.7981,0.489572,0.588592,0.499218,0.475643
4426.png,3,Residential,0.791,0.110987,0.495484,0.219825,0.362894
443.png,3,Residential,0.838,0.495953,0.509973,0.491005,0.463812
443.png,3,Residential,0.6065,0.09332,0.471389,0.186383,0.356762
4441.png,0,Apartment,0.9666,0.462264,0.487292,0.664551,0.702586
4441.png,0,Apartment,0.8712,0.7139,0.089062,0.5722,0.176944
4452.png,3,Residential,0.8967,0.476185,0.512483,0.446083,0.436715
4477.png,3,Residential,0.8471,0.559117,0.119623,0.579348,0.239246
4477.png,3,Residential,0.6614,0.455155,0.442915,0.392226,0.296262
4489.png,2,Commercial,0.9365,0.494788,0.476773,0.531368,0.552438
4489.png,2,Commercial,0.798,0.50923,0.903567,0.496838,0.192323
4493.png,3,Residential,0.9228,0.471576,0.528982,0.464066,0.364466
4494.png,3,Residential,0.918,0.463477,0.529837,0.469019,0.356132
4499.png,3,Residential,0.8894,0.504726,0.495197,0.440244,0.289471
4499.png,3,Residential,0.7867,0.550114,0.907865,0.570259,0.183202
4523.png,3,Residential,0.5677,0.477352,0.542394,0.393456,0.371738
4524.png,3,Residential,0.8893,0.447395,0.490045,0.337804,0.494333
4524.png,3,Residential,0.8724,0.368315,0.901938,0.414687,0.194416
4546.png,3,Residential,0.9226,0.691193,0.214953,0.590258,0.429905
4549.png,3,Residential,0.8378,0.470125,0.519638,0.332302,0.35923
4549.png,3,Residential,0.678,0.184565,0.280749,0.369129,0.561498
4549.png,3,Residential,0.5359,0.769504,0.895311,0.240143,0.209378
455.png,3,Residential,0.7878,0.507395,0.537596,0.48158,0.386738
455.png,3,Residential,0.6951,0.111858,0.528947,0.220743,0.314527
455.png,3,Residential,0.5894,0.89137,0.523869,0.21726,0.411677
4552.png,3,Residential,0.7882,0.51786,0.513129,0.452402,0.279046
4552.png,3,Residential,0.7185,0.368474,0.874164,0.483168,0.248236
4558.png,2,Commercial,0.8149,0.452256,0.523205,0.492365,0.784131
4558.png,2,Commercial,0.756,0.457827,0.398454,0.485916,0.531992
4564.png,3,Residential,0.8309,0.523499,0.495671,0.519902,0.302125
4567.png,3,Residential,0.9584,0.520768,0.504886,0.579017,0.456364
4570.png,3,Residential,0.9818,0.505586,0.508621,0.529887,0.600122
458.png,3,Residential,0.8897,0.498908,0.569527,0.42841,0.413249
458.png,3,Residential,0.7595,0.108744,0.574944,0.217489,0.456836
4587.png,3,Residential,0.8867,0.47194,0.501812,0.471146,0.421529
4587.png,3,Residential,0.6679,0.083169,0.486773,0.166337,0.346354
4594.png,3,Residential,0.9285,0.473653,0.512083,0.294425,0.473751
4594.png,3,Residential,0.8926,0.490743,0.120418,0.293833,0.239601
4594.png,3,Residential,0.8725,0.882567,0.910192,0.234867,0.179615
4594.png,3,Residential,0.8574,0.912475,0.414833,0.17505,0.638924
4601.png,2,Commercial,0.9127,0.675062,0.369871,0.608685,0.735267
4617.png,3,Residential,0.9044,0.50803,0.497784,0.511689,0.528434
4617.png,3,Residential,0.643,0.091962,0.533434,0.183111,0.412199
4619.png,3,Residential,0.7245,0.450274,0.926875,0.521691,0.14625
4619.png,3,Residential,0.6979,0.470501,0.487442,0.526153,0.484707
4622.png,3,Residential,0.882,0.432348,0.527148,0.324814,0.434684
4626.png,3,Residential,0.8706,0.460016,0.523108,0.346325,0.411123
4626.png,3,Residential,0.7833,0.06784,0.492714,0.134981,0.460411
4626.png,3,Residential,0.6504,0.897575,0.441579,0.204851,0.470484
4627.png,3,Residential,0.8844,0.471566,0.508339,0.472348,0.332998
4627.png,3,Residential,0.7948,0.480244,0.099743,0.458226,0.199486
4633.png,3,Residential,0.8333,0.06688,0.234792,0.133759,0.469585
4633.png,3,Residential,0.6918,0.447701,0.536692,0.307652,0.351192
4642.png,3,Residential,0.7165,0.097179,0.445724,0.194359,0.302555
4642.png,3,Residential,0.6616,0.144609,0.846949,0.279127,0.293886
4642.png,3,Residential,0.5304,0.430205,0.428829,0.330779,0.266863
4647.png,3,Residential,0.9083,0.47108,0.605942,0.287969,0.51623
465.png,3,Residential,0.8914,0.493218,0.527325,0.486153,0.474021
465.png,3,Residential,0.7311,0.107226,0.578987,0.214093,0.288297
4685.png,3,Residential,0.8229,0.426304,0.48599,0.427911,0.355144
4685.png,3,Residential,0.6191,0.906564,0.655825,0.185451,0.472669
4699.png,0,Apartment,0.8088,0.861048,0.883208,0.27243,0.233583
47.png,3,Residential,0.8893,0.489941,0.484038,0.624365,0.473472
47.png,3,Residential,0.8683,0.922488,0.691135,0.155025,0.370545
47.png,3,Residential,0.5616,0.083706,0.764398,0.167411,0.453359
4707.png,3,Residential,0.8708,0.483523,0.484078,0.432946,0.356691
4718.png,3,Residential,0.8071,0.506063,0.50095,0.440059,0.34005
4726.png,3,Residential,0.7301,0.573367,0.530238,0.503197,0.463307
4733.png,3,Residential,0.7509,0.472458,0.50334,0.400535,0.438555
4747.png,0,Apartment,0.9446,0.50171,0.500716,0.707167,0.441977
4763.png,3,Residential,0.8915,0.458914,0.518197,0.336338,0.409516
4763.png,3,Residential,0.5871,0.909168,0.632984,0.181663,0.287839
4763.png,3,Residential,0.5289,0.048491,0.503435,0.096982,0.419968
4776.png,3,Residential,0.9221,0.478284,0.516242,0.439354,0.536873
4776.png,3,Residential,0.7531,0.929663,0.182222,0.140674,0.282358
4776.png,3,Residential,0.7512,0.482774,0.105043,0.476112,0.210087
4777.png,3,Residential,0.9063,0.481392,0.504632,0.413491,0.517682
4777.png,3,Residential,0.8485,0.432303,0.103421,0.441967,0.203978
4781.png,3,Residential,0.8256,0.857049,0.210442,0.285901,0.420883
4781.png,3,Residential,0.7177,0.576843,0.520121,0.560432,0.449856
4781.png,3,Residential,0.6906,0.178014,0.776209,0.351743,0.441039
4821.png,3,Residential,0.6106,0.884874,0.126775,0.230251,0.248329
4835.png,3,Residential,0.8581,0.484239,0.510007,0.427375,0.457467
4835.png,3,Residential,0.7889,0.523138,0.907201,0.465122,0.18278
4839.png,3,Residential,0.889,0.453164,0.513941,0.319623,0.472025
4839.png,3,Residential,0.7729,0.463211,0.897206,0.359785,0.205588
4844.png,3,Residential,0.829,0.468867,0.64915,0.407241,0.67402
4861.png,3,Residential,0.8592,0.829734,0.269039,0.338522,0.404385
4863.png,3,Residential,0.8897,0.716301,0.843379,0.519747,0.311884
4863.png,3,Residential,0.8376,0.475023,0.492637,0.437496,0.407834
4879.png,3,Residential,0.8748,0.500564,0.519462,0.458672,0.466337
488.png,3,Residential,0.9389,0.479168,0.506131,0.40389,0.546034
4886.png,3,Residential,0.8175,0.450504,0.680757,0.493954,0.638487
489.png,3,Residential,0.8998,0.10324,0.499868,0.206481,0.368124
489.png,3,Residential,0.8903,0.499278,0.510673,0.481165,0.377576
4897.png,2,Commercial,0.8073,0.424938,0.4704,0.671709,0.345988
491.png,3,Residential,0.8579,0.899512,0.480721,0.200976,0.364124
491.png,3,Residential,0.741,0.045384,0.508768,0.090545,0.299102
4921.png,3,Residential,0.8094,0.472599,0.516964,0.419525,0.365275
4921.png,3,Residential,0.7705,0.34212,0.133213,0.462526,0.263251
4928.png,2,Commercial,0.969,0.457655,0.472067,0.815528,0.610416
4929.png,3,Residential,0.9007,0.437815,0.481941,0.468253,0.600905
4929.png,3,Residential,0.6141,0.328449,0.93534,0.507324,0.129319
4937.png,3,Residential,0.7506,0.899872,0.808941,0.200255,0.354012
4937.png,3,Residential,0.718,0.521186,0.524162,0.388691,0.441274
4937.png,3,Residential,0.6965,0.174072,0.875634,0.348145,0.248003
4939.png,3,Residential,0.856,0.492433,0.541512,0.461717,0.436586
4939.png,3,Residential,0.8005,0.821043,0.112068,0.357915,0.224137
495.png,3,Residential,0.8327,0.474124,0.549102,0.542901,0.458386
495.png,3,Residential,0.6632,0.062154,0.549009,0.124307,0.401256
4953.png,3,Residential,0.6009,0.474262,0.638919,0.314264,0.399766
4959.png,3,Residential,0.8777,0.820741,0.706815,0.344989,0.160575
4992.png,3,Residential,0.9187,0.489691,0.47192,0.361165,0.521069
4996.png,3,Residential,0.8954,0.502769,0.510023,0.439729,0.478273
4996.png,3,Residential,0.7991,0.503408,0.885011,0.412344,0.229978
4996.png,3,Residential,0.6927,0.548906,0.118189,0.506495,0.235039
50.png,3,Residential,0.8235,0.47866,0.486064,0.435929,0.448253
50.png,3,Residential,0.5176,0.516598,0.095348,0.382249,0.190695
5002.png,3,Residential,0.8933,0.483766,0.540898,0.38552,0.341506
5002.png,3,Residential,0.7413,0.891146,0.446807,0.216445,0.571199
5002.png,3,Residential,0.7102,0.080292,0.424094,0.160584,0.573806
5006.png,3,Residential,0.8047,0.868131,0.606141,0.263739,0.394733
5006.png,3,Residential,0.6625,0.470631,0.527403,0.395038,0.435441
5008.png,3,Residential,0.8382,0.467053,0.907333,0.404582,0.182162
5008.png,3,Residential,0.8311,0.471001,0.519192,0.43734,0.420561
5027.png,3,Residential,0.8131,0.467585,0.497051,0.477174,0.426964
5029.png,3,Residential,0.8855,0.487733,0.532466,0.443389,0.654888
5029.png,3,Residential,0.8441,0.843031,0.157861,0.313937,0.315076
5071.png,0,Apartment,0.5443,0.474162,0.442386,0.542519,0.63245
5086.png,3,Residential,0.7922,0.926727,0.656066,0.146545,0.569592
5086.png,3,Residential,0.576,0.469789,0.534279,0.334066,0.336145
5089.png,3,Residential,0.8664,0.477537,0.500844,0.343596,0.319275
5097.png,3,Residential,0.8447,0.498982,0.532709,0.355503,0.348827
5097.png,3,Residential,0.7061,0.526487,0.935512,0.412332,0.127829
5112.png,3,Residential,0.7536,0.470497,0.506378,0.335449,0.501566
5112.png,3,Residential,0.7472,0.462973,0.895445,0.423246,0.206584
5113.png,3,Residential,0.7918,0.881005,0.512296,0.219404,0.419842
5113.png,3,Residential,0.7516,0.484923,0.5351,0.413705,0.392015
5126.png,3,Residential,0.8283,0.460342,0.531434,0.476792,0.358126
5126.png,3,Residential,0.606,0.956583,0.461369,0.086833,0.352398
513.png,3,Residential,0.8625,0.498788,0.526242,0.497392,0.365
513.png,3,Residential,0.7729,0.904023,0.421802,0.191953,0.645787
513.png,3,Residential,0.6661,0.106637,0.545577,0.213273,0.371723
513.png,3,Residential,0.5618,0.104487,0.624195,0.208974,0.550773
5145.png,3,Residential,0.9017,0.494984,0.51583,0.456384,0.424413
5145.png,0,Apartment,0.5818,0.504188,0.911347,0.503347,0.17419
5154.png,3,Residential,0.8333,0.502507,0.551089,0.416372,0.516976
5155.png,3,Residential,0.6177,0.49084,0.529963,0.393803,0.506145
518.png,3,Residential,0.8762,0.458008,0.512764,0.539844,0.479841
518.png,3,Residential,0.602,0.905186,0.533104,0.188678,0.513258
5211.png,3,Residential,0.9051,0.485814,0.526925,0.552353,0.354086
5221.png,3,Residential,0.8646,0.46507,0.449607,0.338416,0.428165
5221.png,3,Residential,0.5258,0.476095,0.91409,0.63665,0.171044
5235.png,3,Residential,0.9231,0.420524,0.555325,0.586492,0.389676
5235.png,3,Residential,0.5603,0.885489,0.446768,0.194261,0.563938
5247.png,2,Commercial,0.9132,0.485866,0.520391,0.642988,0.480777
5298.png,3,Residential,0.8196,0.722356,0.864072,0.489994,0.270295
5298.png,3,Residential,0.7797,0.066088,0.380977,0.131052,0.459035
5308.png,3,Residential,0.581,0.477893,0.508777,0.5198,0.393022
5312.png,3,Residential,0.9166,0.499556,0.5031,0.56364,0.378365
5312.png,3,Residential,0.8899,0.101927,0.520951,0.203854,0.398838
5312.png,3,Residential,0.8377,0.902677,0.50453,0.191998,0.420289
5314.png,3,Residential,0.6444,0.519942,0.51314,0.479536,0.451596
5316.png,3,Residential,0.8818,0.494342,0.539366,0.522996,0.451967
5316.png,3,Residential,0.7766,0.886533,0.624573,0.223186,0.365252
5326.png,3,Residential,0.5824,0.52157,0.390649,0.417489,0.725512
5347.png,2,Commercial,0.9145,0.478342,0.511351,0.671987,0.681069
537.png,3,Residential,0.9029,0.49643,0.52734,0.468397,0.4029
537.png,3,Residential,0.8394,0.06812,0.552595,0.13624,0.456662
5370.png,3,Residential,0.8458,0.478549,0.537619,0.465184,0.35423
5386.png,3,Residential,0.9264,0.438134,0.454379,0.476718,0.389003
5404.png,3,Residential,0.5686,0.410598,0.526338,0.380132,0.614657
5405.png,3,Residential,0.8615,0.511682,0.528057,0.441548,0.328555
5405.png,3,Residential,0.7728,0.387264,0.865975,0.676353,0.26805
5409.png,3,Residential,0.8355,0.131369,0.569357,0.262738,0.454169
5416.png,3,Residential,0.87,0.52712,0.604872,0.416358,0.250279
5416.png,3,Residential,0.8622,0.552022,0.254883,0.372249,0.247077
5416.png,3,Residential,0.7082,0.49747,0.913799,0.329136,0.172403
5416.png,3,Residential,0.6079,0.042356,0.197093,0.084711,0.330483
5416.png,3,Residential,0.5615,0.050651,0.940747,0.101303,0.118507
5422.png,0,Apartment,0.8691,0.316817,0.132932,0.633633,0.265679
5422.png,2,Commercial,0.6435,0.299475,0.664613,0.593847,0.652381
5422.png,2,Commercial,0.5559,0.922809,0.668302,0.150055,0.631175
5444.png,3,Residential,0.7584,0.448406,0.536233,0.348165,0.421586
5458.png,3,Residential,0.8781,0.48424,0.527637,0.440496,0.405327
5458.png,3,Residential,0.744,0.417818,0.13108,0.372715,0.262159
5458.png,3,Residential,0.523,0.504479,0.964143,0.296981,0.071171
5462.png,3,Residential,0.8812,0.402818,0.397899,0.698877,0.719157
5462.png,3,Residential,0.7027,0.897755,0.133907,0.20449,0.267815
5462.png,3,Residential,0.6184,0.93959,0.668808,0.118536,0.311165
5464.png,3,Residential,0.896,0.461444,0.520595,0.39625,0.38866
5464.png,3,Residential,0.752,0.846586,0.548451,0.295068,0.398201
5473.png,3,Residential,0.8548,0.110333,0.495847,0.220665,0.37267
5476.png,3,Residential,0.8971,0.49344,0.503507,0.40524,0.492078
5476.png,3,Residential,0.8334,0.858675,0.129114,0.280918,0.258229
5495.png,1,Church,0.8066,0.653703,0.426849,0.68978,0.79065
5503.png,3,Residential,0.891,0.445334,0.866111,0.372879,0.267778
5503.png,3,Residential,0.8368,0.884158,0.685324,0.227507,0.462525
5503.png,3,Residential,0.8133,0.519697,0.13766,0.458091,0.27532
5520.png,3,Residential,0.8727,0.488756,0.496107,0.392972,0.379594
5521.png,3,Residential,0.7572,0.524788,0.505111,0.421052,0.363083
5521.png,3,Residential,0.5223,0.912447,0.319303,0.173311,0.565777
5529.png,3,Residential,0.7582,0.138514,0.837184,0.276491,0.325631
5529.png,3,Residential,0.6879,0.514899,0.510055,0.483359,0.362724
5529.png,3,Residential,0.6834,0.897939,0.545699,0.204123,0.436209
5529.png,3,Residential,0.6112,0.893521,0.948209,0.205709,0.096762
5529.png,3,Residential,0.5493,0.085373,0.446579,0.170747,0.333249
5533.png,3,Residential,0.7251,0.910343,0.247655,0.179314,0.453539
5540.png,3,Residential,0.72,0.498675,0.481734,0.411617,0.425031
5549.png,0,Apartment,0.7452,0.152752,0.513233,0.302514,0.266287
5549.png,0,Apartment,0.7219,0.481441,0.516093,0.290838,0.250497
5549.png,0,Apartment,0.7215,0.120855,0.833115,0.241106,0.33377
5550.png,3,Residential,0.8554,0.48844,0.495747,0.35787,0.29067
5550.png,3,Residential,0.7947,0.870264,0.471823,0.259471,0.354755
5559.png,2,Commercial,0.8496,0.089912,0.298565,0.179824,0.597131
5559.png,3,Residential,0.7588,0.881811,0.581634,0.235577,0.407196
5561.png,3,Residential,0.8461,0.646254,0.879351,0.417844,0.241298
5561.png,3,Residential,0.8185,0.491745,0.520667,0.447598,0.379965
5566.png,3,Residential,0.8556,0.455231,0.506686,0.374859,0.408625
5566.png,3,Residential,0.843,0.488655,0.895211,0.417561,0.209577
5574.png,3,Residential,0.8808,0.43655,0.571948,0.619457,0.477203
5574.png,3,Residential,0.5438,0.891399,0.319945,0.21383,0.639889
558.png,3,Residential,0.8492,0.47879,0.475595,0.480818,0.428688
558.png,3,Residential,0.7662,0.404289,0.891245,0.304289,0.2159
558.png,3,Residential,0.7323,0.388588,0.090534,0.327065,0.181068
558.png,3,Residential,0.6514,0.86832,0.270084,0.261923,0.366408
5580.png,3,Residential,0.7163,0.152889,0.670604,0.305778,0.658792
5580.png,3,Residential,0.5596,0.930193,0.959621,0.135202,0.078396
559.png,3,Residential,0.6614,0.106789,0.406126,0.213579,0.57095
5590.png,3,Residential,0.9316,0.490263,0.510468,0.446604,0.43244
5590.png,3,Residential,0.89,0.505804,0.884159,0.444114,0.228872
5590.png,3,Residential,0.8817,0.491144,0.118527,0.550199,0.235638
5625.png,3,Residential,0.8425,0.540118,0.569994,0.363624,0.35872
5634.png,3,Residential,0.6437,0.446394,0.874801,0.573908,0.250397
5638.png,3,Residential,0.5042,0.092276,0.585203,0.184552,0.441926
5643.png,3,Residential,0.8502,0.497611,0.527564,0.354614,0.486214
5643.png,3,Residential,0.8223,0.780048,0.89803,0.439904,0.2035
5686.png,3,Residential,0.7913,0.890046,0.535798,0.219838,0.39514
5686.png,3,Residential,0.6054,0.475774,0.615473,0.438402,0.576228
5706.png,3,Residential,0.7163,0.234508,0.550293,0.469016,0.685839
5706.png,0,Apartment,0.6278,0.245794,0.08204,0.491587,0.16408
5714.png,3,Residential,0.8426,0.889286,0.59318,0.216887,0.377507
5714.png,3,Residential,0.8327,0.482458,0.549666,0.374073,0.423293
5714.png,3,Residential,0.738,0.139135,0.590507,0.27827,0.336273
5714.png,3,Residential,0.69,0.658877,0.184361,0.280015,0.283012
5715.png,0,Apartment,0.7612,0.469334,0.626329,0.404783,0.747343
5718.png,3,Residential,0.8813,0.475015,0.525093,0.380152,0.435014
5718.png,3,Residential,0.616,0.518984,0.157565,0.453937,0.222467
5735.png,3,Residential,0.8513,0.819146,0.19206,0.361707,0.384119
5735.png,3,Residential,0.8026,0.50334,0.494167,0.544849,0.503364
5735.png,3,Residential,0.7402,0.180165,0.815571,0.354614,0.368858
5740.png,2,Commercial,0.7335,0.508019,0.511498,0.421604,0.57549
5757.png,3,Residential,0.7471,0.127477,0.7049,0.248137,0.458441
5757.png,3,Residential,0.5787,0.818173,0.664853,0.345289,0.657346
577.png,3,Residential,0.9545,0.496641,0.513073,0.421512,0.520779
577.png,3,Residential,0.5444,0.469812,0.08089,0.578919,0.16178
5792.png,3,Residential,0.78,0.143987,0.506431,0.287168,0.420909
5792.png,3,Residential,0.6874,0.507959,0.524947,0.386071,0.340825
5799.png,3,Residential,0.9248,0.534161,0.491542,0.475101,0.566168
5799.png,3,Residential,0.7762,0.73616,0.09929,0.418894,0.196334
58.png,3,Residential,0.8813,0.502319,0.525688,0.476166,0.389881
58.png,3,Residential,0.6942,0.075125,0.502461,0.15025,0.40739
5821.png,3,Residential,0.8644,0.461155,0.525287,0.447321,0.520247
5821.png,3,Residential,0.623,0.638032,0.950975,0.304612,0.098051
5829.png,3,Residential,0.7638,0.862598,0.70171,0.272088,0.334002
583.png,3,Residential,0.7978,0.106509,0.242461,0.208715,0.43197
584.png,3,Residential,0.8311,0.46155,0.539178,0.453196,0.48173
584.png,3,Residential,0.6844,0.084763,0.631649,0.168764,0.30097
584.png,3,Residential,0.5269,0.801313,0.92571,0.328153,0.14858
5842.png,3,Residential,0.7034,0.48895,0.463822,0.480101,0.238514
5849.png,3,Residential,0.8706,0.438846,0.539238,0.344976,0.556915
5852.png,3,Residential,0.8185,0.501375,0.597167,0.333701,0.549707
5852.png,3,Residential,0.7893,0.905073,0.545658,0.18876,0.586865
5852.png,3,Residential,0.7742,0.073887,0.579292,0.147774,0.57926
5854.png,2,Commercial,0.8179,0.498039,0.514162,0.345119,0.507094
5860.png,3,Residential,0.8994,0.487496,0.511593,0.410175,0.470076
588.png,3,Residential,0.8678,0.488903,0.508952,0.431248,0.493531
588.png,3,Residential,0.5192,0.470706,0.95146,0.422059,0.09708
5885.png,3,Residential,0.9048,0.472618,0.512189,0.339689,0.369117
589.png,3,Residential,0.9071,0.462757,0.512604,0.468091,0.418742
589.png,3,Residential,0.8818,0.402479,0.123874,0.469761,0.247333
589.png,3,Residential,0.7269,0.372298,0.919163,0.343167,0.156741
5916.png,3,Residential,0.8131,0.481828,0.512642,0.305418,0.352394
5916.png,3,Residential,0.8106,0.498873,0.885043,0.321841,0.229551
5916.png,3,Residential,0.7755,0.546847,0.086468,0.372214,0.172937
5924.png,3,Residential,0.8962,0.434681,0.532555,0.301736,0.484326
5924.png,3,Residential,0.5318,0.460976,0.903713,0.315787,0.189825
5939.png,3,Residential,0.7117,0.461544,0.5198,0.398167,0.384176
5939.png,3,Residential,0.7065,0.855875,0.518396,0.280231,0.427076
5940.png,2,Commercial,0.7936,0.605739,0.470968,0.770733,0.62491
5943.png,3,Residential,0.8296,0.816944,0.182413,0.359514,0.364826
5943.png,3,Residential,0.5251,0.556949,0.433019,0.488827,0.475165
5958.png,2,Commercial,0.7897,0.590861,0.688484,0.49485,0.34618
5967.png,3,Residential,0.838,0.45875,0.860723,0.465284,0.278554
5967.png,3,Residential,0.8255,0.475446,0.141966,0.487835,0.283933
5967.png,3,Residential,0.6865,0.475443,0.527291,0.512849,0.349479
5971.png,3,Residential,0.9107,0.474207,0.530004,0.489606,0.575289
5971.png,0,Apartment,0.7058,0.370355,0.107405,0.333983,0.21481
5975.png,3,Residential,0.8963,0.83051,0.145874,0.33898,0.291618
5975.png,3,Residential,0.7813,0.317706,0.181143,0.635413,0.357562
5975.png,2,Commercial,0.7222,0.295814,0.925488,0.591628,0.149025
5975.png,0,Apartment,0.5491,0.326652,0.177894,0.653304,0.355788
5985.png,2,Commercial,0.9153,0.474277,0.618288,0.673998,0.336437
5985.png,2,Commercial,0.7582,0.061701,0.619922,0.123129,0.31037
5985.png,2,Commercial,0.7318,0.735154,0.522916,0.290589,0.638554
5985.png,2,Commercial,0.5272,0.509074,0.55528,0.766736,0.511713
600.png,3,Residential,0.8855,0.48142,0.518364,0.502927,0.477273
6004.png,3,Residential,0.7867,0.494407,0.889491,0.329319,0.221018
6004.png,3,Residential,0.5494,0.601285,0.528301,0.162306,0.357984
6018.png,0,Apartment,0.8183,0.497188,0.512812,0.592301,0.427619
6018.png,0,Apartment,0.727,0.551972,0.914266,0.713288,0.167577
6018.png,0,Apartment,0.7028,0.894887,0.508323,0.210225,0.414653
6022.png,0,Apartment,0.7651,0.489109,0.543302,0.402735,0.910052
6035.png,3,Residential,0.8622,0.504995,0.515184,0.425417,0.397737
6045.png,3,Residential,0.8615,0.50364,0.50616,0.5965,0.353521
605.png,3,Residential,0.8644,0.496109,0.507222,0.61138,0.434751
605.png,3,Residential,0.5861,0.923074,0.523444,0.153852,0.363053
6062.png,3,Residential,0.8814,0.153327,0.84156,0.306654,0.307187
6062.png,0,Apartment,0.5798,0.628839,0.119189,0.742321,0.238293
6064.png,3,Residential,0.7401,0.467383,0.509365,0.531612,0.411123
6064.png,3,Residential,0.6371,0.94773,0.074265,0.104355,0.14853
6076.png,3,Residential,0.8603,0.451441,0.576433,0.358343,0.46673
6076.png,3,Residential,0.662,0.956591,0.507604,0.08575,0.461816
610.png,3,Residential,0.8798,0.519198,0.496893,0.653792,0.461731
6104.png,3,Residential,0.9042,0.477329,0.533235,0.467323,0.341164
6104.png,3,Residential,0.5862,0.922201,0.218423,0.155268,0.344591
6108.png,3,Residential,0.9116,0.500127,0.508727,0.499906,0.296629
6108.png,3,Residential,0.9084,0.587139,0.858074,0.709756,0.283853
611.png,3,Residential,0.974,0.490701,0.523764,0.495915,0.536801
611.png,3,Residential,0.7411,0.888051,0.613985,0.211492,0.323337
611.png,3,Residential,0.678,0.411298,0.100591,0.451496,0.200035
6127.png,3,Residential,0.9277,0.45324,0.873912,0.400896,0.252175
6127.png,3,Residential,0.8644,0.492025,0.510376,0.471595,0.36798
6127.png,3,Residential,0.829,0.515928,0.132683,0.476553,0.265367
6127.png,3,Residential,0.5426,0.91512,0.223928,0.166645,0.447856
6133.png,3,Residential,0.7947,0.135682,0.508563,0.271364,0.65942
6133.png,2,Commercial,0.6108,0.917751,0.649512,0.160816,0.685645
6143.png,2,Commercial,0.9451,0.487135,0.48486,0.974269,0.486608
6160.png,3,Residential,0.8594,0.506379,0.513093,0.457147,0.504818
6160.png,3,Residential,0.8472,0.09143,0.71828,0.182525,0.548067
6160.png,3,Residential,0.817,0.885209,0.221418,0.228713,0.291717
6164.png,3,Residential,0.8691,0.880225,0.541853,0.239551,0.470853
6164.png,3,Residential,0.8386,0.466601,0.517542,0.32775,0.405176
6173.png,3,Residential,0.8223,0.902569,0.550931,0.190709,0.410999
6181.png,3,Residential,0.7946,0.769257,0.652898,0.460947,0.68536
6188.png,0,Apartment,0.7036,0.397786,0.485697,0.456319,0.843914
6188.png,2,Commercial,0.6363,0.530552,0.491239,0.752248,0.934835
6199.png,3,Residential,0.9164,0.433063,0.517482,0.427045,0.594394
6199.png,3,Residential,0.5677,0.850993,0.309529,0.298014,0.30535
6211.png,3,Residential,0.6036,0.056774,0.205838,0.113548,0.254266
6228.png,3,Residential,0.7323,0.87041,0.855707,0.249578,0.286543
6228.png,3,Residential,0.6502,0.496743,0.512551,0.422111,0.319381
623.png,3,Residential,0.911,0.45818,0.485943,0.442127,0.572434
623.png,3,Residential,0.8111,0.858211,0.905007,0.283578,0.189986
6234.png,3,Residential,0.6789,0.096943,0.401824,0.193886,0.25942
6234.png,3,Residential,0.6573,0.511149,0.490065,0.47781,0.360561
6237.png,2,Commercial,0.8836,0.485296,0.507164,0.61355,0.525393
6255.png,3,Residential,0.8343,0.481455,0.494286,0.344817,0.333611
6255.png,3,Residential,0.7785,0.128754,0.171732,0.257507,0.308921
6255.png,3,Residential,0.7593,0.904387,0.477051,0.185476,0.403606
6261.png,3,Residential,0.8633,0.868636,0.493968,0.260371,0.523295
6261.png,3,Residential,0.7911,0.466735,0.539868,0.478537,0.422782
6261.png,3,Residential,0.7851,0.113068,0.518657,0.226136,0.519453
6261.png,3,Residential,0.7273,0.366323,0.530511,0.675836,0.431068
6305.png,3,Residential,0.6723,0.142881,0.128171,0.285762,0.256342
6305.png,3,Residential,0.5551,0.532034,0.191783,0.290786,0.380391
6308.png,3,Residential,0.8333,0.422464,0.515982,0.295994,0.466356
6308.png,3,Residential,0.7157,0.855069,0.703583,0.289863,0.521117
6308.png,3,Residential,0.7154,0.27306,0.905665,0.546119,0.18867
6308.png,3,Residential,0.5893,0.149238,0.103354,0.28984,0.206708
6311.png,3,Residential,0.8547,0.487187,0.508037,0.364473,0.321874
6311.png,3,Residential,0.5785,0.116338,0.469568,0.213312,0.554767
6314.png,2,Commercial,0.9503,0.475335,0.52145,0.718005,0.520829
6327.png,3,Residential,0.7503,0.506899,0.658328,0.471378,0.634868
6327.png,3,Residential,0.6513,0.069892,0.383074,0.137016,0.673452
6327.png,3,Residential,0.5392,0.943276,0.529198,0.113449,0.513893
6330.png,3,Residential,0.8917,0.329228,0.620073,0.357303,0.308079
6330.png,3,Residential,0.8715,0.109595,0.824037,0.21919,0.345836
6330.png,3,Residential,0.622,0.675147,0.416529,0.226546,0.362609
6361.png,3,Residential,0.891,0.635262,0.520712,0.697313,0.386746
6361.png,3,Residential,0.5063,0.116722,0.523039,0.233444,0.355243
6362.png,3,Residential,0.8065,0.099613,0.900711,0.19724,0.198578
6362.png,3,Residential,0.7835,0.48299,0.46739,0.412249,0.327764
6362.png,3,Residential,0.5306,0.949042,0.347897,0.101916,0.448449
6376.png,0,Apartment,0.628,0.485898,0.506837,0.669652,0.439147
6379.png,3,Residential,0.8339,0.47635,0.506173,0.633767,0.400649
6379.png,3,Residential,0.6355,0.040834,0.423043,0.080165,0.311396
6383.png,3,Residential,0.7023,0.398895,0.533891,0.215575,0.405167
6385.png,2,Commercial,0.9198,0.518757,0.503835,0.620422,0.448639
6387.png,3,Residential,0.8462,0.24118,0.896432,0.436184,0.206577
6387.png,3,Residential,0.779,0.475534,0.477466,0.398061,0.417621
6387.png,3,Residential,0.6747,0.898176,0.734241,0.203648,0.382737
6394.png,3,Residential,0.8986,0.491272,0.488175,0.45791,0.396153
64.png,3,Residential,0.8754,0.460081,0.510588,0.522175,0.455384
64.png,3,Residential,0.8467,0.874522,0.493017,0.250956,0.524983
64.png,3,Residential,0.6852,0.089097,0.527516,0.178194,0.365627
6412.png,3,Residential,0.8829,0.460594,0.526725,0.381038,0.4495
6412.png,3,Residential,0.5631,0.610633,0.888728,0.771666,0.222544
6432.png,2,Commercial,0.8658,0.657975,0.440607,0.673036,0.455933
6464.png,2,Commercial,0.7837,0.932695,0.361435,0.13461,0.685983
6464.png,2,Commercial,0.5471,0.482155,0.517359,0.290504,0.473928
6466.png,3,Residential,0.9225,0.481643,0.524927,0.404521,0.536638
6466.png,3,Residential,0.7916,0.561726,0.098512,0.306665,0.196627
6477.png,0,Apartment,0.8484,0.484666,0.516133,0.844817,0.66507
6477.png,0,Apartment,0.7958,0.431788,0.491842,0.64688,0.594929
6477.png,0,Apartment,0.6351,0.616579,0.510579,0.55763,0.710584
6481.png,3,Residential,0.9021,0.459258,0.518258,0.45426,0.332404
6491.png,0,Apartment,0.7647,0.321625,0.86324,0.64325,0.27352
6491.png,0,Apartment,0.713,0.823245,0.85867,0.35351,0.28266
6491.png,0,Apartment,0.6359,0.494658,0.518107,0.314458,0.278014
6491.png,0,Apartment,0.6087,0.836261,0.536981,0.302401,0.265641
6497.png,3,Residential,0.8721,0.466857,0.531784,0.459354,0.289575
6497.png,3,Residential,0.8041,0.099665,0.526623,0.196825,0.3487
6497.png,3,Residential,0.6196,0.940326,0.722127,0.119349,0.555746
6499.png,3,Residential,0.8196,0.491645,0.108484,0.374763,0.216046
6499.png,3,Residential,0.7899,0.470385,0.522615,0.399972,0.509669
650.png,3,Residential,0.925,0.483614,0.56574,0.46181,0.459905
650.png,3,Residential,0.6012,0.911034,0.586181,0.177933,0.517382
650.png,3,Residential,0.5966,0.428726,0.150468,0.523326,0.300935
6505.png,3,Residential,0.6816,0.504783,0.526446,0.428679,0.39327
6510.png,2,Commercial,0.8957,0.049774,0.493716,0.097751,0.337421
6510.png,2,Commercial,0.8646,0.495557,0.482032,0.712318,0.299239
6510.png,2,Commercial,0.8057,0.495982,0.109704,0.720032,0.219043
6510.png,2,Commercial,0.779,0.048357,0.109641,0.096276,0.204988
6515.png,3,Residential,0.885,0.444892,0.446349,0.405309,0.328182
6515.png,3,Residential,0.8479,0.84902,0.610964,0.295298,0.286437
6534.png,3,Residential,0.8983,0.485657,0.512658,0.507765,0.566426
6534.png,3,Residential,0.608,0.94214,0.807099,0.11572,0.340335
6534.png,3,Residential,0.565,0.45711,0.398616,0.453068,0.331098
6535.png,3,Residential,0.912,0.509175,0.508451,0.505109,0.302691
6535.png,3,Residential,0.6722,0.883355,0.512664,0.233291,0.321957
6556.png,3,Residential,0.8644,0.245342,0.133148,0.462868,0.263878
6556.png,3,Residential,0.8352,0.25978,0.562382,0.519561,0.412894
6563.png,0,Apartment,0.6155,0.473393,0.513943,0.428374,0.678817
6579.png,3,Residential,0.8142,0.726912,0.728754,0.360426,0.433894
6579.png,3,Residential,0.8108,0.488888,0.529124,0.454213,0.481664
6587.png,3,Residential,0.8428,0.491278,0.520941,0.453698,0.411949
6597.png,3,Residential,0.6955,0.345162,0.16673,0.682197,0.333145
6598.png,3,Residential,0.7537,0.726086,0.841188,0.278889,0.308769
6613.png,3,Residential,0.7326,0.483682,0.574092,0.378044,0.412465
6613.png,3,Residential,0.587,0.884651,0.091626,0.230697,0.182481
6621.png,3,Residential,0.8998,0.511535,0.371024,0.578985,0.553455
6621.png,3,Residential,0.7934,0.453182,0.88406,0.453579,0.23188
6656.png,3,Residential,0.8812,0.840599,0.78256,0.317668,0.295606
6664.png,3,Residential,0.8709,0.471815,0.491611,0.443341,0.523098
6664.png,3,Residential,0.8502,0.862643,0.514632,0.274714,0.475547
6664.png,3,Residential,0.8103,0.114536,0.464277,0.228159,0.48468
6667.png,3,Residential,0.8379,0.81598,0.850598,0.368041,0.298804
667.png,3,Residential,0.853,0.54717,0.509082,0.505609,0.512463
667.png,3,Residential,0.8049,0.547531,0.62343,0.509952,0.753141
667.png,3,Residential,0.6122,0.481354,0.900265,0.49782,0.19947
6675.png,3,Residential,0.8599,0.48063,0.514492,0.386091,0.442115
6675.png,3,Residential,0.673,0.555817,0.892754,0.363146,0.214004
668.png,3,Residential,0.9116,0.491425,0.519825,0.359729,0.455506
668.png,3,Residential,0.7978,0.44691,0.903802,0.323962,0.192396
6681.png,3,Residential,0.6152,0.482313,0.509694,0.427403,0.572954
6692.png,3,Residential,0.8489,0.453136,0.86906,0.363979,0.26188
6706.png,3,Residential,0.8841,0.489663,0.524929,0.405613,0.424057
6706.png,3,Residential,0.8751,0.118568,0.465559,0.237136,0.463272
6706.png,3,Residential,0.596,0.905303,0.529202,0.189395,0.417009
6725.png,2,Commercial,0.8149,0.504108,0.511725,0.58587,0.566864
6725.png,2,Commercial,0.6019,0.488867,0.640255,0.578791,0.29938
6735.png,3,Residential,0.6057,0.64686,0.062385,0.606676,0.12477
6781.png,3,Residential,0.8461,0.484517,0.522219,0.49315,0.510113
6783.png,3,Residential,0.9107,0.480887,0.545458,0.484528,0.423643
6783.png,3,Residential,0.8309,0.096602,0.376506,0.193204,0.433762
6785.png,3,Residential,0.907,0.474701,0.523904,0.507704,0.409645
6785.png,3,Residential,0.8523,0.420596,0.117919,0.439317,0.229613
6796.png,0,Apartment,0.6472,0.832106,0.843484,0.335787,0.313033
6796.png,0,Apartment,0.517,0.318582,0.842694,0.637164,0.314611
6796.png,0,Apartment,0.5056,0.476758,0.515901,0.377684,0.274003
6813.png,3,Residential,0.9014,0.471823,0.520722,0.48904,0.340989
6820.png,3,Residential,0.9023,0.537414,0.474328,0.514623,0.494721
6820.png,3,Residential,0.7209,0.312862,0.903709,0.520464,0.192582
683.png,3,Residential,0.9363,0.490253,0.483856,0.541804,0.333582
683.png,3,Residential,0.8734,0.080356,0.542823,0.157576,0.383613
683.png,3,Residential,0.8167,0.915024,0.49516,0.169837,0.339744
6830.png,3,Residential,0.8084,0.14812,0.931724,0.296241,0.134902
6830.png,3,Residential,0.8031,0.608326,0.133963,0.303753,0.2665
6830.png,3,Residential,0.5168,0.095153,0.61841,0.190305,0.347974
6850.png,1,Church,0.6731,0.584289,0.66389,0.79788,0.661998
6857.png,3,Residential,0.8692,0.511539,0.574699,0.412093,0.388933
6862.png,2,Commercial,0.5518,0.472645,0.152468,0.89574,0.29644
6866.png,3,Residential,0.8565,0.480935,0.519652,0.506219,0.447794
6866.png,3,Residential,0.5796,0.510293,0.909766,0.484116,0.179373
6874.png,3,Residential,0.8565,0.862873,0.521955,0.273553,0.307488
6874.png,3,Residential,0.8073,0.45283,0.516448,0.478448,0.320899
6876.png,2,Commercial,0.8977,0.550482,0.482712,0.385019,0.693247
6876.png,2,Commercial,0.5829,0.58128,0.940823,0.333501,0.118354
6882.png,3,Residential,0.9398,0.50027,0.517502,0.537287,0.501017
6882.png,3,Residential,0.7295,0.880352,0.662017,0.23884,0.447388
6903.png,3,Residential,0.6881,0.406817,0.542385,0.394126,0.402722
6937.png,2,Commercial,0.8071,0.496544,0.476315,0.529422,0.578529
6943.png,2,Commercial,0.9589,0.532429,0.452866,0.687404,0.620587
6943.png,2,Commercial,0.7977,0.064185,0.299401,0.123307,0.582679
6943.png,2,Commercial,0.7177,0.323532,0.912801,0.459734,0.174397
6968.png,3,Residential,0.8532,0.442984,0.886246,0.452895,0.225935
6968.png,3,Residential,0.6564,0.81151,0.48642,0.359306,0.452582
6969.png,2,Commercial,0.9373,0.460851,0.49568,0.758081,0.778428
6970.png,3,Residential,0.8122,0.492687,0.541784,0.580392,0.471982
6972.png,3,Residential,0.9568,0.487513,0.511655,0.441624,0.488113
6972.png,3,Residential,0.8422,0.489888,0.087777,0.478213,0.175554
6972.png,3,Residential,0.7718,0.473712,0.908128,0.464046,0.181609
698.png,3,Residential,0.7932,0.316306,0.412516,0.609132,0.604559
698.png,3,Residential,0.5024,0.088959,0.486526,0.177918,0.300284
6982.png,0,Apartment,0.8666,0.316212,0.31792,0.315867,0.346032
6982.png,3,Residential,0.8561,0.653408,0.67695,0.297306,0.346346
6982.png,0,Apartment,0.8274,0.322603,0.071282,0.28528,0.142341
6982.png,0,Apartment,0.7565,0.675274,0.074299,0.299496,0.147526
6982.png,0,Apartment,0.7282,0.664302,0.326872,0.296972,0.346168
6982.png,0,Apartment,0.6822,0.305432,0.674438,0.309392,0.34956
6982.png,3,Residential,0.5246,0.305305,0.673181,0.303188,0.348867
6986.png,3,Residential,0.8308,0.461054,0.493869,0.411931,0.386645
6988.png,3,Residential,0.7758,0.348181,0.547072,0.492304,0.341885
7010.png,3,Residential,0.8448,0.090305,0.608759,0.178736,0.580419
7010.png,3,Residential,0.7285,0.815648,0.621462,0.366907,0.607107
7010.png,3,Residential,0.6048,0.473606,0.51746,0.466125,0.317883
702.png,3,Residential,0.9302,0.47824,0.49663,0.402784,0.509179
702.png,3,Residential,0.7982,0.869465,0.45726,0.251212,0.310353
7035.png,3,Residential,0.6867,0.883706,0.506068,0.23246,0.427538
7035.png,3,Residential,0.6181,0.478488,0.540813,0.557526,0.431862
7055.png,3,Residential,0.8032,0.490989,0.498738,0.404785,0.379581
7060.png,2,Commercial,0.6843,0.518768,0.480493,0.669303,0.388023
7063.png,3,Residential,0.9219,0.480542,0.511826,0.445235,0.384516
7063.png,3,Residential,0.6495,0.879531,0.575544,0.238488,0.460748
7067.png,3,Residential,0.8407,0.45412,0.371193,0.630843,0.742385
7067.png,3,Residential,0.6522,0.194835,0.908727,0.389577,0.181454
7080.png,3,Residential,0.7528,0.459247,0.64479,0.480294,0.613176
7086.png,2,Commercial,0.8936,0.491736,0.506705,0.330925,0.436985
7086.png,2,Commercial,0.8526,0.10175,0.520783,0.178579,0.64286
7109.png,3,Residential,0.8404,0.493415,0.5322,0.410549,0.436677
7109.png,3,Residential,0.6148,0.048195,0.507171,0.096391,0.499998
7133.png,3,Residential,0.9039,0.474819,0.510576,0.455832,0.380634
7133.png,3,Residential,0.6155,0.905955,0.565872,0.188091,0.266475
714.png,3,Residential,0.8007,0.48732,0.506401,0.491555,0.438991
714.png,3,Residential,0.7878,0.892119,0.312746,0.208343,0.414654
714.png,3,Residential,0.6545,0.062816,0.633764,0.125632,0.525031
7145.png,2,Commercial,0.815,0.191297,0.202594,0.382594,0.209407
7145.png,2,Commercial,0.7623,0.084922,0.659859,0.169844,0.659275
7145.png,2,Commercial,0.7362,0.480586,0.51693,0.474851,0.358617
7150.png,3,Residential,0.8392,0.883765,0.536904,0.225657,0.341627
7150.png,3,Residential,0.7214,0.130888,0.519543,0.259951,0.406682
7150.png,3,Residential,0.6148,0.506012,0.561406,0.457751,0.32346
7150.png,3,Residential,0.5339,0.506478,0.493174,0.449254,0.467785
7152.png,3,Residential,0.9003,0.488256,0.511284,0.48682,0.392578
7152.png,3,Residential,0.8716,0.484852,0.139111,0.439029,0.278222
7152.png,3,Residential,0.8381,0.470387,0.875264,0.466534,0.249472
7170.png,3,Residential,0.9175,0.487051,0.52739,0.454056,0.482923
7170.png,3,Residential,0.8013,0.522244,0.096888,0.414889,0.192262
7186.png,3,Residential,0.9121,0.45806,0.521277,0.455116,0.496156
7186.png,3,Residential,0.866,0.478452,0.114284,0.467391,0.228568
7186.png,3,Residential,0.7832,0.435819,0.893344,0.422375,0.211706
72.png,3,Residential,0.8936,0.897728,0.461261,0.204155,0.426117
72.png,2,Commercial,0.7835,0.486776,0.508468,0.506469,0.359996
7203.png,3,Residential,0.8791,0.828761,0.477853,0.342479,0.551335
7203.png,3,Residential,0.8277,0.440747,0.501143,0.415633,0.40699
7217.png,2,Commercial,0.9718,0.482258,0.509055,0.69248,0.572083
7225.png,3,Residential,0.5098,0.37997,0.534043,0.56005,0.359371
7235.png,3,Residential,0.9101,0.487042,0.527125,0.531622,0.483684
7259.png,3,Residential,0.8567,0.873962,0.403578,0.249535,0.469466
7266.png,3,Residential,0.8992,0.489489,0.538548,0.433938,0.350406
7266.png,3,Residential,0.8531,0.097591,0.55048,0.195182,0.411517
7266.png,3,Residential,0.6833,0.881316,0.557077,0.237367,0.401964
729.png,3,Residential,0.9491,0.491911,0.472248,0.523974,0.590053
729.png,3,Residential,0.7909,0.813562,0.903468,0.341985,0.193064
7294.png,3,Residential,0.8453,0.500264,0.545408,0.406115,0.505055
7294.png,3,Residential,0.8417,0.52154,0.129228,0.476844,0.256019
7294.png,3,Residential,0.7344,0.887224,0.519755,0.225553,0.474844
7307.png,3,Residential,0.8139,0.583102,0.179941,0.701395,0.359881
7307.png,3,Residential,0.5333,0.425412,0.532446,0.386755,0.330743
7321.png,3,Residential,0.5237,0.932149,0.853712,0.135702,0.279397
7325.png,3,Residential,0.9514,0.470133,0.469164,0.427333,0.534747
7325.png,3,Residential,0.8478,0.447472,0.901219,0.417206,0.197561
7339.png,3,Residential,0.7788,0.455144,0.497287,0.390824,0.4428
7339.png,3,Residential,0.6804,0.073389,0.76808,0.146777,0.360304
7350.png,3,Residential,0.9299,0.482911,0.51094,0.505856,0.46066
7350.png,3,Residential,0.6643,0.067833,0.371691,0.135156,0.316677
7355.png,1,Church,0.6293,0.503025,0.508227,0.489354,0.427151
7366.png,3,Residential,0.8905,0.439123,0.15238,0.354101,0.269367
7366.png,3,Residential,0.845,0.490741,0.521336,0.316631,0.360207
7386.png,3,Residential,0.8602,0.636765,0.656109,0.649988,0.679205
7387.png,3,Residential,0.8362,0.160859,0.456497,0.321717,0.376157
7402.png,3,Residential,0.9469,0.491529,0.51311,0.494581,0.503973
7415.png,3,Residential,0.8989,0.130079,0.5151,0.260158,0.516319
7418.png,3,Residential,0.8231,0.467423,0.524251,0.376313,0.26631
7418.png,3,Residential,0.7385,0.530959,0.160495,0.451084,0.296632
7418.png,3,Residential,0.6236,0.518463,0.853448,0.576034,0.293104
7421.png,3,Residential,0.793,0.432576,0.296685,0.865153,0.593371
7421.png,3,Residential,0.7572,0.319785,0.638252,0.63957,0.705896
7447.png,3,Residential,0.898,0.452325,0.521034,0.40978,0.363391
7447.png,3,Residential,0.7255,0.934335,0.579411,0.130275,0.661365
7450.png,3,Residential,0.9269,0.470433,0.504859,0.431471,0.536576
7450.png,3,Residential,0.843,0.473128,0.101424,0.390617,0.201953
7450.png,3,Residential,0.7625,0.506795,0.904368,0.435431,0.191113
7455.png,3,Residential,0.5923,0.120679,0.519466,0.241358,0.423137
7455.png,3,Residential,0.5901,0.501011,0.503036,0.406399,0.515431
7459.png,3,Residential,0.8983,0.492166,0.51236,0.422179,0.421893
7459.png,3,Residential,0.7716,0.691056,0.105169,0.532365,0.210337
7459.png,3,Residential,0.6817,0.507751,0.881459,0.671865,0.229179
7480.png,2,Commercial,0.8899,0.374345,0.216141,0.373741,0.246487
7480.png,2,Commercial,0.709,0.485931,0.693806,0.742412,0.432756
7480.png,2,Commercial,0.6419,0.288548,0.43187,0.223873,0.066702
7480.png,2,Commercial,0.5213,0.252329,0.519333,0.223982,0.089579
7480.png,2,Commercial,0.5126,0.680099,0.386459,0.312861,0.070794
750.png,3,Residential,0.8336,0.368646,0.513886,0.708431,0.50783
7519.png,3,Residential,0.7773,0.080382,0.543826,0.160764,0.442716
7519.png,3,Residential,0.7112,0.951285,0.552408,0.09743,0.516832
7519.png,3,Residential,0.5313,0.474688,0.514406,0.489111,0.354289
7529.png,3,Residential,0.8034,0.552074,0.882418,0.62134,0.234349
7529.png,2,Commercial,0.5046,0.521272,0.372063,0.704026,0.744126
7530.png,3,Residential,0.9087,0.48942,0.507283,0.444889,0.444577
7538.png,3,Residential,0.7712,0.406099,0.544141,0.436052,0.309776
7544.png,2,Commercial,0.8147,0.429731,0.486947,0.841467,0.786167
7557.png,3,Residential,0.899,0.497236,0.40118,0.423881,0.504685
7558.png,3,Residential,0.9225,0.521086,0.525488,0.421265,0.439643
7558.png,3,Residential,0.8559,0.130813,0.512001,0.261625,0.441742
7585.png,3,Residential,0.628,0.073799,0.787089,0.14593,0.425821
7588.png,1,Church,0.7567,0.101967,0.498441,0.201279,0.351756
7588.png,1,Church,0.6687,0.476725,0.516787,0.488856,0.401101
76.png,3,Residential,0.9008,0.490646,0.51092,0.41029,0.512231
76.png,3,Residential,0.6441,0.448364,0.941096,0.424627,0.117254
7606.png,3,Residential,0.8148,0.46465,0.637685,0.39889,0.493932
7611.png,3,Residential,0.8414,0.488525,0.493658,0.448448,0.340399
7611.png,3,Residential,0.7343,0.057615,0.542384,0.113917,0.362585
7649.png,3,Residential,0.8589,0.434548,0.531998,0.346899,0.424503
7649.png,3,Residential,0.8174,0.561978,0.921718,0.318309,0.156565
7649.png,3,Residential,0.6039,0.870203,0.518398,0.257816,0.506681
7664.png,3,Residential,0.8037,0.767791,0.833566,0.464417,0.329731
7664.png,3,Residential,0.7171,0.119702,0.137225,0.239404,0.274449
7664.png,3,Residential,0.7015,0.798775,0.468715,0.402449,0.326334
767.png,3,Residential,0.8866,0.490703,0.511973,0.529517,0.367393
767.png,3,Residential,0.7736,0.089503,0.489835,0.179007,0.56244
7678.png,3,Residential,0.7028,0.47305,0.556224,0.497004,0.508893
7698.png,3,Residential,0.7128,0.908707,0.508223,0.182585,0.389022
7699.png,3,Residential,0.8904,0.485895,0.509777,0.347392,0.450615
7699.png,3,Residential,0.751,0.940009,0.667084,0.119983,0.310715
7714.png,3,Residential,0.8309,0.470372,0.497677,0.406183,0.333496
7727.png,3,Residential,0.8666,0.666218,0.517707,0.586789,0.49003
7727.png,3,Residential,0.849,0.53524,0.121427,0.400518,0.241556
7740.png,3,Residential,0.9088,0.490471,0.523043,0.503795,0.434928
7740.png,3,Residential,0.6417,0.905063,0.265391,0.189874,0.530782
7740.png,3,Residential,0.5647,0.48338,0.124928,0.481584,0.249855
7744.png,3,Residential,0.9525,0.505895,0.511329,0.506562,0.497058
7744.png,3,Residential,0.537,0.499905,0.936456,0.54474,0.127088
7746.png,3,Residential,0.8056,0.49077,0.539184,0.527468,0.410004
7753.png,3,Residential,0.8234,0.488402,0.499757,0.411003,0.344868
7753.png,3,Residential,0.6172,0.908929,0.606443,0.182142,0.45283
7763.png,3,Residential,0.8674,0.128127,0.506478,0.256254,0.341269
7763.png,3,Residential,0.8471,0.467843,0.450604,0.331436,0.332536
7769.png,2,Commercial,0.6421,0.20373,0.702252,0.404884,0.595497
7774.png,0,Apartment,0.6834,0.485056,0.317435,0.593711,0.634869
7774.png,0,Apartment,0.5527,0.932876,0.327872,0.134248,0.655745
7779.png,3,Residential,0.8684,0.339736,0.681373,0.679471,0.635747
7780.png,3,Residential,0.8627,0.830146,0.645075,0.334859,0.199999
7780.png,3,Residential,0.7789,0.458783,0.524287,0.275573,0.468713
7790.png,3,Residential,0.7959,0.451045,0.516569,0.389582,0.44434
7790.png,3,Residential,0.6069,0.170613,0.874105,0.341225,0.241657
7790.png,3,Residential,0.5079,0.151479,0.712925,0.302959,0.572948
7794.png,3,Residential,0.6215,0.920462,0.597172,0.159076,0.372115
7794.png,3,Residential,0.5607,0.541127,0.482391,0.593881,0.339637
7842.png,3,Residential,0.9049,0.473732,0.515651,0.420323,0.325852
7843.png,3,Residential,0.9172,0.478138,0.520163,0.507475,0.381079
7843.png,3,Residential,0.8293,0.100035,0.511522,0.197293,0.400697
7843.png,0,Apartment,0.7257,0.398837,0.188513,0.29768,0.235582
7848.png,3,Residential,0.7721,0.669285,0.51679,0.657514,0.333127
7848.png,3,Residential,0.6106,0.749311,0.118527,0.500471,0.237054
7864.png,3,Residential,0.6344,0.914868,0.511701,0.170263,0.397832
7872.png,3,Residential,0.6247,0.91183,0.85906,0.17634,0.275096
788.png,3,Residential,0.8338,0.104391,0.522612,0.208781,0.434446
788.png,3,Residential,0.6484,0.947947,0.528042,0.104105,0.458509
788.png,3,Residential,0.569,0.521643,0.415082,0.492902,0.562057
7881.png,3,Residential,0.8808,0.492905,0.520022,0.445013,0.306461
7881.png,3,Residential,0.7831,0.106268,0.493932,0.212536,0.419272
7881.png,3,Residential,0.6656,0.877665,0.479322,0.244671,0.435783
7883.png,3,Residential,0.9122,0.49145,0.466433,0.340805,0.653215
7903.png,3,Residential,0.7895,0.511348,0.501638,0.357858,0.403576
7926.png,3,Residential,0.9135,0.468813,0.525351,0.45842,0.450906
7926.png,3,Residential,0.7601,0.877374,0.52729,0.245253,0.384583
793.png,3,Residential,0.9704,0.465613,0.509585,0.61297,0.448714
793.png,3,Residential,0.6315,0.949774,0.439928,0.100452,0.330874
794.png,3,Residential,0.9407,0.497028,0.508421,0.454919,0.457324
7940.png,2,Commercial,0.8581,0.513894,0.540297,0.786864,0.667572
7942.png,2,Commercial,0.9077,0.439915,0.485824,0.471923,0.576971
7961.png,3,Residential,0.8635,0.485244,0.508153,0.393025,0.408979
7961.png,3,Residential,0.5672,0.497445,0.942971,0.373494,0.114058
7962.png,3,Residential,0.9126,0.480731,0.501484,0.422893,0.509202
7962.png,3,Residential,0.8831,0.497718,0.903487,0.453784,0.193026
7962.png,3,Residential,0.6484,0.923139,0.916344,0.153722,0.167311
7962.png,3,Residential,0.5065,0.934985,0.221909,0.130031,0.436493
7969.png,2,Commercial,0.9309,0.493851,0.63244,0.752335,0.645653
7982.png,3,Residential,0.8716,0.465929,0.539829,0.40081,0.437052
7998.png,1,Church,0.8652,0.523913,0.524502,0.829204,0.500906
7998.png,3,Residential,0.6009,0.53269,0.525077,0.831558,0.50507
8013.png,2,Commercial,0.8187,0.487497,0.501741,0.749058,0.460516
8013.png,2,Commercial,0.5641,0.510404,0.93217,0.74455,0.135659
8029.png,3,Residential,0.663,0.520544,0.497109,0.419385,0.455777
8032.png,3,Residential,0.5572,0.489925,0.514899,0.378101,0.578431
8060.png,2,Commercial,0.8102,0.45317,0.352661,0.610084,0.705321
8068.png,3,Residential,0.8905,0.469923,0.564314,0.526004,0.358269
8074.png,1,Church,0.6251,0.080933,0.611615,0.161067,0.608171
8074.png,0,Apartment,0.5922,0.476029,0.527055,0.528301,0.399687
8111.png,1,Church,0.7319,0.665068,0.693322,0.669864,0.605419
8120.png,3,Residential,0.888,0.510588,0.51293,0.532908,0.397729
8138.png,3,Residential,0.5005,0.447603,0.480826,0.40851,0.359981
8150.png,3,Residential,0.8208,0.502339,0.501613,0.450471,0.466762
8150.png,3,Residential,0.504,0.503871,0.628242,0.45324,0.738292
8151.png,3,Residential,0.871,0.509605,0.526953,0.435438,0.501964
8151.png,3,Residential,0.8569,0.674766,0.099257,0.638575,0.198513
8162.png,3,Residential,0.915,0.472297,0.509121,0.460496,0.354572
8162.png,3,Residential,0.8628,0.901089,0.609954,0.18976,0.603636
8174.png,3,Residential,0.934,0.454172,0.511194,0.355414,0.544385
8192.png,3,Residential,0.7687,0.180136,0.523703,0.220255,0.376716
8192.png,3,Residential,0.7381,0.576515,0.38437,0.511261,0.693719
8222.png,3,Residential,0.8398,0.548672,0.102516,0.538662,0.20416
8222.png,3,Residential,0.8155,0.476423,0.510156,0.344791,0.374707
8222.png,3,Residential,0.7617,0.408466,0.948283,0.34193,0.103434
825.png,3,Residential,0.8724,0.485477,0.537622,0.504448,0.402107
8269.png,3,Residential,0.5134,0.579902,0.927535,0.53901,0.14282
8276.png,3,Residential,0.6944,0.487615,0.507037,0.532529,0.382918
8292.png,3,Residential,0.8628,0.450823,0.524475,0.319876,0.451146
8293.png,3,Residential,0.6577,0.937302,0.790755,0.125395,0.406938
8295.png,3,Residential,0.8701,0.059505,0.36184,0.119011,0.641632
8295.png,3,Residential,0.7337,0.476592,0.52892,0.456662,0.36931
8295.png,3,Residential,0.6963,0.565294,0.137342,0.504877,0.274684
8297.png,3,Residential,0.8978,0.481533,0.506582,0.492349,0.372693
8297.png,3,Residential,0.7558,0.072893,0.527733,0.144874,0.28689
83.png,3,Residential,0.889,0.458429,0.495715,0.34553,0.497616
83.png,3,Residential,0.7574,0.559021,0.878214,0.497395,0.243572
8315.png,3,Residential,0.9021,0.490081,0.502078,0.425633,0.467844
8315.png,3,Residential,0.8154,0.183527,0.746365,0.367054,0.486248
8318.png,3,Residential,0.8608,0.450762,0.524099,0.316447,0.46769
8318.png,3,Residential,0.8227,0.864055,0.58901,0.267722,0.371685
8344.png,3,Residential,0.9089,0.457601,0.535901,0.464609,0.512887
8377.png,3,Residential,0.7764,0.526807,0.491369,0.372846,0.467134
8382.png,3,Residential,0.752,0.504115,0.512093,0.407372,0.278135
8387.png,2,Commercial,0.9296,0.525246,0.60187,0.614822,0.768099
8420.png,3,Residential,0.8226,0.497742,0.69236,0.354258,0.569441
8420.png,3,Residential,0.5154,0.147224,0.36069,0.294448,0.357367
8420.png,3,Residential,0.5121,0.146054,0.830157,0.292108,0.339686
8421.png,3,Residential,0.8508,0.401904,0.892463,0.543604,0.2076
8421.png,3,Residential,0.8191,0.506263,0.535725,0.33832,0.413674
8425.png,3,Residential,0.7284,0.916508,0.531942,0.166984,0.324031
8425.png,3,Residential,0.6551,0.955748,0.141538,0.088505,0.260419
8425.png,3,Residential,0.5472,0.478046,0.491824,0.423314,0.432684
8425.png,0,Apartment,0.5198,0.470854,0.088744,0.577387,0.176881
8447.png,3,Residential,0.8373,0.505796,0.514977,0.345708,0.467111
8447.png,3,Residential,0.7633,0.561588,0.911783,0.360872,0.176435
8447.png,3,Residential,0.6719,0.527323,0.076998,0.415966,0.153997
8461.png,3,Residential,0.9012,0.47354,0.556321,0.422631,0.500191
8461.png,3,Residential,0.5989,0.691331,0.924682,0.404242,0.148423
8462.png,3,Residential,0.7264,0.520876,0.422747,0.510614,0.703374
8479.png,3,Residential,0.9144,0.453095,0.516521,0.443674,0.431609
8479.png,3,Residential,0.7756,0.465231,0.133318,0.311511,0.266636
8483.png,2,Commercial,0.7882,0.471618,0.511127,0.640824,0.588713
8484.png,3,Residential,0.8722,0.495919,0.463728,0.460121,0.531137
8484.png,3,Residential,0.6416,0.88592,0.202997,0.226706,0.405993
8519.png,3,Residential,0.8645,0.401404,0.896129,0.337819,0.207742
8519.png,3,Residential,0.8278,0.394264,0.084997,0.305189,0.169994
8524.png,3,Residential,0.8237,0.536184,0.932734,0.617691,0.134533
8524.png,3,Residential,0.6631,0.512618,0.531953,0.468783,0.374896
8524.png,3,Residential,0.5818,0.870857,0.094658,0.258286,0.189315
8531.png,3,Residential,0.8759,0.479362,0.522965,0.502897,0.336586
8531.png,3,Residential,0.7557,0.478133,0.881038,0.497079,0.237925
8533.png,3,Residential,0.85,0.489269,0.494429,0.377806,0.408272
8543.png,3,Residential,0.6676,0.077299,0.507948,0.153034,0.468854
8543.png,3,Residential,0.5144,0.48651,0.51795,0.436092,0.350735
8551.png,2,Commercial,0.8623,0.532089,0.4993,0.737026,0.463577
8571.png,3,Residential,0.8678,0.393925,0.52727,0.534288,0.344087
8571.png,3,Residential,0.831,0.415477,0.120277,0.433389,0.240054
8571.png,3,Residential,0.7481,0.317911,0.888348,0.394438,0.222285
8588.png,3,Residential,0.928,0.482052,0.515212,0.456214,0.344357
8588.png,3,Residential,0.8708,0.536193,0.893086,0.399187,0.213827
8588.png,3,Residential,0.5244,0.093601,0.730951,0.185177,0.35938
862.png,3,Residential,0.8957,0.466659,0.515296,0.47076,0.442333
862.png,3,Residential,0.731,0.046072,0.525505,0.092143,0.357174
8627.png,2,Commercial,0.8421,0.3107,0.551485,0.601291,0.499086
863.png,3,Residential,0.9113,0.464286,0.540379,0.374876,0.476564
863.png,3,Residential,0.8197,0.403416,0.122797,0.372606,0.245595
8631.png,0,Apartment,0.8658,0.517625,0.514311,0.740296,0.775983
8633.png,3,Residential,0.8858,0.464198,0.512654,0.385523,0.495053
8633.png,3,Residential,0.8107,0.122828,0.800308,0.231323,0.349795
8643.png,3,Residential,0.8211,0.857827,0.54358,0.284346,0.52923
8643.png,3,Residential,0.7943,0.094063,0.493716,0.185509,0.427065
8686.png,3,Residential,0.5935,0.270891,0.887915,0.225144,0.215748
8686.png,3,Residential,0.5593,0.30529,0.133008,0.224821,0.256934
8710.png,3,Residential,0.5752,0.486695,0.484264,0.379084,0.385408
8723.png,3,Residential,0.7968,0.479876,0.50096,0.454909,0.375169
8723.png,3,Residential,0.5496,0.528182,0.126577,0.485941,0.253154
8739.png,3,Residential,0.8927,0.497818,0.533185,0.438401,0.318829
8739.png,3,Residential,0.8664,0.514525,0.112329,0.330865,0.224658
874.png,3,Residential,0.8292,0.463149,0.472359,0.391098,0.449271
874.png,3,Residential,0.8095,0.517538,0.10181,0.393918,0.203621
8740.png,3,Residential,0.9007,0.877505,0.558696,0.244991,0.445237
8740.png,3,Residential,0.8946,0.494227,0.495429,0.476081,0.33079
8740.png,3,Residential,0.6042,0.11172,0.780348,0.223439,0.439304
8743.png,3,Residential,0.7478,0.187529,0.243116,0.375057,0.486231
8743.png,3,Residential,0.705,0.323009,0.243775,0.628639,0.48755
8743.png,3,Residential,0.7025,0.569259,0.798941,0.358184,0.38753
8743.png,3,Residential,0.5373,0.370478,0.81261,0.740956,0.374781
8756.png,3,Residential,0.8367,0.447527,0.119908,0.339966,0.237461
8756.png,3,Residential,0.5993,0.415761,0.903592,0.347984,0.190255
8767.png,3,Residential,0.8676,0.494833,0.516312,0.493588,0.365318
8769.png,3,Residential,0.8833,0.494135,0.526797,0.485986,0.527202
8780.png,3,Residential,0.8653,0.475798,0.512578,0.364877,0.303469
8780.png,3,Residential,0.8571,0.866788,0.441172,0.266423,0.47327
8780.png,3,Residential,0.8327,0.120084,0.435032,0.240169,0.530499
8800.png,3,Residential,0.8199,0.898815,0.52556,0.20237,0.348597
8800.png,3,Residential,0.7556,0.482301,0.532463,0.446621,0.466774
8802.png,0,Apartment,0.7596,0.480381,0.492058,0.547601,0.724232
8802.png,2,Commercial,0.6661,0.607,0.470545,0.786001,0.813856
8803.png,3,Residential,0.8812,0.484061,0.536038,0.470419,0.320693
8803.png,3,Residential,0.8308,0.925715,0.457137,0.14857,0.32009
8813.png,3,Residential,0.7903,0.47191,0.507815,0.390778,0.292343
8813.png,3,Residential,0.6414,0.93153,0.68437,0.13694,0.522904
8813.png,3,Residential,0.5005,0.116101,0.528189,0.231822,0.378823
8823.png,3,Residential,0.7902,0.492739,0.505885,0.443274,0.370606
8823.png,3,Residential,0.6887,0.921972,0.526858,0.146962,0.310494
8847.png,3,Residential,0.8663,0.522397,0.497041,0.457277,0.501877
8847.png,3,Residential,0.7357,0.127461,0.513607,0.254922,0.542165
8850.png,3,Residential,0.8712,0.365674,0.539058,0.338314,0.401411
8850.png,3,Residential,0.8118,0.313238,0.142158,0.376481,0.284315
8850.png,3,Residential,0.705,0.055579,0.548924,0.111158,0.463205
8854.png,2,Commercial,0.7287,0.300841,0.934414,0.60153,0.131171
8856.png,2,Commercial,0.9037,0.513711,0.475022,0.558029,0.460097
8865.png,2,Commercial,0.8928,0.437764,0.500104,0.478503,0.764083
8866.png,3,Residential,0.8191,0.094736,0.494273,0.189309,0.282213
8866.png,2,Commercial,0.7198,0.486676,0.52018,0.488367,0.314513
8868.png,3,Residential,0.7967,0.084443,0.52608,0.168886,0.514997
8868.png,3,Residential,0.7862,0.655937,0.924484,0.219283,0.151032
8868.png,3,Residential,0.7444,0.837161,0.441287,0.311374,0.292413
8868.png,3,Residential,0.6829,0.435375,0.401534,0.300108,0.238029
8883.png,2,Commercial,0.9279,0.492107,0.508083,0.719951,0.615865
8890.png,3,Residential,0.8632,0.494899,0.512679,0.396403,0.416679
8890.png,3,Residential,0.7881,0.085244,0.542743,0.170488,0.406607
890.png,3,Residential,0.8409,0.49309,0.502177,0.458674,0.346934
890.png,3,Residential,0.8347,0.091446,0.447664,0.182893,0.513705
8901.png,3,Residential,0.9031,0.856671,0.68242,0.286657,0.371277
8901.png,3,Residential,0.8639,0.48584,0.516374,0.44593,0.512996
8901.png,3,Residential,0.8396,0.115453,0.359011,0.230905,0.524745
8905.png,3,Residential,0.8355,0.550625,0.553305,0.355669,0.315182
8911.png,3,Residential,0.7604,0.479086,0.523996,0.311762,0.329533
8911.png,3,Residential,0.7393,0.359683,0.860037,0.547636,0.279544
8912.png,3,Residential,0.6746,0.810616,0.584338,0.332281,0.443862
8913.png,3,Residential,0.8403,0.827415,0.763335,0.241031,0.245445
8913.png,3,Residential,0.8325,0.647421,0.355792,0.227419,0.338849
8920.png,3,Residential,0.9063,0.395882,0.559975,0.556546,0.388589
8920.png,3,Residential,0.706,0.917526,0.603498,0.164947,0.400329
8924.png,3,Residential,0.8766,0.642572,0.509711,0.542315,0.372611
8924.png,3,Residential,0.5829,0.407626,0.049534,0.350421,0.099067
8950.png,3,Residential,0.7737,0.487239,0.569355,0.471088,0.42815
8950.png,3,Residential,0.7276,0.097391,0.48271,0.194035,0.515986
8950.png,3,Residential,0.5492,0.886898,0.530862,0.226204,0.260246
8959.png,2,Commercial,0.759,0.451979,0.508576,0.549008,0.782941
897.png,3,Residential,0.8848,0.469347,0.491006,0.49717,0.457262
897.png,3,Residential,0.7922,0.084254,0.632459,0.168189,0.481245
897.png,3,Residential,0.7094,0.890535,0.479972,0.218882,0.379961
8977.png,3,Residential,0.8963,0.469923,0.5541,0.408828,0.54099
8977.png,3,Residential,0.5112,0.436461,0.059785,0.568725,0.119555
8991.png,3,Residential,0.9056,0.504348,0.525595,0.400596,0.502344
8991.png,3,Residential,0.8207,0.563717,0.925515,0.397867,0.147863
9010.png,3,Residential,0.8278,0.56014,0.536551,0.306746,0.427494
9017.png,3,Residential,0.7378,0.530377,0.824359,0.464101,0.351281
9017.png,3,Residential,0.5402,0.587655,0.203697,0.586392,0.407394
902.png,3,Residential,0.8605,0.503704,0.535529,0.600425,0.491486
902.png,3,Residential,0.5892,0.925433,0.515794,0.147389,0.559331
9045.png,3,Residential,0.8158,0.48892,0.515558,0.404494,0.402904
9045.png,3,Residential,0.7825,0.677607,0.930298,0.399085,0.138727
9045.png,3,Residential,0.6478,0.448339,0.108766,0.281879,0.217531
9057.png,3,Residential,0.8678,0.477395,0.518402,0.376093,0.48305
9075.png,3,Residential,0.9273,0.464474,0.565775,0.51582,0.421304
9075.png,3,Residential,0.8929,0.087504,0.537772,0.175007,0.372101
9075.png,3,Residential,0.8685,0.891849,0.544397,0.215474,0.353132
9076.png,3,Residential,0.8619,0.890989,0.129734,0.218023,0.256724
9076.png,3,Residential,0.8169,0.494943,0.505954,0.391262,0.502603
9076.png,3,Residential,0.53,0.893754,0.427406,0.206005,0.223521
9084.png,3,Residential,0.8002,0.517838,0.931256,0.397469,0.135481
9085.png,3,Residential,0.6405,0.490061,0.49925,0.425956,0.348315
9108.png,3,Residential,0.8645,0.353573,0.521659,0.283188,0.363052
9108.png,3,Residential,0.7571,0.063368,0.610866,0.126368,0.36323
9108.png,3,Residential,0.6377,0.921231,0.577895,0.157538,0.396053
9115.png,3,Residential,0.8116,0.115432,0.554709,0.230863,0.319579
9115.png,0,Apartment,0.7144,0.527685,0.550085,0.484898,0.833463
9115.png,3,Residential,0.6283,0.189689,0.153569,0.375571,0.307138
9123.png,3,Residential,0.7134,0.849556,0.570723,0.300889,0.465036
9127.png,2,Commercial,0.8224,0.577335,0.470354,0.592589,0.554911
9127.png,2,Commercial,0.7452,0.462141,0.473528,0.849073,0.569681
9127.png,2,Commercial,0.7435,0.7253,0.05078,0.42534,0.10156
9145.png,2,Commercial,0.7261,0.849972,0.327148,0.300056,0.444132
9150.png,3,Residential,0.6323,0.462325,0.934504,0.552088,0.130993
9159.png,3,Residential,0.8625,0.524265,0.514802,0.579478,0.523744
9159.png,3,Residential,0.8397,0.209859,0.877481,0.419718,0.245039
9159.png,3,Residential,0.6933,0.085215,0.236525,0.170431,0.300028
9168.png,3,Residential,0.7972,0.759124,0.920598,0.453156,0.150361
9168.png,3,Residential,0.7883,0.5369,0.564974,0.44508,0.357658
9168.png,3,Residential,0.7576,0.41043,0.129612,0.354029,0.252157
9169.png,3,Residential,0.8628,0.491625,0.512722,0.473013,0.33148
9169.png,3,Residential,0.5901,0.070994,0.231509,0.138686,0.463017
9186.png,3,Residential,0.8551,0.472386,0.524356,0.428515,0.346639
9186.png,3,Residential,0.8446,0.46457,0.864758,0.243371,0.267591
9186.png,3,Residential,0.7737,0.916988,0.882343,0.166025,0.235313
9186.png,3,Residential,0.5101,0.508158,0.139935,0.497376,0.279871
9192.png,3,Residential,0.868,0.486731,0.505956,0.441372,0.433449
9192.png,3,Residential,0.7797,0.581671,0.115123,0.446903,0.230245
9192.png,3,Residential,0.6444,0.460799,0.871037,0.517831,0.257926
92.png,3,Residential,0.8623,0.45015,0.463043,0.471197,0.429358
92.png,3,Residential,0.5972,0.051543,0.533086,0.102448,0.389376
920.png,3,Residential,0.8617,0.443248,0.563144,0.432182,0.385308
920.png,3,Residential,0.6174,0.107922,0.64994,0.21524,0.288553
9207.png,3,Residential,0.8418,0.481316,0.655139,0.451743,0.679069
9207.png,3,Residential,0.7543,0.534847,0.830673,0.407419,0.32834
9207.png,3,Residential,0.6412,0.173653,0.190088,0.344931,0.380175
9222.png,3,Residential,0.9101,0.436159,0.522762,0.34434,0.376773
9223.png,3,Residential,0.8677,0.459401,0.531716,0.483099,0.438456
9223.png,3,Residential,0.802,0.864944,0.677044,0.270112,0.450454
9223.png,3,Residential,0.7681,0.081606,0.478688,0.163211,0.476589
9282.png,3,Residential,0.9516,0.483784,0.506699,0.500391,0.471705
9309.png,2,Commercial,0.8491,0.498041,0.542554,0.782735,0.783573
9360.png,3,Residential,0.9022,0.858866,0.582689,0.280326,0.30746
9360.png,3,Residential,0.8926,0.466116,0.520743,0.337657,0.434865
9363.png,3,Residential,0.775,0.478516,0.531121,0.356178,0.333795
9363.png,2,Commercial,0.6855,0.071743,0.28608,0.143486,0.437537
9368.png,3,Residential,0.8854,0.46747,0.514345,0.521218,0.378678
9368.png,0,Apartment,0.8659,0.591604,0.183223,0.295928,0.260898
9368.png,3,Residential,0.7902,0.874411,0.524901,0.251177,0.371731
9368.png,0,Apartment,0.5382,0.883839,0.202913,0.232322,0.254998
9369.png,3,Residential,0.8528,0.477141,0.640191,0.355709,0.616723
9393.png,2,Commercial,0.9057,0.513149,0.516957,0.643016,0.503565
9398.png,3,Residential,0.8376,0.519373,0.541404,0.597273,0.494798
9417.png,3,Residential,0.7284,0.458675,0.557838,0.409776,0.311604
9417.png,3,Residential,0.7216,0.523632,0.906838,0.468054,0.186323
9433.png,3,Residential,0.6358,0.362255,0.684372,0.724509,0.614727
9445.png,3,Residential,0.883,0.462456,0.505823,0.423717,0.334167
9445.png,3,Residential,0.6489,0.067637,0.520319,0.135275,0.486062
9446.png,2,Commercial,0.7947,0.367051,0.911808,0.734103,0.176385
9446.png,3,Residential,0.784,0.922972,0.183529,0.154056,0.367059
9446.png,2,Commercial,0.5291,0.487822,0.516461,0.529035,0.241809
9451.png,3,Residential,0.8458,0.870132,0.277808,0.248151,0.53808
9451.png,3,Residential,0.8006,0.469189,0.466441,0.410279,0.251612
9451.png,3,Residential,0.7396,0.078756,0.148166,0.156251,0.296331
9468.png,3,Residential,0.8497,0.470107,0.545363,0.473642,0.368533
9480.png,3,Residential,0.9281,0.529556,0.882451,0.521646,0.235098
9480.png,3,Residential,0.8993,0.585825,0.508646,0.68635,0.372056
9480.png,3,Residential,0.5566,0.489628,0.096936,0.473248,0.193872
9480.png,3,Residential,0.5133,0.056081,0.29028,0.109584,0.454604
9486.png,3,Residential,0.849,0.477972,0.52926,0.493556,0.437226
9486.png,3,Residential,0.734,0.075336,0.914237,0.150382,0.171527
9486.png,3,Residential,0.5637,0.549666,0.906298,0.344088,0.187405
9495.png,3,Residential,0.767,0.434321,0.112944,0.329665,0.225887
9495.png,3,Residential,0.6596,0.501117,0.695048,0.379413,0.58761
952.png,3,Residential,0.6971,0.097559,0.440011,0.19414,0.303118
9520.png,3,Residential,0.8533,0.11991,0.510888,0.234645,0.425887
9529.png,3,Residential,0.8509,0.480043,0.518227,0.559606,0.372109
9529.png,2,Commercial,0.7126,0.707075,0.090467,0.58585,0.180934
9529.png,3,Residential,0.5253,0.3123,0.875075,0.568563,0.249851
9533.png,3,Residential,0.7619,0.487287,0.466529,0.362831,0.37828
9533.png,3,Residential,0.63,0.453129,0.067219,0.379209,0.134437
9539.png,3,Residential,0.8419,0.443316,0.507488,0.352239,0.442569
9549.png,3,Residential,0.9147,0.897178,0.651295,0.205644,0.647975
9549.png,3,Residential,0.8133,0.485521,0.524971,0.398092,0.361149
9549.png,3,Residential,0.793,0.071195,0.469713,0.142391,0.365316
9565.png,3,Residential,0.9311,0.489495,0.641391,0.509129,0.6422
9565.png,3,Residential,0.8709,0.890557,0.532449,0.215945,0.373433
9565.png,3,Residential,0.5613,0.05713,0.287089,0.11426,0.140493
9578.png,3,Residential,0.916,0.477682,0.441297,0.43814,0.365827
9578.png,3,Residential,0.7625,0.457167,0.852991,0.333482,0.293515
9586.png,2,Commercial,0.7817,0.480629,0.517087,0.608585,0.517054
9607.png,3,Residential,0.7336,0.50241,0.535601,0.47444,0.325668
9623.png,3,Residential,0.8701,0.120812,0.721661,0.241625,0.556678
9623.png,3,Residential,0.7336,0.469959,0.529648,0.411796,0.349782
9630.png,3,Residential,0.8377,0.503038,0.516139,0.467495,0.489905
9630.png,3,Residential,0.6893,0.097391,0.599127,0.176456,0.332816
9630.png,3,Residential,0.6255,0.504553,0.601859,0.466545,0.319657
9683.png,3,Residential,0.61,0.698681,0.378857,0.602639,0.757713
9703.png,3,Residential,0.7327,0.4455,0.503395,0.404579,0.405303
9703.png,3,Residential,0.7265,0.948613,0.878464,0.102775,0.243073
9703.png,3,Residential,0.5977,0.349753,0.85082,0.283074,0.297129
9726.png,3,Residential,0.9102,0.437586,0.602228,0.420695,0.591662
9726.png,3,Residential,0.7003,0.065025,0.447168,0.130049,0.429704
9744.png,3,Residential,0.8522,0.118202,0.518876,0.236405,0.399548
9744.png,3,Residential,0.7272,0.465979,0.584852,0.409775,0.486558
9750.png,3,Residential,0.5473,0.446221,0.495678,0.369711,0.424986
9752.png,3,Residential,0.9039,0.142635,0.335009,0.284618,0.370351
9752.png,3,Residential,0.6388,0.094192,0.821589,0.188383,0.356822
9763.png,3,Residential,0.7225,0.454738,0.552691,0.394203,0.313553
9763.png,3,Residential,0.5079,0.161244,0.516059,0.247196,0.224446
9764.png,3,Residential,0.8141,0.754946,0.387142,0.354458,0.590335
9768.png,3,Residential,0.9063,0.48841,0.518304,0.497489,0.320642
9768.png,3,Residential,0.8893,0.089985,0.560071,0.178685,0.404629
9768.png,3,Residential,0.6654,0.876243,0.526328,0.247514,0.327027
9814.png,3,Residential,0.8916,0.846718,0.464692,0.306563,0.498494
9814.png,3,Residential,0.7534,0.125347,0.425781,0.246581,0.501528
9823.png,3,Residential,0.5658,0.464504,0.466082,0.457458,0.598027
983.png,3,Residential,0.5073,0.493218,0.498612,0.543905,0.448071
9831.png,3,Residential,0.8385,0.550979,0.820432,0.405737,0.359137
9831.png,2,Commercial,0.6392,0.426932,0.339111,0.853864,0.678222
9845.png,0,Apartment,0.8276,0.583682,0.475287,0.510757,0.666819
9845.png,2,Commercial,0.5154,0.195074,0.661175,0.157104,0.6756
9845.png,3,Residential,0.5106,0.973247,0.848863,0.053467,0.302273
988.png,3,Residential,0.8699,0.472207,0.490368,0.533291,0.446184
9886.png,2,Commercial,0.5286,0.531042,0.13953,0.401686,0.27906
990.png,3,Residential,0.8937,0.085095,0.539115,0.168576,0.445411
990.png,3,Residential,0.8094,0.482963,0.51603,0.498323,0.494834
9907.png,2,Commercial,0.7427,0.447173,0.475791,0.894345,0.951582
9915.png,3,Residential,0.835,0.83309,0.380772,0.320899,0.33602
9915.png,3,Residential,0.8347,0.456477,0.551562,0.321364,0.416252
9924.png,3,Residential,0.9016,0.857168,0.55148,0.283727,0.3971
9924.png,3,Residential,0.7196,0.49406,0.869775,0.305569,0.26045
993.png,3,Residential,0.9279,0.470361,0.538854,0.457199,0.44314
993.png,3,Residential,0.8245,0.369924,0.905912,0.499257,0.184588
993.png,3,Residential,0.6525,0.096086,0.183933,0.192171,0.367867
993.png,3,Residential,0.6457,0.938815,0.694527,0.12237,0.331447
993.png,3,Residential,0.6184,0.570467,0.099499,0.327045,0.192016
9938.png,3,Residential,0.9231,0.256904,0.331368,0.473707,0.596515
9938.png,3,Residential,0.6368,0.304422,0.902322,0.58171,0.195357
9940.png,3,Residential,0.8891,0.870244,0.542487,0.259512,0.449275
9940.png,3,Residential,0.5727,0.465056,0.52125,0.362913,0.409743
9950.png,3,Residential,0.8529,0.877647,0.50542,0.244706,0.365483
9950.png,3,Residential,0.8044,0.466365,0.563309,0.328987,0.482482
9950.png,3,Residential,0.7107,0.248418,0.865809,0.400359,0.232102
997.png,3,Residential,0.9336,0.491168,0.471015,0.512098,0.516477
997.png,3,Residential,0.7062,0.554569,0.914756,0.387251,0.168489
9970.png,3,Residential,0.8746,0.489112,0.538555,0.343983,0.482044
9970.png,3,Residential,0.7654,0.127221,0.500523,0.253978,0.520164
9970.png,3,Residential,0.763,0.857251,0.435107,0.285497,0.268803
998.png,3,Residential,0.9136,0.483983,0.50735,0.422154,0.501759
998.png,3,Residential,0.7642,0.089686,0.439268,0.179371,0.280103
9983.png,3,Residential,0.8023,0.169944,0.610497,0.309984,0.507307
9983.png,3,Residential,0.7029,0.838535,0.549751,0.32293,0.52469
9992.png,2,Commercial,0.7773,0.423383,0.518007,0.504267,0.581903
