{
"type": "FeatureCollection",
"name": "orem_timpview",
"crs": { "type": "name", "properties": { "name": "urn:ogc:def:crs:OGC:1.3:CRS84" } },
"features": [
{ "type": "Feature", "properties": { "type": "Feature", "properties": { "height": 4.9259443283081055, "confidence": 0.99290001392364513 }, "id": 0 }, "geometry": { "type": "Polygon", "coordinates": [ [ [ -111.707820464950217, 40.318591426272569 ], [ -111.707734655920916, 40.31859246572246 ], [ -111.707735763591899, 40.318645624176817 ], [ -111.707711629802404, 40.318645916521881 ], [ -111.70771437298373, 40.318777564893118 ], [ -111.707832360267872, 40.318776129358788 ], [ -111.707830682285945, 40.318695601139204 ], [ -111.707864335739217, 40.318695193477843 ], [ -111.707863052028443, 40.318633856909244 ], [ -111.70782135960755, 40.318634361951155 ], [ -111.707820464950217, 40.318591426272569 ] ] ] } },
{ "type": "Feature", "properties": { "type": "Feature", "properties": { "height": 4.8544573783874512, "confidence": 1.0 }, "id": 1 }, "geometry": { "type": "Polygon", "coordinates": [ [ [ -111.708591204347911, 40.318648842576074 ], [ -111.708592645610111, 40.318710174992155 ], [ -111.708671880950604, 40.318709092554585 ], [ -111.708673858367391, 40.318792913329396 ], [ -111.708782309711864, 40.318791431772496 ], [ -111.708779235019122, 40.318660589374979 ], [ -111.708688069179004, 40.318661834796515 ], [ -111.708687732884485, 40.318647523894185 ], [ -111.708591204347911, 40.318648842576074 ] ] ] } },
{ "type": "Feature", "properties": { "type": "Feature", "properties": { "height": 4.9012212753295898, "confidence": 0.97829997539520208 }, "id": 2 }, "geometry": { "type": "Polygon", "coordinates": [ [ [ -111.710436350722077, 40.314198847046043 ], [ -111.710438233495793, 40.31428881313618 ], [ -111.710718182609085, 40.314285406809084 ], [ -111.710716291579715, 40.314195440814856 ], [ -111.710436350722077, 40.314198847046043 ] ] ] } },
{ "type": "Feature", "properties": { "type": "Feature", "properties": { "height": 4.8794927597045898, "confidence": 0.99870002269744806 }, "id": 3 }, "geometry": { "type": "Polygon", "coordinates": [ [ [ -111.710488344231877, 40.314811245352871 ], [ -111.710484696529292, 40.314987087240802 ], [ -111.710602684206322, 40.314988510267327 ], [ -111.71060633190892, 40.314812668383098 ], [ -111.710488344231877, 40.314811245352871 ] ] ] } },
{ "type": "Feature", "properties": { "type": "Feature", "properties": { "height": 4.5323963165283203, "confidence": 0.99690002202987604 }, "id": 4 }, "geometry": { "type": "Polygon", "coordinates": [ [ [ -111.711215163800247, 40.320913318699546 ], [ -111.711025077759032, 40.320934437082911 ], [ -111.711051867897083, 40.321074610709275 ], [ -111.711125408241458, 40.321066440462786 ], [ -111.711118677163697, 40.321031221571538 ], [ -111.711235214589507, 40.321018280609287 ], [ -111.711215163800247, 40.320913318699546 ] ] ] } },
{ "type": "Feature", "properties": { "type": "Feature", "properties": { "height": 4.4177579879760742, "confidence": 0.99220001697540205 }, "id": 5 }, "geometry": { "type": "Polygon", "coordinates": [ [ [ -111.711517254896506, 40.322350437025236 ], [ -111.71130007467363, 40.322347284854516 ], [ -111.711297756470827, 40.322440127106894 ], [ -111.711348699912051, 40.322440869221353 ], [ -111.711348261882762, 40.322458411945952 ], [ -111.711416922373488, 40.322459408488044 ], [ -111.711417464381057, 40.322437781029599 ], [ -111.71151503848948, 40.322439202432555 ], [ -111.711517254896506, 40.322350437025236 ] ] ] } },
{ "type": "Feature", "properties": { "type": "Feature", "properties": { "height": 4.8996968269348145, "confidence": 0.99040001630783003 }, "id": 6 }, "geometry": { "type": "Polygon", "coordinates": [ [ [ -111.721110470317186, 40.325839761182543 ], [ -111.721048153723643, 40.325671155793337 ], [ -111.720938817505967, 40.325694643300068 ], [ -111.721001134099509, 40.325863248630611 ], [ -111.721110470317186, 40.325839761182543 ] ] ] } },
{ "type": "Feature", "properties": { "type": "Feature", "properties": { "height": 4.9956698417663574, "confidence": 0.97810000181198109 }, "id": 7 }, "geometry": { "type": "Polygon", "coordinates": [ [ [ -111.710969982816565, 40.31604537543361 ], [ -111.711073345062587, 40.316044537003968 ], [ -111.711070948466215, 40.3158727636268 ], [ -111.710967570454883, 40.315873602186471 ], [ -111.710969982816565, 40.31604537543361 ] ] ] } },
{ "type": "Feature", "properties": { "type": "Feature", "properties": { "height": 4.1799836158752441, "confidence": 0.95359998941421509 }, "id": 8 }, "geometry": { "type": "Polygon", "coordinates": [ [ [ -111.716024844539348, 40.325595551417294 ], [ -111.716021493885606, 40.325468821247711 ], [ -111.715825771872375, 40.325471818491287 ], [ -111.715826960814042, 40.325516787286382 ], [ -111.715718383531154, 40.325518450013696 ], [ -111.715720537740353, 40.325600211495441 ], [ -111.716024844539348, 40.325595551417294 ] ] ] } },
{ "type": "Feature", "properties": { "type": "Feature", "properties": { "height": 4.0609135627746582, "confidence": 0.9957000017166131 }, "id": 9 }, "geometry": { "type": "Polygon", "coordinates": [ [ [ -111.717642296624589, 40.323257580808914 ], [ -111.717417121213302, 40.32326171408198 ], [ -111.717419989833459, 40.323352817819575 ], [ -111.717645165622869, 40.323348696560473 ], [ -111.717642296624589, 40.323257580808914 ] ] ] } },
{ "type": "Feature", "properties": { "type": "Feature", "properties": { "height": 3.7934472560882573, "confidence": 0.99980002641677812 }, "id": 10 }, "geometry": { "type": "Polygon", "coordinates": [ [ [ -111.71787187950622, 40.322248502888726 ], [ -111.717873531401722, 40.322428450496041 ], [ -111.718042502292732, 40.322427548858606 ], [ -111.718041413543432, 40.32230894707881 ], [ -111.717986733766281, 40.322309238853464 ], [ -111.717986176251245, 40.322247892993744 ], [ -111.71787187950622, 40.322248502888726 ] ] ] } },
{ "type": "Feature", "properties": { "type": "Feature", "properties": { "height": 4.7787384986877441, "confidence": 0.98059999942779508 }, "id": 11 }, "geometry": { "type": "Polygon", "coordinates": [ [ [ -111.718984390484238, 40.323718299693873 ], [ -111.718982204677417, 40.323592318707924 ], [ -111.718855006931207, 40.323593601492618 ], [ -111.718858006248198, 40.323767389333028 ], [ -111.719013547298957, 40.323765820711174 ], [ -111.719012722251776, 40.323718015481333 ], [ -111.718984390484238, 40.323718299693873 ] ] ] } },
{ "type": "Feature", "properties": { "type": "Feature", "properties": { "height": 4.5601105690002441, "confidence": 0.98170000314712502 }, "id": 12 }, "geometry": { "type": "Polygon", "coordinates": [ [ [ -111.719192713546875, 40.314249130197439 ], [ -111.71920237091237, 40.314455432161694 ], [ -111.719396328142224, 40.314450142861524 ], [ -111.719392687562646, 40.314372524562629 ], [ -111.719388931490172, 40.314372626992515 ], [ -111.719382907588937, 40.314243943505218 ], [ -111.719192713546875, 40.314249130197439 ] ] ] } },
{ "type": "Feature", "properties": { "type": "Feature", "properties": { "height": 7.3028411865234366, "confidence": 0.98879998922348011 }, "id": 13 }, "geometry": { "type": "Polygon", "coordinates": [ [ [ -111.727178309982747, 40.32435169429408 ], [ -111.727053048477899, 40.324344054677788 ], [ -111.727048451766692, 40.324387824184647 ], [ -111.727003144666156, 40.324385058518601 ], [ -111.726982232548821, 40.324584181633192 ], [ -111.727022209402236, 40.324586621919572 ], [ -111.72701708806737, 40.324635386672654 ], [ -111.727139683751176, 40.324642870211576 ], [ -111.727144378308139, 40.324598169194218 ], [ -111.727187020285115, 40.324600772165788 ], [ -111.727207932402465, 40.324401649100139 ], [ -111.727173285796169, 40.324399534179491 ], [ -111.727178309982747, 40.32435169429408 ] ] ] } },
{ "type": "Feature", "properties": { "type": "Feature", "properties": { "height": 4.7220296859741211, "confidence": 0.95759999752044611 }, "id": 14 }, "geometry": { "type": "Polygon", "coordinates": [ [ [ -111.711134329724572, 40.325965718840635 ], [ -111.711134328785917, 40.325963673991389 ], [ -111.711208122175094, 40.325963654304154 ], [ -111.711208043990069, 40.325821711586876 ], [ -111.710954555655945, 40.32582179274042 ], [ -111.710954600154238, 40.325918735236527 ], [ -111.710980109662685, 40.325918728430878 ], [ -111.71098013556869, 40.325965759977876 ], [ -111.711134329724572, 40.325965718840635 ] ] ] } },
{ "type": "Feature", "properties": { "type": "Feature", "properties": { "height": 4.2531390190124512, "confidence": 0.98449999094009411 }, "id": 15 }, "geometry": { "type": "Polygon", "coordinates": [ [ [ -111.714440429010466, 40.31746949190061 ], [ -111.714435587018656, 40.317271184979084 ], [ -111.714312248152424, 40.317272935772081 ], [ -111.714317090144235, 40.317471242688455 ], [ -111.714440429010466, 40.31746949190061 ] ] ] } },
{ "type": "Feature", "properties": { "type": "Feature", "properties": { "height": 4.825040340423584, "confidence": 0.95850002765655506 }, "id": 16 }, "geometry": { "type": "Polygon", "coordinates": [ [ [ -111.714458623320766, 40.319670639175463 ], [ -111.714564277333281, 40.319686921668897 ], [ -111.714577299039533, 40.319637802453379 ], [ -111.714610799092284, 40.319642965198142 ], [ -111.714626946008082, 40.319582057325917 ], [ -111.714597104475786, 40.319577458397255 ], [ -111.714611693638474, 40.319522445531973 ], [ -111.714502376253805, 40.319505598429807 ], [ -111.714458623320766, 40.319670639175463 ] ] ] } },
{ "type": "Feature", "properties": { "type": "Feature", "properties": { "height": 3.6589837074279781, "confidence": 0.97920000553131104 }, "id": 17 }, "geometry": { "type": "Polygon", "coordinates": [ [ [ -111.716413833375753, 40.325883078446871 ], [ -111.716415315676755, 40.325991443808206 ], [ -111.716542671738807, 40.325990438085043 ], [ -111.716543171783471, 40.326027241402947 ], [ -111.71662500880619, 40.326026595141251 ], [ -111.716624489832427, 40.325988654991725 ], [ -111.716678128179552, 40.32598822855087 ], [ -111.716676661468483, 40.325881002905867 ], [ -111.716413833375753, 40.325883078446871 ] ] ] } },
{ "type": "Feature", "properties": { "type": "Feature", "properties": { "height": 4.1829681396484366, "confidence": 1.0 }, "id": 18 }, "geometry": { "type": "Polygon", "coordinates": [ [ [ -111.718744897244605, 40.317884443395236 ], [ -111.718740591641605, 40.317709421692342 ], [ -111.718611891057932, 40.317711269186972 ], [ -111.71861619649205, 40.317886284019508 ], [ -111.718744897244605, 40.317884443395236 ] ] ] } },
{ "type": "Feature", "properties": { "type": "Feature", "properties": { "height": 4.4377031326293936, "confidence": 0.99669998884201005 }, "id": 19 }, "geometry": { "type": "Polygon", "coordinates": [ [ [ -111.720408910394667, 40.325088186946239 ], [ -111.720313617133911, 40.32492915114635 ], [ -111.720208254947906, 40.324965840129437 ], [ -111.720303536128895, 40.325124880049266 ], [ -111.720408910394667, 40.325088186946239 ] ] ] } },
{ "type": "Feature", "properties": { "type": "Feature", "properties": { "height": 5.0130720138549796, "confidence": 0.96600002050399703 }, "id": 20 }, "geometry": { "type": "Polygon", "coordinates": [ [ [ -111.722015497297207, 40.318691877300061 ], [ -111.722029722963086, 40.318607376561701 ], [ -111.721854369905913, 40.31859021497857 ], [ -111.72183758090388, 40.318689996405162 ], [ -111.721948409642195, 40.318700837144632 ], [ -111.721950979630293, 40.318685563045577 ], [ -111.722015497297207, 40.318691877300061 ] ] ] } },
{ "type": "Feature", "properties": { "type": "Feature", "properties": { "height": 4.9851775169372559, "confidence": 0.99250000715255704 }, "id": 21 }, "geometry": { "type": "Polygon", "coordinates": [ [ [ -111.72355809405947, 40.319275665291279 ], [ -111.723435928362875, 40.319273559612469 ], [ -111.723432379812067, 40.319393242301537 ], [ -111.723576003461432, 40.319395710166454 ], [ -111.723577849142089, 40.319333267229574 ], [ -111.723556402396369, 40.319332897568358 ], [ -111.72355809405947, 40.319275665291279 ] ] ] } },
{ "type": "Feature", "properties": { "type": "Feature", "properties": { "height": 3.8520457744598389, "confidence": 0.9577999711036681 }, "id": 22 }, "geometry": { "type": "Polygon", "coordinates": [ [ [ -111.707963971524848, 40.324799870940112 ], [ -111.707961584733354, 40.324719377612489 ], [ -111.707787329924344, 40.324722371572079 ], [ -111.70779044424026, 40.324827400267132 ], [ -111.707904451701495, 40.32482543536733 ], [ -111.707903726703037, 40.324800909250072 ], [ -111.707963971524848, 40.324799870940112 ] ] ] } },
{ "type": "Feature", "properties": { "type": "Feature", "properties": { "height": 5.4777355194091797, "confidence": 0.97310000658035212 }, "id": 23 }, "geometry": { "type": "Polygon", "coordinates": [ [ [ -111.710768739797473, 40.319532018707058 ], [ -111.710908171636731, 40.319530151147958 ], [ -111.710907747697703, 40.319511751424045 ], [ -111.710996233288, 40.319510566241952 ], [ -111.710993124401782, 40.319375634777643 ], [ -111.710891231903858, 40.319376999535514 ], [ -111.710891514529877, 40.31938926604316 ], [ -111.710765489598245, 40.319390954032798 ], [ -111.710768739797473, 40.319532018707058 ] ] ] } },
{ "type": "Feature", "properties": { "type": "Feature", "properties": { "height": 5.2099752426147461, "confidence": 0.95609998703002907 }, "id": 24 }, "geometry": { "type": "Polygon", "coordinates": [ [ [ -111.714073129686739, 40.322353557889762 ], [ -111.713839819194945, 40.322355935760001 ], [ -111.713841826738474, 40.322470432895713 ], [ -111.714075137230239, 40.322468055029518 ], [ -111.714073129686739, 40.322353557889762 ] ] ] } },
{ "type": "Feature", "properties": { "type": "Feature", "properties": { "height": 3.8367769718170162, "confidence": 0.97390002012252808 }, "id": 25 }, "geometry": { "type": "Polygon", "coordinates": [ [ [ -111.714893272789823, 40.31663442731481 ], [ -111.714891653929072, 40.316454463914795 ], [ -111.714773642284243, 40.316455081091327 ], [ -111.714775261144965, 40.316635044489701 ], [ -111.714893272789823, 40.31663442731481 ] ] ] } },
{ "type": "Feature", "properties": { "type": "Feature", "properties": { "height": 2.3564121723175049, "confidence": 0.97750002145767212 }, "id": 26 }, "geometry": { "type": "Polygon", "coordinates": [ [ [ -111.717092102129953, 40.314146907792654 ], [ -111.717166115437308, 40.314145758379645 ], [ -111.717161109014654, 40.313957676776937 ], [ -111.71708707845093, 40.313958826461139 ], [ -111.717092102129953, 40.314146907792654 ] ] ] } },
{ "type": "Feature", "properties": { "type": "Feature", "properties": { "height": 4.5827422142028809, "confidence": 0.99529999494552612 }, "id": 27 }, "geometry": { "type": "Polygon", "coordinates": [ [ [ -111.720743363707754, 40.325327175887701 ], [ -111.720637039817277, 40.32541988936255 ], [ -111.720722167020554, 40.325476635422973 ], [ -111.720828490911018, 40.325383922026056 ], [ -111.720743363707754, 40.325327175887701 ] ] ] } },
{ "type": "Feature", "properties": { "type": "Feature", "properties": { "height": 3.8836572170257573, "confidence": 1.0 }, "id": 28 }, "geometry": { "type": "Polygon", "coordinates": [ [ [ -111.721493574300126, 40.319955089639144 ], [ -111.721311244230577, 40.319952569676985 ], [ -111.721309614977613, 40.320020834002619 ], [ -111.721365922721517, 40.32002161522918 ], [ -111.721364478131264, 40.320082142283674 ], [ -111.721490500385215, 40.320083884018892 ], [ -111.721493574300126, 40.319955089639144 ] ] ] } },
{ "type": "Feature", "properties": { "type": "Feature", "properties": { "height": 5.089289665222168, "confidence": 0.9599999785423271 }, "id": 29 }, "geometry": { "type": "Polygon", "coordinates": [ [ [ -111.724098774005242, 40.318088079621219 ], [ -111.724091088143538, 40.317944212720676 ], [ -111.723915760759894, 40.317949667374258 ], [ -111.723923459305766, 40.318093524513074 ], [ -111.724098774005242, 40.318088079621219 ] ] ] } },
{ "type": "Feature", "properties": { "type": "Feature", "properties": { "height": 4.5065450668334961, "confidence": 0.9980000257492061 }, "id": 30 }, "geometry": { "type": "Polygon", "coordinates": [ [ [ -111.724479916211649, 40.32205164286497 ], [ -111.724478765354789, 40.322108888496579 ], [ -111.724417089037303, 40.322108167746578 ], [ -111.724415650466256, 40.322179724718588 ], [ -111.724592634681684, 40.322181792955483 ], [ -111.724595224109578, 40.322052990355218 ], [ -111.724479916211649, 40.32205164286497 ] ] ] } },
{ "type": "Feature", "properties": { "type": "Feature", "properties": { "height": 3.0050632953643799, "confidence": 0.95709997415542603 }, "id": 31 }, "geometry": { "type": "Polygon", "coordinates": [ [ [ -111.725802379523302, 40.323120897541472 ], [ -111.725803432322948, 40.323075923267673 ], [ -111.725755167933869, 40.323075266543704 ], [ -111.725754115134222, 40.323120240817943 ], [ -111.725802379523302, 40.323120897541472 ] ] ] } },
{ "type": "Feature", "properties": { "type": "Feature", "properties": { "height": 5.3007760047912598, "confidence": 0.97619998455047607 }, "id": 32 }, "geometry": { "type": "Polygon", "coordinates": [ [ [ -111.707713285115489, 40.3183125838124 ], [ -111.707827349548353, 40.318313965540575 ], [ -111.707831251737531, 40.318125865073313 ], [ -111.707734716472245, 40.318124695682783 ], [ -111.707733571264555, 40.318179899136062 ], [ -111.707716054292945, 40.318179686942486 ], [ -111.707713285115489, 40.3183125838124 ] ] ] } },
{ "type": "Feature", "properties": { "type": "Feature", "properties": { "height": 1.7471655607223511, "confidence": 0.95010000467300404 }, "id": 33 }, "geometry": { "type": "Polygon", "coordinates": [ [ [ -111.709166620876772, 40.325046934345337 ], [ -111.709081715134076, 40.325060276485978 ], [ -111.709100806609115, 40.325130891971185 ], [ -111.709129108523328, 40.325126444595917 ], [ -111.709139714898342, 40.325165675391695 ], [ -111.709160298108699, 40.325162440938655 ], [ -111.709168252889953, 40.325191864021946 ], [ -111.709204273508078, 40.325186203731185 ], [ -111.709166620876772, 40.325046934345337 ] ] ] } },
{ "type": "Feature", "properties": { "type": "Feature", "properties": { "height": 4.9745883941650391, "confidence": 0.98849999904632513 }, "id": 34 }, "geometry": { "type": "Polygon", "coordinates": [ [ [ -111.711243932389792, 40.317517492769419 ], [ -111.711241889291188, 40.3174430516504 ], [ -111.711064941245283, 40.317445884471354 ], [ -111.711068475860415, 40.317574669536761 ], [ -111.71117708892136, 40.317572930716963 ], [ -111.711175592318313, 40.317518583200552 ], [ -111.711243932389792, 40.317517492769419 ] ] ] } },
{ "type": "Feature", "properties": { "type": "Feature", "properties": { "height": 4.6700811386108398, "confidence": 0.9735000133514401 }, "id": 35 }, "geometry": { "type": "Polygon", "coordinates": [ [ [ -111.712318247727211, 40.325226015246955 ], [ -111.712149534099581, 40.325238429381002 ], [ -111.712161075837344, 40.325329599282874 ], [ -111.71232979775732, 40.325317184555438 ], [ -111.712318247727211, 40.325226015246955 ] ] ] } },
{ "type": "Feature", "properties": { "type": "Feature", "properties": { "height": 5.1292328834533691, "confidence": 0.9779000282287591 }, "id": 36 }, "geometry": { "type": "Polygon", "coordinates": [ [ [ -111.712495394595905, 40.325297602716105 ], [ -111.712685668475274, 40.325429963092219 ], [ -111.712781824066127, 40.325349621442456 ], [ -111.712657414221937, 40.325263078045978 ], [ -111.712633375324216, 40.325283163493133 ], [ -111.712567511289038, 40.325237346369583 ], [ -111.712495394595905, 40.325297602716105 ] ] ] } },
{ "type": "Feature", "properties": { "type": "Feature", "properties": { "height": 4.7001662254333496, "confidence": 0.97949999570846502 }, "id": 37 }, "geometry": { "type": "Polygon", "coordinates": [ [ [ -111.715458548626984, 40.323825164697226 ], [ -111.715573858941866, 40.323823878743028 ], [ -111.715570563953889, 40.323652142465839 ], [ -111.715455253638993, 40.323653428423313 ], [ -111.715458548626984, 40.323825164697226 ] ] ] } },
{ "type": "Feature", "properties": { "type": "Feature", "properties": { "height": 5.4328360557556152, "confidence": 0.99699997901916504 }, "id": 38 }, "geometry": { "type": "Polygon", "coordinates": [ [ [ -111.716295497422948, 40.32520038671057 ], [ -111.716115802735814, 40.325201566060116 ], [ -111.716117049510189, 40.325311980907969 ], [ -111.716296744197308, 40.325310801560327 ], [ -111.716295497422948, 40.32520038671057 ] ] ] } },
{ "type": "Feature", "properties": { "type": "Feature", "properties": { "height": 3.6675407886505123, "confidence": 0.97100001573562611 }, "id": 39 }, "geometry": { "type": "Polygon", "coordinates": [ [ [ -111.716740563162347, 40.325492971721296 ], [ -111.716740063023963, 40.325592025350225 ], [ -111.71699218700337, 40.325592751803363 ], [ -111.716992852269044, 40.325460994284889 ], [ -111.716923115867999, 40.325460789629716 ], [ -111.716922950672782, 40.325493506973061 ], [ -111.716740563162347, 40.325492971721296 ] ] ] } },
{ "type": "Feature", "properties": { "type": "Feature", "properties": { "height": 4.1330776214599609, "confidence": 0.98549997806549006 }, "id": 40 }, "geometry": { "type": "Polygon", "coordinates": [ [ [ -111.716966538552327, 40.321893892354609 ], [ -111.716733297228714, 40.321897775499153 ], [ -111.71673574812246, 40.321983623493566 ], [ -111.716968989446059, 40.32197974035396 ], [ -111.716966538552327, 40.321893892354609 ] ] ] } },
{ "type": "Feature", "properties": { "type": "Feature", "properties": { "height": 7.7110762596130371, "confidence": 0.9868999719619751 }, "id": 41 }, "geometry": { "type": "Polygon", "coordinates": [ [ [ -111.717867814411164, 40.314226615158653 ], [ -111.717684375797575, 40.314225273987752 ], [ -111.717683799341174, 40.314271115763518 ], [ -111.717674140730509, 40.314271045662224 ], [ -111.717671741076686, 40.314463277120041 ], [ -111.717685150906817, 40.314463374447072 ], [ -111.717684691398645, 40.31450018466375 ], [ -111.717864383122304, 40.314501488845195 ], [ -111.717867814411164, 40.314226615158653 ] ] ] } },
{ "type": "Feature", "properties": { "type": "Feature", "properties": { "height": 4.3079624176025391, "confidence": 0.97089999914169312 }, "id": 42 }, "geometry": { "type": "Polygon", "coordinates": [ [ [ -111.717977228318929, 40.31715564525237 ], [ -111.717979432729592, 40.317242343295362 ], [ -111.718195268751785, 40.317239152807424 ], [ -111.718193072588008, 40.317152466156905 ], [ -111.717977228318929, 40.31715564525237 ] ] ] } },
{ "type": "Feature", "properties": { "type": "Feature", "properties": { "height": 4.978611946105957, "confidence": 0.9980000257492061 }, "id": 43 }, "geometry": { "type": "Polygon", "coordinates": [ [ [ -111.711895376006282, 40.326055690345761 ], [ -111.712002591689171, 40.326057818474752 ], [ -111.712006918436273, 40.325931123744233 ], [ -111.711899702753399, 40.325928995611228 ], [ -111.711895376006282, 40.326055690345761 ] ] ] } },
{ "type": "Feature", "properties": { "type": "Feature", "properties": { "height": 1.223855137825012, "confidence": 0.99529999494552612 }, "id": 44 }, "geometry": { "type": "Polygon", "coordinates": [ [ [ -111.717396496129837, 40.319301866361052 ], [ -111.717230262555574, 40.319304341292032 ], [ -111.717235341009882, 40.319502635362497 ], [ -111.717278239996787, 40.319501996672514 ], [ -111.717277768799988, 40.319483598277948 ], [ -111.717344798467039, 40.319482600324577 ], [ -111.717342547193482, 40.31939469681334 ], [ -111.717398852113803, 40.319393858531399 ], [ -111.717396496129837, 40.319301866361052 ] ] ] } },
{ "type": "Feature", "properties": { "type": "Feature", "properties": { "height": 3.6616177558898921, "confidence": 0.98159998655319203 }, "id": 45 }, "geometry": { "type": "Polygon", "coordinates": [ [ [ -111.723436527874256, 40.317923842691059 ], [ -111.723440865936624, 40.318080330404172 ], [ -111.723549369192881, 40.318078581774955 ], [ -111.723545045648521, 40.317922099614776 ], [ -111.723436527874256, 40.317923842691059 ] ] ] } },
{ "type": "Feature", "properties": { "type": "Feature", "properties": { "height": 5.3268141746520996, "confidence": 0.99250000715255704 }, "id": 46 }, "geometry": { "type": "Polygon", "coordinates": [ [ [ -111.708924760361455, 40.323043426909756 ], [ -111.708923776300864, 40.323004587569486 ], [ -111.708939863552118, 40.323004350646464 ], [ -111.708936704199729, 40.322879655770954 ], [ -111.708915254531405, 40.322879971668897 ], [ -111.708914374056164, 40.322845220597138 ], [ -111.708777632420563, 40.322847234447536 ], [ -111.708782656308813, 40.323045519728531 ], [ -111.708924760361455, 40.323043426909756 ] ] ] } },
{ "type": "Feature", "properties": { "type": "Feature", "properties": { "height": 5.6451225280761719, "confidence": 0.9846000075340271 }, "id": 47 }, "geometry": { "type": "Polygon", "coordinates": [ [ [ -111.710537799591165, 40.317949534300681 ], [ -111.710681201201382, 40.317947934929855 ], [ -111.710678769186444, 40.317821166210621 ], [ -111.710535355942284, 40.317822765714212 ], [ -111.710537799591165, 40.317949534300681 ] ] ] } },
{ "type": "Feature", "properties": { "type": "Feature", "properties": { "height": 4.0085535049438477, "confidence": 0.97699999809265103 }, "id": 48 }, "geometry": { "type": "Polygon", "coordinates": [ [ [ -111.711131968131127, 40.317065464760972 ], [ -111.711314079592142, 40.317070897309399 ], [ -111.711320890140613, 40.316938167615291 ], [ -111.71121108764207, 40.31693489210177 ], [ -111.71120983031004, 40.316959396066125 ], [ -111.711137521347581, 40.31695723902132 ], [ -111.711131968131127, 40.317065464760972 ] ] ] } },
{ "type": "Feature", "properties": { "type": "Feature", "properties": { "height": 3.9725227355957031, "confidence": 0.99690002202987604 }, "id": 49 }, "geometry": { "type": "Polygon", "coordinates": [ [ [ -111.711267017474682, 40.324415489497433 ], [ -111.711336743470952, 40.324414808644867 ], [ -111.711337725202114, 40.324473246119034 ], [ -111.71149326766978, 40.324471718997167 ], [ -111.711490588530822, 40.324312243324684 ], [ -111.711265320129328, 40.324314455023639 ], [ -111.711267017474682, 40.324415489497433 ] ] ] } },
{ "type": "Feature", "properties": { "type": "Feature", "properties": { "height": 4.3032679557800293, "confidence": 0.96600002050399703 }, "id": 50 }, "geometry": { "type": "Polygon", "coordinates": [ [ [ -111.717902921603795, 40.322871450873215 ], [ -111.717664256312659, 40.322868776476945 ], [ -111.717662569594339, 40.32295669007982 ], [ -111.717901234885503, 40.322959364472602 ], [ -111.717902921603795, 40.322871450873215 ] ] ] } },
{ "type": "Feature", "properties": { "type": "Feature", "properties": { "height": 5.2663860321044922, "confidence": 0.97930002212524403 }, "id": 51 }, "geometry": { "type": "Polygon", "coordinates": [ [ [ -111.72322534241431, 40.324838764899098 ], [ -111.723380847356211, 40.324836375210992 ], [ -111.723377496707201, 40.324709643794776 ], [ -111.7233587288694, 40.324709932205963 ], [ -111.723357756100313, 40.324673139169739 ], [ -111.723183483320597, 40.324675817274951 ], [ -111.723185320773297, 40.324745315212652 ], [ -111.723222856448928, 40.324744738390592 ], [ -111.72322534241431, 40.324838764899098 ] ] ] } },
{ "type": "Feature", "properties": { "type": "Feature", "properties": { "height": 4.8633913993835449, "confidence": 0.99049997329711903 }, "id": 52 }, "geometry": { "type": "Polygon", "coordinates": [ [ [ -111.723770339549574, 40.312384278507324 ], [ -111.723775334809105, 40.312640992119476 ], [ -111.723874554698881, 40.312639869538707 ], [ -111.723874037443764, 40.312613287095388 ], [ -111.72394912276576, 40.312612437574458 ], [ -111.723944644942335, 40.312382315698827 ], [ -111.723770339549574, 40.312384278507324 ] ] ] } },
{ "type": "Feature", "properties": { "type": "Feature", "properties": { "height": 4.8262114524841309, "confidence": 0.9801999926567071 }, "id": 53 }, "geometry": { "type": "Polygon", "coordinates": [ [ [ -111.70610732873422, 40.316225378783187 ], [ -111.706101395072807, 40.31603412523571 ], [ -111.706007570418464, 40.316035822610843 ], [ -111.706009282632095, 40.31609101066951 ], [ -111.705986392033395, 40.316091424781348 ], [ -111.705990625769942, 40.316227483814316 ], [ -111.70610732873422, 40.316225378783187 ] ] ] } },
{ "type": "Feature", "properties": { "type": "Feature", "properties": { "height": 4.3427319526672363, "confidence": 0.98390001058578402 }, "id": 54 }, "geometry": { "type": "Polygon", "coordinates": [ [ [ -111.708265784719615, 40.320272518310901 ], [ -111.708150491668448, 40.320270844887077 ], [ -111.708146137103142, 40.320444608326639 ], [ -111.708261430154309, 40.320446281746186 ], [ -111.708265784719615, 40.320272518310901 ] ] ] } },
{ "type": "Feature", "properties": { "type": "Feature", "properties": { "height": 3.6694214344024663, "confidence": 1.0 }, "id": 55 }, "geometry": { "type": "Polygon", "coordinates": [ [ [ -111.710832544024825, 40.322464830729352 ], [ -111.710745099148937, 40.322463944170075 ], [ -111.710744706873911, 40.322486434700188 ], [ -111.710832149685544, 40.322487321238235 ], [ -111.710832544024825, 40.322464830729352 ] ] ] } },
{ "type": "Feature", "properties": { "type": "Feature", "properties": { "height": 4.9622488021850595, "confidence": 0.99190002679824807 }, "id": 56 }, "geometry": { "type": "Polygon", "coordinates": [ [ [ -111.710834184731794, 40.31767340273047 ], [ -111.710741709039283, 40.317674439059132 ], [ -111.710743127930726, 40.317748046740469 ], [ -111.710835596868037, 40.317747010488638 ], [ -111.710834184731794, 40.31767340273047 ] ] ] } },
{ "type": "Feature", "properties": { "type": "Feature", "properties": { "height": 4.233975887298584, "confidence": 0.99839997291564908 }, "id": 57 }, "geometry": { "type": "Polygon", "coordinates": [ [ [ -111.711038974943776, 40.324036315377342 ], [ -111.711273769230388, 40.324033884858679 ], [ -111.711272167108604, 40.323943925432225 ], [ -111.711037364565144, 40.323946356039585 ], [ -111.711038974943776, 40.324036315377342 ] ] ] } },
{ "type": "Feature", "properties": { "type": "Feature", "properties": { "height": 3.2411477565765381, "confidence": 0.99449998140335005 }, "id": 58 }, "geometry": { "type": "Polygon", "coordinates": [ [ [ -111.721717929344891, 40.318250599682145 ], [ -111.721720200157606, 40.318320089455405 ], [ -111.721760408401352, 40.318319327744938 ], [ -111.721761944539381, 40.318366335492691 ], [ -111.721873083456586, 40.318364230063274 ], [ -111.721869620198504, 40.318257951442348 ], [ -111.72185085631881, 40.31825830690817 ], [ -111.721849657498737, 40.318221518115983 ], [ -111.721758518654497, 40.318223244665219 ], [ -111.721759384468996, 40.318249814349791 ], [ -111.721717929344891, 40.318250599682145 ] ] ] } },
{ "type": "Feature", "properties": { "type": "Feature", "properties": { "height": 3.9532678127288823, "confidence": 0.99930000305175704 }, "id": 59 }, "geometry": { "type": "Polygon", "coordinates": [ [ [ -111.721829880391596, 40.323485064880309 ], [ -111.72182679777957, 40.323335822228643 ], [ -111.721722217562132, 40.323337077814053 ], [ -111.721725300174157, 40.323486320462941 ], [ -111.721829880391596, 40.323485064880309 ] ] ] } },
{ "type": "Feature", "properties": { "type": "Feature", "properties": { "height": 4.7733516693115234, "confidence": 0.97519999742507912 }, "id": 60 }, "geometry": { "type": "Polygon", "coordinates": [ [ [ -111.722277949863525, 40.322186216174892 ], [ -111.722275337222086, 40.322099180596432 ], [ -111.72209202344736, 40.32210236945199 ], [ -111.722094628395823, 40.322189414942322 ], [ -111.722277949863525, 40.322186216174892 ] ] ] } },
{ "type": "Feature", "properties": { "type": "Feature", "properties": { "height": 0.32066115736961304, "confidence": 0.99730002880096402 }, "id": 61 }, "geometry": { "type": "Polygon", "coordinates": [ [ [ -111.722863356374944, 40.315048143358439 ], [ -111.722863745713553, 40.315172898526811 ], [ -111.723423172199603, 40.315171883473958 ], [ -111.723422794312071, 40.315047128282934 ], [ -111.722863356374944, 40.315048143358439 ] ] ] } },
{ "type": "Feature", "properties": { "type": "Feature", "properties": { "height": 3.141630887985229, "confidence": 1.0 }, "id": 62 }, "geometry": { "type": "Polygon", "coordinates": [ [ [ -111.708003347082894, 40.322179833258438 ], [ -111.708019837712257, 40.322223224419517 ], [ -111.70804705677584, 40.322217211368347 ], [ -111.708030566146476, 40.322173820203396 ], [ -111.708003347082894, 40.322179833258438 ] ] ] } },
{ "type": "Feature", "properties": { "type": "Feature", "properties": { "height": 2.1933207511901851, "confidence": 0.99379998445510809 }, "id": 63 }, "geometry": { "type": "Polygon", "coordinates": [ [ [ -111.709371470527188, 40.323834630739228 ], [ -111.709354464018986, 40.323886610127722 ], [ -111.709413656964131, 40.323897863855173 ], [ -111.709407989625532, 40.323915190590924 ], [ -111.709466068756157, 40.323926232555976 ], [ -111.709512037169304, 40.323785693371875 ], [ -111.709457904194707, 40.323775401625973 ], [ -111.70943459897974, 40.323846632692174 ], [ -111.709371470527188, 40.323834630739228 ] ] ] } },
{ "type": "Feature", "properties": { "type": "Feature", "properties": { "height": 5.1435976028442383, "confidence": 0.99199998378753607 }, "id": 64 }, "geometry": { "type": "Polygon", "coordinates": [ [ [ -111.709784523247222, 40.320447415966754 ], [ -111.709778641218861, 40.320253242687791 ], [ -111.709667666278435, 40.320255196905244 ], [ -111.709669467283206, 40.320314470815283 ], [ -111.709641036278356, 40.320314971471703 ], [ -111.709645122740142, 40.320449870738237 ], [ -111.709784523247222, 40.320447415966754 ] ] ] } },
{ "type": "Feature", "properties": { "type": "Feature", "properties": { "height": 4.7361345291137686, "confidence": 0.98180001974105813 }, "id": 65 }, "geometry": { "type": "Polygon", "coordinates": [ [ [ -111.710101578259142, 40.323997008437416 ], [ -111.71001919172059, 40.324155344097314 ], [ -111.710129385894533, 40.324188671179847 ], [ -111.710190634649166, 40.324070980307482 ], [ -111.710177766752196, 40.324067087853244 ], [ -111.710198911227593, 40.324026451045562 ], [ -111.710101578259142, 40.323997008437416 ] ] ] } },
{ "type": "Feature", "properties": { "type": "Feature", "properties": { "height": 4.9925088882446289, "confidence": 0.96560001373291005 }, "id": 66 }, "geometry": { "type": "Polygon", "coordinates": [ [ [ -111.713978877215652, 40.324471853881207 ], [ -111.713968227885928, 40.324448038694207 ], [ -111.713994659575064, 40.324441167388585 ], [ -111.713919295087933, 40.32427262888482 ], [ -111.713776216914141, 40.324309824241084 ], [ -111.713862246550036, 40.324502173715892 ], [ -111.713978877215652, 40.324471853881207 ] ] ] } },
{ "type": "Feature", "properties": { "type": "Feature", "properties": { "height": 4.8555288314819345, "confidence": 0.97500002384185702 }, "id": 67 }, "geometry": { "type": "Polygon", "coordinates": [ [ [ -111.714854452989442, 40.320991768253151 ], [ -111.714860068753978, 40.321168577261062 ], [ -111.714975336341681, 40.321166455216741 ], [ -111.714969720381873, 40.320989640055984 ], [ -111.714854452989442, 40.320991768253151 ] ] ] } },
{ "type": "Feature", "properties": { "type": "Feature", "properties": { "height": 3.6021604537963858, "confidence": 1.0 }, "id": 68 }, "geometry": { "type": "Polygon", "coordinates": [ [ [ -111.715450389888957, 40.317850555408334 ], [ -111.715349792263368, 40.317852122953504 ], [ -111.715354530577784, 40.31802890282615 ], [ -111.715455144279332, 40.318027329665419 ], [ -111.715450389888957, 40.317850555408334 ] ] ] } },
{ "type": "Feature", "properties": { "type": "Feature", "properties": { "height": 4.9484977722167969, "confidence": 0.91680002212524403 }, "id": 69 }, "geometry": { "type": "Polygon", "coordinates": [ [ [ -111.715794873511939, 40.313041118270569 ], [ -111.715982507366178, 40.313044753218833 ], [ -111.715985359694926, 40.312958908305816 ], [ -111.715904945185954, 40.312957350468906 ], [ -111.715905117497243, 40.312952164511081 ], [ -111.715797897961949, 40.312950093113365 ], [ -111.715794873511939, 40.313041118270569 ] ] ] } },
{ "type": "Feature", "properties": { "type": "Feature", "properties": { "height": 3.8428287506103511, "confidence": 0.96820002794265703 }, "id": 70 }, "geometry": { "type": "Polygon", "coordinates": [ [ [ -111.717032024926255, 40.324900411266974 ], [ -111.717301450325209, 40.324897061623354 ], [ -111.717299263915095, 40.324794844636969 ], [ -111.717029847897422, 40.324798194169034 ], [ -111.717032024926255, 40.324900411266974 ] ] ] } },
{ "type": "Feature", "properties": { "type": "Feature", "properties": { "height": 4.3924188613891602, "confidence": 0.94160002470016402 }, "id": 71 }, "geometry": { "type": "Polygon", "coordinates": [ [ [ -111.717901028743583, 40.324895774841302 ], [ -111.717898272443634, 40.324785391133624 ], [ -111.717667686034162, 40.324788737761899 ], [ -111.717670442334111, 40.324899121464107 ], [ -111.717901028743583, 40.324895774841302 ] ] ] } },
{ "type": "Feature", "properties": { "type": "Feature", "properties": { "height": 1.920562624931335, "confidence": 0.98669999837875311 }, "id": 72 }, "geometry": { "type": "Polygon", "coordinates": [ [ [ -111.71853775335336, 40.315372227581484 ], [ -111.718488677151385, 40.315336475530984 ], [ -111.718311828533402, 40.315477603625588 ], [ -111.718360904735405, 40.315513355601361 ], [ -111.71853775335336, 40.315372227581484 ] ] ] } },
{ "type": "Feature", "properties": { "type": "Feature", "properties": { "height": 4.7557229995727539, "confidence": 0.99220001697540205 }, "id": 73 }, "geometry": { "type": "Polygon", "coordinates": [ [ [ -111.721226169224863, 40.321198547306231 ], [ -111.721224736533401, 40.321151537812419 ], [ -111.721310520904765, 40.321150018054141 ], [ -111.721307742202853, 40.321058843150276 ], [ -111.721136173181264, 40.321061873520634 ], [ -111.721140384853499, 40.321200067063401 ], [ -111.721226169224863, 40.321198547306231 ] ] ] } },
{ "type": "Feature", "properties": { "type": "Feature", "properties": { "height": 4.3058676719665527, "confidence": 0.9868999719619751 }, "id": 74 }, "geometry": { "type": "Polygon", "coordinates": [ [ [ -111.706549711721451, 40.313977034747779 ], [ -111.706504268120938, 40.313932282253091 ], [ -111.70653342327526, 40.313915068998149 ], [ -111.706467750096209, 40.313850400352742 ], [ -111.706355406429864, 40.313916734288028 ], [ -111.706466521971052, 40.314026150067697 ], [ -111.706549711721451, 40.313977034747779 ] ] ] } },
{ "type": "Feature", "properties": { "type": "Feature", "properties": { "height": 4.3133821487426758, "confidence": 0.9890999794006341 }, "id": 75 }, "geometry": { "type": "Polygon", "coordinates": [ [ [ -111.708584130800631, 40.31585851585529 ], [ -111.708584326033559, 40.315940321759641 ], [ -111.708587008233707, 40.315940318038081 ], [ -111.708587232751569, 40.316034394705575 ], [ -111.708799126562084, 40.316034100701899 ], [ -111.708798985018234, 40.315974791513469 ], [ -111.708815078219033, 40.315974769184052 ], [ -111.708814970840905, 40.315929775971881 ], [ -111.70871572943598, 40.315929913670026 ], [ -111.708715558607167, 40.315858333498092 ], [ -111.708584130800631, 40.31585851585529 ] ] ] } },
{ "type": "Feature", "properties": { "type": "Feature", "properties": { "height": 4.8807597160339347, "confidence": 0.98629999160766613 }, "id": 76 }, "geometry": { "type": "Polygon", "coordinates": [ [ [ -111.710683894407481, 40.316777199227403 ], [ -111.71051358455351, 40.316779471373074 ], [ -111.710516746587544, 40.31691726380086 ], [ -111.710617327743904, 40.316915927293167 ], [ -111.710616066054627, 40.316860725698731 ], [ -111.710685782315636, 40.316859799318472 ], [ -111.710683894407481, 40.316777199227403 ] ] ] } },
{ "type": "Feature", "properties": { "type": "Feature", "properties": { "height": 3.457170724868774, "confidence": 0.99930000305175704 }, "id": 77 }, "geometry": { "type": "Polygon", "coordinates": [ [ [ -111.711681517821845, 40.31951025209856 ], [ -111.71177535832274, 40.319508834949389 ], [ -111.71177610179592, 40.319537454346374 ], [ -111.711875304611155, 40.319535956217848 ], [ -111.711873445928205, 40.31946440770102 ], [ -111.711791465656773, 40.319465645741623 ], [ -111.711788842520548, 40.319364312007892 ], [ -111.711677770023698, 40.319365983465588 ], [ -111.711681517821845, 40.31951025209856 ] ] ] } },
{ "type": "Feature", "properties": { "type": "Feature", "properties": { "height": 4.8882827758789062, "confidence": 0.97899997234344405 }, "id": 78 }, "geometry": { "type": "Polygon", "coordinates": [ [ [ -111.714876050252514, 40.323314534753727 ], [ -111.714948428306371, 40.32331321392244 ], [ -111.714950325912923, 40.323373479467669 ], [ -111.715043013996521, 40.323371783053112 ], [ -111.71503855547239, 40.323229771942458 ], [ -111.714873476150203, 40.323232784488248 ], [ -111.714876050252514, 40.323314534753727 ] ] ] } },
{ "type": "Feature", "properties": { "type": "Feature", "properties": { "height": 3.1623280048370361, "confidence": 0.99239999055862405 }, "id": 79 }, "geometry": { "type": "Polygon", "coordinates": [ [ [ -111.718215110903884, 40.320391382250612 ], [ -111.718280500633313, 40.320390237748683 ], [ -111.718282648013087, 40.320461775768109 ], [ -111.718381837633785, 40.320460039675979 ], [ -111.718376475426311, 40.320281402427291 ], [ -111.718262821196404, 40.320283385630439 ], [ -111.718264261336884, 40.320331216423362 ], [ -111.718213326208058, 40.320332107930433 ], [ -111.718215110903884, 40.320391382250612 ] ] ] } },
{ "type": "Feature", "properties": { "type": "Feature", "properties": { "height": 2.9764771461486812, "confidence": 0.9733999967575071 }, "id": 80 }, "geometry": { "type": "Polygon", "coordinates": [ [ [ -111.718886053196087, 40.318885142156752 ], [ -111.718819075941724, 40.318886882757361 ], [ -111.718816732252705, 40.318834562961705 ], [ -111.718717606152936, 40.318837144336044 ], [ -111.718723828347507, 40.318976046606203 ], [ -111.718889931541696, 40.318971721068856 ], [ -111.718886053196087, 40.318885142156752 ] ] ] } },
{ "type": "Feature", "properties": { "type": "Feature", "properties": { "height": 4.2556700706481934, "confidence": 0.99930000305175704 }, "id": 81 }, "geometry": { "type": "Polygon", "coordinates": [ [ [ -111.719637640794843, 40.316654276545314 ], [ -111.719527768586573, 40.316638158223327 ], [ -111.719492424194854, 40.316778177405475 ], [ -111.71960230879688, 40.316794297512224 ], [ -111.719637640794843, 40.316654276545314 ] ] ] } },
{ "type": "Feature", "properties": { "type": "Feature", "properties": { "height": 0.36613845825195301, "confidence": 0.99750000238418512 }, "id": 82 }, "geometry": { "type": "Polygon", "coordinates": [ [ [ -111.719859121022509, 40.316093573286956 ], [ -111.719861688073593, 40.316191701300959 ], [ -111.719928716629965, 40.316190681853421 ], [ -111.719926149578868, 40.316092553837926 ], [ -111.719859121022509, 40.316093573286956 ] ] ] } },
{ "type": "Feature", "properties": { "type": "Feature", "properties": { "height": 4.5296597480773935, "confidence": 0.94279998540878307 }, "id": 83 }, "geometry": { "type": "Polygon", "coordinates": [ [ [ -111.721098970819355, 40.316766728757308 ], [ -111.720985318330506, 40.316762289130097 ], [ -111.720974560955938, 40.316922171719085 ], [ -111.721088227675693, 40.316926617957499 ], [ -111.721098970819355, 40.316766728757308 ] ] ] } },
{ "type": "Feature", "properties": { "type": "Feature", "properties": { "height": 4.9097247123718262, "confidence": 0.99970000982284513 }, "id": 84 }, "geometry": { "type": "Polygon", "coordinates": [ [ [ -111.722705096824868, 40.323177116898485 ], [ -111.722702558265269, 40.323260914436915 ], [ -111.722890212793999, 40.323264218799245 ], [ -111.722892751353598, 40.323180421264922 ], [ -111.722705096824868, 40.323177116898485 ] ] ] } },
{ "type": "Feature", "properties": { "type": "Feature", "properties": { "height": 4.9913792610168457, "confidence": 1.0 }, "id": 85 }, "geometry": { "type": "Polygon", "coordinates": [ [ [ -111.722793353928253, 40.31964374519707 ], [ -111.722947175662199, 40.319639690274023 ], [ -111.722943430432281, 40.319557099285404 ], [ -111.722789601498491, 40.319561162611954 ], [ -111.722793353928253, 40.31964374519707 ] ] ] } },
{ "type": "Feature", "properties": { "type": "Feature", "properties": { "height": 4.8406734466552734, "confidence": 0.99980002641677812 }, "id": 86 }, "geometry": { "type": "Polygon", "coordinates": [ [ [ -111.724230864334885, 40.317930001650815 ], [ -111.724233882352081, 40.318093576672105 ], [ -111.724430906999501, 40.3180914738696 ], [ -111.724427903994396, 40.317927898682996 ], [ -111.724230864334885, 40.317930001650815 ] ] ] } },
{ "type": "Feature", "properties": { "type": "Feature", "properties": { "height": 2.0, "confidence": 0.98259997367858809 }, "id": 87 }, "geometry": { "type": "Polygon", "coordinates": [ [ [ -111.708214426012532, 40.324271305091102 ], [ -111.708222425416636, 40.324300713867572 ], [ -111.708253284812017, 40.32429583490962 ], [ -111.708245285407926, 40.324266426131054 ], [ -111.708214426012532, 40.324271305091102 ] ] ] } },
{ "type": "Feature", "properties": { "type": "Feature", "properties": { "height": 4.0564274787902832, "confidence": 0.9735000133514401 }, "id": 88 }, "geometry": { "type": "Polygon", "coordinates": [ [ [ -111.712430235557818, 40.319715464054219 ], [ -111.712430658498775, 40.319653201261936 ], [ -111.712396909528735, 40.319653067992625 ], [ -111.712397804306846, 40.319523100337072 ], [ -111.712369852204361, 40.319522988466865 ], [ -111.712369741074426, 40.319539348377127 ], [ -111.712265137766622, 40.319538929732694 ], [ -111.71226394311978, 40.319714798518675 ], [ -111.712430235557818, 40.319715464054219 ] ] ] } },
{ "type": "Feature", "properties": { "type": "Feature", "properties": { "height": 4.1096439361572275, "confidence": 0.99769997596740712 }, "id": 89 }, "geometry": { "type": "Polygon", "coordinates": [ [ [ -111.714606184183083, 40.322398535451143 ], [ -111.714523044384649, 40.322399183163313 ], [ -111.7145223318565, 40.322346019798381 ], [ -111.714431146271124, 40.322346730192919 ], [ -111.714432954996454, 40.322481683266844 ], [ -111.71460728038025, 40.322480325162353 ], [ -111.714606184183083, 40.322398535451143 ] ] ] } },
{ "type": "Feature", "properties": { "type": "Feature", "properties": { "height": 4.0782275199890137, "confidence": 0.99339997768402111 }, "id": 90 }, "geometry": { "type": "Polygon", "coordinates": [ [ [ -111.715854946370087, 40.322260497223816 ], [ -111.715859553633905, 40.322440385268592 ], [ -111.71597111386474, 40.322438730359409 ], [ -111.715966523108165, 40.322258842065338 ], [ -111.715854946370087, 40.322260497223816 ] ] ] } },
{ "type": "Feature", "properties": { "type": "Feature", "properties": { "height": 4.2833414077758789, "confidence": 0.96560001373291005 }, "id": 91 }, "geometry": { "type": "Polygon", "coordinates": [ [ [ -111.717255747183742, 40.318497791739901 ], [ -111.717376422707545, 40.318499086116248 ], [ -111.717379855698724, 40.318313020799231 ], [ -111.717259180174935, 40.318311726419303 ], [ -111.717255747183742, 40.318497791739901 ] ] ] } },
{ "type": "Feature", "properties": { "type": "Feature", "properties": { "height": 3.6505362987518311, "confidence": 0.99830001592636108 }, "id": 92 }, "geometry": { "type": "Polygon", "coordinates": [ [ [ -111.718299447325606, 40.323127719531264 ], [ -111.718305264724108, 40.323322705450828 ], [ -111.718423220702917, 40.323320653571336 ], [ -111.718417403492083, 40.323125673936715 ], [ -111.718299447325606, 40.323127719531264 ] ] ] } },
{ "type": "Feature", "properties": { "type": "Feature", "properties": { "height": 4.0605692863464347, "confidence": 0.98070001602172807 }, "id": 93 }, "geometry": { "type": "Polygon", "coordinates": [ [ [ -111.719403154222007, 40.320509447327076 ], [ -111.719554237428596, 40.320546000912003 ], [ -111.719589524638266, 40.320461217457698 ], [ -111.719365332130621, 40.320406987447932 ], [ -111.719320770131617, 40.320514055211369 ], [ -111.719393874909002, 40.320531742431164 ], [ -111.719403154222007, 40.320509447327076 ] ] ] } },
{ "type": "Feature", "properties": { "type": "Feature", "properties": { "height": 5.5478014945983887, "confidence": 0.99720001220703103 }, "id": 94 }, "geometry": { "type": "Polygon", "coordinates": [ [ [ -111.720928847635577, 40.323303236643355 ], [ -111.721036118781583, 40.323302200604822 ], [ -111.721034012474163, 40.323175435159726 ], [ -111.720926741328199, 40.323176471200199 ], [ -111.720928847635577, 40.323303236643355 ] ] ] } },
{ "type": "Feature", "properties": { "type": "Feature", "properties": { "height": 4.321718692779541, "confidence": 0.97579997777938809 }, "id": 95 }, "geometry": { "type": "Polygon", "coordinates": [ [ [ -111.721882530851246, 40.319270609929461 ], [ -111.721749605436102, 40.319272163362328 ], [ -111.721749621927941, 40.319272987492383 ], [ -111.721620905859425, 40.319274484863982 ], [ -111.721622747009093, 40.319366490729813 ], [ -111.721770234170933, 40.319364774993865 ], [ -111.721770847887498, 40.319395443588718 ], [ -111.721885013685707, 40.319394115484769 ], [ -111.721882530851246, 40.319270609929461 ] ] ] } },
{ "type": "Feature", "properties": { "type": "Feature", "properties": { "height": 5.0629310607910156, "confidence": 0.95509999990463212 }, "id": 96 }, "geometry": { "type": "Polygon", "coordinates": [ [ [ -111.723837841205764, 40.322615172974778 ], [ -111.724062949928026, 40.322610091947304 ], [ -111.724059662279231, 40.322525225700858 ], [ -111.723834553092018, 40.322530294733298 ], [ -111.723837841205764, 40.322615172974778 ] ] ] } },
{ "type": "Feature", "properties": { "type": "Feature", "properties": { "height": 5.5402402877807617, "confidence": 0.99690002202987604 }, "id": 97 }, "geometry": { "type": "Polygon", "coordinates": [ [ [ -111.705579850006472, 40.315475083192986 ], [ -111.705687124320036, 40.315474144325364 ], [ -111.705685336258185, 40.315354634675664 ], [ -111.705501456719077, 40.315356234184144 ], [ -111.705502441768758, 40.31542167105048 ], [ -111.705579040903046, 40.315421004740095 ], [ -111.705579850006472, 40.315475083192986 ] ] ] } },
{ "type": "Feature", "properties": { "type": "Feature", "properties": { "height": 4.4275007247924805, "confidence": 0.99720001220703103 }, "id": 98 }, "geometry": { "type": "Polygon", "coordinates": [ [ [ -111.710381787996511, 40.323393818481463 ], [ -111.71042200740078, 40.323393251911703 ], [ -111.710420521129393, 40.323331924999266 ], [ -111.710332038440001, 40.323333171453861 ], [ -111.710331176808552, 40.323297618570223 ], [ -111.710229287782781, 40.323299059317229 ], [ -111.710231833723398, 40.323404110592314 ], [ -111.710258646659597, 40.323403732879207 ], [ -111.710260430185244, 40.323477325089158 ], [ -111.710383769691688, 40.323475587610695 ], [ -111.710381787996511, 40.323393818481463 ] ] ] } },
{ "type": "Feature", "properties": { "type": "Feature", "properties": { "height": 6.0829501152038574, "confidence": 0.98449999094009411 }, "id": 99 }, "geometry": { "type": "Polygon", "coordinates": [ [ [ -111.717221463184941, 40.316785827598444 ], [ -111.717360911812506, 40.316784369030522 ], [ -111.717358557438246, 40.316653505364421 ], [ -111.717342467211978, 40.316653673661044 ], [ -111.717341473960332, 40.316598465475977 ], [ -111.717218115559007, 40.316599755751149 ], [ -111.717221463184941, 40.316785827598444 ] ] ] } },
{ "type": "Feature", "properties": { "type": "Feature", "properties": { "height": 3.431932687759399, "confidence": 0.98430001735687211 }, "id": 100 }, "geometry": { "type": "Polygon", "coordinates": [ [ [ -111.718306707103551, 40.323038396472199 ], [ -111.718419354253314, 40.323037789375753 ], [ -111.718417742718216, 40.322863978093864 ], [ -111.718305095568439, 40.322864585191873 ], [ -111.718306707103551, 40.323038396472199 ] ] ] } },
{ "type": "Feature", "properties": { "type": "Feature", "properties": { "height": 4.8888630867004395, "confidence": 0.99419999122619607 }, "id": 101 }, "geometry": { "type": "Polygon", "coordinates": [ [ [ -111.719725594237516, 40.324043766971741 ], [ -111.719846258164566, 40.324045344412951 ], [ -111.719850626170185, 40.323851135011317 ], [ -111.719729962243136, 40.323849557565566 ], [ -111.719725594237516, 40.324043766971741 ] ] ] } },
{ "type": "Feature", "properties": { "type": "Feature", "properties": { "height": 4.8501486778259277, "confidence": 0.99169999361038208 }, "id": 102 }, "geometry": { "type": "Polygon", "coordinates": [ [ [ -111.720394455556558, 40.322888542882609 ], [ -111.720587511657911, 40.322885885094685 ], [ -111.720585478137252, 40.322800025439584 ], [ -111.720392422035914, 40.32280268323089 ], [ -111.720394455556558, 40.322888542882609 ] ] ] } },
{ "type": "Feature", "properties": { "type": "Feature", "properties": { "height": 3.5624160766601562, "confidence": 0.98739999532699507 }, "id": 103 }, "geometry": { "type": "Polygon", "coordinates": [ [ [ -111.720518158485007, 40.317070185566301 ], [ -111.720374777764164, 40.317073506307167 ], [ -111.720378033659102, 40.317155235602982 ], [ -111.72060045179343, 40.317150084337882 ], [ -111.720596056335296, 40.317039749756738 ], [ -111.720517021545106, 40.317041580227233 ], [ -111.720518158485007, 40.317070185566301 ] ] ] } },
{ "type": "Feature", "properties": { "type": "Feature", "properties": { "height": 4.8547749519348145, "confidence": 0.99959999322891213 }, "id": 104 }, "geometry": { "type": "Polygon", "coordinates": [ [ [ -111.722511797539568, 40.323349703099808 ], [ -111.722397603674523, 40.323349002363329 ], [ -111.722396200312062, 40.323483100140351 ], [ -111.722510381932011, 40.323483794707606 ], [ -111.722511797539568, 40.323349703099808 ] ] ] } },
{ "type": "Feature", "properties": { "type": "Feature", "properties": { "height": 4.4606313705444336, "confidence": 0.99409997463226307 }, "id": 105 }, "geometry": { "type": "Polygon", "coordinates": [ [ [ -111.724504389699874, 40.319470916985814 ], [ -111.7243998484483, 40.319472902974411 ], [ -111.724404790796797, 40.319624142328891 ], [ -111.724509332048356, 40.319622156344742 ], [ -111.724504389699874, 40.319470916985814 ] ] ] } },
{ "type": "Feature", "properties": { "type": "Feature", "properties": { "height": 4.3430557250976562, "confidence": 0.96410000324249212 }, "id": 106 }, "geometry": { "type": "Polygon", "coordinates": [ [ [ -111.705936538064606, 40.316264635015116 ], [ -111.705865773051272, 40.316287206569335 ], [ -111.705859088584759, 40.31627502267952 ], [ -111.705706144846303, 40.316323806344244 ], [ -111.705751026264451, 40.31640561236032 ], [ -111.705974735016213, 40.316334257223758 ], [ -111.705936538064606, 40.316264635015116 ] ] ] } },
{ "type": "Feature", "properties": { "type": "Feature", "properties": { "height": 5.7575192451477051, "confidence": 0.99180001020431507 }, "id": 107 }, "geometry": { "type": "Polygon", "coordinates": [ [ [ -111.706204187309098, 40.321485437721222 ], [ -111.70620682868126, 40.321612194829406 ], [ -111.706472300660792, 40.32160899333735 ], [ -111.706471959838566, 40.321592637594058 ], [ -111.706591656804363, 40.321591194093351 ], [ -111.706589366386453, 40.321480792597889 ], [ -111.706204187309098, 40.321485437721222 ] ] ] } },
{ "type": "Feature", "properties": { "type": "Feature", "properties": { "height": 4.2620849609375, "confidence": 0.99290001392364513 }, "id": 108 }, "geometry": { "type": "Polygon", "coordinates": [ [ [ -111.709498941457525, 40.315303084804015 ], [ -111.709241472207125, 40.315301229884739 ], [ -111.709240450078738, 40.315384331439255 ], [ -111.709318227299192, 40.315384887628468 ], [ -111.709318051229005, 40.315399202557622 ], [ -111.709497743427946, 40.315400487546214 ], [ -111.709498941457525, 40.315303084804015 ] ] ] } },
{ "type": "Feature", "properties": { "type": "Feature", "properties": { "height": 5.1944379806518546, "confidence": 0.96600002050399703 }, "id": 109 }, "geometry": { "type": "Polygon", "coordinates": [ [ [ -111.709655104672365, 40.320492549141122 ], [ -111.709649304675438, 40.320688770661683 ], [ -111.709770965867605, 40.320690861108694 ], [ -111.709776783867767, 40.320494639903558 ], [ -111.709655104672365, 40.320492549141122 ] ] ] } },
{ "type": "Feature", "properties": { "type": "Feature", "properties": { "height": 4.7446441650390625, "confidence": 0.98619997501373202 }, "id": 110 }, "geometry": { "type": "Polygon", "coordinates": [ [ [ -111.712471543954351, 40.315994126513175 ], [ -111.712477951330982, 40.315821342421209 ], [ -111.712349308403191, 40.315818562045493 ], [ -111.712342900772214, 40.315991353004193 ], [ -111.712471543954351, 40.315994126513175 ] ] ] } },
{ "type": "Feature", "properties": { "type": "Feature", "properties": { "height": 2.6609194278717041, "confidence": 0.75429999828338601 }, "id": 111 }, "geometry": { "type": "Polygon", "coordinates": [ [ [ -111.712708362845419, 40.31974159667844 ], [ -111.712641328971728, 40.319742508840108 ], [ -111.71264166395342, 40.319756819546164 ], [ -111.712708697827139, 40.319755907384682 ], [ -111.712708362845419, 40.31974159667844 ] ] ] } },
{ "type": "Feature", "properties": { "type": "Feature", "properties": { "height": 4.8070034980773935, "confidence": 0.98420000076293912 }, "id": 112 }, "geometry": { "type": "Polygon", "coordinates": [ [ [ -111.714824539338849, 40.319687947746765 ], [ -111.714939872828253, 40.319687633867034 ], [ -111.714939023573208, 40.319509717495336 ], [ -111.714823690083833, 40.319510031375899 ], [ -111.714824539338849, 40.319687947746765 ] ] ] } },
{ "type": "Feature", "properties": { "type": "Feature", "properties": { "height": 5.0131387710571289, "confidence": 0.99690002202987604 }, "id": 113 }, "geometry": { "type": "Polygon", "coordinates": [ [ [ -111.717714163449884, 40.325966707715821 ], [ -111.717939415603411, 40.325964063548589 ], [ -111.717937020805351, 40.325845490284777 ], [ -111.71771176865181, 40.325848134456628 ], [ -111.717714163449884, 40.325966707715821 ] ] ] } },
{ "type": "Feature", "properties": { "type": "Feature", "properties": { "height": 4.6636157035827637, "confidence": 0.99229997396469105 }, "id": 114 }, "geometry": { "type": "Polygon", "coordinates": [ [ [ -111.722416380812433, 40.32219052423978 ], [ -111.72255745900857, 40.322192579392535 ], [ -111.722559559443155, 40.322108766424371 ], [ -111.722490866867091, 40.322107765745926 ], [ -111.722491734590008, 40.322073013949918 ], [ -111.722419341278794, 40.322071959360485 ], [ -111.722416380812433, 40.32219052423978 ] ] ] } },
{ "type": "Feature", "properties": { "type": "Feature", "properties": { "height": 4.5547952651977539, "confidence": 0.99650001525878906 }, "id": 115 }, "geometry": { "type": "Polygon", "coordinates": [ [ [ -111.724962246830813, 40.318009824151822 ], [ -111.724970593304363, 40.318821670298249 ], [ -111.725262936123713, 40.318819923053681 ], [ -111.725254589650163, 40.31800807688623 ], [ -111.724962246830813, 40.318009824151822 ] ] ] } },
{ "type": "Feature", "properties": { "type": "Feature", "properties": { "height": 5.7506227493286133, "confidence": 0.99190002679824807 }, "id": 116 }, "geometry": { "type": "Polygon", "coordinates": [ [ [ -111.708100041932923, 40.313843716711446 ], [ -111.708102456539422, 40.313932891523443 ], [ -111.70817052095704, 40.313931819962576 ], [ -111.708171020841561, 40.313950219016 ], [ -111.708218240578731, 40.313949475620113 ], [ -111.708217742382288, 40.313931076539916 ], [ -111.708347471064968, 40.313929034177889 ], [ -111.708345027185146, 40.313839083174173 ], [ -111.708258203813131, 40.313840450065364 ], [ -111.708257650261572, 40.31382000660961 ], [ -111.708188970147944, 40.313821087865357 ], [ -111.708189546537156, 40.3138423028321 ], [ -111.708100041932923, 40.313843716711446 ] ] ] } },
{ "type": "Feature", "properties": { "type": "Feature", "properties": { "height": 0.12466725707054101, "confidence": 0.96630001068115212 }, "id": 117 }, "geometry": { "type": "Polygon", "coordinates": [ [ [ -111.71926223270799, 40.316465892718888 ], [ -111.71952503973688, 40.316463143866308 ], [ -111.719524193633646, 40.316416114541745 ], [ -111.719261386604714, 40.316418863396244 ], [ -111.71926223270799, 40.316465892718888 ] ] ] } },
{ "type": "Feature", "properties": { "type": "Feature", "properties": { "height": 4.0549707412719727, "confidence": 0.93049997091293313 }, "id": 118 }, "geometry": { "type": "Polygon", "coordinates": [ [ [ -111.720251377875442, 40.320693120702856 ], [ -111.720251082601436, 40.320771574716453 ], [ -111.720492479425047, 40.320772102852857 ], [ -111.720492774747527, 40.320693635958591 ], [ -111.720251377875442, 40.320693120702856 ] ] ] } },
{ "type": "Feature", "properties": { "type": "Feature", "properties": { "height": 4.5651950836181641, "confidence": 0.98100000619888306 }, "id": 119 }, "geometry": { "type": "Polygon", "coordinates": [ [ [ -111.721232420715012, 40.314473525964587 ], [ -111.721541002777585, 40.314615612055299 ], [ -111.721722596633697, 40.314386311593474 ], [ -111.721414014571124, 40.314244225020261 ], [ -111.721232420715012, 40.314473525964587 ] ] ] } },
{ "type": "Feature", "properties": { "type": "Feature", "properties": { "height": 3.8486819267272949, "confidence": 0.99210000038146906 }, "id": 120 }, "geometry": { "type": "Polygon", "coordinates": [ [ [ -111.722090845834131, 40.317431302793608 ], [ -111.722281206934241, 40.317428407615665 ], [ -111.722279121205204, 40.31734868007544 ], [ -111.722088760105123, 40.317351575256801 ], [ -111.722090845834131, 40.317431302793608 ] ] ] } },
{ "type": "Feature", "properties": { "type": "Feature", "properties": { "height": 4.5559072494506845, "confidence": 0.98519998788833607 }, "id": 121 }, "geometry": { "type": "Polygon", "coordinates": [ [ [ -111.708452329148869, 40.320936292781035 ], [ -111.708337202608547, 40.320947541249645 ], [ -111.708359847837656, 40.321082343656016 ], [ -111.708385264881585, 40.321079860282239 ], [ -111.708393719136666, 40.32113015917664 ], [ -111.708483440807569, 40.321121392921299 ], [ -111.708473633871691, 40.32106304619272 ], [ -111.708515855834463, 40.321058920892121 ], [ -111.708507401579354, 40.321008621944642 ], [ -111.708465179616596, 40.321012747248318 ], [ -111.708452329148869, 40.320936292781035 ] ] ] } },
{ "type": "Feature", "properties": { "type": "Feature", "properties": { "height": 3.9979307651519771, "confidence": 0.98809999227523804 }, "id": 122 }, "geometry": { "type": "Polygon", "coordinates": [ [ [ -111.710409844938411, 40.32307330532521 ], [ -111.710144427984631, 40.323077639096262 ], [ -111.710146265341095, 40.32314304704628 ], [ -111.710211723054144, 40.323141978243193 ], [ -111.710214200066659, 40.323229869945955 ], [ -111.710352488718073, 40.323227611951566 ], [ -111.710351053283304, 40.323176512060044 ], [ -111.710412715807934, 40.323175505225834 ], [ -111.710409844938411, 40.32307330532521 ] ] ] } },
{ "type": "Feature", "properties": { "type": "Feature", "properties": { "height": 4.1913342475891113, "confidence": 0.91380000114440907 }, "id": 123 }, "geometry": { "type": "Polygon", "coordinates": [ [ [ -111.713933691976848, 40.322098788036108 ], [ -111.714075826245292, 40.322100160811644 ], [ -111.714077321044101, 40.322010196660308 ], [ -111.713991504127307, 40.322009367813607 ], [ -111.713991504127307, 40.322009367813607 ], [ -111.713935186775657, 40.322008823882946 ], [ -111.713933691976848, 40.322098788036108 ] ] ] } },
{ "type": "Feature", "properties": { "type": "Feature", "properties": { "height": 4.8856515884399414, "confidence": 0.99409997463226307 }, "id": 124 }, "geometry": { "type": "Polygon", "coordinates": [ [ [ -111.714002087028319, 40.325671738401425 ], [ -111.713842596328277, 40.325668768377334 ], [ -111.71384037649149, 40.325738252191371 ], [ -111.713873872161926, 40.325738875944673 ], [ -111.713872235241467, 40.325789966851005 ], [ -111.713998223896056, 40.325792312998281 ], [ -111.714002087028319, 40.325671738401425 ] ] ] } },
{ "type": "Feature", "properties": { "type": "Feature", "properties": { "height": 5.0185894966125488, "confidence": 0.99940001964569003 }, "id": 125 }, "geometry": { "type": "Polygon", "coordinates": [ [ [ -111.714897105431461, 40.322997318540111 ], [ -111.714890726421189, 40.323140298718606 ], [ -111.715020437254509, 40.323143662501579 ], [ -111.715026803154373, 40.323000681990216 ], [ -111.714897105431461, 40.322997318540111 ] ] ] } },
{ "type": "Feature", "properties": { "type": "Feature", "properties": { "height": 4.8344359397888184, "confidence": 0.99540001153945912 }, "id": 126 }, "geometry": { "type": "Polygon", "coordinates": [ [ [ -111.715371081367252, 40.315382055126399 ], [ -111.715560265141931, 40.315379056614951 ], [ -111.715559652110585, 40.315356569456036 ], [ -111.715625165706541, 40.315355531082936 ], [ -111.715622284275355, 40.315250189281095 ], [ -111.715311283315174, 40.315255135168101 ], [ -111.715314276127941, 40.315364548941261 ], [ -111.71537057810805, 40.315363656569957 ], [ -111.715371081367252, 40.315382055126399 ] ] ] } },
{ "type": "Feature", "properties": { "type": "Feature", "properties": { "height": 0.63999998569488503, "confidence": 1.0 }, "id": 127 }, "geometry": { "type": "Polygon", "coordinates": [ [ [ -111.716159176808233, 40.319596978449766 ], [ -111.716287867795799, 40.319594952594521 ], [ -111.716285812715071, 40.319519318332773 ], [ -111.716157121727491, 40.319521344190292 ], [ -111.716159176808233, 40.319596978449766 ] ] ] } },
{ "type": "Feature", "properties": { "type": "Feature", "properties": { "height": 10.268621444702148, "confidence": 0.98049998283386208 }, "id": 128 }, "geometry": { "type": "Polygon", "coordinates": [ [ [ -111.718209401632393, 40.312330342904723 ], [ -111.717925091844236, 40.312329493206256 ], [ -111.717923882916395, 40.312564694371645 ], [ -111.717956068930164, 40.312564790563577 ], [ -111.717955858681833, 40.312605695030406 ], [ -111.71792635483591, 40.312605606854504 ], [ -111.717924893610089, 40.312889892214805 ], [ -111.717932940113542, 40.312889916262669 ], [ -111.717932425005159, 40.312990131679882 ], [ -111.717951200179854, 40.312990187791506 ], [ -111.717950926857043, 40.313043363258565 ], [ -111.718214735846004, 40.313044151679264 ], [ -111.718216126863496, 40.312778274001261 ], [ -111.718185642070807, 40.312778182893908 ], [ -111.718186504088905, 40.31261047485085 ], [ -111.718207961431403, 40.312610538978774 ], [ -111.718209401632393, 40.312330342904723 ] ] ] } },
{ "type": "Feature", "properties": { "type": "Feature", "properties": { "height": 6.1732635498046866, "confidence": 1.0 }, "id": 129 }, "geometry": { "type": "Polygon", "coordinates": [ [ [ -111.720769547191352, 40.3239272614057 ], [ -111.72076678571716, 40.323845519132703 ], [ -111.720587196846211, 40.323849045586101 ], [ -111.720589958320389, 40.323930787854827 ], [ -111.720769547191352, 40.3239272614057 ] ] ] } },
{ "type": "Feature", "properties": { "type": "Feature", "properties": { "height": 4.9108648300170898, "confidence": 0.99119997024536111 }, "id": 130 }, "geometry": { "type": "Polygon", "coordinates": [ [ [ -111.724161559667152, 40.318532512423253 ], [ -111.724015555150245, 40.318534701785893 ], [ -111.724019217912527, 40.318676702303129 ], [ -111.724165209599875, 40.318674520928084 ], [ -111.724161559667152, 40.318532512423253 ] ] ] } },
{ "type": "Feature", "properties": { "type": "Feature", "properties": { "height": 6.5122461318969727, "confidence": 0.96329998970031705 }, "id": 131 }, "geometry": { "type": "Polygon", "coordinates": [ [ [ -111.708110543856122, 40.31675696302166 ], [ -111.708115262606469, 40.316889798784636 ], [ -111.708233193285253, 40.316887363254899 ], [ -111.708228474534906, 40.316754527487113 ], [ -111.708110543856122, 40.31675696302166 ] ] ] } },
{ "type": "Feature", "properties": { "type": "Feature", "properties": { "height": 5.811699390411377, "confidence": 0.99059998989105202 }, "id": 132 }, "geometry": { "type": "Polygon", "coordinates": [ [ [ -111.708596444983414, 40.316471534229336 ], [ -111.708733216415993, 40.316470235036071 ], [ -111.708731324194446, 40.316354423025452 ], [ -111.708594552881095, 40.316355729518641 ], [ -111.708596444983414, 40.316471534229336 ] ] ] } },
{ "type": "Feature", "properties": { "type": "Feature", "properties": { "height": 1.0518518686294549, "confidence": 0.94779998064041104 }, "id": 133 }, "geometry": { "type": "Polygon", "coordinates": [ [ [ -111.708699909350045, 40.324248012638883 ], [ -111.708671557378921, 40.324252371116671 ], [ -111.708678121835035, 40.324277200010478 ], [ -111.708706474190549, 40.32427284298808 ], [ -111.708699909350045, 40.324248012638883 ] ] ] } },
{ "type": "Feature", "properties": { "type": "Feature", "properties": { "height": 4.322718620300293, "confidence": 0.9979000091552731 }, "id": 134 }, "geometry": { "type": "Polygon", "coordinates": [ [ [ -111.710492856110591, 40.314770611482523 ], [ -111.710605486153781, 40.314769391314641 ], [ -111.710602095218022, 40.314587406018752 ], [ -111.710489465174831, 40.314588626189916 ], [ -111.710492856110591, 40.314770611482523 ] ] ] } },
{ "type": "Feature", "properties": { "type": "Feature", "properties": { "height": 4.6849889755249023, "confidence": 0.97960001230239813 }, "id": 135 }, "geometry": { "type": "Polygon", "coordinates": [ [ [ -111.710503026205075, 40.317119609562816 ], [ -111.710685377214048, 40.317117575760896 ], [ -111.710682878347257, 40.316987941047579 ], [ -111.710575613158198, 40.316989143126925 ], [ -111.710576637913121, 40.317042304777708 ], [ -111.710501552280746, 40.317043146232557 ], [ -111.710503026205075, 40.317119609562816 ] ] ] } },
{ "type": "Feature", "properties": { "type": "Feature", "properties": { "height": 5.2408127784729004, "confidence": 0.98849999904632513 }, "id": 136 }, "geometry": { "type": "Polygon", "coordinates": [ [ [ -111.711321659024918, 40.314322482855644 ], [ -111.711506731414289, 40.314322423595172 ], [ -111.711506707761018, 40.314279474344033 ], [ -111.711582879715266, 40.314279449953645 ], [ -111.711582820024248, 40.314186547634364 ], [ -111.711353770717125, 40.314186633200151 ], [ -111.711353795496763, 40.314231627713568 ], [ -111.71132160899522, 40.314231639737443 ], [ -111.711321659024918, 40.314322482855644 ] ] ] } },
{ "type": "Feature", "properties": { "type": "Feature", "properties": { "height": 5.2680673599243164, "confidence": 0.98150002956390303 }, "id": 137 }, "geometry": { "type": "Polygon", "coordinates": [ [ [ -111.719253196740539, 40.32501205194265 ], [ -111.719283858145204, 40.325067661935677 ], [ -111.719432021751089, 40.325020179818097 ], [ -111.719369740772876, 40.324907221892317 ], [ -111.719258048208417, 40.324943016167019 ], [ -111.719289667781993, 40.325000364030245 ], [ -111.719253196740539, 40.32501205194265 ] ] ] } },
{ "type": "Feature", "properties": { "type": "Feature", "properties": { "height": 8.3783645629882812, "confidence": 0.99169999361038208 }, "id": 138 }, "geometry": { "type": "Polygon", "coordinates": [ [ [ -111.719487905502319, 40.316372778960272 ], [ -111.719734668731689, 40.316372778960272 ], [ -111.719734668731689, 40.316160084060698 ], [ -111.719627380371094, 40.316160084060698 ], [ -111.719627380371094, 40.31613145200383 ], [ -111.719565689563751, 40.31613145200383 ], [ -111.719565689563751, 40.316158038914182 ], [ -111.719487905502319, 40.316158038914182 ], [ -111.719487905502319, 40.316372778960272 ] ] ] } },
{ "type": "Feature", "properties": { "type": "Feature", "properties": { "height": 2.8007247447967529, "confidence": 1.0 }, "id": 139 }, "geometry": { "type": "Polygon", "coordinates": [ [ [ -111.720211809471053, 40.323225763999339 ], [ -111.720213746190367, 40.32327275102854 ], [ -111.720245900944818, 40.323271980646503 ], [ -111.72024396422546, 40.323224993616755 ], [ -111.720211809471053, 40.323225763999339 ] ] ] } },
{ "type": "Feature", "properties": { "type": "Feature", "properties": { "height": 0.0, "confidence": 0.98960000276565507 }, "id": 140 }, "geometry": { "type": "Polygon", "coordinates": [ [ [ -111.72079516810301, 40.315734316291831 ], [ -111.720800869692567, 40.315944877924508 ], [ -111.721028760641403, 40.315941302429607 ], [ -111.72102741084619, 40.315891454091911 ], [ -111.720987194854473, 40.315892087207331 ], [ -111.720985866330679, 40.3158430243938 ], [ -111.721012676991805, 40.31584260231655 ], [ -111.721011259003816, 40.315790235522201 ], [ -111.721008577933858, 40.315790277586942 ], [ -111.721006972631926, 40.315730993174448 ], [ -111.72079516810301, 40.315734316291831 ] ] ] } },
{ "type": "Feature", "properties": { "type": "Feature", "properties": { "height": 3.906241655349731, "confidence": 0.98919999599456709 }, "id": 141 }, "geometry": { "type": "Polygon", "coordinates": [ [ [ -111.722638799819663, 40.324727064739086 ], [ -111.722705830394204, 40.324726084733037 ], [ -111.722707218670223, 40.324781276362806 ], [ -111.722830554927413, 40.324779473153122 ], [ -111.722827315616726, 40.32465069261 ], [ -111.722636948784981, 40.324653475830253 ], [ -111.722638799819663, 40.324727064739086 ] ] ] } },
{ "type": "Feature", "properties": { "type": "Feature", "properties": { "height": 3.7929403781890869, "confidence": 0.93239998817443803 }, "id": 142 }, "geometry": { "type": "Polygon", "coordinates": [ [ [ -111.723206802805819, 40.317333089145698 ], [ -111.723210709879737, 40.317431163911749 ], [ -111.723344696707642, 40.317428060752739 ], [ -111.723344045528648, 40.317411714967527 ], [ -111.723396316786236, 40.317410504355486 ], [ -111.72339305339618, 40.317328775542244 ], [ -111.723206802805819, 40.317333089145698 ] ] ] } },
{ "type": "Feature", "properties": { "type": "Feature", "properties": { "height": 4.8839807510375977, "confidence": 0.99849998950958208 }, "id": 143 }, "geometry": { "type": "Polygon", "coordinates": [ [ [ -111.710297080280654, 40.319991932869037 ], [ -111.710300047261455, 40.319865181236942 ], [ -111.71016061680416, 40.319863283944102 ], [ -111.710158176223175, 40.319967547403706 ], [ -111.71012063725388, 40.319967036594889 ], [ -111.710118962345376, 40.320038589856878 ], [ -111.710202084348751, 40.320039720932371 ], [ -111.710203232857467, 40.31999065584742 ], [ -111.710297080280654, 40.319991932869037 ] ] ] } },
{ "type": "Feature", "properties": { "type": "Feature", "properties": { "height": 4.3326725959777832, "confidence": 0.98479998111724809 }, "id": 144 }, "geometry": { "type": "Polygon", "coordinates": [ [ [ -111.713780744153766, 40.317664439815047 ], [ -111.713779562711579, 40.317732901561357 ], [ -111.713830515814436, 40.317733415466179 ], [ -111.713828450980969, 40.317853067454301 ], [ -111.713942368003032, 40.317854210321968 ], [ -111.713945631590235, 40.317666094045805 ], [ -111.713780744153766, 40.317664439815047 ] ] ] } },
{ "type": "Feature", "properties": { "type": "Feature", "properties": { "height": 4.9539833068847665, "confidence": 0.97549998760223311 }, "id": 145 }, "geometry": { "type": "Polygon", "coordinates": [ [ [ -111.71382159934673, 40.316737852559093 ], [ -111.713818000273577, 40.316930055229079 ], [ -111.713933311754602, 40.316931310559696 ], [ -111.713936910827755, 40.316739107893284 ], [ -111.71382159934673, 40.316737852559093 ] ] ] } },
{ "type": "Feature", "properties": { "type": "Feature", "properties": { "height": 6.1701054573059082, "confidence": 0.96170002222061113 }, "id": 146 }, "geometry": { "type": "Polygon", "coordinates": [ [ [ -111.716326867272542, 40.315837671877404 ], [ -111.716330985812263, 40.316031910670695 ], [ -111.716465061217676, 40.31603025786314 ], [ -111.716460942677941, 40.315836019065081 ], [ -111.716326867272542, 40.315837671877404 ] ] ] } },
{ "type": "Feature", "properties": { "type": "Feature", "properties": { "height": 4.7524480819702148, "confidence": 0.99839997291564908 }, "id": 147 }, "geometry": { "type": "Polygon", "coordinates": [ [ [ -111.717854027477088, 40.321155944852983 ], [ -111.717857391125818, 40.321241757953253 ], [ -111.718095894714324, 40.321236323567241 ], [ -111.718092691239363, 40.32115459680098 ], [ -111.717996217877698, 40.321156794982315 ], [ -111.717993895358362, 40.32109754301684 ], [ -111.717921540337102, 40.321099191654227 ], [ -111.717923702682725, 40.321154357277585 ], [ -111.717854027477088, 40.321155944852983 ] ] ] } },
{ "type": "Feature", "properties": { "type": "Feature", "properties": { "height": 6.915769100189209, "confidence": 0.98369997739791804 }, "id": 148 }, "geometry": { "type": "Polygon", "coordinates": [ [ [ -111.717979692199336, 40.313955820685607 ], [ -111.717980475947101, 40.314297369388669 ], [ -111.718170912204144, 40.314297115313629 ], [ -111.718170611845721, 40.314166222601152 ], [ -111.718181340648925, 40.314166208287041 ], [ -111.718181218628317, 40.314113033050127 ], [ -111.718168862462846, 40.314113049535443 ], [ -111.718168486639399, 40.313955568799763 ], [ -111.717979692199336, 40.313955820685607 ] ] ] } },
{ "type": "Feature", "properties": { "type": "Feature", "properties": { "height": 1.4932330846786499, "confidence": 0.98350000381469704 }, "id": 149 }, "geometry": { "type": "Polygon", "coordinates": [ [ [ -111.719023528273155, 40.315240572395929 ], [ -111.719134977335827, 40.315320163304968 ], [ -111.719177800758956, 40.315285299955207 ], [ -111.719066351696256, 40.31520570900507 ], [ -111.719023528273155, 40.315240572395929 ] ] ] } },
{ "type": "Feature", "properties": { "type": "Feature", "properties": { "height": 5.0410542488098136, "confidence": 0.98360002040863004 }, "id": 150 }, "geometry": { "type": "Polygon", "coordinates": [ [ [ -111.720824674570792, 40.31737250151221 ], [ -111.720831128965102, 40.317552336257577 ], [ -111.720941017241898, 40.317550043387023 ], [ -111.72093456284756, 40.317370208635559 ], [ -111.720824674570792, 40.31737250151221 ] ] ] } },
{ "type": "Feature", "properties": { "type": "Feature", "properties": { "height": 4.2764787673950186, "confidence": 0.99559998512268011 }, "id": 151 }, "geometry": { "type": "Polygon", "coordinates": [ [ [ -111.721008303125714, 40.318966310792597 ], [ -111.721004989350746, 40.318868212667944 ], [ -111.720925766236235, 40.318869764200585 ], [ -111.720926248182764, 40.318884070211325 ], [ -111.720781504392832, 40.318886904922635 ], [ -111.720784327222418, 40.318970697206979 ], [ -111.721008303125714, 40.318966310792597 ] ] ] } },
{ "type": "Feature", "properties": { "type": "Feature", "properties": { "height": 4.5103797912597656, "confidence": 0.99049997329711903 }, "id": 152 }, "geometry": { "type": "Polygon", "coordinates": [ [ [ -111.721316262913248, 40.319856585761009 ], [ -111.721469109048314, 40.319854701664994 ], [ -111.721467399512704, 40.319773730561927 ], [ -111.721429858314437, 40.319774191320136 ], [ -111.721428736012186, 40.319721034111247 ], [ -111.721313430903223, 40.319722449298276 ], [ -111.721316262913248, 40.319856585761009 ] ] ] } },
{ "type": "Feature", "properties": { "type": "Feature", "properties": { "height": 4.9585413932800293, "confidence": 0.96380001306533802 }, "id": 153 }, "geometry": { "type": "Polygon", "coordinates": [ [ [ -111.723816329513696, 40.322894367896332 ], [ -111.724044283083629, 40.322896496532714 ], [ -111.724045596958703, 40.322814711054725 ], [ -111.723817643388784, 40.32281258241575 ], [ -111.723816329513696, 40.322894367896332 ] ] ] } },
{ "type": "Feature", "properties": { "type": "Feature", "properties": { "height": 3.239215612411499, "confidence": 0.91070002317428511 }, "id": 154 }, "geometry": { "type": "Polygon", "coordinates": [ [ [ -111.727037445481443, 40.324871452602267 ], [ -111.727038833712513, 40.324912322834663 ], [ -111.727175534701232, 40.324909623992745 ], [ -111.727174146470176, 40.324868753758714 ], [ -111.727037445481443, 40.324871452602267 ] ] ] } },
{ "type": "Feature", "properties": { "type": "Feature", "properties": { "height": 4.2638192176818848, "confidence": 0.9779999852180481 }, "id": 155 }, "geometry": { "type": "Polygon", "coordinates": [ [ [ -111.728039586603657, 40.325563213426292 ], [ -111.727965868350054, 40.325178815895725 ], [ -111.727871329718468, 40.325189353698427 ], [ -111.727945047972057, 40.32557375116896 ], [ -111.728039586603657, 40.325563213426292 ] ] ] } },
{ "type": "Feature", "properties": { "type": "Feature", "properties": { "height": 4.1883969306945801, "confidence": 0.96020001173019409 }, "id": 156 }, "geometry": { "type": "Polygon", "coordinates": [ [ [ -111.728057457591746, 40.325105012367239 ], [ -111.728108907851478, 40.325191514141522 ], [ -111.728284662956412, 40.325130754054605 ], [ -111.728233212696693, 40.325044252202474 ], [ -111.728057457591746, 40.325105012367239 ] ] ] } },
{ "type": "Feature", "properties": { "type": "Feature", "properties": { "height": 6.0072712898254386, "confidence": 0.9846000075340271 }, "id": 157 }, "geometry": { "type": "Polygon", "coordinates": [ [ [ -111.706509823280101, 40.317511342604874 ], [ -111.706466848689814, 40.317632161317022 ], [ -111.706653023373534, 40.317670649819142 ], [ -111.706695984342275, 40.317549838294205 ], [ -111.706509823280101, 40.317511342604874 ] ] ] } },
{ "type": "Feature", "properties": { "type": "Feature", "properties": { "height": 5.5523786544799805, "confidence": 0.98000001907348611 }, "id": 158 }, "geometry": { "type": "Polygon", "coordinates": [ [ [ -111.708227765989236, 40.316532380834225 ], [ -111.70809907500167, 40.316534406781358 ], [ -111.708101352253323, 40.316618221420278 ], [ -111.708057170953424, 40.316618916953558 ], [ -111.708059053028791, 40.316688421796833 ], [ -111.708211873797268, 40.316686015986626 ], [ -111.708210323852867, 40.316628776707077 ], [ -111.708230376497212, 40.316628461024209 ], [ -111.708227765989236, 40.316532380834225 ] ] ] } },
{ "type": "Feature", "properties": { "type": "Feature", "properties": { "height": 4.8887453079223633, "confidence": 0.96590000391006403 }, "id": 159 }, "geometry": { "type": "Polygon", "coordinates": [ [ [ -111.709971882771029, 40.317133888244371 ], [ -111.710130085440696, 40.317131794519582 ], [ -111.710128875357086, 40.31707863747004 ], [ -111.710155689368904, 40.317078282601145 ], [ -111.710153594993386, 40.316986279916001 ], [ -111.70996857831193, 40.316988728514673 ], [ -111.709971882771029, 40.317133888244371 ] ] ] } },
{ "type": "Feature", "properties": { "type": "Feature", "properties": { "height": 4.7674212455749512, "confidence": 0.98710000514984109 }, "id": 160 }, "geometry": { "type": "Polygon", "coordinates": [ [ [ -111.712460116612007, 40.314157472428676 ], [ -111.712457618476421, 40.314243328812175 ], [ -111.712674770516017, 40.314247002445889 ], [ -111.712677268651618, 40.314161146067072 ], [ -111.712460116612007, 40.314157472428676 ] ] ] } },
{ "type": "Feature", "properties": { "type": "Feature", "properties": { "height": 2.934272289276123, "confidence": 0.97990000247955311 }, "id": 161 }, "geometry": { "type": "Polygon", "coordinates": [ [ [ -111.718422737714434, 40.325353778821835 ], [ -111.718365118009544, 40.325352235430806 ], [ -111.718364214309105, 40.325371844854018 ], [ -111.718421832074227, 40.325373391267021 ], [ -111.718422737714434, 40.325353778821835 ] ] ] } },
{ "type": "Feature", "properties": { "type": "Feature", "properties": { "height": 5.2306857109069824, "confidence": 0.98580002784729004 }, "id": 162 }, "geometry": { "type": "Polygon", "coordinates": [ [ [ -111.718438257350044, 40.313808718666813 ], [ -111.718438622285362, 40.313661463357434 ], [ -111.718264279321957, 40.313661212142975 ], [ -111.7182642945276, 40.313655076498087 ], [ -111.718199921741117, 40.313654983741976 ], [ -111.718199901466932, 40.313663164601721 ], [ -111.7179933721103, 40.313662867009207 ], [ -111.717993012243539, 40.313808077105151 ], [ -111.718438257350044, 40.313808718666813 ] ] ] } },
{ "type": "Feature", "properties": { "type": "Feature", "properties": { "height": 3.9302794933319092, "confidence": 0.99339997768402111 }, "id": 163 }, "geometry": { "type": "Polygon", "coordinates": [ [ [ -111.719200635203293, 40.320704158259524 ], [ -111.719199903319719, 40.320673493274072 ], [ -111.719159683502653, 40.320674051287661 ], [ -111.719160396952176, 40.320703943910296 ], [ -111.719069231917402, 40.320705203877353 ], [ -111.719071086024826, 40.320782888542524 ], [ -111.719301679936265, 40.320779701570608 ], [ -111.719299844085398, 40.320702781826633 ], [ -111.719200635203293, 40.320704158259524 ] ] ] } },
{ "type": "Feature", "properties": { "type": "Feature", "properties": { "height": 6.974611759185791, "confidence": 0.94539999961853005 }, "id": 164 }, "geometry": { "type": "Polygon", "coordinates": [ [ [ -111.70520493424165, 40.317105897548181 ], [ -111.704997725798307, 40.317294941724214 ], [ -111.705157225513759, 40.317396579077148 ], [ -111.705364433957101, 40.317207535185709 ], [ -111.70520493424165, 40.317105897548181 ] ] ] } },
{ "type": "Feature", "properties": { "type": "Feature", "properties": { "height": 5.1130871772766113, "confidence": 0.98830002546310403 }, "id": 165 }, "geometry": { "type": "Polygon", "coordinates": [ [ [ -111.706770763312448, 40.316132719979144 ], [ -111.707017493637892, 40.316134892515272 ], [ -111.707018608573307, 40.316061276991526 ], [ -111.706946198586479, 40.316060639398707 ], [ -111.706946415379477, 40.316046325259634 ], [ -111.706772095040861, 40.31604479031364 ], [ -111.706770763312448, 40.316132719979144 ] ] ] } },
{ "type": "Feature", "properties": { "type": "Feature", "properties": { "height": 5.4274826049804688, "confidence": 0.91250002384185702 }, "id": 166 }, "geometry": { "type": "Polygon", "coordinates": [ [ [ -111.708685003337862, 40.320779747253049 ], [ -111.708708788526536, 40.320847790177439 ], [ -111.708813971931946, 40.320826422349356 ], [ -111.708752807958035, 40.320651448741984 ], [ -111.708637609091809, 40.320674857401244 ], [ -111.708660969687656, 40.320741685786004 ], [ -111.708626859905593, 40.3207486169592 ], [ -111.708640872826379, 40.320788714652537 ], [ -111.708685003337862, 40.320779747253049 ] ] ] } },
{ "type": "Feature", "properties": { "type": "Feature", "properties": { "height": 4.1899805068969727, "confidence": 0.95719999074935902 }, "id": 167 }, "geometry": { "type": "Polygon", "coordinates": [ [ [ -111.709753721817407, 40.314897782469274 ], [ -111.709640687944031, 40.314867283563856 ], [ -111.709558009274986, 40.315045403081072 ], [ -111.709671057678321, 40.315075905826518 ], [ -111.709753721817407, 40.314897782469274 ] ] ] } },
{ "type": "Feature", "properties": { "type": "Feature", "properties": { "height": 5.9052743911743164, "confidence": 0.97850000858306807 }, "id": 168 }, "geometry": { "type": "Polygon", "coordinates": [ [ [ -111.71895244835639, 40.321760184902601 ], [ -111.718869388989191, 40.321762259141643 ], [ -111.71887202181783, 40.321823542668128 ], [ -111.718955081185015, 40.321821468430969 ], [ -111.71895244835639, 40.321760184902601 ] ] ] } },
{ "type": "Feature", "properties": { "type": "Feature", "properties": { "height": 5.2006402015686026, "confidence": 0.99550002813339211 }, "id": 169 }, "geometry": { "type": "Polygon", "coordinates": [ [ [ -111.706837234506963, 40.315466383225242 ], [ -111.706835274952795, 40.315343691259756 ], [ -111.706666320841578, 40.315345260117702 ], [ -111.706667510196866, 40.315419728273433 ], [ -111.706741093581414, 40.31541904107376 ], [ -111.706741868269134, 40.315467268766341 ], [ -111.706837234506963, 40.315466383225242 ] ] ] } },
{ "type": "Feature", "properties": { "type": "Feature", "properties": { "height": 4.6785964965820312, "confidence": 0.97759997844696012 }, "id": 170 }, "geometry": { "type": "Polygon", "coordinates": [ [ [ -111.70766735231885, 40.316142738648146 ], [ -111.707782675099537, 40.316143643323812 ], [ -111.70778336491442, 40.316092520041266 ], [ -111.70783432149193, 40.316092919781973 ], [ -111.707835149269783, 40.31603157179218 ], [ -111.707776146916856, 40.316031108934105 ], [ -111.707777167842863, 40.315955446336069 ], [ -111.707685982388355, 40.315954731009128 ], [ -111.707685209795699, 40.316011989199829 ], [ -111.707669118244908, 40.316011862965773 ], [ -111.70766735231885, 40.316142738648146 ] ] ] } },
{ "type": "Feature", "properties": { "type": "Feature", "properties": { "height": 4.9207029342651367, "confidence": 0.97759997844696012 }, "id": 171 }, "geometry": { "type": "Polygon", "coordinates": [ [ [ -111.708616126380377, 40.323716268799828 ], [ -111.70862929413569, 40.323594400623065 ], [ -111.708326729998319, 40.323575398308115 ], [ -111.708312696245699, 40.323705391803166 ], [ -111.708467216692881, 40.323715096326573 ], [ -111.708468093802423, 40.323706971741643 ], [ -111.708616126380377, 40.323716268799828 ] ] ] } },
{ "type": "Feature", "properties": { "type": "Feature", "properties": { "height": 4.8595104217529297, "confidence": 0.9779999852180481 }, "id": 172 }, "geometry": { "type": "Polygon", "coordinates": [ [ [ -111.71282675772288, 40.322578944949527 ], [ -111.712716850123755, 40.32258095068147 ], [ -111.712718710910181, 40.322640220305352 ], [ -111.712603441964745, 40.322642323875961 ], [ -111.712605623576408, 40.322711812332066 ], [ -111.712830800120955, 40.322707703035498 ], [ -111.71282675772288, 40.322578944949527 ] ] ] } },
{ "type": "Feature", "properties": { "type": "Feature", "properties": { "height": 3.4609196186065669, "confidence": 0.98849999904632513 }, "id": 173 }, "geometry": { "type": "Polygon", "coordinates": [ [ [ -111.718189937611555, 40.322950128828765 ], [ -111.718188871441157, 40.322868339225266 ], [ -111.717955542303244, 40.322870107193765 ], [ -111.717956608473642, 40.322951896795111 ], [ -111.718189937611555, 40.322950128828765 ] ] ] } },
{ "type": "Feature", "properties": { "type": "Feature", "properties": { "height": 5.0202922821044922, "confidence": 0.98930001258850109 }, "id": 174 }, "geometry": { "type": "Polygon", "coordinates": [ [ [ -111.721720545284924, 40.324218555838101 ], [ -111.721857328615272, 40.324217694599071 ], [ -111.72185659766555, 40.324150217388031 ], [ -111.721837823482957, 40.324150335597444 ], [ -111.721836662704845, 40.324043178881844 ], [ -111.72174815589517, 40.324043740877933 ], [ -111.721748718572371, 40.324095684193495 ], [ -111.721719216285436, 40.324095869951265 ], [ -111.721720545284924, 40.324218555838101 ] ] ] } },
{ "type": "Feature", "properties": { "type": "Feature", "properties": { "height": 6.5205631256103525, "confidence": 0.99669998884201005 }, "id": 175 }, "geometry": { "type": "Polygon", "coordinates": [ [ [ -111.723331110849131, 40.322738235681307 ], [ -111.723216952160868, 40.322735677234959 ], [ -111.723211954497259, 40.322865299097671 ], [ -111.723326101061417, 40.322867863358283 ], [ -111.723331110849131, 40.322738235681307 ] ] ] } },
{ "type": "Feature", "properties": { "type": "Feature", "properties": { "height": 5.5754718780517578, "confidence": 0.99430000782012906 }, "id": 176 }, "geometry": { "type": "Polygon", "coordinates": [ [ [ -111.723440912948135, 40.320161722131942 ], [ -111.723333243785746, 40.320136275417397 ], [ -111.723283169486763, 40.320259412376352 ], [ -111.723390838649152, 40.320284859044463 ], [ -111.723440912948135, 40.320161722131942 ] ] ] } },
{ "type": "Feature", "properties": { "type": "Feature", "properties": { "height": 5.3747906684875488, "confidence": 0.99330002069473211 }, "id": 177 }, "geometry": { "type": "Polygon", "coordinates": [ [ [ -111.70941446572391, 40.320533625667863 ], [ -111.70924018576325, 40.320536164548713 ], [ -111.709243566950619, 40.320671086077063 ], [ -111.709345453696841, 40.32066960181124 ], [ -111.70934412171394, 40.320616450937152 ], [ -111.709416514928364, 40.32061539632636 ], [ -111.70941446572391, 40.320533625667863 ] ] ] } },
{ "type": "Feature", "properties": { "type": "Feature", "properties": { "height": 5.7376790046691895, "confidence": 0.98070001602172807 }, "id": 178 }, "geometry": { "type": "Polygon", "coordinates": [ [ [ -111.710652098153176, 40.31436315983899 ], [ -111.710469715834122, 40.314364074757677 ], [ -111.710470686328293, 40.314476555844124 ], [ -111.71049214307169, 40.314476448206811 ], [ -111.710492707722835, 40.314541891661911 ], [ -111.710653633298463, 40.314541084382824 ], [ -111.710652098153176, 40.31436315983899 ] ] ] } },
{ "type": "Feature", "properties": { "type": "Feature", "properties": { "height": 4.426668643951416, "confidence": 0.97039997577667203 }, "id": 179 }, "geometry": { "type": "Polygon", "coordinates": [ [ [ -111.710984744750789, 40.324031272280337 ], [ -111.710985271496412, 40.323937208158519 ], [ -111.710978719477239, 40.323937186832239 ], [ -111.710979215184835, 40.323850093007636 ], [ -111.71082482964735, 40.323849582256663 ], [ -111.710824440313758, 40.323919107994037 ], [ -111.710762750649266, 40.323918903907405 ], [ -111.710762201001813, 40.324017057767954 ], [ -111.71087216953417, 40.324017421574034 ], [ -111.710872094025461, 40.324030905611885 ], [ -111.710984744750789, 40.324031272280337 ] ] ] } },
{ "type": "Feature", "properties": { "type": "Feature", "properties": { "height": 3.2384319305419922, "confidence": 0.99870002269744806 }, "id": 180 }, "geometry": { "type": "Polygon", "coordinates": [ [ [ -111.711885016011109, 40.316072681282186 ], [ -111.711806811411194, 40.316101569764335 ], [ -111.71186304419426, 40.316190073442272 ], [ -111.711941250941862, 40.316161188378189 ], [ -111.711885016011109, 40.316072681282186 ] ] ] } },
{ "type": "Feature", "properties": { "type": "Feature", "properties": { "height": 2.6636636257171631, "confidence": 0.99699997901916504 }, "id": 181 }, "geometry": { "type": "Polygon", "coordinates": [ [ [ -111.714793321105873, 40.321213187695115 ], [ -111.714745041833154, 40.321213071763722 ], [ -111.714744722329129, 40.32128873571105 ], [ -111.714793001601848, 40.321288851642315 ], [ -111.714793321105873, 40.321213187695115 ] ] ] } },
{ "type": "Feature", "properties": { "type": "Feature", "properties": { "height": 4.9123525619506845, "confidence": 0.97920000553131104 }, "id": 182 }, "geometry": { "type": "Polygon", "coordinates": [ [ [ -111.718275221480326, 40.321235552352526 ], [ -111.718387845328266, 40.321234176114473 ], [ -111.718384106251634, 40.321056307197956 ], [ -111.718271482403694, 40.321057683439633 ], [ -111.718275221480326, 40.321235552352526 ] ] ] } },
{ "type": "Feature", "properties": { "type": "Feature", "properties": { "height": 3.8579947948455811, "confidence": 0.96189999580383312 }, "id": 183 }, "geometry": { "type": "Polygon", "coordinates": [ [ [ -111.724355421662139, 40.322481368812561 ], [ -111.724119437279995, 40.322483987998233 ], [ -111.724120998817696, 40.322565768814513 ], [ -111.72435698319984, 40.32256314963201 ], [ -111.724355421662139, 40.322481368812561 ] ] ] } },
{ "type": "Feature", "properties": { "type": "Feature", "properties": { "height": 3.4350416660308842, "confidence": 1.0 }, "id": 184 }, "geometry": { "type": "Polygon", "coordinates": [ [ [ -111.726299399468985, 40.324314197137156 ], [ -111.72629886411876, 40.324267167974646 ], [ -111.726103077606979, 40.324268463400799 ], [ -111.726103612957203, 40.324315492562405 ], [ -111.726299399468985, 40.324314197137156 ] ] ] } },
{ "type": "Feature", "properties": { "type": "Feature", "properties": { "height": 5.1719522476196289, "confidence": 0.96179997920989913 }, "id": 185 }, "geometry": { "type": "Polygon", "coordinates": [ [ [ -111.710134054442705, 40.320712755169076 ], [ -111.71024235290696, 40.32071190565474 ], [ -111.710240007536427, 40.320538098096527 ], [ -111.710131693118953, 40.320538947738193 ], [ -111.710134054442705, 40.320712755169076 ] ] ] } },
{ "type": "Feature", "properties": { "type": "Feature", "properties": { "height": 4.2141456604003906, "confidence": 0.9980000257492061 }, "id": 186 }, "geometry": { "type": "Polygon", "coordinates": [ [ [ -111.717045623933132, 40.322881239705531 ], [ -111.716809668879236, 40.322877940968368 ], [ -111.716807554684863, 40.322965843902885 ], [ -111.716874587370626, 40.322966781042901 ], [ -111.716874046530194, 40.322989267821406 ], [ -111.716962529675399, 40.322990504845812 ], [ -111.716963168850455, 40.322963929561823 ], [ -111.717043608073382, 40.322965054129895 ], [ -111.717045623933132, 40.322881239705531 ] ] ] } },
{ "type": "Feature", "properties": { "type": "Feature", "properties": { "height": 4.4763846397399902, "confidence": 0.87559998035430908 }, "id": 187 }, "geometry": { "type": "Polygon", "coordinates": [ [ [ -111.719765237561603, 40.321496955296595 ], [ -111.719885890632014, 40.321498757992352 ], [ -111.719885365204902, 40.321519199986547 ], [ -111.719984568840601, 40.321520682202568 ], [ -111.719988438285299, 40.321370139447957 ], [ -111.71984728709613, 40.321368038014732 ], [ -111.71984782948914, 40.321346860270694 ], [ -111.719769125721996, 40.321345684343179 ], [ -111.719765237561603, 40.321496955296595 ] ] ] } },
{ "type": "Feature", "properties": { "type": "Feature", "properties": { "height": 4.6843080520629883, "confidence": 0.97299998998641912 }, "id": 188 }, "geometry": { "type": "Polygon", "coordinates": [ [ [ -111.723201451431606, 40.321853954840982 ], [ -111.723417629072074, 40.321850690308793 ], [ -111.723415504862984, 40.321768923372645 ], [ -111.723199319719456, 40.321772188022081 ], [ -111.723201451431606, 40.321853954840982 ] ] ] } },
{ "type": "Feature", "properties": { "type": "Feature", "properties": { "height": 4.8323969841003418, "confidence": 0.97460001707077004 }, "id": 189 }, "geometry": { "type": "Polygon", "coordinates": [ [ [ -111.709660262539259, 40.317436393280772 ], [ -111.70976346831138, 40.317434834652381 ], [ -111.709762671732989, 40.31740417005733 ], [ -111.709818976033517, 40.31740331974131 ], [ -111.709817734517856, 40.317355527084537 ], [ -111.709800318403509, 40.317355791034913 ], [ -111.709797993662363, 40.317266614190231 ], [ -111.709655892529341, 40.317268760227279 ], [ -111.709660262539259, 40.317436393280772 ] ] ] } },
{ "type": "Feature", "properties": { "type": "Feature", "properties": { "height": 4.3090710639953613, "confidence": 1.0 }, "id": 190 }, "geometry": { "type": "Polygon", "coordinates": [ [ [ -111.711837783258233, 40.32339129108648 ], [ -111.711950320907178, 40.323388546809831 ], [ -111.711942913312257, 40.323211976231754 ], [ -111.711830375914971, 40.323214726514429 ], [ -111.711837783258233, 40.32339129108648 ] ] ] } },
{ "type": "Feature", "properties": { "type": "Feature", "properties": { "height": 5.4458065032958984, "confidence": 0.94770002365112305 }, "id": 191 }, "geometry": { "type": "Polygon", "coordinates": [ [ [ -111.715832986152748, 40.313046135842313 ], [ -111.715833931429529, 40.313094260576072 ], [ -111.715933151009324, 40.313093132711195 ], [ -111.715934173667151, 40.313145196932787 ], [ -111.716052164395109, 40.313143849393576 ], [ -111.716051039801599, 40.313086595553429 ], [ -111.716059084623978, 40.313086503675684 ], [ -111.716058241178857, 40.313043563263676 ], [ -111.715832986152748, 40.313046135842313 ] ] ] } },
{ "type": "Feature", "properties": { "type": "Feature", "properties": { "height": 4.7159762382507324, "confidence": 0.9824000000953671 }, "id": 192 }, "geometry": { "type": "Polygon", "coordinates": [ [ [ -111.716232202524267, 40.312598621759285 ], [ -111.716233811127992, 40.312619000470086 ], [ -111.716279244083083, 40.312616915246757 ], [ -111.716277635479344, 40.31259653653531 ], [ -111.716232202524267, 40.312598621759285 ] ] ] } },
{ "type": "Feature", "properties": { "type": "Feature", "properties": { "height": 4.5812764167785645, "confidence": 0.99940001964569003 }, "id": 193 }, "geometry": { "type": "Polygon", "coordinates": [ [ [ -111.716740242558629, 40.317476525626404 ], [ -111.716737799534428, 40.317390671508967 ], [ -111.716512599987482, 40.317394396983858 ], [ -111.716515043011654, 40.317480251096555 ], [ -111.716740242558629, 40.317476525626404 ] ] ] } },
{ "type": "Feature", "properties": { "type": "Feature", "properties": { "height": 5.3984928131103525, "confidence": 0.99479997158050504 }, "id": 194 }, "geometry": { "type": "Polygon", "coordinates": [ [ [ -111.717146945776534, 40.315975719000129 ], [ -111.717183030168854, 40.315975258765974 ], [ -111.717184806116293, 40.316055875099082 ], [ -111.717294745666493, 40.316054467022639 ], [ -111.717290466753042, 40.315860232326379 ], [ -111.717144453278806, 40.315862102433378 ], [ -111.717146945776534, 40.315975719000129 ] ] ] } },
{ "type": "Feature", "properties": { "type": "Feature", "properties": { "height": 4.0647525787353516, "confidence": 0.98379999399185103 }, "id": 195 }, "geometry": { "type": "Polygon", "coordinates": [ [ [ -111.721424090696559, 40.317959707125254 ], [ -111.721319581860712, 40.317962138703656 ], [ -111.721326450690214, 40.318133766390268 ], [ -111.721430959526074, 40.318131334818041 ], [ -111.721424090696559, 40.317959707125254 ] ] ] } },
{ "type": "Feature", "properties": { "type": "Feature", "properties": { "height": 4.812164306640625, "confidence": 0.9532999992370601 }, "id": 196 }, "geometry": { "type": "Polygon", "coordinates": [ [ [ -111.722498827183017, 40.320726632985156 ], [ -111.722499248434772, 40.320587573028469 ], [ -111.722432193567073, 40.320587454948523 ], [ -111.722432038695118, 40.320638579965987 ], [ -111.722338161880373, 40.320638414654205 ], [ -111.72233779897465, 40.320758213855918 ], [ -111.722398472083512, 40.320758317460026 ], [ -111.722398565674922, 40.320726456430513 ], [ -111.722498827183017, 40.320726632985156 ] ] ] } },
{ "type": "Feature", "properties": { "type": "Feature", "properties": { "height": 4.246131420135498, "confidence": 0.99760001897811812 }, "id": 197 }, "geometry": { "type": "Polygon", "coordinates": [ [ [ -111.707975762013831, 40.314315640324793 ], [ -111.707977394005567, 40.314219531858399 ], [ -111.707741399176527, 40.314217201905898 ], [ -111.707739767184776, 40.314313310375617 ], [ -111.707975762013831, 40.314315640324793 ] ] ] } },
{ "type": "Feature", "properties": { "type": "Feature", "properties": { "height": 2.4532263278961182, "confidence": 0.93660002946853604 }, "id": 198 }, "geometry": { "type": "Polygon", "coordinates": [ [ [ -111.709581432054364, 40.323875546800458 ], [ -111.709636341581529, 40.323919637740865 ], [ -111.70980763393375, 40.323795634612182 ], [ -111.709752722278097, 40.323751545131671 ], [ -111.709581432054364, 40.323875546800458 ] ] ] } },
{ "type": "Feature", "properties": { "type": "Feature", "properties": { "height": 4.0246829986572266, "confidence": 0.9958000183105461 }, "id": 199 }, "geometry": { "type": "Polygon", "coordinates": [ [ [ -111.713934324886694, 40.323868738929995 ], [ -111.71393661445903, 40.3239709546923 ], [ -111.714093628367664, 40.323968910423154 ], [ -111.714094221217479, 40.323995486528553 ], [ -111.714161256973142, 40.323994613745519 ], [ -111.714158383931732, 40.323865821750928 ], [ -111.713934324886694, 40.323868738929995 ] ] ] } },
{ "type": "Feature", "properties": { "type": "Feature", "properties": { "height": 5.1307516098022461, "confidence": 0.99370002746582009 }, "id": 200 }, "geometry": { "type": "Polygon", "coordinates": [ [ [ -111.717916414534159, 40.323980167177695 ], [ -111.717691110252716, 40.323980575928317 ], [ -111.717691416617512, 40.324078730961752 ], [ -111.717734331718745, 40.324078653104593 ], [ -111.717734410958826, 40.324104040504771 ], [ -111.717825605533747, 40.324103870192346 ], [ -111.717825743317249, 40.324148014054089 ], [ -111.717916937907347, 40.324147848607836 ], [ -111.717916414534159, 40.323980167177695 ] ] ] } },
{ "type": "Feature", "properties": { "type": "Feature", "properties": { "height": 0.0, "confidence": 0.98519998788833607 }, "id": 201 }, "geometry": { "type": "Polygon", "coordinates": [ [ [ -111.720521429400662, 40.315945163567562 ], [ -111.720727831358872, 40.315941242308206 ], [ -111.720720952144063, 40.315730721901723 ], [ -111.720511869640958, 40.3157346940989 ], [ -111.720513606141779, 40.315787835231184 ], [ -111.720516286686689, 40.315787784305627 ], [ -111.720521429400662, 40.315945163567562 ] ] ] } },
{ "type": "Feature", "properties": { "type": "Feature", "properties": { "height": 3.993211030960083, "confidence": 0.99930000305175704 }, "id": 202 }, "geometry": { "type": "Polygon", "coordinates": [ [ [ -111.708607602731561, 40.32220963551508 ], [ -111.708609056251518, 40.322299600264664 ], [ -111.708699200444613, 40.322298758488422 ], [ -111.708699803647562, 40.322336306681507 ], [ -111.70875880334448, 40.322335752587975 ], [ -111.708758200192122, 40.322298207542353 ], [ -111.708827927166453, 40.322297556424282 ], [ -111.708826481903884, 40.322207591594854 ], [ -111.708607602731561, 40.32220963551508 ] ] ] } },
{ "type": "Feature", "properties": { "type": "Feature", "properties": { "height": 4.7939128875732422, "confidence": 0.98839998245239202 }, "id": 203 }, "geometry": { "type": "Polygon", "coordinates": [ [ [ -111.708702819348844, 40.315800827968388 ], [ -111.708830074060728, 40.31579964632671 ], [ -111.708828135384309, 40.31567826216299 ], [ -111.708573363094729, 40.315680614295282 ], [ -111.708574604146776, 40.315758318911143 ], [ -111.708702125625393, 40.315757141596919 ], [ -111.708702819348844, 40.315800827968388 ] ] ] } },
{ "type": "Feature", "properties": { "type": "Feature", "properties": { "height": 4.580078125, "confidence": 0.98070001602172807 }, "id": 204 }, "geometry": { "type": "Polygon", "coordinates": [ [ [ -111.711401705145732, 40.315097491010519 ], [ -111.711574439580289, 40.315094799296141 ], [ -111.711570462953375, 40.314946430501315 ], [ -111.711454044920202, 40.314948238430468 ], [ -111.711455550869289, 40.315004618830578 ], [ -111.71139924791494, 40.315005496198651 ], [ -111.711401705145732, 40.315097491010519 ] ] ] } },
{ "type": "Feature", "properties": { "type": "Feature", "properties": { "height": 5.0331735610961914, "confidence": 0.98790001869201605 }, "id": 205 }, "geometry": { "type": "Polygon", "coordinates": [ [ [ -111.713899364968356, 40.323029846501889 ], [ -111.713939027426363, 40.323098285346475 ], [ -111.713880679069007, 40.323117937551707 ], [ -111.713919860175395, 40.323185545720847 ], [ -111.713990737520902, 40.323161669890823 ], [ -111.714009066382872, 40.32319330188804 ], [ -111.714106502202384, 40.323160484738445 ], [ -111.714009329180271, 40.322992809600457 ], [ -111.713899364968356, 40.323029846501889 ] ] ] } },
{ "type": "Feature", "properties": { "type": "Feature", "properties": { "height": 3.992988109588623, "confidence": 0.97600001096725408 }, "id": 206 }, "geometry": { "type": "Polygon", "coordinates": [ [ [ -111.714442471285196, 40.322716079793139 ], [ -111.714584557537336, 40.322713661210464 ], [ -111.714580367735635, 40.322570586019118 ], [ -111.714438281483467, 40.32257300460693 ], [ -111.714442471285196, 40.322716079793139 ] ] ] } },
{ "type": "Feature", "properties": { "type": "Feature", "properties": { "height": 5.1404218673706046, "confidence": 0.99489998817443803 }, "id": 207 }, "geometry": { "type": "Polygon", "coordinates": [ [ [ -111.717110310544172, 40.323627228572015 ], [ -111.717112162884845, 40.323713091942594 ], [ -111.717348133444361, 40.323710132993668 ], [ -111.717346281103701, 40.32362426961933 ], [ -111.717110310544172, 40.323627228572015 ] ] ] } },
{ "type": "Feature", "properties": { "type": "Feature", "properties": { "height": 0.91231268644332808, "confidence": 0.98869997262954712 }, "id": 208 }, "geometry": { "type": "Polygon", "coordinates": [ [ [ -111.717807862622251, 40.319759812912601 ], [ -111.718022190346858, 40.319754243049267 ], [ -111.718016254820441, 40.319621469723472 ], [ -111.717842113544208, 40.319625995246362 ], [ -111.717843665912639, 40.319660720600609 ], [ -111.717803479464266, 40.319661764951462 ], [ -111.717807862622251, 40.319759812912601 ] ] ] } },
{ "type": "Feature", "properties": { "type": "Feature", "properties": { "height": 1.1905688047409051, "confidence": 0.99510002136230413 }, "id": 209 }, "geometry": { "type": "Polygon", "coordinates": [ [ [ -111.718553040766182, 40.316250210070407 ], [ -111.718489404175941, 40.316259165301204 ], [ -111.718530864366898, 40.316430451836219 ], [ -111.718594486546806, 40.316421502051227 ], [ -111.718553040766182, 40.316250210070407 ] ] ] } },
{ "type": "Feature", "properties": { "type": "Feature", "properties": { "height": 3.67940354347229, "confidence": 1.0 }, "id": 210 }, "geometry": { "type": "Polygon", "coordinates": [ [ [ -111.720104050525677, 40.316984801412588 ], [ -111.720203281028972, 40.316983996509038 ], [ -111.720200798839841, 40.316806090835641 ], [ -111.720101568336545, 40.316806895741315 ], [ -111.720104050525677, 40.316984801412588 ] ] ] } },
{ "type": "Feature", "properties": { "type": "Feature", "properties": { "height": 4.7462563514709473, "confidence": 0.98449999094009411 }, "id": 211 }, "geometry": { "type": "Polygon", "coordinates": [ [ [ -111.722905180142419, 40.32438910038784 ], [ -111.722901145874161, 40.324315612776005 ], [ -111.72283688542278, 40.324317663243306 ], [ -111.722833747658569, 40.324260506158296 ], [ -111.722715936831037, 40.324264265351367 ], [ -111.722723108863491, 40.324394910038691 ], [ -111.722905180142419, 40.32438910038784 ] ] ] } },
{ "type": "Feature", "properties": { "type": "Feature", "properties": { "height": 3.5567581653594971, "confidence": 0.97960001230239813 }, "id": 212 }, "geometry": { "type": "Polygon", "coordinates": [ [ [ -111.723737640154098, 40.317070932179931 ], [ -111.723856960896754, 40.317069677778079 ], [ -111.723853802095363, 40.316895875652882 ], [ -111.723734497303241, 40.316897129890265 ], [ -111.723737640154098, 40.317070932179931 ] ] ] } },
{ "type": "Feature", "properties": { "type": "Feature", "properties": { "height": 5.1998820304870597, "confidence": 0.99860000610351507 }, "id": 213 }, "geometry": { "type": "Polygon", "coordinates": [ [ [ -111.724996298881194, 40.315215472968113 ], [ -111.724693378781581, 40.315220936974661 ], [ -111.724710500946287, 40.315772823104908 ], [ -111.725013421045873, 40.315767359143031 ], [ -111.724996298881194, 40.315215472968113 ] ] ] } },
{ "type": "Feature", "properties": { "type": "Feature", "properties": { "height": 4.881962776184082, "confidence": 0.98409998416900613 }, "id": 214 }, "geometry": { "type": "Polygon", "coordinates": [ [ [ -111.709173498957853, 40.317612234209065 ], [ -111.709279474095595, 40.317611578195233 ], [ -111.709278881113022, 40.317556364075287 ], [ -111.709308383450832, 40.317556181447934 ], [ -111.709307548882748, 40.317478472609828 ], [ -111.709172083607697, 40.317479311176982 ], [ -111.709173498957853, 40.317612234209065 ] ] ] } },
{ "type": "Feature", "properties": { "type": "Feature", "properties": { "height": 4.0500001907348633, "confidence": 1.0 }, "id": 215 }, "geometry": { "type": "Polygon", "coordinates": [ [ [ -111.709970258822096, 40.316940084539226 ], [ -111.710010473391378, 40.316940743374936 ], [ -111.71001231674677, 40.316875329612053 ], [ -111.709972102177488, 40.316874670775704 ], [ -111.709970258822096, 40.316940084539226 ] ] ] } },
{ "type": "Feature", "properties": { "type": "Feature", "properties": { "height": 4.4963803291320801, "confidence": 0.99559998512268011 }, "id": 216 }, "geometry": { "type": "Polygon", "coordinates": [ [ [ -111.711560300391923, 40.314521015884196 ], [ -111.711372004386362, 40.314505711637338 ], [ -111.711358873666654, 40.314599579547107 ], [ -111.711442174554605, 40.314606354479622 ], [ -111.7114377704291, 40.314637859003369 ], [ -111.711542762072597, 40.3146463924556 ], [ -111.711560300391923, 40.314521015884196 ] ] ] } },
{ "type": "Feature", "properties": { "type": "Feature", "properties": { "height": 4.9490551948547363, "confidence": 0.94270002841949407 }, "id": 217 }, "geometry": { "type": "Polygon", "coordinates": [ [ [ -111.713336720278534, 40.324328166041944 ], [ -111.713293977647012, 40.324237652973359 ], [ -111.713134889971229, 40.324281319209213 ], [ -111.713177632602765, 40.324371832219228 ], [ -111.713336720278534, 40.324328166041944 ] ] ] } },
{ "type": "Feature", "properties": { "type": "Feature", "properties": { "height": 5.5675597190856934, "confidence": 0.99080002307891812 }, "id": 218 }, "geometry": { "type": "Polygon", "coordinates": [ [ [ -111.716336935620888, 40.315746267815342 ], [ -111.716499232025683, 40.315742993927977 ], [ -111.716494622858377, 40.315610151431947 ], [ -111.716387409537191, 40.315612314172576 ], [ -111.71638900148136, 40.315658196206122 ], [ -111.716333910523488, 40.315659310457349 ], [ -111.716336935620888, 40.315746267815342 ] ] ] } },
{ "type": "Feature", "properties": { "type": "Feature", "properties": { "height": 4.5145759582519531, "confidence": 0.99680000543594305 }, "id": 219 }, "geometry": { "type": "Polygon", "coordinates": [ [ [ -111.717070261987374, 40.323351652912237 ], [ -111.717067710876975, 40.323261718054951 ], [ -111.716839829692375, 40.323265475404632 ], [ -111.716842380802788, 40.323355410256902 ], [ -111.717070261987374, 40.323351652912237 ] ] ] } },
{ "type": "Feature", "properties": { "type": "Feature", "properties": { "height": 4.2077102661132812, "confidence": 0.98530000448226907 }, "id": 220 }, "geometry": { "type": "Polygon", "coordinates": [ [ [ -111.71771385509922, 40.31695892134934 ], [ -111.717921658060135, 40.316956636938649 ], [ -111.717921967365982, 40.316972994515304 ], [ -111.71801182652959, 40.31697200667957 ], [ -111.718011057017932, 40.316931112688671 ], [ -111.717956055571932, 40.316931717328472 ], [ -111.717955282307329, 40.31689082335442 ], [ -111.717874832759918, 40.316891707749846 ], [ -111.717872358313215, 40.316760846868156 ], [ -111.717710161443236, 40.316762629929073 ], [ -111.71771385509922, 40.31695892134934 ] ] ] } },
{ "type": "Feature", "properties": { "type": "Feature", "properties": { "height": 4.3321094512939453, "confidence": 0.99959999322891213 }, "id": 221 }, "geometry": { "type": "Polygon", "coordinates": [ [ [ -111.720758547835004, 40.320696414979246 ], [ -111.72060567516732, 40.320695330021884 ], [ -111.720604601663382, 40.32078325773773 ], [ -111.720757474331066, 40.320784342693663 ], [ -111.720758547835004, 40.320696414979246 ] ] ] } },
{ "type": "Feature", "properties": { "type": "Feature", "properties": { "height": 3.8950409889221191, "confidence": 0.99659997224807706 }, "id": 222 }, "geometry": { "type": "Polygon", "coordinates": [ [ [ -111.717917991885415, 40.323709165749186 ], [ -111.71791483464375, 40.32361720739209 ], [ -111.717684322609131, 40.323621807601292 ], [ -111.717688421144956, 40.323741182219251 ], [ -111.717744708864316, 40.323740055912957 ], [ -111.717743767673198, 40.323712642646782 ], [ -111.717917991885415, 40.323709165749186 ] ] ] } },
{ "type": "Feature", "properties": { "type": "Feature", "properties": { "height": 4.4618897438049316, "confidence": 0.9980000257492061 }, "id": 223 }, "geometry": { "type": "Polygon", "coordinates": [ [ [ -111.719960182466636, 40.325245136045368 ], [ -111.719864140510623, 40.325089385007253 ], [ -111.719763091521585, 40.325125601811401 ], [ -111.719859133477613, 40.325281352765934 ], [ -111.719960182466636, 40.325245136045368 ] ] ] } },
{ "type": "Feature", "properties": { "type": "Feature", "properties": { "height": 4.6270489692687988, "confidence": 0.98470002412796009 }, "id": 224 }, "geometry": { "type": "Polygon", "coordinates": [ [ [ -111.721568678801376, 40.322805641837782 ], [ -111.721570440220532, 40.322886602602736 ], [ -111.721768868861616, 40.322884082615062 ], [ -111.721767107672761, 40.322803132432369 ], [ -111.721568678801376, 40.322805641837782 ] ] ] } },
{ "type": "Feature", "properties": { "type": "Feature", "properties": { "height": 3.217645406723022, "confidence": 0.99519997835159313 }, "id": 225 }, "geometry": { "type": "Polygon", "coordinates": [ [ [ -111.721672388841853, 40.320764458011197 ], [ -111.721916407725232, 40.320767426866389 ], [ -111.721917862595816, 40.32069791429565 ], [ -111.721861550545825, 40.320697229174527 ], [ -111.72186210681987, 40.320670650819487 ], [ -111.721765571876986, 40.320669476325641 ], [ -111.721765272344825, 40.320683787749147 ], [ -111.721674100454322, 40.320682678505172 ], [ -111.721672388841853, 40.320764458011197 ] ] ] } },
{ "type": "Feature", "properties": { "type": "Feature", "properties": { "height": 3.2016606330871582, "confidence": 0.99199998378753607 }, "id": 226 }, "geometry": { "type": "Polygon", "coordinates": [ [ [ -111.722425610633053, 40.319395531499353 ], [ -111.72253939310167, 40.319394608591168 ], [ -111.722537749194473, 40.31927600900719 ], [ -111.722313997715034, 40.319277823895135 ], [ -111.722315224544133, 40.319365751125062 ], [ -111.722425182669411, 40.31936485923638 ], [ -111.722425610633053, 40.319395531499353 ] ] ] } },
{ "type": "Feature", "properties": { "type": "Feature", "properties": { "height": 3.931934118270874, "confidence": 0.99639999866485607 }, "id": 227 }, "geometry": { "type": "Polygon", "coordinates": [ [ [ -111.722573900655362, 40.318065486733936 ], [ -111.72268915109143, 40.318063106598586 ], [ -111.722690167437662, 40.318091716846929 ], [ -111.722778615446757, 40.31808989023213 ], [ -111.722775130831096, 40.317991797898998 ], [ -111.722702764278225, 40.317993292404175 ], [ -111.72270232870126, 40.317981030852778 ], [ -111.722570996808969, 40.317983743103355 ], [ -111.722573900655362, 40.318065486733936 ] ] ] } },
{ "type": "Feature", "properties": { "type": "Feature", "properties": { "height": 4.4581279754638672, "confidence": 0.97750002145767212 }, "id": 228 }, "geometry": { "type": "Polygon", "coordinates": [ [ [ -111.723633747292496, 40.31653917480962 ], [ -111.723756550094123, 40.316650895394162 ], [ -111.723838476629552, 40.316598540476129 ], [ -111.723715673827911, 40.316486819804943 ], [ -111.723633747292496, 40.31653917480962 ] ] ] } },
{ "type": "Feature", "properties": { "type": "Feature", "properties": { "height": 3.8728406429290771, "confidence": 0.96920001506805409 }, "id": 229 }, "geometry": { "type": "Polygon", "coordinates": [ [ [ -111.706280474455554, 40.313884031470408 ], [ -111.706269853890902, 40.313800967126241 ], [ -111.706038698871623, 40.313818151350169 ], [ -111.706049319436289, 40.313901215673212 ], [ -111.706280474455554, 40.313884031470408 ] ] ] } },
{ "type": "Feature", "properties": { "type": "Feature", "properties": { "height": 5.247520923614502, "confidence": 0.95420002937316906 }, "id": 230 }, "geometry": { "type": "Polygon", "coordinates": [ [ [ -111.708232098904986, 40.319084951070423 ], [ -111.708229669327707, 40.318973273190757 ], [ -111.708164133252083, 40.318974105528618 ], [ -111.708163820589661, 40.318959794069301 ], [ -111.708044336678171, 40.318961311569424 ], [ -111.708045253771644, 40.319003466690909 ], [ -111.707974357454205, 40.319004363322627 ], [ -111.707976188764803, 40.319088187583574 ], [ -111.708232098904986, 40.319084951070423 ] ] ] } },
{ "type": "Feature", "properties": { "type": "Feature", "properties": { "height": 2.627241849899292, "confidence": 0.9868999719619751 }, "id": 231 }, "geometry": { "type": "Polygon", "coordinates": [ [ [ -111.708325528735529, 40.32393481772538 ], [ -111.708279875121832, 40.323751240003361 ], [ -111.708153007520735, 40.323769578815543 ], [ -111.708189334052108, 40.32391565141247 ], [ -111.708228171072847, 40.32391003750304 ], [ -111.708237498155214, 40.323947542581394 ], [ -111.708325528735529, 40.32393481772538 ] ] ] } },
{ "type": "Feature", "properties": { "type": "Feature", "properties": { "height": 2.2886512279510498, "confidence": 0.95810002088546709 }, "id": 232 }, "geometry": { "type": "Polygon", "coordinates": [ [ [ -111.711372822383069, 40.325980428276139 ], [ -111.711312799550569, 40.325922542680445 ], [ -111.711241823420437, 40.325965322054103 ], [ -111.711301846252937, 40.326023207613112 ], [ -111.711372822383069, 40.325980428276139 ] ] ] } },
{ "type": "Feature", "properties": { "type": "Feature", "properties": { "height": 6.0741353034973136, "confidence": 0.99089998006820612 }, "id": 233 }, "geometry": { "type": "Polygon", "coordinates": [ [ [ -111.712423246807916, 40.323001905530994 ], [ -111.712423743044084, 40.322978504459485 ], [ -111.712339516962103, 40.322977466273706 ], [ -111.712337862416405, 40.323055153554158 ], [ -111.712357739433585, 40.323055398561536 ], [ -111.712356723036081, 40.32310332888359 ], [ -111.712555154411618, 40.323105785368028 ], [ -111.712557322061656, 40.323003565320271 ], [ -111.712423246807916, 40.323001905530994 ] ] ] } },
{ "type": "Feature", "properties": { "type": "Feature", "properties": { "height": 6.2737283706665039, "confidence": 0.98619997501373202 }, "id": 234 }, "geometry": { "type": "Polygon", "coordinates": [ [ [ -111.715801324086144, 40.314745177548716 ], [ -111.715975667200681, 40.314744954250358 ], [ -111.715975207539273, 40.314527221748001 ], [ -111.715929610104183, 40.314527277715918 ], [ -111.715929409169675, 40.314432098802627 ], [ -111.716007193020772, 40.31443199917674 ], [ -111.716007037585229, 40.314358372177942 ], [ -111.715945346944693, 40.314358451191659 ], [ -111.715945245645187, 40.314310467406536 ], [ -111.715776266915128, 40.314310674817712 ], [ -111.715776508703769, 40.31442520576384 ], [ -111.715764181185904, 40.314425220895089 ], [ -111.715764413061578, 40.314530479602183 ], [ -111.715811599539506, 40.314530419165642 ], [ -111.715811675248787, 40.314566281184952 ], [ -111.71580094644051, 40.314566294353874 ], [ -111.715801324086144, 40.314745177548716 ] ] ] } },
{ "type": "Feature", "properties": { "type": "Feature", "properties": { "height": 4.5594696998596191, "confidence": 0.99529999494552612 }, "id": 235 }, "geometry": { "type": "Polygon", "coordinates": [ [ [ -111.715843037308375, 40.323211790579812 ], [ -111.715684839764833, 40.32321399378646 ], [ -111.715688317328883, 40.323359135428746 ], [ -111.715916229044169, 40.32335596132426 ], [ -111.715914171893601, 40.323270102921647 ], [ -111.715844457721886, 40.323271073825453 ], [ -111.715843037308375, 40.323211790579812 ] ] ] } },
{ "type": "Feature", "properties": { "type": "Feature", "properties": { "height": 5.2137346267700186, "confidence": 0.99669998884201005 }, "id": 236 }, "geometry": { "type": "Polygon", "coordinates": [ [ [ -111.716955104569678, 40.318193595488388 ], [ -111.717124920584936, 40.318214737222085 ], [ -111.717143263866916, 40.318129082244226 ], [ -111.716973447851672, 40.318107940483721 ], [ -111.716955104569678, 40.318193595488388 ] ] ] } },
{ "type": "Feature", "properties": { "type": "Feature", "properties": { "height": 4.4908885955810547, "confidence": 0.97579997777938809 }, "id": 237 }, "geometry": { "type": "Polygon", "coordinates": [ [ [ -111.719165035007862, 40.317012668119773 ], [ -111.719275004230781, 40.317012374695494 ], [ -111.719274703875129, 40.316946931603717 ], [ -111.719321668111547, 40.316946806291746 ], [ -111.719321447350083, 40.316897723919169 ], [ -111.719255703375197, 40.316897899340169 ], [ -111.719255243455549, 40.316797689410187 ], [ -111.719164049465817, 40.316797932738403 ], [ -111.719165035007862, 40.317012668119773 ] ] ] } },
{ "type": "Feature", "properties": { "type": "Feature", "properties": { "height": 5.4770493507385254, "confidence": 0.98549997806549006 }, "id": 238 }, "geometry": { "type": "Polygon", "coordinates": [ [ [ -111.709243899835258, 40.319076711543424 ], [ -111.709359182291365, 40.319074835233117 ], [ -111.709355519576292, 40.318944010995047 ], [ -111.709334071677475, 40.318944360076713 ], [ -111.709332583699478, 40.318891212657853 ], [ -111.709238749142173, 40.318892739891353 ], [ -111.709243899835258, 40.319076711543424 ] ] ] } },
{ "type": "Feature", "properties": { "type": "Feature", "properties": { "height": 4.2221708297729492, "confidence": 0.99119997024536111 }, "id": 239 }, "geometry": { "type": "Polygon", "coordinates": [ [ [ -111.710732034729517, 40.324451305938403 ], [ -111.710825846732263, 40.324449418786813 ], [ -111.710821490524822, 40.324323550150794 ], [ -111.71072767834896, 40.324325432303674 ], [ -111.710732034729517, 40.324451305938403 ] ] ] } },
{ "type": "Feature", "properties": { "type": "Feature", "properties": { "height": 5.2285947799682617, "confidence": 0.98830002546310403 }, "id": 240 }, "geometry": { "type": "Polygon", "coordinates": [ [ [ -111.712287366745556, 40.322713938183142 ], [ -111.712285236390585, 40.322623989741189 ], [ -111.712117379335183, 40.322626300624847 ], [ -111.71211752514948, 40.322632433468996 ], [ -111.712044061515343, 40.322633444840797 ], [ -111.712045659281586, 40.322700906174042 ], [ -111.712112692650123, 40.322699983328469 ], [ -111.71211307998739, 40.322716337581141 ], [ -111.712287366745556, 40.322713938183142 ] ] ] } },
{ "type": "Feature", "properties": { "type": "Feature", "properties": { "height": 4.0807375907897949, "confidence": 0.99980002641677812 }, "id": 241 }, "geometry": { "type": "Polygon", "coordinates": [ [ [ -111.717841453754005, 40.317898207099319 ], [ -111.717840035060775, 40.317840964812788 ], [ -111.717876176149318, 40.317840446009093 ], [ -111.717874964628777, 40.317791381088433 ], [ -111.71783881903805, 40.317791899957129 ], [ -111.717837218566345, 40.317727323057021 ], [ -111.717731263514892, 40.317728849693736 ], [ -111.717731949281045, 40.317756622312473 ], [ -111.717697092918897, 40.317757122674607 ], [ -111.717697951079273, 40.31779187701472 ], [ -111.717724763665572, 40.317791492120982 ], [ -111.717727439106781, 40.317899843773006 ], [ -111.717841453754005, 40.317898207099319 ] ] ] } },
{ "type": "Feature", "properties": { "type": "Feature", "properties": { "height": 4.7272467613220215, "confidence": 0.9600999951362611 }, "id": 242 }, "geometry": { "type": "Polygon", "coordinates": [ [ [ -111.718887717309968, 40.319908783158226 ], [ -111.718882454442507, 40.319735047811974 ], [ -111.71877254250424, 40.319736983325299 ], [ -111.718777805371701, 40.31991071866657 ], [ -111.718887717309968, 40.319908783158226 ] ] ] } },
{ "type": "Feature", "properties": { "type": "Feature", "properties": { "height": 4.8135690689086914, "confidence": 0.97630000114440907 }, "id": 243 }, "geometry": { "type": "Polygon", "coordinates": [ [ [ -111.720853072836277, 40.31857412879053 ], [ -111.720964207443089, 40.318572260670791 ], [ -111.720959222033244, 40.318399295163417 ], [ -111.720848071385603, 40.318401157626184 ], [ -111.720853072836277, 40.31857412879053 ] ] ] } },
{ "type": "Feature", "properties": { "type": "Feature", "properties": { "height": 3.9462893009185791, "confidence": 0.92150002717971802 }, "id": 244 }, "geometry": { "type": "Polygon", "coordinates": [ [ [ -111.721406154802267, 40.321490681161833 ], [ -111.721642099873748, 40.321494181272413 ], [ -111.721645021264294, 40.321379705357245 ], [ -111.72152436753457, 40.321377915524948 ], [ -111.721524993546808, 40.321353384945809 ], [ -111.721404339817084, 40.321351595112802 ], [ -111.721402566115671, 40.321421098399107 ], [ -111.721407928503666, 40.321421177947158 ], [ -111.721406154802267, 40.321490681161833 ] ] ] } },
{ "type": "Feature", "properties": { "type": "Feature", "properties": { "height": 5.279909610748291, "confidence": 0.99040001630783003 }, "id": 245 }, "geometry": { "type": "Polygon", "coordinates": [ [ [ -111.721842018613245, 40.324785085569481 ], [ -111.721954634101067, 40.324783523226607 ], [ -111.721951608982309, 40.324656782188974 ], [ -111.721765344221296, 40.324659366291513 ], [ -111.721766996778967, 40.324728869556466 ], [ -111.7218406524306, 40.324727847712317 ], [ -111.721842018613245, 40.324785085569481 ] ] ] } },
{ "type": "Feature", "properties": { "type": "Feature", "properties": { "height": 3.2138047218322749, "confidence": 0.96759998798370306 }, "id": 246 }, "geometry": { "type": "Polygon", "coordinates": [ [ [ -111.724114676374882, 40.324320592756614 ], [ -111.723996701932833, 40.324318880516344 ], [ -111.72399394563287, 40.32442926498689 ], [ -111.724111920074918, 40.324430977224367 ], [ -111.724114676374882, 40.324320592756614 ] ] ] } },
{ "type": "Feature", "properties": { "type": "Feature", "properties": { "height": 4.5330061912536621, "confidence": 0.97539997100830012 }, "id": 247 }, "geometry": { "type": "Polygon", "coordinates": [ [ [ -111.724608758317061, 40.322439632194957 ], [ -111.724512201244451, 40.322440003163045 ], [ -111.724512586781032, 40.322498333670978 ], [ -111.724496493941274, 40.322498396357645 ], [ -111.7244974194343, 40.322638420420191 ], [ -111.724556426534235, 40.322638193718142 ], [ -111.724556264344301, 40.322613654933676 ], [ -111.724609907162403, 40.322613448840826 ], [ -111.724608758317061, 40.322439632194957 ] ] ] } },
{ "type": "Feature", "properties": { "type": "Feature", "properties": { "height": 4.0005836486816406, "confidence": 1.0 }, "id": 248 }, "geometry": { "type": "Polygon", "coordinates": [ [ [ -111.706684740789399, 40.319423890465693 ], [ -111.70646076361048, 40.319428850574653 ], [ -111.70646394736832, 40.319512626963004 ], [ -111.706687932230977, 40.319507666690022 ], [ -111.706684740789399, 40.319423890465693 ] ] ] } },
{ "type": "Feature", "properties": { "type": "Feature", "properties": { "height": 5.2498011589050293, "confidence": 0.99019998311996404 }, "id": 249 }, "geometry": { "type": "Polygon", "coordinates": [ [ [ -111.715552619632703, 40.324812726635692 ], [ -111.715554078628927, 40.324763674616001 ], [ -111.71546434842142, 40.32476212334133 ], [ -111.715459226182048, 40.32493380498596 ], [ -111.715591865429943, 40.324936098075284 ], [ -111.715595512920473, 40.324813468183322 ], [ -111.715552619632703, 40.324812726635692 ] ] ] } },
{ "type": "Feature", "properties": { "type": "Feature", "properties": { "height": 5.1718039512634277, "confidence": 0.97519999742507912 }, "id": 250 }, "geometry": { "type": "Polygon", "coordinates": [ [ [ -111.71945472932515, 40.31556162441921 ], [ -111.719571331737399, 40.315624192613129 ], [ -111.719641559324444, 40.315548094164818 ], [ -111.719628208559016, 40.31554093092705 ], [ -111.719668606086969, 40.315497160570708 ], [ -111.719567141854597, 40.31544272075395 ], [ -111.719596175646444, 40.315411259731171 ], [ -111.71952621189466, 40.315373721200523 ], [ -111.719492128747717, 40.315410653724555 ], [ -111.719422164995905, 40.315373115193559 ], [ -111.719376720799971, 40.315422358554891 ], [ -111.719362369261134, 40.315414658346434 ], [ -111.71922146222704, 40.315567345092639 ], [ -111.719284248141321, 40.315601035662951 ], [ -111.719269100574962, 40.315617449524652 ], [ -111.719317535423116, 40.315643439375378 ], [ -111.7193688195687, 40.315587868019989 ], [ -111.719410080242838, 40.31561000606014 ], [ -111.71945472932515, 40.31556162441921 ] ] ] } },
{ "type": "Feature", "properties": { "type": "Feature", "properties": { "height": 3.6731348037719722, "confidence": 0.87040001153945912 }, "id": 251 }, "geometry": { "type": "Polygon", "coordinates": [ [ [ -111.719882765434903, 40.316548282584989 ], [ -111.720099449402596, 40.316556793229097 ], [ -111.720105099188501, 40.316473164569302 ], [ -111.71996866854218, 40.316467806009079 ], [ -111.719971837934253, 40.316420892321581 ], [ -111.719942411716431, 40.316419736552831 ], [ -111.719939931322614, 40.316456451616013 ], [ -111.719889104219092, 40.316454455289211 ], [ -111.719882765434903, 40.316548282584989 ] ] ] } },
{ "type": "Feature", "properties": { "type": "Feature", "properties": { "height": 5.2863101959228525, "confidence": 0.97299998998641912 }, "id": 252 }, "geometry": { "type": "Polygon", "coordinates": [ [ [ -111.70689460631398, 40.317101963749778 ], [ -111.706892542584654, 40.31713665938166 ], [ -111.706856398265543, 40.317135409499301 ], [ -111.706850337821194, 40.317237455697288 ], [ -111.706918593233112, 40.317239815988145 ], [ -111.7069165295038, 40.317274511549194 ], [ -111.706999507308595, 40.317277380942841 ], [ -111.707009704559312, 40.31710594388656 ], [ -111.70689460631398, 40.317101963749778 ] ] ] } },
{ "type": "Feature", "properties": { "type": "Feature", "properties": { "height": 4.8011612892150879, "confidence": 0.97930002212524403 }, "id": 253 }, "geometry": { "type": "Polygon", "coordinates": [ [ [ -111.711077697239986, 40.31577099106385 ], [ -111.711215912196707, 40.315773048953588 ], [ -111.711216752881185, 40.31574033893132 ], [ -111.711286463639681, 40.315741376858931 ], [ -111.711288355179761, 40.315667779252031 ], [ -111.711080419710356, 40.315664683285057 ], [ -111.711077697239986, 40.31577099106385 ] ] ] } },
{ "type": "Feature", "properties": { "type": "Feature", "properties": { "height": 5.6197471618652344, "confidence": 0.97089999914169312 }, "id": 254 }, "geometry": { "type": "Polygon", "coordinates": [ [ [ -111.715532076676453, 40.321821707060316 ], [ -111.715412421109718, 40.321823577847837 ], [ -111.715417204385872, 40.322001415647748 ], [ -111.715536843634283, 40.321999545120285 ], [ -111.715532076676453, 40.321821707060316 ] ] ] } },
{ "type": "Feature", "properties": { "type": "Feature", "properties": { "height": 3.9607841968536373, "confidence": 1.0 }, "id": 255 }, "geometry": { "type": "Polygon", "coordinates": [ [ [ -111.718767226237574, 40.318023974280152 ], [ -111.718768718173791, 40.317989245000838 ], [ -111.718744604163959, 40.317988642768768 ], [ -111.718743112227727, 40.31802337204838 ], [ -111.718767226237574, 40.318023974280152 ] ] ] } },
{ "type": "Feature", "properties": { "type": "Feature", "properties": { "height": 4.5272455215454102, "confidence": 0.99639999866485607 }, "id": 256 }, "geometry": { "type": "Polygon", "coordinates": [ [ [ -111.72136408816263, 40.323770862223121 ], [ -111.721470193293911, 40.323771677509676 ], [ -111.721472474479654, 40.323599112400125 ], [ -111.721366353434078, 40.323598302651781 ], [ -111.72136408816263, 40.323770862223121 ] ] ] } },
{ "type": "Feature", "properties": { "type": "Feature", "properties": { "height": 3.6703486442565922, "confidence": 0.98849999904632513 }, "id": 257 }, "geometry": { "type": "Polygon", "coordinates": [ [ [ -111.721973927667023, 40.319363670215687 ], [ -111.722234057382991, 40.319366266016239 ], [ -111.722235531519473, 40.31928038859818 ], [ -111.721975401803505, 40.319277792794338 ], [ -111.721973927667023, 40.319363670215687 ] ] ] } },
{ "type": "Feature", "properties": { "type": "Feature", "properties": { "height": 5.4309248924255371, "confidence": 0.99940001964569003 }, "id": 258 }, "geometry": { "type": "Polygon", "coordinates": [ [ [ -111.706986148192854, 40.317990760635254 ], [ -111.706848140758765, 40.317992889013958 ], [ -111.706849718874736, 40.318052172288098 ], [ -111.706829535254599, 40.318052483563712 ], [ -111.706831347240481, 40.318120787828519 ], [ -111.706989532631312, 40.318118339824494 ], [ -111.706986148192854, 40.317990760635254 ] ] ] } },
{ "type": "Feature", "properties": { "type": "Feature", "properties": { "height": 4.1081032752990723, "confidence": 0.99690002202987604 }, "id": 259 }, "geometry": { "type": "Polygon", "coordinates": [ [ [ -111.709000372167225, 40.319499754308495 ], [ -111.709142494157803, 40.319498055485283 ], [ -111.709143296482381, 40.319536901745941 ], [ -111.709237150627089, 40.319535779882173 ], [ -111.709234025784042, 40.319384483791133 ], [ -111.708998049648756, 40.319387304483442 ], [ -111.709000372167225, 40.319499754308495 ] ] ] } },
{ "type": "Feature", "properties": { "type": "Feature", "properties": { "height": 4.6024069786071777, "confidence": 0.99690002202987604 }, "id": 260 }, "geometry": { "type": "Polygon", "coordinates": [ [ [ -111.714494911642959, 40.318857153798511 ], [ -111.71449701598209, 40.318907207475853 ], [ -111.714425856445033, 40.318908942845503 ], [ -111.71442997016328, 40.319007005487741 ], [ -111.714620212379344, 40.319002366052032 ], [ -111.714613998645575, 40.318854243263253 ], [ -111.714494911642959, 40.318857153798511 ] ] ] } },
{ "type": "Feature", "properties": { "type": "Feature", "properties": { "height": 0.13080339133739402, "confidence": 0.9689000248908991 }, "id": 261 }, "geometry": { "type": "Polygon", "coordinates": [ [ [ -111.718388282200024, 40.320136187981014 ], [ -111.718385160054439, 40.320015578318859 ], [ -111.718159942229192, 40.320018967442543 ], [ -111.718163064374792, 40.320139577098651 ], [ -111.718388282200024, 40.320136187981014 ] ] ] } },
{ "type": "Feature", "properties": { "type": "Feature", "properties": { "height": 5.1584925651550293, "confidence": 0.99419999122619607 }, "id": 262 }, "geometry": { "type": "Polygon", "coordinates": [ [ [ -111.720883572653989, 40.320121837852149 ], [ -111.720967774069692, 40.320120777460538 ], [ -111.720966186350935, 40.320047176460747 ], [ -111.720931327103841, 40.32004761546159 ], [ -111.720928901422425, 40.319935169335466 ], [ -111.720791053424477, 40.319936905330742 ], [ -111.720793727627836, 40.320060346771207 ], [ -111.720882216485833, 40.320059237106612 ], [ -111.720883572653989, 40.320121837852149 ] ] ] } },
{ "type": "Feature", "properties": { "type": "Feature", "properties": { "height": 5.442781925201416, "confidence": 0.99260002374649003 }, "id": 263 }, "geometry": { "type": "Polygon", "coordinates": [ [ [ -111.7221317336775, 40.324728709855535 ], [ -111.722130127381064, 40.324783049622823 ], [ -111.722250765706136, 40.324785115931576 ], [ -111.722253640561718, 40.324687861760886 ], [ -111.722203960377627, 40.32468700818022 ], [ -111.722204803585029, 40.324658394226994 ], [ -111.722065399298273, 40.324655999049497 ], [ -111.722063291279781, 40.324727533912366 ], [ -111.7221317336775, 40.324728709855535 ] ] ] } },
{ "type": "Feature", "properties": { "type": "Feature", "properties": { "height": 4.2351799011230469, "confidence": 1.0 }, "id": 264 }, "geometry": { "type": "Polygon", "coordinates": [ [ [ -111.708213453465277, 40.314660219830373 ], [ -111.70820949899931, 40.314459835887327 ], [ -111.708096871604312, 40.31446112214833 ], [ -111.708100826070265, 40.314661506087567 ], [ -111.708213453465277, 40.314660219830373 ] ] ] } },
{ "type": "Feature", "properties": { "type": "Feature", "properties": { "height": 2.4469599723815922, "confidence": 0.98799997568130404 }, "id": 265 }, "geometry": { "type": "Polygon", "coordinates": [ [ [ -111.708367992112429, 40.324194426001448 ], [ -111.708386752945174, 40.324194026577878 ], [ -111.708383506796565, 40.324105403393602 ], [ -111.708308463319028, 40.324106997088812 ], [ -111.708309436289653, 40.324133560195619 ], [ -111.708262669276579, 40.324134553384319 ], [ -111.708266551412549, 40.324240805912432 ], [ -111.708314793742076, 40.324239781394112 ], [ -111.708316688081482, 40.324291628655693 ], [ -111.708371509768583, 40.324290461487763 ], [ -111.708367992112429, 40.324194426001448 ] ] ] } },
{ "type": "Feature", "properties": { "type": "Feature", "properties": { "height": 6.094660758972168, "confidence": 0.98140001296997004 }, "id": 266 }, "geometry": { "type": "Polygon", "coordinates": [ [ [ -111.709464966862683, 40.31630430311219 ], [ -111.709608245896419, 40.316292902720903 ], [ -111.709600493193946, 40.316236255573372 ], [ -111.709763763664611, 40.316223264495044 ], [ -111.70977770300702, 40.316325184286853 ], [ -111.709938147433633, 40.316312426649759 ], [ -111.709906859515456, 40.316083813070478 ], [ -111.710089939603506, 40.316069255520858 ], [ -111.710071558635036, 40.31593494964703 ], [ -111.709933586232182, 40.315945927859829 ], [ -111.709899358199792, 40.315695830148954 ], [ -111.70975607813088, 40.315707223077155 ], [ -111.709767049091013, 40.315787385879929 ], [ -111.709604000162997, 40.315800359414332 ], [ -111.709592932221881, 40.315719433728319 ], [ -111.70944288257995, 40.315731372943048 ], [ -111.709460603042714, 40.315860853035751 ], [ -111.709386310210434, 40.315866764387799 ], [ -111.709428119427344, 40.316172255470796 ], [ -111.70944669263541, 40.316170777639513 ], [ -111.709464966862683, 40.31630430311219 ] ] ] } },
{ "type": "Feature", "properties": { "type": "Feature", "properties": { "height": 3.7968916893005371, "confidence": 0.97960001230239813 }, "id": 267 }, "geometry": { "type": "Polygon", "coordinates": [ [ [ -111.713377855259623, 40.325728706633392 ], [ -111.713503909741632, 40.325727879334934 ], [ -111.713501970314837, 40.325556123885185 ], [ -111.713328975995566, 40.325557259253749 ], [ -111.713329976868351, 40.325645181686504 ], [ -111.713376908634643, 40.32564487367187 ], [ -111.713377855259623, 40.325728706633392 ] ] ] } },
{ "type": "Feature", "properties": { "type": "Feature", "properties": { "height": 4.9612655639648438, "confidence": 0.99279999732971103 }, "id": 268 }, "geometry": { "type": "Polygon", "coordinates": [ [ [ -111.714285867302451, 40.316355210860252 ], [ -111.714497747363197, 40.316356545091779 ], [ -111.714498998850104, 40.316241001288205 ], [ -111.714458768435563, 40.316240750099425 ], [ -111.71445966552109, 40.316157926362244 ], [ -111.714288015851622, 40.316156845462643 ], [ -111.714285867302451, 40.316355210860252 ] ] ] } },
{ "type": "Feature", "properties": { "type": "Feature", "properties": { "height": 4.0017819404602051, "confidence": 1.0 }, "id": 269 }, "geometry": { "type": "Polygon", "coordinates": [ [ [ -111.714462914781677, 40.316053570907904 ], [ -111.714465938734605, 40.315898173562445 ], [ -111.714280907048249, 40.315896080201959 ], [ -111.714277127107067, 40.316090326833923 ], [ -111.714408526420584, 40.316091813418986 ], [ -111.714409282408809, 40.316052964138152 ], [ -111.714462914781677, 40.316053570907904 ] ] ] } },
{ "type": "Feature", "properties": { "type": "Feature", "properties": { "height": 4.9504504203796387, "confidence": 0.9936000108718871 }, "id": 270 }, "geometry": { "type": "Polygon", "coordinates": [ [ [ -111.715586722794768, 40.32289351328258 ], [ -111.715441908579663, 40.322894966016527 ], [ -111.715444978471638, 40.323072844981922 ], [ -111.715557611750071, 40.323071715080701 ], [ -111.715556200305471, 40.322989931705195 ], [ -111.715588381242142, 40.322989608875872 ], [ -111.715586722794768, 40.32289351328258 ] ] ] } },
{ "type": "Feature", "properties": { "type": "Feature", "properties": { "height": 4.9539623260498047, "confidence": 0.98869997262954712 }, "id": 271 }, "geometry": { "type": "Polygon", "coordinates": [ [ [ -111.715874912743601, 40.317495484671156 ], [ -111.715872498016168, 40.317415768012559 ], [ -111.715690205045405, 40.317418978242472 ], [ -111.715692619772824, 40.317498694897274 ], [ -111.715874912743601, 40.317495484671156 ] ] ] } },
{ "type": "Feature", "properties": { "type": "Feature", "properties": { "height": 4.8649129867553711, "confidence": 0.99110001325607311 }, "id": 272 }, "geometry": { "type": "Polygon", "coordinates": [ [ [ -111.716031096651008, 40.318966462857965 ], [ -111.716030470659433, 40.318992100138821 ], [ -111.716177941042986, 40.318994193424885 ], [ -111.716180486832499, 40.318889931388121 ], [ -111.715955259337605, 40.318886734364426 ], [ -111.7159533394384, 40.31896536327281 ], [ -111.716031096651008, 40.318966462857965 ] ] ] } },
{ "type": "Feature", "properties": { "type": "Feature", "properties": { "height": 3.0274562835693359, "confidence": 0.96880000829696611 }, "id": 273 }, "geometry": { "type": "Polygon", "coordinates": [ [ [ -111.717899078803995, 40.315801816715357 ], [ -111.717899362639514, 40.315744553103571 ], [ -111.717805486664901, 40.315744282576176 ], [ -111.717805902281214, 40.315660432199529 ], [ -111.717674475916738, 40.315660053460697 ], [ -111.717674121122343, 40.315731633057432 ], [ -111.717725082365689, 40.315731779915176 ], [ -111.717724737708267, 40.31580131430777 ], [ -111.717899078803995, 40.315801816715357 ] ] ] } },
{ "type": "Feature", "properties": { "type": "Feature", "properties": { "height": 5.1998934745788574, "confidence": 0.9980999827384941 }, "id": 274 }, "geometry": { "type": "Polygon", "coordinates": [ [ [ -111.718604006080582, 40.317644582821359 ], [ -111.718736718074155, 40.317643357621058 ], [ -111.718736068642272, 40.31760246157306 ], [ -111.71879775040675, 40.317601892125175 ], [ -111.718796516486165, 40.31752418956507 ], [ -111.718602111843282, 40.317525984316532 ], [ -111.718604006080582, 40.317644582821359 ] ] ] } },
{ "type": "Feature", "properties": { "type": "Feature", "properties": { "height": 4.8265109062194824, "confidence": 0.95679998397827104 }, "id": 275 }, "geometry": { "type": "Polygon", "coordinates": [ [ [ -111.719315509244609, 40.320361230759644 ], [ -111.719216113138486, 40.320198060975379 ], [ -111.719116830064607, 40.320233218303834 ], [ -111.71921622617073, 40.320396388003132 ], [ -111.719315509244609, 40.320361230759644 ] ] ] } },
{ "type": "Feature", "properties": { "type": "Feature", "properties": { "height": 4.9120192527770996, "confidence": 0.99430000782012906 }, "id": 276 }, "geometry": { "type": "Polygon", "coordinates": [ [ [ -111.719383513346045, 40.321158629898811 ], [ -111.719619462857523, 40.321162041958111 ], [ -111.719621598770473, 40.321076183001871 ], [ -111.71938564925901, 40.321072770938237 ], [ -111.719383513346045, 40.321158629898811 ] ] ] } },
{ "type": "Feature", "properties": { "type": "Feature", "properties": { "height": 3.5545291900634761, "confidence": 0.98390001058578402 }, "id": 277 }, "geometry": { "type": "Polygon", "coordinates": [ [ [ -111.721527039245899, 40.317422668530625 ], [ -111.721522528720072, 40.317336911852074 ], [ -111.721308296547903, 40.317343462618041 ], [ -111.721312807073758, 40.317429219288265 ], [ -111.721527039245899, 40.317422668530625 ] ] ] } },
{ "type": "Feature", "properties": { "type": "Feature", "properties": { "height": 5.4556112289428711, "confidence": 0.99199998378753607 }, "id": 278 }, "geometry": { "type": "Polygon", "coordinates": [ [ [ -111.72195538222698, 40.323572697986016 ], [ -111.721909895267927, 40.323654020542882 ], [ -111.722046064992682, 40.323698291993225 ], [ -111.722091551951735, 40.323616969489699 ], [ -111.72195538222698, 40.323572697986016 ] ] ] } },
{ "type": "Feature", "properties": { "type": "Feature", "properties": { "height": 0.0, "confidence": 0.98170000314712502 }, "id": 279 }, "geometry": { "type": "Polygon", "coordinates": [ [ [ -111.722103298481841, 40.315457581214744 ], [ -111.72254581122823, 40.315453944481916 ], [ -111.722544036499713, 40.315329203711755 ], [ -111.722101523753309, 40.315332840451305 ], [ -111.722103298481841, 40.315457581214744 ] ] ] } },
{ "type": "Feature", "properties": { "type": "Feature", "properties": { "height": 5.8978190422058097, "confidence": 0.98699998855590809 }, "id": 280 }, "geometry": { "type": "Polygon", "coordinates": [ [ [ -111.706764635166195, 40.317048459345834 ], [ -111.706672149283506, 40.317046559182977 ], [ -111.706672943720349, 40.317024079185288 ], [ -111.706619338461223, 40.317022977841418 ], [ -111.706618327359791, 40.317051588746743 ], [ -111.706513797104492, 40.317049441127061 ], [ -111.706511341572437, 40.317118924705994 ], [ -111.706586388935207, 40.317120466585195 ], [ -111.706585811162952, 40.317136815651828 ], [ -111.706761376761946, 40.317140422718907 ], [ -111.706764635166195, 40.317048459345834 ] ] ] } },
{ "type": "Feature", "properties": { "type": "Feature", "properties": { "height": 3.852335929870605, "confidence": 1.0 }, "id": 281 }, "geometry": { "type": "Polygon", "coordinates": [ [ [ -111.710732280500039, 40.321668842811498 ], [ -111.710735261565219, 40.321772263946535 ], [ -111.710657515172215, 40.321773570764393 ], [ -111.710659541938284, 40.321843884615745 ], [ -111.710764097593056, 40.321842132749353 ], [ -111.71076324900578, 40.321812693031028 ], [ -111.710850030207766, 40.321811234350378 ], [ -111.710845857738107, 40.321666939780414 ], [ -111.710732280500039, 40.321668842811498 ] ] ] } },
{ "type": "Feature", "properties": { "type": "Feature", "properties": { "height": 4.4574589729309082, "confidence": 0.99970000982284513 }, "id": 282 }, "geometry": { "type": "Polygon", "coordinates": [ [ [ -111.711655739234502, 40.315384675659431 ], [ -111.711880928637939, 40.315380781996772 ], [ -111.711878367518267, 40.315294929081738 ], [ -111.71165317811483, 40.315298822749355 ], [ -111.711655739234502, 40.315384675659431 ] ] ] } },
{ "type": "Feature", "properties": { "type": "Feature", "properties": { "height": 5.4174323081970206, "confidence": 0.96759998798370306 }, "id": 283 }, "geometry": { "type": "Polygon", "coordinates": [ [ [ -111.714731399720932, 40.316159583317138 ], [ -111.714729151297632, 40.316376354819667 ], [ -111.714859308665112, 40.316377146650808 ], [ -111.714860892209003, 40.31622581576147 ], [ -111.714839435902789, 40.316225685228659 ], [ -111.714840120678517, 40.316160244738903 ], [ -111.714731399720932, 40.316159583317138 ] ] ] } },
{ "type": "Feature", "properties": { "type": "Feature", "properties": { "height": 4.882969856262207, "confidence": 0.96689999103546109 }, "id": 284 }, "geometry": { "type": "Polygon", "coordinates": [ [ [ -111.719542136678683, 40.318779876465463 ], [ -111.719649409130255, 40.318778880415863 ], [ -111.719647111059615, 40.318635000231524 ], [ -111.719673929195366, 40.318634752649487 ], [ -111.719673406647161, 40.318602036321181 ], [ -111.719539315968419, 40.318603274231947 ], [ -111.719542136678683, 40.318779876465463 ] ] ] } },
{ "type": "Feature", "properties": { "type": "Feature", "properties": { "height": 5.9049005508422852, "confidence": 0.97990000247955311 }, "id": 285 }, "geometry": { "type": "Polygon", "coordinates": [ [ [ -111.722355140515461, 40.324781333183928 ], [ -111.722541595557743, 40.324779403079674 ], [ -111.722539431830725, 40.324657910731162 ], [ -111.722352965815361, 40.32465985090208 ], [ -111.722355140515461, 40.324781333183928 ] ] ] } },
{ "type": "Feature", "properties": { "type": "Feature", "properties": { "height": 6.6478590965270996, "confidence": 0.97180002927780107 }, "id": 286 }, "geometry": { "type": "Polygon", "coordinates": [ [ [ -111.725028834728619, 40.32332068765156 ], [ -111.725166312696487, 40.323333319895667 ], [ -111.725161214560103, 40.323365570309996 ], [ -111.725214090701598, 40.323370428862475 ], [ -111.725217277036847, 40.323350272356777 ], [ -111.725367974040083, 40.323364119233553 ], [ -111.725390278386683, 40.32322302355405 ], [ -111.725259193036891, 40.323210978679782 ], [ -111.72526460670619, 40.323176712250671 ], [ -111.725210628661387, 40.323171752434995 ], [ -111.725207123692641, 40.323193924649559 ], [ -111.725051139075248, 40.323179591881278 ], [ -111.725028834728619, 40.32332068765156 ] ] ] } },
{ "type": "Feature", "properties": { "type": "Feature", "properties": { "height": 8.4077548980712891, "confidence": 0.97049999237060502 }, "id": 287 }, "geometry": { "type": "Polygon", "coordinates": [ [ [ -111.726260840295822, 40.324346815781333 ], [ -111.726260696920292, 40.324372419066755 ], [ -111.726210963516024, 40.324372257189609 ], [ -111.726210496309591, 40.324457079032072 ], [ -111.726253410897058, 40.324457216424619 ], [ -111.72625320229443, 40.324495088424619 ], [ -111.726588472410484, 40.32449617969263 ], [ -111.726588613531987, 40.324470558957181 ], [ -111.726639574604604, 40.324470722110789 ], [ -111.726640041684917, 40.32438592318023 ], [ -111.726599809270979, 40.324385792227858 ], [ -111.726600017975471, 40.324347901672276 ], [ -111.726260840295822, 40.324346815781333 ] ] ] } },
{ "type": "Feature", "properties": { "type": "Feature", "properties": { "height": 0.94272905588150002, "confidence": 0.99029999971389704 }, "id": 288 }, "geometry": { "type": "Polygon", "coordinates": [ [ [ -111.703587397669764, 40.313952688157656 ], [ -111.704024563741882, 40.313949748535151 ], [ -111.704024823907957, 40.313972244129751 ], [ -111.704279613949979, 40.313970530853339 ], [ -111.704278490991484, 40.31387343274141 ], [ -111.704259716976821, 40.313873557981154 ], [ -111.704258463448681, 40.31376516982214 ], [ -111.703740837043853, 40.313768622866725 ], [ -111.703740718786477, 40.31375839756025 ], [ -111.703603936679499, 40.313759310022924 ], [ -111.703604563373617, 40.313813498080044 ], [ -111.703585789370507, 40.31381362432176 ], [ -111.703587397669764, 40.313952688157656 ] ] ] } },
{ "type": "Feature", "properties": { "type": "Feature", "properties": { "height": 5.8529253005981436, "confidence": 0.9824000000953671 }, "id": 289 }, "geometry": { "type": "Polygon", "coordinates": [ [ [ -111.706440015900753, 40.315696924554089 ], [ -111.706441618330743, 40.315769664640527 ], [ -111.706512811153942, 40.315768756617231 ], [ -111.706513144019269, 40.315783929789752 ], [ -111.706688646296939, 40.315781681994302 ], [ -111.706686709525584, 40.315693764951092 ], [ -111.706440015900753, 40.315696924554089 ] ] ] } },
{ "type": "Feature", "properties": { "type": "Feature", "properties": { "height": 3.8080017566680913, "confidence": 0.98170000314712502 }, "id": 290 }, "geometry": { "type": "Polygon", "coordinates": [ [ [ -111.711975745750664, 40.315121702663753 ], [ -111.712091055591173, 40.315120404241753 ], [ -111.712086937060818, 40.314907751773198 ], [ -111.711973181186949, 40.314909032701138 ], [ -111.711974363595232, 40.314970374890329 ], [ -111.711948680640134, 40.314970664088456 ], [ -111.711949314260181, 40.315003379865935 ], [ -111.71197344887797, 40.315003108102715 ], [ -111.711975745750664, 40.315121702663753 ] ] ] } },
{ "type": "Feature", "properties": { "type": "Feature", "properties": { "height": 3.6518011093139648, "confidence": 0.9846000075340271 }, "id": 291 }, "geometry": { "type": "Polygon", "coordinates": [ [ [ -111.715887285362797, 40.317972362148566 ], [ -111.715863549986238, 40.317865952310569 ], [ -111.715898685717377, 40.317861396090713 ], [ -111.715887606473828, 40.317811705397581 ], [ -111.71570127146056, 40.317835868372462 ], [ -111.71571324183121, 40.31788953367942 ], [ -111.715748375458574, 40.317884977733954 ], [ -111.715771213660233, 40.31798740750655 ], [ -111.715887285362797, 40.317972362148566 ] ] ] } },
{ "type": "Feature", "properties": { "type": "Feature", "properties": { "height": 3.4626865386962891, "confidence": 0.99379998445510809 }, "id": 292 }, "geometry": { "type": "Polygon", "coordinates": [ [ [ -111.718966504046122, 40.321078291892199 ], [ -111.718969451227721, 40.321149796154756 ], [ -111.719031081173711, 40.321148319542743 ], [ -111.71902813399214, 40.32107681527863 ], [ -111.718966504046122, 40.321078291892199 ] ] ] } },
{ "type": "Feature", "properties": { "type": "Feature", "properties": { "height": 4.0823559761047363, "confidence": 0.97439998388290405 }, "id": 293 }, "geometry": { "type": "Polygon", "coordinates": [ [ [ -111.7220994797256, 40.322586582521545 ], [ -111.722237840347191, 40.322584566968729 ], [ -111.722237255514187, 40.322561230710782 ], [ -111.722324115667305, 40.322559960749899 ], [ -111.722322080455641, 40.32247904718178 ], [ -111.72209685742294, 40.32248232809809 ], [ -111.7220994797256, 40.322586582521545 ] ] ] } },
{ "type": "Feature", "properties": { "type": "Feature", "properties": { "height": 1.6048328876495361, "confidence": 1.0 }, "id": 294 }, "geometry": { "type": "Polygon", "coordinates": [ [ [ -111.722971581743295, 40.314445436343142 ], [ -111.723330914866693, 40.314441275049262 ], [ -111.723321303331744, 40.313958717775705 ], [ -111.722961970208345, 40.313962879099329 ], [ -111.722971581743295, 40.314445436343142 ] ] ] } },
{ "type": "Feature", "properties": { "type": "Feature", "properties": { "height": 6.110328197479248, "confidence": 0.96170002222061113 }, "id": 295 }, "geometry": { "type": "Polygon", "coordinates": [ [ [ -111.723519220104535, 40.32498363110043 ], [ -111.723518762436711, 40.325092008488234 ], [ -111.723943935432246, 40.325093052069811 ], [ -111.723944403049273, 40.324984674708105 ], [ -111.723519220104535, 40.32498363110043 ] ] ] } },
{ "type": "Feature", "properties": { "type": "Feature", "properties": { "height": 6.0064911842346191, "confidence": 0.99320000410079912 }, "id": 296 }, "geometry": { "type": "Polygon", "coordinates": [ [ [ -111.704795561678196, 40.31637081996459 ], [ -111.704120918983691, 40.316368659813719 ], [ -111.70412033874004, 40.31647401616592 ], [ -111.704794971562407, 40.316476212283746 ], [ -111.704795561678196, 40.31637081996459 ] ] ] } },
{ "type": "Feature", "properties": { "type": "Feature", "properties": { "height": 4.8543047904968262, "confidence": 0.98100000619888306 }, "id": 297 }, "geometry": { "type": "Polygon", "coordinates": [ [ [ -111.707359642078757, 40.318249104469039 ], [ -111.707245810867178, 40.318251242681903 ], [ -111.707251797864302, 40.318436009314453 ], [ -111.707344167310097, 40.318434269316377 ], [ -111.707342450299663, 40.318381129621741 ], [ -111.707363894919325, 40.318380725661051 ], [ -111.707359642078757, 40.318249104469039 ] ] ] } },
{ "type": "Feature", "properties": { "type": "Feature", "properties": { "height": 5.1840915679931641, "confidence": 0.99879997968673706 }, "id": 298 }, "geometry": { "type": "Polygon", "coordinates": [ [ [ -111.708157230572226, 40.319598441979707 ], [ -111.708269861502387, 40.319597245930666 ], [ -111.708268792372607, 40.319538718605934 ], [ -111.708303654293204, 40.319538346539986 ], [ -111.708302631859823, 40.319482375465263 ], [ -111.708267769905234, 40.319482745671564 ], [ -111.708266439328114, 40.319409905814688 ], [ -111.708153808507717, 40.319411107876228 ], [ -111.708157230572226, 40.319598441979707 ] ] ] } },
{ "type": "Feature", "properties": { "type": "Feature", "properties": { "height": 2.7492406368255611, "confidence": 0.98989999294281006 }, "id": 299 }, "geometry": { "type": "Polygon", "coordinates": [ [ [ -111.708489297716667, 40.325046892459575 ], [ -111.708407416466912, 40.325062835144685 ], [ -111.708437886842972, 40.325153770052523 ], [ -111.708398897993305, 40.325161363443598 ], [ -111.708414092349983, 40.325206721417516 ], [ -111.708454379988879, 40.325198877231763 ], [ -111.708464025950178, 40.325227672203511 ], [ -111.708544601227999, 40.325211983835942 ], [ -111.708489297716667, 40.325046892459575 ] ] ] } },
{ "type": "Feature", "properties": { "type": "Feature", "properties": { "height": 3.8618628978729252, "confidence": 1.0 }, "id": 300 }, "geometry": { "type": "Polygon", "coordinates": [ [ [ -111.716260983901307, 40.318909687743357 ], [ -111.716263267045505, 40.318989407148315 ], [ -111.716458974983581, 40.318986148742233 ], [ -111.716456691839383, 40.318906429333424 ], [ -111.716260983901307, 40.318909687743357 ] ] ] } },
{ "type": "Feature", "properties": { "type": "Feature", "properties": { "height": 4.2395577430725098, "confidence": 0.98430001735687211 }, "id": 301 }, "geometry": { "type": "Polygon", "coordinates": [ [ [ -111.718983728356363, 40.325190855818825 ], [ -111.71910312228799, 40.325190422613851 ], [ -111.719102652158369, 40.325113988329257 ], [ -111.718897422397262, 40.325114722028211 ], [ -111.718897746432148, 40.325166629313244 ], [ -111.718983575176551, 40.325166317894968 ], [ -111.718983728356363, 40.325190855818825 ] ] ] } },
{ "type": "Feature", "properties": { "type": "Feature", "properties": { "height": 4.0152130126953116, "confidence": 0.99650001525878906 }, "id": 302 }, "geometry": { "type": "Polygon", "coordinates": [ [ [ -111.720314343847264, 40.321266375603308 ], [ -111.720316975809652, 40.321352218296298 ], [ -111.720442970783466, 40.321349972725976 ], [ -111.720440338821049, 40.321264130030158 ], [ -111.720314343847264, 40.321266375603308 ] ] ] } },
{ "type": "Feature", "properties": { "type": "Feature", "properties": { "height": 5.1715545654296866, "confidence": 0.98949998617172208 }, "id": 303 }, "geometry": { "type": "Polygon", "coordinates": [ [ [ -111.704487032715022, 40.314876924248544 ], [ -111.704194723079837, 40.314879872561228 ], [ -111.704195858239572, 40.314945307008372 ], [ -111.704142223444109, 40.314945847982628 ], [ -111.704144387342339, 40.315070582220834 ], [ -111.704490331772959, 40.315067092943195 ], [ -111.704487032715022, 40.314876924248544 ] ] ] } },
{ "type": "Feature", "properties": { "type": "Feature", "properties": { "height": 5.6785144805908203, "confidence": 0.99229997396469105 }, "id": 304 }, "geometry": { "type": "Polygon", "coordinates": [ [ [ -111.707095076431216, 40.316063123112862 ], [ -111.707093781017548, 40.316132644123975 ], [ -111.707339254233631, 40.316135303383227 ], [ -111.707340938907834, 40.316045335095282 ], [ -111.707165180795286, 40.31604343107081 ], [ -111.707164799791272, 40.316063878440424 ], [ -111.707095076431216, 40.316063123112862 ] ] ] } },
{ "type": "Feature", "properties": { "type": "Feature", "properties": { "height": 5.5566272735595703, "confidence": 0.95440000295639005 }, "id": 305 }, "geometry": { "type": "Polygon", "coordinates": [ [ [ -111.707688573527392, 40.319690693348655 ], [ -111.707691314246404, 40.319865295012384 ], [ -111.707805050189791, 40.319864257172455 ], [ -111.707802325590805, 40.319689661429059 ], [ -111.707688573527392, 40.319690693348655 ] ] ] } },
{ "type": "Feature", "properties": { "type": "Feature", "properties": { "height": 3.6707911491394039, "confidence": 0.99669998884201005 }, "id": 306 }, "geometry": { "type": "Polygon", "coordinates": [ [ [ -111.710614848626307, 40.315290043109599 ], [ -111.710463522633901, 40.315291932820379 ], [ -111.710465481483453, 40.315383132594164 ], [ -111.710709496774697, 40.315380072390901 ], [ -111.71070758212052, 40.315290930256097 ], [ -111.710751648552261, 40.315290379968545 ], [ -111.710750678277478, 40.31524539826782 ], [ -111.710693208524503, 40.315246115932261 ], [ -111.710693542229009, 40.315261652507054 ], [ -111.710614257676369, 40.31526264681883 ], [ -111.710614848626307, 40.315290043109599 ] ] ] } },
{ "type": "Feature", "properties": { "type": "Feature", "properties": { "height": 4.3029079437255859, "confidence": 0.99519997835159313 }, "id": 307 }, "geometry": { "type": "Polygon", "coordinates": [ [ [ -111.711822534958259, 40.321175663716815 ], [ -111.711994125890669, 40.321173017531308 ], [ -111.711992632929878, 40.321116935777312 ], [ -111.712019443975009, 40.321116520880381 ], [ -111.712017648190425, 40.321049063756455 ], [ -111.711980112727247, 40.321049644612728 ], [ -111.711978425778085, 40.320986275738484 ], [ -111.711932847001393, 40.320986981064614 ], [ -111.711932738165956, 40.320982892748134 ], [ -111.711860348344118, 40.320984012972062 ], [ -111.711863558989307, 40.321104618201772 ], [ -111.711820661317105, 40.321105282036974 ], [ -111.711822534958259, 40.321175663716815 ] ] ] } },
{ "type": "Feature", "properties": { "type": "Feature", "properties": { "height": 4.2060303688049316, "confidence": 0.98489999771118109 }, "id": 308 }, "geometry": { "type": "Polygon", "coordinates": [ [ [ -111.711881353750726, 40.319994837196738 ], [ -111.711876766228244, 40.319816988357516 ], [ -111.711760372786088, 40.319818739874918 ], [ -111.71176497662789, 40.319996588463944 ], [ -111.711881353750726, 40.319994837196738 ] ] ] } },
{ "type": "Feature", "properties": { "type": "Feature", "properties": { "height": 4.9792218208312988, "confidence": 0.98849999904632513 }, "id": 309 }, "geometry": { "type": "Polygon", "coordinates": [ [ [ -111.718272455994693, 40.325898245087615 ], [ -111.718326081448751, 40.325899009064038 ], [ -111.718324929034438, 40.325946024213785 ], [ -111.71837855448851, 40.325946788189675 ], [ -111.718376750709581, 40.326020377053155 ], [ -111.718492045435795, 40.326022019599478 ], [ -111.718496855512925, 40.325825782456711 ], [ -111.718274309878609, 40.325822611951047 ], [ -111.718272455994693, 40.325898245087615 ] ] ] } },
{ "type": "Feature", "properties": { "type": "Feature", "properties": { "height": 4.5747818946838379, "confidence": 0.99970000982284513 }, "id": 310 }, "geometry": { "type": "Polygon", "coordinates": [ [ [ -111.719996004513746, 40.323258099370634 ], [ -111.720185312409185, 40.323257473081142 ], [ -111.720184823583523, 40.323171587520648 ], [ -111.719995507803958, 40.323172213837012 ], [ -111.719996004513746, 40.323258099370634 ] ] ] } },
{ "type": "Feature", "properties": { "type": "Feature", "properties": { "height": 5.6918501853942871, "confidence": 0.99440002441406206 }, "id": 311 }, "geometry": { "type": "Polygon", "coordinates": [ [ [ -111.720433341862503, 40.323957147841099 ], [ -111.720430782503811, 40.323867214063064 ], [ -111.720256520949604, 40.323870096594483 ], [ -111.720259080308296, 40.323960030368667 ], [ -111.720433341862503, 40.323957147841099 ] ] ] } },
{ "type": "Feature", "properties": { "type": "Feature", "properties": { "height": 4.5641288757324219, "confidence": 0.95429998636245705 }, "id": 312 }, "geometry": { "type": "Polygon", "coordinates": [ [ [ -111.722495235373813, 40.322560831562328 ], [ -111.72249502376701, 40.322566962174278 ], [ -111.722623680702142, 40.32256954348442 ], [ -111.722626784268542, 40.322479627789988 ], [ -111.722380191809577, 40.322474680272229 ], [ -111.722377299849967, 40.322558465361084 ], [ -111.722495235373813, 40.322560831562328 ] ] ] } },
{ "type": "Feature", "properties": { "type": "Feature", "properties": { "height": 4.9260869026184082, "confidence": 0.99889999628067005 }, "id": 313 }, "geometry": { "type": "Polygon", "coordinates": [ [ [ -111.723250655340792, 40.318446624867121 ], [ -111.723185069147192, 40.318447415848965 ], [ -111.72318430567455, 40.318410613656873 ], [ -111.723090451840548, 40.318411745552382 ], [ -111.723092742258459, 40.318522152066627 ], [ -111.723252175531343, 40.318520229273446 ], [ -111.723250655340792, 40.318446624867121 ] ] ] } },
{ "type": "Feature", "properties": { "type": "Feature", "properties": { "height": 3.782009363174438, "confidence": 0.99779999256134011 }, "id": 314 }, "geometry": { "type": "Polygon", "coordinates": [ [ [ -111.723579845772576, 40.317446449777719 ], [ -111.723573532075136, 40.317305501631864 ], [ -111.723466368724061, 40.317308292370029 ], [ -111.723472682421487, 40.317449240510058 ], [ -111.723579845772576, 40.317446449777719 ] ] ] } },
{ "type": "Feature", "properties": { "type": "Feature", "properties": { "height": 8.3218765258789062, "confidence": 0.97140002250671309 }, "id": 315 }, "geometry": { "type": "Polygon", "coordinates": [ [ [ -111.727039108119712, 40.324691650589116 ], [ -111.727044120396627, 40.324812177722499 ], [ -111.727086992645582, 40.3248111414376 ], [ -111.727088181999392, 40.324839741065212 ], [ -111.727425800959907, 40.324831580324428 ], [ -111.727424186836828, 40.324792766536468 ], [ -111.727461700054647, 40.32479185978692 ], [ -111.727458216946971, 40.324708103640972 ], [ -111.727415344698031, 40.324709139927471 ], [ -111.727414240298032, 40.324682583079408 ], [ -111.727039108119712, 40.324691650589116 ] ] ] } },
{ "type": "Feature", "properties": { "type": "Feature", "properties": { "height": 4.9336862564086914, "confidence": 0.98879998922348011 }, "id": 316 }, "geometry": { "type": "Polygon", "coordinates": [ [ [ -111.707678358250092, 40.319603173875961 ], [ -111.707788265110992, 40.319605191412712 ], [ -111.707793324244051, 40.31944497785701 ], [ -111.707683417568234, 40.31944295445394 ], [ -111.707678358250092, 40.319603173875961 ] ] ] } },
{ "type": "Feature", "properties": { "type": "Feature", "properties": { "height": 4.3450732231140137, "confidence": 0.75360000133514404 }, "id": 317 }, "geometry": { "type": "Polygon", "coordinates": [ [ [ -111.70911580324173, 40.318325859454717 ], [ -111.70911580324173, 40.318223605332946 ], [ -111.708882451057434, 40.318223605332946 ], [ -111.708882451057434, 40.318379031536836 ], [ -111.708984375, 40.318379031536836 ], [ -111.708984375, 40.318325859454717 ], [ -111.70911580324173, 40.318325859454717 ] ] ] } },
{ "type": "Feature", "properties": { "type": "Feature", "properties": { "height": 4.7071971893310547, "confidence": 0.99559998512268011 }, "id": 318 }, "geometry": { "type": "Polygon", "coordinates": [ [ [ -111.709200025099051, 40.318825584220157 ], [ -111.709331408486349, 40.318823733300356 ], [ -111.709328683655514, 40.318711292974598 ], [ -111.709368903059755, 40.318710726365545 ], [ -111.709367119534107, 40.318637128959416 ], [ -111.709281318138324, 40.318638337726711 ], [ -111.709282754867331, 40.318697624531325 ], [ -111.709196953471547, 40.318698833297553 ], [ -111.709200025099051, 40.318825584220157 ] ] ] } },
{ "type": "Feature", "properties": { "type": "Feature", "properties": { "height": 3.4996705055236812, "confidence": 0.99339997768402111 }, "id": 319 }, "geometry": { "type": "Polygon", "coordinates": [ [ [ -111.711902875221739, 40.318251390556576 ], [ -111.712165662420489, 40.318248137144238 ], [ -111.712163635152464, 40.318152942326066 ], [ -111.711900847655144, 40.318156181723332 ], [ -111.711902875221739, 40.318251390556576 ] ] ] } },
{ "type": "Feature", "properties": { "type": "Feature", "properties": { "height": 3.5541524887084961, "confidence": 0.99830001592636108 }, "id": 320 }, "geometry": { "type": "Polygon", "coordinates": [ [ [ -111.712405852178861, 40.317886692932966 ], [ -111.712522545633334, 40.317884992895841 ], [ -111.712517689290266, 40.317691906548838 ], [ -111.712401013709197, 40.317693612556724 ], [ -111.712405852178861, 40.317886692932966 ] ] ] } },
{ "type": "Feature", "properties": { "type": "Feature", "properties": { "height": 5.1426949501037598, "confidence": 0.9868000149726861 }, "id": 321 }, "geometry": { "type": "Polygon", "coordinates": [ [ [ -111.713710315550117, 40.322902031269045 ], [ -111.713708691898731, 40.322818206864675 ], [ -111.713539749574281, 40.322820108987024 ], [ -111.713542402858224, 40.322957090272972 ], [ -111.713637843919841, 40.322956015703852 ], [ -111.713636819165998, 40.322902858764124 ], [ -111.713710315550117, 40.322902031269045 ] ] ] } },
{ "type": "Feature", "properties": { "type": "Feature", "properties": { "height": 4.9534025192260742, "confidence": 0.99099999666213912 }, "id": 322 }, "geometry": { "type": "Polygon", "coordinates": [ [ [ -111.714893144687736, 40.321923208001486 ], [ -111.714894918051911, 40.321994756431096 ], [ -111.714830568014676, 40.321995683549915 ], [ -111.714831885370913, 40.322048833762089 ], [ -111.714896235408133, 40.322047906644009 ], [ -111.714897755434563, 40.322109233760756 ], [ -111.714991599238871, 40.322107881714771 ], [ -111.714990332550173, 40.322056775786983 ], [ -111.715011782562584, 40.322056466747654 ], [ -111.715008438504469, 40.32192154691181 ], [ -111.714893144687736, 40.321923208001486 ] ] ] } },
{ "type": "Feature", "properties": { "type": "Feature", "properties": { "height": 5.5475344657897949, "confidence": 0.99440002441406206 }, "id": 323 }, "geometry": { "type": "Polygon", "coordinates": [ [ [ -111.716987229136933, 40.315607193932514 ], [ -111.716983928052912, 40.315711436223673 ], [ -111.717099195640614, 40.315713564590816 ], [ -111.717101303704055, 40.315646995762776 ], [ -111.717067941063405, 40.315646381515599 ], [ -111.717069137596496, 40.31560870633983 ], [ -111.716987229136933, 40.315607193932514 ] ] ] } },
{ "type": "Feature", "properties": { "type": "Feature", "properties": { "height": 3.9228959083557129, "confidence": 0.98430001735687211 }, "id": 324 }, "geometry": { "type": "Polygon", "coordinates": [ [ [ -111.717579767610388, 40.321879008602053 ], [ -111.717341154109548, 40.321882790197137 ], [ -111.717343550504907, 40.321970686006544 ], [ -111.717582164005734, 40.321966904416385 ], [ -111.717579767610388, 40.321879008602053 ] ] ] } },
{ "type": "Feature", "properties": { "type": "Feature", "properties": { "height": 3.7337386608123779, "confidence": 1.0 }, "id": 325 }, "geometry": { "type": "Polygon", "coordinates": [ [ [ -111.717845773012328, 40.317945577764867 ], [ -111.717727814246416, 40.317947579498153 ], [ -111.717732945596836, 40.318123370133108 ], [ -111.717850904362734, 40.318121368405038 ], [ -111.717845773012328, 40.317945577764867 ] ] ] } },
{ "type": "Feature", "properties": { "type": "Feature", "properties": { "height": 0.63688611984252907, "confidence": 0.93159997463226307 }, "id": 326 }, "geometry": { "type": "Polygon", "coordinates": [ [ [ -111.722829451908041, 40.31597219413991 ], [ -111.72273438317653, 40.315973569031819 ], [ -111.722739855264408, 40.316194365963653 ], [ -111.722834944255638, 40.316192990783257 ], [ -111.722829451908041, 40.31597219413991 ] ] ] } },
{ "type": "Feature", "properties": { "type": "Feature", "properties": { "height": 5.4955506324768066, "confidence": 0.98049998283386208 }, "id": 327 }, "geometry": { "type": "Polygon", "coordinates": [ [ [ -111.707875277445126, 40.318993073521398 ], [ -111.707754656755725, 40.318990724122209 ], [ -111.707751917764099, 40.319072473153696 ], [ -111.707872538453472, 40.319074822550064 ], [ -111.707875277445126, 40.318993073521398 ] ] ] } },
{ "type": "Feature", "properties": { "type": "Feature", "properties": { "height": 5.3457255363464347, "confidence": 0.96780002117156905 }, "id": 328 }, "geometry": { "type": "Polygon", "coordinates": [ [ [ -111.708162172975321, 40.322614637811277 ], [ -111.708419604007943, 40.322611615755804 ], [ -111.70841720920987, 40.322493036603042 ], [ -111.708159778177262, 40.322496058663802 ], [ -111.708162172975321, 40.322614637811277 ] ] ] } },
{ "type": "Feature", "properties": { "type": "Feature", "properties": { "height": 5.8907971382141113, "confidence": 0.92460000514984109 }, "id": 329 }, "geometry": { "type": "Polygon", "coordinates": [ [ [ -111.708556201427399, 40.314330344123995 ], [ -111.708635571984814, 40.314329361427177 ], [ -111.70863584915385, 40.314342377253332 ], [ -111.708783331597871, 40.314340543384354 ], [ -111.708780893325553, 40.314226042316548 ], [ -111.708554031102082, 40.314228863237375 ], [ -111.708556201427399, 40.314330344123995 ] ] ] } },
{ "type": "Feature", "properties": { "type": "Feature", "properties": { "height": 5.0930290222167969, "confidence": 0.96189999580383312 }, "id": 330 }, "geometry": { "type": "Polygon", "coordinates": [ [ [ -111.709708888726155, 40.321577650448496 ], [ -111.70989655515335, 40.321658604416911 ], [ -111.709962074412033, 40.321570303633862 ], [ -111.709774414125036, 40.321489352208289 ], [ -111.709708888726155, 40.321577650448496 ] ] ] } },
{ "type": "Feature", "properties": { "type": "Feature", "properties": { "height": 3.6194915771484371, "confidence": 0.99870002269744806 }, "id": 331 }, "geometry": { "type": "Polygon", "coordinates": [ [ [ -111.711963027617003, 40.315822134505169 ], [ -111.712101030800724, 40.315821825190206 ], [ -111.712101141181819, 40.315850457130971 ], [ -111.712152102712764, 40.315850342907829 ], [ -111.712151724263251, 40.315752176203063 ], [ -111.712186592679146, 40.315752098050275 ], [ -111.712186257122241, 40.315665057219348 ], [ -111.712084334039432, 40.315665280227087 ], [ -111.712084602107879, 40.315734815094849 ], [ -111.711962700004605, 40.315735081816413 ], [ -111.711963027617003, 40.315822134505169 ] ] ] } },
{ "type": "Feature", "properties": { "type": "Feature", "properties": { "height": 1.8934506177902222, "confidence": 0.95310002565383911 }, "id": 332 }, "geometry": { "type": "Polygon", "coordinates": [ [ [ -111.71202717800324, 40.321792104315541 ], [ -111.711944051819771, 40.321793142268874 ], [ -111.711945501040361, 40.321860608342867 ], [ -111.712028627223859, 40.321859570390572 ], [ -111.71202717800324, 40.321792104315541 ] ] ] } },
{ "type": "Feature", "properties": { "type": "Feature", "properties": { "height": 4.6321358680725098, "confidence": 0.99779999256134011 }, "id": 333 }, "geometry": { "type": "Polygon", "coordinates": [ [ [ -111.718225982079247, 40.322320548220944 ], [ -111.718227997938996, 40.322404363341448 ], [ -111.718403329352725, 40.322401912127447 ], [ -111.718401207091617, 40.322314008571396 ], [ -111.718381399575591, 40.322314285489966 ], [ -111.718379383715813, 40.322230470257637 ], [ -111.718293581878044, 40.322231669809952 ], [ -111.718295696072417, 40.322319573585972 ], [ -111.718225982079247, 40.322320548220944 ] ] ] } },
{ "type": "Feature", "properties": { "type": "Feature", "properties": { "height": 4.2379536628723145, "confidence": 0.98640000820159912 }, "id": 334 }, "geometry": { "type": "Polygon", "coordinates": [ [ [ -111.718411942044384, 40.322496875988442 ], [ -111.718178647456099, 40.322494075029176 ], [ -111.718176864817138, 40.322580766744849 ], [ -111.718410159661346, 40.322583555254866 ], [ -111.718411942044384, 40.322496875988442 ] ] ] } },
{ "type": "Feature", "properties": { "type": "Feature", "properties": { "height": 5.7698736190795898, "confidence": 0.95859998464584306 }, "id": 335 }, "geometry": { "type": "Polygon", "coordinates": [ [ [ -111.720243090762452, 40.324384672447344 ], [ -111.720387829453841, 40.324438911811463 ], [ -111.720488704714782, 40.324282448508512 ], [ -111.720389331881904, 40.324245209460479 ], [ -111.720330930415031, 40.32433579357216 ], [ -111.720285564556534, 40.324318793153161 ], [ -111.720243090762452, 40.324384672447344 ] ] ] } },
{ "type": "Feature", "properties": { "type": "Feature", "properties": { "height": 4.0366621017456046, "confidence": 0.99839997291564908 }, "id": 336 }, "geometry": { "type": "Polygon", "coordinates": [ [ [ -111.721813712547075, 40.322880680140429 ], [ -111.722041591653067, 40.32288447395603 ], [ -111.722044226050201, 40.322792495325764 ], [ -111.721963798130432, 40.322791156330219 ], [ -111.721964851889297, 40.322754364842289 ], [ -111.721857614662937, 40.322752579513889 ], [ -111.721856174869018, 40.322802849228815 ], [ -111.721815960847707, 40.32280218187595 ], [ -111.721813712547075, 40.322880680140429 ] ] ] } },
{ "type": "Feature", "properties": { "type": "Feature", "properties": { "height": 4.0, "confidence": 0.9733999967575071 }, "id": 337 }, "geometry": { "type": "Polygon", "coordinates": [ [ [ -111.723161105924873, 40.317465911741571 ], [ -111.723156366954612, 40.317298290655813 ], [ -111.723038404573302, 40.31730022951951 ], [ -111.723043143543549, 40.317467850600487 ], [ -111.723161105924873, 40.317465911741571 ] ] ] } },
{ "type": "Feature", "properties": { "type": "Feature", "properties": { "height": 5.0899062156677246, "confidence": 0.97259998321533203 }, "id": 338 }, "geometry": { "type": "Polygon", "coordinates": [ [ [ -111.723893918056689, 40.318150138724498 ], [ -111.723896865469442, 40.31825438975406 ], [ -111.724025551897668, 40.318252281523904 ], [ -111.724022604484915, 40.318148030491102 ], [ -111.723893918056689, 40.318150138724498 ] ] ] } },
{ "type": "Feature", "properties": { "type": "Feature", "properties": { "height": 4.239316463470459, "confidence": 0.99250000715255704 }, "id": 339 }, "geometry": { "type": "Polygon", "coordinates": [ [ [ -111.708295739776432, 40.315406217579643 ], [ -111.708496816805962, 40.315402998372406 ], [ -111.708493495544843, 40.315282386441879 ], [ -111.708383573435384, 40.315284146278337 ], [ -111.708384699286597, 40.315325031701583 ], [ -111.708293544366541, 40.315326491077229 ], [ -111.708295739776432, 40.315406217579643 ] ] ] } },
{ "type": "Feature", "properties": { "type": "Feature", "properties": { "height": 4.8018884658813477, "confidence": 0.95959997177124012 }, "id": 340 }, "geometry": { "type": "Polygon", "coordinates": [ [ [ -111.710630555227098, 40.318445169844395 ], [ -111.710802103422537, 40.318441810164551 ], [ -111.710799487141472, 40.318364148418141 ], [ -111.710759280533168, 40.318364935844002 ], [ -111.710755700359073, 40.318258661731697 ], [ -111.710624358771909, 40.318261233993553 ], [ -111.710630555227098, 40.318445169844395 ] ] ] } },
{ "type": "Feature", "properties": { "type": "Feature", "properties": { "height": 4.9096417427062988, "confidence": 0.99169999361038208 }, "id": 341 }, "geometry": { "type": "Polygon", "coordinates": [ [ [ -111.711055684961792, 40.317021705412792 ], [ -111.710902806992621, 40.317020865107771 ], [ -111.710903077677415, 40.316992234903758 ], [ -111.710827979727654, 40.316991822122169 ], [ -111.710826896988465, 40.31710634286614 ], [ -111.711054872907411, 40.317107595950979 ], [ -111.711055684961792, 40.317021705412792 ] ] ] } },
{ "type": "Feature", "properties": { "type": "Feature", "properties": { "height": 3.6436865329742432, "confidence": 0.9801999926567071 }, "id": 342 }, "geometry": { "type": "Polygon", "coordinates": [ [ [ -111.712014360832484, 40.31731084285812 ], [ -111.712010056436455, 40.317118658138625 ], [ -111.711892073647505, 40.317120194391386 ], [ -111.711896378043491, 40.31731237910649 ], [ -111.712014360832484, 40.31731084285812 ] ] ] } },
{ "type": "Feature", "properties": { "type": "Feature", "properties": { "height": 4.0218076705932617, "confidence": 0.99949997663497903 }, "id": 343 }, "geometry": { "type": "Polygon", "coordinates": [ [ [ -111.72132251001355, 40.319674718047793 ], [ -111.721437804134553, 40.319673063050836 ], [ -111.721435804867852, 40.319592097669485 ], [ -111.721484067586701, 40.319591407453736 ], [ -111.72148275510439, 40.319538255096532 ], [ -111.721435621306085, 40.319538929167884 ], [ -111.721434645890014, 40.319499279755632 ], [ -111.721318219211597, 40.31950095101427 ], [ -111.72132251001355, 40.319674718047793 ] ] ] } },
{ "type": "Feature", "properties": { "type": "Feature", "properties": { "height": 6.7111473083496094, "confidence": 0.98159998655319203 }, "id": 344 }, "geometry": { "type": "Polygon", "coordinates": [ [ [ -111.725402191697825, 40.323776700479009 ], [ -111.725401575973919, 40.323986299677941 ], [ -111.725542242388286, 40.323986539865452 ], [ -111.725542870887168, 40.32376569036046 ], [ -111.725450504266945, 40.323765532644195 ], [ -111.725450471225486, 40.323776780340246 ], [ -111.725402191697825, 40.323776700479009 ] ] ] } },
{ "type": "Feature", "properties": { "type": "Feature", "properties": { "height": 4.7313632965087891, "confidence": 0.9824000000953671 }, "id": 345 }, "geometry": { "type": "Polygon", "coordinates": [ [ [ -111.707813639638147, 40.317459618503207 ], [ -111.707692961572391, 40.317458394918766 ], [ -111.707690714906278, 40.317587213767574 ], [ -111.707710795273954, 40.317587417366951 ], [ -111.707709791501259, 40.317644670056296 ], [ -111.707805030984161, 40.317645635710079 ], [ -111.70780652876158, 40.317559756579151 ], [ -111.707873572131433, 40.317560436347264 ], [ -111.707874584401495, 40.317502395035895 ], [ -111.707812904558622, 40.317501766357744 ], [ -111.707813639638147, 40.317459618503207 ] ] ] } },
{ "type": "Feature", "properties": { "type": "Feature", "properties": { "height": 2.8291032314300533, "confidence": 0.99320000410079912 }, "id": 346 }, "geometry": { "type": "Polygon", "coordinates": [ [ [ -111.716802223073671, 40.316059098528605 ], [ -111.716673522829055, 40.3160609529317 ], [ -111.716674762482185, 40.316111158469752 ], [ -111.716803462896337, 40.316109310933768 ], [ -111.716802223073671, 40.316059098528605 ] ] ] } },
{ "type": "Feature", "properties": { "type": "Feature", "properties": { "height": 4.080721378326416, "confidence": 1.0 }, "id": 347 }, "geometry": { "type": "Polygon", "coordinates": [ [ [ -111.7172038961575, 40.316333361441814 ], [ -111.717312454454856, 40.316330244673246 ], [ -111.717304056297849, 40.316159867110819 ], [ -111.717195482097893, 40.316162978549727 ], [ -111.7172038961575, 40.316333361441814 ] ] ] } },
{ "type": "Feature", "properties": { "type": "Feature", "properties": { "height": 4.2959532737731934, "confidence": 0.99210000038146906 }, "id": 348 }, "geometry": { "type": "Polygon", "coordinates": [ [ [ -111.718261193027857, 40.318112581668274 ], [ -111.718254540854943, 40.317932756801682 ], [ -111.718139297549072, 40.317935235192017 ], [ -111.718145949721986, 40.318115060052001 ], [ -111.718261193027857, 40.318112581668274 ] ] ] } },
{ "type": "Feature", "properties": { "type": "Feature", "properties": { "height": 1.0681916475296021, "confidence": 0.96039998531341508 }, "id": 349 }, "geometry": { "type": "Polygon", "coordinates": [ [ [ -111.719865544755862, 40.315988854076977 ], [ -111.719866363098504, 40.315943134198996 ], [ -111.719311249229534, 40.315937357516951 ], [ -111.719310430356742, 40.315983107017352 ], [ -111.719865544755862, 40.315988854076977 ] ] ] } },
{ "type": "Feature", "properties": { "type": "Feature", "properties": { "height": 4.7702350616455078, "confidence": 0.97740000486373912 }, "id": 350 }, "geometry": { "type": "Polygon", "coordinates": [ [ [ -111.720393186746492, 40.323473798842755 ], [ -111.720249947846071, 40.323476099440981 ], [ -111.720252875054967, 40.323582388436307 ], [ -111.720495321417729, 40.323578494446615 ], [ -111.720493139610568, 40.323499534718486 ], [ -111.720393941755063, 40.32350112266797 ], [ -111.720393186746492, 40.323473798842755 ] ] ] } },
{ "type": "Feature", "properties": { "type": "Feature", "properties": { "height": 0.095057472586631012, "confidence": 0.98960000276565507 }, "id": 351 }, "geometry": { "type": "Polygon", "coordinates": [ [ [ -111.720411401041545, 40.315198217286785 ], [ -111.720411541834935, 40.315351605216399 ], [ -111.720721509430902, 40.315351456340515 ], [ -111.720721382716846, 40.315198068403809 ], [ -111.720411401041545, 40.315198217286785 ] ] ] } },
{ "type": "Feature", "properties": { "type": "Feature", "properties": { "height": 1.4151015281677239, "confidence": 0.99980002641677812 }, "id": 352 }, "geometry": { "type": "Polygon", "coordinates": [ [ [ -111.720461734640281, 40.31635803630985 ], [ -111.721134937432495, 40.316354515593126 ], [ -111.721134551113465, 40.316311569647297 ], [ -111.720461348321237, 40.31631509036626 ], [ -111.720461734640281, 40.31635803630985 ] ] ] } },
{ "type": "Feature", "properties": { "type": "Feature", "properties": { "height": 6.4656887054443359, "confidence": 0.94470000267028809 }, "id": 353 }, "geometry": { "type": "Polygon", "coordinates": [ [ [ -111.725054132415522, 40.322493111091042 ], [ -111.725064749147464, 40.322602942014107 ], [ -111.725083423183918, 40.322601892748359 ], [ -111.725087058464538, 40.322639499970506 ], [ -111.725280741153639, 40.322628627574503 ], [ -111.725279366203495, 40.322614390102103 ], [ -111.725413813395591, 40.32260684289367 ], [ -111.725399264466091, 40.322456333042162 ], [ -111.72519384901122, 40.322467864087457 ], [ -111.725195521548713, 40.322485166637094 ], [ -111.725054132415522, 40.322493111091042 ] ] ] } },
{ "type": "Feature", "properties": { "type": "Feature", "properties": { "height": 5.2679557800292969, "confidence": 0.99470001459121704 }, "id": 354 }, "geometry": { "type": "Polygon", "coordinates": [ [ [ -111.706824892163368, 40.31768360363548 ], [ -111.706936076648233, 40.317686908471657 ], [ -111.706938951985393, 40.317630569671572 ], [ -111.707023277037734, 40.317633071642788 ], [ -111.707027348802228, 40.317553433434362 ], [ -111.706831844125773, 40.317547632694904 ], [ -111.706824892163368, 40.31768360363548 ] ] ] } },
{ "type": "Feature", "properties": { "type": "Feature", "properties": { "height": 4.9845118522644043, "confidence": 0.99819999933242809 }, "id": 355 }, "geometry": { "type": "Polygon", "coordinates": [ [ [ -111.710162810303373, 40.323859875233978 ], [ -111.710203440797912, 40.323970606768121 ], [ -111.710302942420256, 40.323949385345422 ], [ -111.710295983643931, 40.323930420385565 ], [ -111.710422848212446, 40.323903363054342 ], [ -111.710389172383955, 40.323811585206521 ], [ -111.710162810303373, 40.323859875233978 ] ] ] } },
{ "type": "Feature", "properties": { "type": "Feature", "properties": { "height": 3.8729066848754883, "confidence": 0.99309998750686612 }, "id": 356 }, "geometry": { "type": "Polygon", "coordinates": [ [ [ -111.712152207450274, 40.316064305593954 ], [ -111.711931663356808, 40.316155601206333 ], [ -111.712009266661099, 40.31626459188189 ], [ -111.712229818481205, 40.316173293218391 ], [ -111.712152207450274, 40.316064305593954 ] ] ] } },
{ "type": "Feature", "properties": { "type": "Feature", "properties": { "height": 3.9547750949859619, "confidence": 0.9756000041961671 }, "id": 357 }, "geometry": { "type": "Polygon", "coordinates": [ [ [ -111.720992193586611, 40.32189082638066 ], [ -111.721221115547365, 40.321887870231599 ], [ -111.721218799314855, 40.321783606438913 ], [ -111.720989886922595, 40.321786562468979 ], [ -111.720992193586611, 40.32189082638066 ] ] ] } },
{ "type": "Feature", "properties": { "type": "Feature", "properties": { "height": 3.8614826202392583, "confidence": 0.98140001296997004 }, "id": 358 }, "geometry": { "type": "Polygon", "coordinates": [ [ [ -111.721988366515248, 40.320764621028871 ], [ -111.722223274234537, 40.320760747680808 ], [ -111.722220897063465, 40.320676941533094 ], [ -111.721985997033713, 40.320680814759143 ], [ -111.721988366515248, 40.320764621028871 ] ] ] } },
{ "type": "Feature", "properties": { "type": "Feature", "properties": { "height": 5.245633602142334, "confidence": 0.99629998207092207 }, "id": 359 }, "geometry": { "type": "Polygon", "coordinates": [ [ [ -111.707352518035165, 40.315254454212877 ], [ -111.70751479796975, 40.315373428781598 ], [ -111.707593332646937, 40.315311144556055 ], [ -111.70743105000841, 40.315192176555627 ], [ -111.707352518035165, 40.315254454212877 ] ] ] } },
{ "type": "Feature", "properties": { "type": "Feature", "properties": { "height": 4.3741049766540527, "confidence": 0.97710001468658403 }, "id": 360 }, "geometry": { "type": "Polygon", "coordinates": [ [ [ -111.708356932386536, 40.320066242985284 ], [ -111.708127930490448, 40.320069224686563 ], [ -111.708129578982536, 40.32014282419324 ], [ -111.708199296085098, 40.320141916448158 ], [ -111.708199616625237, 40.320156227454227 ], [ -111.708358893351289, 40.320154153606765 ], [ -111.708356932386536, 40.320066242985284 ] ] ] } },
{ "type": "Feature", "properties": { "type": "Feature", "properties": { "height": 5.0400395393371582, "confidence": 0.99089998006820612 }, "id": 361 }, "geometry": { "type": "Polygon", "coordinates": [ [ [ -111.708791987539144, 40.31752471580041 ], [ -111.708718226825923, 40.317523641218948 ], [ -111.708719027881116, 40.31749167477188 ], [ -111.708643953336164, 40.317490585055658 ], [ -111.708643562222221, 40.317506192625444 ], [ -111.708564491010719, 40.317505040677787 ], [ -111.708561938884529, 40.317607258707241 ], [ -111.708724118851734, 40.317609621419855 ], [ -111.708724477462511, 40.317595310924681 ], [ -111.708790201050803, 40.317596268416423 ], [ -111.708791987539144, 40.31752471580041 ] ] ] } },
{ "type": "Feature", "properties": { "type": "Feature", "properties": { "height": 4.9071922302246094, "confidence": 0.85030001401901212 }, "id": 362 }, "geometry": { "type": "Polygon", "coordinates": [ [ [ -111.709074666474336, 40.318947758249408 ], [ -111.708929840894214, 40.318948832492332 ], [ -111.708930388810444, 40.318991774716871 ], [ -111.708887477527441, 40.31899209301087 ], [ -111.708888625542414, 40.319082067106606 ], [ -111.709076362405554, 40.319080674572213 ], [ -111.709074666474336, 40.318947758249408 ] ] ] } },
{ "type": "Feature", "properties": { "type": "Feature", "properties": { "height": 6.496307373046875, "confidence": 0.93739998340606612 }, "id": 363 }, "geometry": { "type": "Polygon", "coordinates": [ [ [ -111.715542851177702, 40.31370642775078 ], [ -111.715544451642302, 40.313884353355697 ], [ -111.715442532494478, 40.313884886392081 ], [ -111.715443350659314, 40.31397584259426 ], [ -111.715543629826414, 40.313975312784052 ], [ -111.71554523784657, 40.314152271931476 ], [ -111.716292480566125, 40.314148363872988 ], [ -111.716289416738249, 40.313807755308204 ], [ -111.716343058369247, 40.313807471899828 ], [ -111.716342700539926, 40.313767691571378 ], [ -111.716295446165716, 40.313767938711848 ], [ -111.716294851482445, 40.313702494784287 ], [ -111.715542851177702, 40.31370642775078 ] ] ] } },
{ "type": "Feature", "properties": { "type": "Feature", "properties": { "height": 3.4195024967193599, "confidence": 0.99540001153945912 }, "id": 364 }, "geometry": { "type": "Polygon", "coordinates": [ [ [ -111.719675998690022, 40.323247693177223 ], [ -111.719802034766246, 40.323249118934172 ], [ -111.719801796033124, 40.323261385822967 ], [ -111.719901015922886, 40.32326250822716 ], [ -111.719902806421345, 40.323170506508404 ], [ -111.719677550455344, 40.32316795834403 ], [ -111.719675998690022, 40.323247693177223 ] ] ] } },
{ "type": "Feature", "properties": { "type": "Feature", "properties": { "height": 4.424410343170166, "confidence": 0.9980999827384941 }, "id": 365 }, "geometry": { "type": "Polygon", "coordinates": [ [ [ -111.720096793062808, 40.322864182078831 ], [ -111.720212066559043, 40.322862152244262 ], [ -111.720212561887735, 40.322878503067919 ], [ -111.720309069931091, 40.322876803671889 ], [ -111.720305974126703, 40.322774610956465 ], [ -111.720094192587112, 40.322778340192222 ], [ -111.720096793062808, 40.322864182078831 ] ] ] } },
{ "type": "Feature", "properties": { "type": "Feature", "properties": { "height": 5.2349162101745597, "confidence": 0.97479999065399103 }, "id": 366 }, "geometry": { "type": "Polygon", "coordinates": [ [ [ -111.723905966034422, 40.319861955781128 ], [ -111.724021286013539, 40.319860952716972 ], [ -111.724020351709754, 40.319798510236254 ], [ -111.72405789777946, 40.319798185660218 ], [ -111.724057026940784, 40.319739984701705 ], [ -111.724008753461149, 40.319740404589773 ], [ -111.724008247479446, 40.319706588179017 ], [ -111.723903654856727, 40.319707492356351 ], [ -111.723905966034422, 40.319861955781128 ] ] ] } },
{ "type": "Feature", "properties": { "type": "Feature", "properties": { "height": 4.9600152969360352, "confidence": 0.97180002927780107 }, "id": 367 }, "geometry": { "type": "Polygon", "coordinates": [ [ [ -111.724452530518505, 40.324342165851107 ], [ -111.72445940028075, 40.324550613594425 ], [ -111.724594669130283, 40.324548022408123 ], [ -111.724587780244306, 40.324339575023117 ], [ -111.724452530518505, 40.324342165851107 ] ] ] } },
{ "type": "Feature", "properties": { "type": "Feature", "properties": { "height": 5.0231060981750488, "confidence": 0.91949999332427912 }, "id": 368 }, "geometry": { "type": "Polygon", "coordinates": [ [ [ -111.704793086015002, 40.312330628482549 ], [ -111.704764482351209, 40.312665721602869 ], [ -111.705213190400755, 40.312688016029362 ], [ -111.705241796100054, 40.312352899173803 ], [ -111.704793086015002, 40.312330628482549 ] ] ] } },
{ "type": "Feature", "properties": { "type": "Feature", "properties": { "height": 4.9638152122497559, "confidence": 0.97729998826980513 }, "id": 369 }, "geometry": { "type": "Polygon", "coordinates": [ [ [ -111.71006097483324, 40.322194503754787 ], [ -111.709834127886012, 40.322190642351352 ], [ -111.709830955607572, 40.322298971348076 ], [ -111.710057792615316, 40.322302832576113 ], [ -111.71006097483324, 40.322194503754787 ] ] ] } },
{ "type": "Feature", "properties": { "type": "Feature", "properties": { "height": 4.1704049110412598, "confidence": 0.99049997329711903 }, "id": 370 }, "geometry": { "type": "Polygon", "coordinates": [ [ [ -111.712040799901814, 40.318340139397627 ], [ -111.711930887963547, 40.318342074950948 ], [ -111.711936646159742, 40.318532165758079 ], [ -111.712043877319019, 40.318530277418709 ], [ -111.712042638997247, 40.318489397719262 ], [ -111.7120789448377, 40.318488758373462 ], [ -111.71207739224738, 40.318437658796448 ], [ -111.712043771874036, 40.318438250851599 ], [ -111.712040799901814, 40.318340139397627 ] ] ] } },
{ "type": "Feature", "properties": { "type": "Feature", "properties": { "height": 3.0339424610137939, "confidence": 0.99870002269744806 }, "id": 371 }, "geometry": { "type": "Polygon", "coordinates": [ [ [ -111.712592682967099, 40.318885358034905 ], [ -111.712524295724904, 40.318887887048405 ], [ -111.712528189359588, 40.318949094946902 ], [ -111.712596582207084, 40.318946565728403 ], [ -111.712592682967099, 40.318885358034905 ] ] ] } },
{ "type": "Feature", "properties": { "type": "Feature", "properties": { "height": 0.63533967733383101, "confidence": 0.99169999361038208 }, "id": 372 }, "geometry": { "type": "Polygon", "coordinates": [ [ [ -111.717400651056096, 40.319532824644078 ], [ -111.717213046415452, 40.319536869132484 ], [ -111.717218578366399, 40.319686037933693 ], [ -111.717309700620419, 40.319684073472274 ], [ -111.717310913102835, 40.319716767960955 ], [ -111.717407395489445, 40.319714687943922 ], [ -111.717400651056096, 40.319532824644078 ] ] ] } },
{ "type": "Feature", "properties": { "type": "Feature", "properties": { "height": 2.4350132942199698, "confidence": 0.9667999744415281 }, "id": 373 }, "geometry": { "type": "Polygon", "coordinates": [ [ [ -111.72156693075479, 40.319428709616112 ], [ -111.721503727312751, 40.319427657327999 ], [ -111.721502813858464, 40.319459551721877 ], [ -111.721566020323081, 40.319460600686924 ], [ -111.72156693075479, 40.319428709616112 ] ] ] } },
{ "type": "Feature", "properties": { "type": "Feature", "properties": { "height": 4.3240041732788086, "confidence": 0.98669999837875311 }, "id": 374 }, "geometry": { "type": "Polygon", "coordinates": [ [ [ -111.721790158530737, 40.320123381270406 ], [ -111.721791626455001, 40.320092746756096 ], [ -111.721748768315422, 40.320091552936013 ], [ -111.721741624417291, 40.320240640777435 ], [ -111.721859484301106, 40.320243923775401 ], [ -111.721865160274987, 40.320125470454578 ], [ -111.721790158530737, 40.320123381270406 ] ] ] } },
{ "type": "Feature", "properties": { "type": "Feature", "properties": { "height": 4.9412884712219238, "confidence": 0.99029999971389704 }, "id": 375 }, "geometry": { "type": "Polygon", "coordinates": [ [ [ -111.723378258907857, 40.324105574022717 ], [ -111.723213167230966, 40.324106023289808 ], [ -111.723214000154385, 40.324283927592987 ], [ -111.723382977169422, 40.324283467753858 ], [ -111.723382785692763, 40.324242570254128 ], [ -111.723310366972044, 40.324242767328151 ], [ -111.723310118052424, 40.324189600541615 ], [ -111.723378643738471, 40.324189414061607 ], [ -111.723378258907857, 40.324105574022717 ] ] ] } },
{ "type": "Feature", "properties": { "type": "Feature", "properties": { "height": 4.6434283256530762, "confidence": 0.95359998941421509 }, "id": 376 }, "geometry": { "type": "Polygon", "coordinates": [ [ [ -111.724197511770086, 40.321109879288855 ], [ -111.724354756775028, 40.321108519972931 ], [ -111.724353631698435, 40.321032864782225 ], [ -111.724074717816507, 40.321035275876291 ], [ -111.7240758428931, 40.321110931064304 ], [ -111.724161662549079, 40.321110189190044 ], [ -111.724162011202083, 40.321133634163239 ], [ -111.724197858299462, 40.321133326193376 ], [ -111.724197511770086, 40.321109879288855 ] ] ] } },
{ "type": "Feature", "properties": { "type": "Feature", "properties": { "height": 2.595588207244873, "confidence": 1.0 }, "id": 377 }, "geometry": { "type": "Polygon", "coordinates": [ [ [ -111.706851188379417, 40.318843822627841 ], [ -111.706942328640238, 40.318845529733771 ], [ -111.706943904578466, 40.318796477670624 ], [ -111.706852764317674, 40.318794770563443 ], [ -111.706851188379417, 40.318843822627841 ] ] ] } },
{ "type": "Feature", "properties": { "type": "Feature", "properties": { "height": 4.9566059112548828, "confidence": 0.96569997072219804 }, "id": 378 }, "geometry": { "type": "Polygon", "coordinates": [ [ [ -111.712146555566818, 40.325798972847124 ], [ -111.712367058778, 40.325835069631225 ], [ -111.712391283179613, 40.325749061604469 ], [ -111.712170779968403, 40.325712964774361 ], [ -111.712146555566818, 40.325798972847124 ] ] ] } },
{ "type": "Feature", "properties": { "type": "Feature", "properties": { "height": 3.5619149208068839, "confidence": 0.98049998283386208 }, "id": 379 }, "geometry": { "type": "Polygon", "coordinates": [ [ [ -111.717333953897565, 40.322960336173004 ], [ -111.717331589746166, 40.32287244051038 ], [ -111.71709833531655, 40.322876074886935 ], [ -111.717100699467906, 40.322963970544826 ], [ -111.717333953897565, 40.322960336173004 ] ] ] } },
{ "type": "Feature", "properties": { "type": "Feature", "properties": { "height": 4.2202301025390616, "confidence": 1.0 }, "id": 380 }, "geometry": { "type": "Polygon", "coordinates": [ [ [ -111.71884025697041, 40.322534714630137 ], [ -111.719078941354837, 40.322532600403896 ], [ -111.719076947237895, 40.32240174091919 ], [ -111.718951947155375, 40.322402848151114 ], [ -111.718952824836407, 40.322460099159393 ], [ -111.718839135279651, 40.322461106203491 ], [ -111.71884025697041, 40.322534714630137 ] ] ] } },
{ "type": "Feature", "properties": { "type": "Feature", "properties": { "height": 4.0801301002502441, "confidence": 0.97070002555847112 }, "id": 381 }, "geometry": { "type": "Polygon", "coordinates": [ [ [ -111.722699515942196, 40.322564481131394 ], [ -111.722889878627811, 40.322567345639705 ], [ -111.72289220700759, 40.322477402710476 ], [ -111.722750105284518, 40.322475264412709 ], [ -111.722749946531351, 40.322481396889145 ], [ -111.722701685568808, 40.322480670674857 ], [ -111.722699515942196, 40.322564481131394 ] ] ] } },
{ "type": "Feature", "properties": { "type": "Feature", "properties": { "height": 6.5728015899658203, "confidence": 1.0 }, "id": 382 }, "geometry": { "type": "Polygon", "coordinates": [ [ [ -111.705966582442755, 40.31870429694176 ], [ -111.706122115020008, 40.31870250419427 ], [ -111.706114331484471, 40.318309939430208 ], [ -111.705958798907218, 40.318311732188121 ], [ -111.705966582442755, 40.31870429694176 ] ] ] } },
{ "type": "Feature", "properties": { "type": "Feature", "properties": { "height": 6.7346296310424805, "confidence": 0.98189997673034612 }, "id": 383 }, "geometry": { "type": "Polygon", "coordinates": [ [ [ -111.707481433438474, 40.322744848961115 ], [ -111.707479884277618, 40.322616028004248 ], [ -111.707364558984438, 40.322616834152079 ], [ -111.707364288496052, 40.322594341579105 ], [ -111.707255944726114, 40.322595098924893 ], [ -111.707256237552059, 40.322619636292309 ], [ -111.70714627615547, 40.322620404945354 ], [ -111.70714778908949, 40.322747181200171 ], [ -111.707481433438474, 40.322744848961115 ] ] ] } },
{ "type": "Feature", "properties": { "type": "Feature", "properties": { "height": 3.1050419807434082, "confidence": 0.9243999719619751 }, "id": 384 }, "geometry": { "type": "Polygon", "coordinates": [ [ [ -111.711395887732863, 40.320363369974594 ], [ -111.711358342633716, 40.320363726595311 ], [ -111.711358910600183, 40.320398486517256 ], [ -111.711396455699344, 40.320398129896702 ], [ -111.711395887732863, 40.320363369974594 ] ] ] } },
{ "type": "Feature", "properties": { "type": "Feature", "properties": { "height": 4.2338047027587891, "confidence": 0.99849998950958208 }, "id": 385 }, "geometry": { "type": "Polygon", "coordinates": [ [ [ -111.711515432167417, 40.325863704956568 ], [ -111.711401424247669, 40.325864495774127 ], [ -111.711402961584852, 40.325993310696518 ], [ -111.711516981329268, 40.325992519798461 ], [ -111.711515432167417, 40.325863704956568 ] ] ] } },
{ "type": "Feature", "properties": { "type": "Feature", "properties": { "height": 4.3553228378295898, "confidence": 0.97140002250671309 }, "id": 386 }, "geometry": { "type": "Polygon", "coordinates": [ [ [ -111.7129207038641, 40.322451601906629 ], [ -111.713145896112025, 40.322455459161588 ], [ -111.713148898195016, 40.322353262716234 ], [ -111.712923705947063, 40.322349405455434 ], [ -111.7129207038641, 40.322451601906629 ] ] ] } },
{ "type": "Feature", "properties": { "type": "Feature", "properties": { "height": 5.1295161247253418, "confidence": 0.99419999122619607 }, "id": 387 }, "geometry": { "type": "Polygon", "coordinates": [ [ [ -111.714207468541758, 40.321773868514072 ], [ -111.714411130246489, 40.321769173710926 ], [ -111.71440764625936, 40.321681319973344 ], [ -111.714203984554615, 40.321686014782607 ], [ -111.714207468541758, 40.321773868514072 ] ] ] } },
{ "type": "Feature", "properties": { "type": "Feature", "properties": { "height": 5.7540984153747559, "confidence": 0.98110002279281605 }, "id": 388 }, "geometry": { "type": "Polygon", "coordinates": [ [ [ -111.718229872221926, 40.313260981851634 ], [ -111.718231260862538, 40.313200465612304 ], [ -111.718186647937102, 40.313199872769651 ], [ -111.718187909626366, 40.313144668137262 ], [ -111.718203032312033, 40.313144869096533 ], [ -111.718205237403623, 40.313048772153671 ], [ -111.717911240856196, 40.31304486534664 ], [ -111.717906587116403, 40.313248487662513 ], [ -111.718015548840881, 40.313249941423656 ], [ -111.718015361173727, 40.313258119857821 ], [ -111.718229872221926, 40.313260981851634 ] ] ] } },
{ "type": "Feature", "properties": { "type": "Feature", "properties": { "height": 5.1974191665649414, "confidence": 0.97729998826980513 }, "id": 389 }, "geometry": { "type": "Polygon", "coordinates": [ [ [ -111.722026384375582, 40.323957663058245 ], [ -111.722013442090841, 40.323938101223973 ], [ -111.722073311456271, 40.323915077817659 ], [ -111.722031249030877, 40.32385150179546 ], [ -111.7218131534854, 40.323935372816798 ], [ -111.72186815819552, 40.324018510576629 ], [ -111.722026384375582, 40.323957663058245 ] ] ] } },
{ "type": "Feature", "properties": { "type": "Feature", "properties": { "height": 2.9870369434356689, "confidence": 0.98470002412796009 }, "id": 390 }, "geometry": { "type": "Polygon", "coordinates": [ [ [ -111.722985506057739, 40.319442464385403 ], [ -111.723033785820007, 40.319442464385403 ], [ -111.723033785820007, 40.319381112945592 ], [ -111.722985506057739, 40.319381112945592 ], [ -111.722985506057739, 40.319442464385403 ] ] ] } },
{ "type": "Feature", "properties": { "type": "Feature", "properties": { "height": 3.251923561096191, "confidence": 0.9979000091552731 }, "id": 391 }, "geometry": { "type": "Polygon", "coordinates": [ [ [ -111.72392511748464, 40.314160139772142 ], [ -111.723924551684036, 40.314440331893806 ], [ -111.724321517677112, 40.314440797959776 ], [ -111.724322083477688, 40.314160605840073 ], [ -111.72392511748464, 40.314160139772142 ] ] ] } },
{ "type": "Feature", "properties": { "type": "Feature", "properties": { "height": 4.7924776077270508, "confidence": 0.99760001897811812 }, "id": 392 }, "geometry": { "type": "Polygon", "coordinates": [ [ [ -111.711236396156892, 40.320490415779084 ], [ -111.711271167968107, 40.320676829724981 ], [ -111.711425273467967, 40.320660111626523 ], [ -111.711390484884234, 40.320473699454048 ], [ -111.711236396156892, 40.320490415779084 ] ] ] } },
{ "type": "Feature", "properties": { "type": "Feature", "properties": { "height": 3.1042954921722412, "confidence": 0.73890000581741311 }, "id": 393 }, "geometry": { "type": "Polygon", "coordinates": [ [ [ -111.719970539579506, 40.324333278215036 ], [ -111.719884714548058, 40.324333809441548 ], [ -111.719885112047194, 40.32437113692842 ], [ -111.719893314242384, 40.324385745676466 ], [ -111.719893493599088, 40.324402588308168 ], [ -111.719918100262376, 40.324446421828 ], [ -111.719918491244314, 40.324483137249352 ], [ -111.719923959374427, 40.324492876398907 ], [ -111.719924761297534, 40.324568181455973 ], [ -111.719954836108244, 40.324621755622694 ], [ -111.719955043566983, 40.324641237127324 ], [ -111.71997144800919, 40.324670459373742 ], [ -111.71997092749119, 40.324621579911543 ], [ -111.720043386970502, 40.32459793331229 ], [ -111.720015598412488, 40.324548431776428 ], [ -111.720107326239585, 40.324518501959282 ], [ -111.720056519455326, 40.324428011248834 ], [ -111.71997184265949, 40.324455644945026 ], [ -111.719970539579506, 40.324333278215036 ] ] ] } },
{ "type": "Feature", "properties": { "type": "Feature", "properties": { "height": 5.3057641983032227, "confidence": 0.99870002269744806 }, "id": 394 }, "geometry": { "type": "Polygon", "coordinates": [ [ [ -111.72267993444548, 40.322882981996941 ], [ -111.722832784449722, 40.322881195810901 ], [ -111.722831058164459, 40.322795328327643 ], [ -111.722678208160232, 40.322797114515964 ], [ -111.72267993444548, 40.322882981996941 ] ] ] } },
{ "type": "Feature", "properties": { "type": "Feature", "properties": { "height": 4.6386861801147461, "confidence": 0.98720002174377408 }, "id": 395 }, "geometry": { "type": "Polygon", "coordinates": [ [ [ -111.707677381337376, 40.315873235026054 ], [ -111.707775393274346, 40.315874108515473 ], [ -111.707778264914708, 40.315686773370203 ], [ -111.707660263741957, 40.315685728029592 ], [ -111.707658194922402, 40.315820690183934 ], [ -111.707678179271824, 40.315820867219564 ], [ -111.707677381337376, 40.315873235026054 ] ] ] } },
{ "type": "Feature", "properties": { "type": "Feature", "properties": { "height": 4.5283327102661133, "confidence": 1.0 }, "id": 396 }, "geometry": { "type": "Polygon", "coordinates": [ [ [ -111.708018249308708, 40.321818904237269 ], [ -111.708135243450542, 40.321817480850491 ], [ -111.70813164906437, 40.321645746452191 ], [ -111.708014639161703, 40.321647170034339 ], [ -111.708018249308708, 40.321818904237269 ] ] ] } },
{ "type": "Feature", "properties": { "type": "Feature", "properties": { "height": 5.8789529800415039, "confidence": 0.98040002584457409 }, "id": 397 }, "geometry": { "type": "Polygon", "coordinates": [ [ [ -111.708669312077603, 40.32298123701176 ], [ -111.708670927827285, 40.322859851785701 ], [ -111.708414550804932, 40.32285786813879 ], [ -111.708412946016409, 40.322979267132936 ], [ -111.708669312077603, 40.32298123701176 ] ] ] } },
{ "type": "Feature", "properties": { "type": "Feature", "properties": { "height": 3.8396158218383789, "confidence": 1.0 }, "id": 398 }, "geometry": { "type": "Polygon", "coordinates": [ [ [ -111.714608929418461, 40.325125969567353 ], [ -111.714717579215488, 40.325124740523243 ], [ -111.714714813643766, 40.32498264018917 ], [ -111.714606150917831, 40.324983875180195 ], [ -111.714608929418461, 40.325125969567353 ] ] ] } },
{ "type": "Feature", "properties": { "type": "Feature", "properties": { "height": 4.5378012657165527, "confidence": 0.97839999198913508 }, "id": 399 }, "geometry": { "type": "Polygon", "coordinates": [ [ [ -111.715785818307324, 40.325984819882073 ], [ -111.716021842045592, 40.325986028875867 ], [ -111.716022725062217, 40.325885835731313 ], [ -111.715786701323964, 40.325884626735728 ], [ -111.715785818307324, 40.325984819882073 ] ] ] } },
{ "type": "Feature", "properties": { "type": "Feature", "properties": { "height": 1.097907900810241, "confidence": 0.98360002040863004 }, "id": 400 }, "geometry": { "type": "Polygon", "coordinates": [ [ [ -111.717825296065968, 40.325379882812534 ], [ -111.717928493454451, 40.325378208859199 ], [ -111.71792670175104, 40.325314008614164 ], [ -111.717823510100573, 40.325315676969893 ], [ -111.717825296065968, 40.325379882812534 ] ] ] } },
{ "type": "Feature", "properties": { "type": "Feature", "properties": { "height": 4.7129483222961435, "confidence": 0.98290002346038807 }, "id": 401 }, "geometry": { "type": "Polygon", "coordinates": [ [ [ -111.720421726892539, 40.324473006897065 ], [ -111.720322470270887, 40.324519539508266 ], [ -111.72045009689424, 40.32467775522133 ], [ -111.720529888941172, 40.32464034365244 ], [ -111.720495179874774, 40.324597315654792 ], [ -111.720514641349624, 40.324588190872916 ], [ -111.720421726892539, 40.324473006897065 ] ] ] } },
{ "type": "Feature", "properties": { "type": "Feature", "properties": { "height": 4.096290111541748, "confidence": 0.95810002088546709 }, "id": 402 }, "geometry": { "type": "Polygon", "coordinates": [ [ [ -111.720708820100057, 40.321913387340828 ], [ -111.720923240732475, 40.321908982292591 ], [ -111.720918896193467, 40.321786373094241 ], [ -111.720704475561078, 40.321790778150486 ], [ -111.720708820100057, 40.321913387340828 ] ] ] } },
{ "type": "Feature", "properties": { "type": "Feature", "properties": { "height": 2.444494247436523, "confidence": 0.98659998178482011 }, "id": 403 }, "geometry": { "type": "Polygon", "coordinates": [ [ [ -111.722851427896586, 40.316109786980483 ], [ -111.722853614157941, 40.316240655092173 ], [ -111.723320242813372, 40.316236122959126 ], [ -111.723318056552046, 40.316105254838668 ], [ -111.722851427896586, 40.316109786980483 ] ] ] } },
{ "type": "Feature", "properties": { "type": "Feature", "properties": { "height": 6.0554008483886719, "confidence": 0.99970000982284513 }, "id": 404 }, "geometry": { "type": "Polygon", "coordinates": [ [ [ -111.723232286840584, 40.323147208334319 ], [ -111.723230959694021, 40.323290346468994 ], [ -111.723340924768806, 40.323290939108567 ], [ -111.723342251915355, 40.323147800975129 ], [ -111.723232286840584, 40.323147208334319 ] ] ] } },
{ "type": "Feature", "properties": { "type": "Feature", "properties": { "height": 2.2645599842071529, "confidence": 1.0 }, "id": 405 }, "geometry": { "type": "Polygon", "coordinates": [ [ [ -111.728081217585839, 40.324775536504049 ], [ -111.728082032396074, 40.32492597251489 ], [ -111.72814103998823, 40.324925786749887 ], [ -111.728140225160942, 40.32477534759014 ], [ -111.728081217585839, 40.324775536504049 ] ] ] } },
{ "type": "Feature", "properties": { "type": "Feature", "properties": { "height": 2.5906040668487549, "confidence": 0.87540000677108709 }, "id": 406 }, "geometry": { "type": "Polygon", "coordinates": [ [ [ -111.704947091304078, 40.31724614690355 ], [ -111.704920315026243, 40.317246991386838 ], [ -111.704922751652532, 40.317291907022806 ], [ -111.704917396396965, 40.317292075919362 ], [ -111.70492016529046, 40.317343116378403 ], [ -111.70489606664043, 40.317343876412274 ], [ -111.704898835533939, 40.317394916832164 ], [ -111.704955065717371, 40.317393143421135 ], [ -111.704947091304078, 40.31724614690355 ] ] ] } },
{ "type": "Feature", "properties": { "type": "Feature", "properties": { "height": 3.608988761901855, "confidence": 0.99610000848770108 }, "id": 407 }, "geometry": { "type": "Polygon", "coordinates": [ [ [ -111.710773196709965, 40.323309626762352 ], [ -111.710674060203999, 40.323312091858647 ], [ -111.710675716992199, 40.323350904317415 ], [ -111.710619450326647, 40.323352303425267 ], [ -111.710624943887581, 40.323480997205181 ], [ -111.710698431202815, 40.323479169897958 ], [ -111.710696159148469, 40.323426058328671 ], [ -111.710778079875212, 40.323424021317827 ], [ -111.710773196709965, 40.323309626762352 ] ] ] } },
{ "type": "Feature", "properties": { "type": "Feature", "properties": { "height": 3.289607048034668, "confidence": 0.99500000476837103 }, "id": 408 }, "geometry": { "type": "Polygon", "coordinates": [ [ [ -111.712433935163901, 40.318197842744745 ], [ -111.712435207743312, 40.318155831917537 ], [ -111.712318509455187, 40.318153770623191 ], [ -111.712314686584307, 40.318279591194219 ], [ -111.712527904647629, 40.318283345975544 ], [ -111.712530443207228, 40.318199542258547 ], [ -111.712433935163901, 40.318197842744745 ] ] ] } },
{ "type": "Feature", "properties": { "type": "Feature", "properties": { "height": 3.9411659240722652, "confidence": 0.99390000104904108 }, "id": 409 }, "geometry": { "type": "Polygon", "coordinates": [ [ [ -111.720652761814108, 40.321787918338948 ], [ -111.72051884053468, 40.321791755835719 ], [ -111.720517934541462, 40.321773377011212 ], [ -111.720429546497058, 40.321775909759658 ], [ -111.720436190447202, 40.321910687684742 ], [ -111.720495115810152, 40.321908999189162 ], [ -111.720496726464731, 40.321941672585844 ], [ -111.720587792934737, 40.321939063093843 ], [ -111.720586219800765, 40.32190715083118 ], [ -111.720658537481626, 40.321905082439976 ], [ -111.720652761814108, 40.321787918338948 ] ] ] } },
{ "type": "Feature", "properties": { "type": "Feature", "properties": { "height": 4.9551568031311035, "confidence": 0.98489999771118109 }, "id": 410 }, "geometry": { "type": "Polygon", "coordinates": [ [ [ -111.72134589369314, 40.324306668698291 ], [ -111.721343343453427, 40.324393753202209 ], [ -111.7215229619231, 40.324396810579685 ], [ -111.721523416984724, 40.324381271337984 ], [ -111.721589210719983, 40.324382394757578 ], [ -111.721591276093221, 40.324312087663316 ], [ -111.721514752313425, 40.324310785111464 ], [ -111.721515686221579, 40.324278894385678 ], [ -111.721419174955756, 40.324277246465655 ], [ -111.72141827714249, 40.324307904637763 ], [ -111.72134589369314, 40.324306668698291 ] ] ] } },
{ "type": "Feature", "properties": { "type": "Feature", "properties": { "height": 4.9363389015197754, "confidence": 0.92919999361038208 }, "id": 411 }, "geometry": { "type": "Polygon", "coordinates": [ [ [ -111.72250350718285, 40.320175249295744 ], [ -111.722446304926308, 40.320292868502563 ], [ -111.722568920935217, 40.32032753362958 ], [ -111.722656728869183, 40.320146983076512 ], [ -111.722576555034209, 40.320124321119053 ], [ -111.72254595215432, 40.320187246794511 ], [ -111.72250350718285, 40.320175249295744 ] ] ] } },
{ "type": "Feature", "properties": { "type": "Feature", "properties": { "height": 5.4585561752319336, "confidence": 0.9957000017166131 }, "id": 412 }, "geometry": { "type": "Polygon", "coordinates": [ [ [ -111.723426960376287, 40.323789172795792 ], [ -111.723244578226101, 40.323790097317719 ], [ -111.723246539861393, 40.324015027689477 ], [ -111.723428922011593, 40.324014103170626 ], [ -111.723426960376287, 40.323789172795792 ] ] ] } },
{ "type": "Feature", "properties": { "type": "Feature", "properties": { "height": 4.8617877960205078, "confidence": 0.99849998950958208 }, "id": 413 }, "geometry": { "type": "Polygon", "coordinates": [ [ [ -111.705091033917938, 40.3187602457661 ], [ -111.705094193058926, 40.319019009288503 ], [ -111.705351662815019, 40.319017181946492 ], [ -111.705348503506301, 40.318758404678817 ], [ -111.705091033917938, 40.3187602457661 ] ] ] } },
{ "type": "Feature", "properties": { "type": "Feature", "properties": { "height": 3.5330710411071768, "confidence": 0.95819997787475508 }, "id": 414 }, "geometry": { "type": "Polygon", "coordinates": [ [ [ -111.707833024249936, 40.324253452356402 ], [ -111.707839412941198, 40.324217300344998 ], [ -111.707741940503311, 40.324207288338457 ], [ -111.707737681375804, 40.324231389685117 ], [ -111.707657457340076, 40.324223149372152 ], [ -111.707646232925214, 40.324286632541366 ], [ -111.707785853019701, 40.324300981231225 ], [ -111.707786918334975, 40.324294956013205 ], [ -111.707861879370427, 40.324302659722136 ], [ -111.707869905712897, 40.32425724068078 ], [ -111.707833024249936, 40.324253452356402 ] ] ] } },
{ "type": "Feature", "properties": { "type": "Feature", "properties": { "height": 4.6192822456359863, "confidence": 1.0 }, "id": 415 }, "geometry": { "type": "Polygon", "coordinates": [ [ [ -111.708223429570339, 40.316253341306862 ], [ -111.708219890001658, 40.31608568276328 ], [ -111.708080451265261, 40.316087394244384 ], [ -111.708083990833913, 40.316255052783724 ], [ -111.708223429570339, 40.316253341306862 ] ] ] } },
{ "type": "Feature", "properties": { "type": "Feature", "properties": { "height": 4.4289135932922363, "confidence": 0.96160000562667802 }, "id": 416 }, "geometry": { "type": "Polygon", "coordinates": [ [ [ -111.709329377090256, 40.31383057118893 ], [ -111.709326215178422, 40.313918449486145 ], [ -111.709560428945309, 40.313923336729204 ], [ -111.709563582797088, 40.313835458270177 ], [ -111.709329377090256, 40.31383057118893 ] ] ] } },
{ "type": "Feature", "properties": { "type": "Feature", "properties": { "height": 4.6170787811279297, "confidence": 1.0 }, "id": 417 }, "geometry": { "type": "Polygon", "coordinates": [ [ [ -111.709566826273047, 40.315382697328367 ], [ -111.709644604476367, 40.315382182639283 ], [ -111.709644767409031, 40.315396497749902 ], [ -111.70983250789979, 40.315395255397192 ], [ -111.70983141392324, 40.315299139594444 ], [ -111.70956589522919, 40.315300896638611 ], [ -111.709566826273047, 40.315382697328367 ] ] ] } },
{ "type": "Feature", "properties": { "type": "Feature", "properties": { "height": 4.749636173248291, "confidence": 0.98879998922348011 }, "id": 418 }, "geometry": { "type": "Polygon", "coordinates": [ [ [ -111.71159285977086, 40.317797976872633 ], [ -111.711635339275333, 40.31778920176469 ], [ -111.711617737535477, 40.317739665260831 ], [ -111.711412836396136, 40.317781992272657 ], [ -111.711443300945916, 40.31786772845259 ], [ -111.711493276833565, 40.317857404806738 ], [ -111.711520356433368, 40.31793361466471 ], [ -111.71163280218056, 40.317910386481969 ], [ -111.71159285977086, 40.317797976872633 ] ] ] } },
{ "type": "Feature", "properties": { "type": "Feature", "properties": { "height": 4.5811567306518555, "confidence": 0.98430001735687211 }, "id": 419 }, "geometry": { "type": "Polygon", "coordinates": [ [ [ -111.713488086065084, 40.325785765753352 ], [ -111.713337970391194, 40.325788537162012 ], [ -111.713340566976896, 40.325870283367863 ], [ -111.7132842735992, 40.325871322644822 ], [ -111.713286156123843, 40.325930588581237 ], [ -111.713414826701467, 40.3259282130931 ], [ -111.713415800421089, 40.325958867868465 ], [ -111.713512303354292, 40.325957086253112 ], [ -111.713508083902553, 40.325824248789175 ], [ -111.713489319443298, 40.325824595215074 ], [ -111.713488086065084, 40.325785765753352 ] ] ] } },
{ "type": "Feature", "properties": { "type": "Feature", "properties": { "height": 4.267341136932373, "confidence": 1.0 }, "id": 420 }, "geometry": { "type": "Polygon", "coordinates": [ [ [ -111.718240003065688, 40.31765164917821 ], [ -111.718235651257302, 40.317533125858539 ], [ -111.718061443864883, 40.3175368351503 ], [ -111.71806271939495, 40.317571574763626 ], [ -111.718033238143903, 40.317572202489593 ], [ -111.718034619256528, 40.317609817669357 ], [ -111.718124368388359, 40.317607901908531 ], [ -111.71812605949475, 40.317654075304915 ], [ -111.718240003065688, 40.31765164917821 ] ] ] } },
{ "type": "Feature", "properties": { "type": "Feature", "properties": { "height": 5.2682008743286133, "confidence": 0.97850000858306807 }, "id": 421 }, "geometry": { "type": "Polygon", "coordinates": [ [ [ -111.718270147413833, 40.323593727358329 ], [ -111.718087782114168, 40.323595352425109 ], [ -111.718089255363253, 40.323691450528003 ], [ -111.718134846688173, 40.323691044261899 ], [ -111.718135755714187, 40.323750338768136 ], [ -111.718095528074571, 40.323750697237926 ], [ -111.718095716148923, 40.323762965060233 ], [ -111.718138625631184, 40.323762582692538 ], [ -111.718139942151666, 40.323848457386752 ], [ -111.718274034283738, 40.323847262489181 ], [ -111.718270147413833, 40.323593727358329 ] ] ] } },
{ "type": "Feature", "properties": { "type": "Feature", "properties": { "height": 4.9438700675964347, "confidence": 0.96630001068115212 }, "id": 422 }, "geometry": { "type": "Polygon", "coordinates": [ [ [ -111.719623914387213, 40.317912356226472 ], [ -111.719517970610625, 40.317910343547339 ], [ -111.719512235365045, 40.3180853585284 ], [ -111.719618195012146, 40.318087377158236 ], [ -111.719623914387213, 40.317912356226472 ] ] ] } },
{ "type": "Feature", "properties": { "type": "Feature", "properties": { "height": 4.6342325210571289, "confidence": 0.99099999666213912 }, "id": 423 }, "geometry": { "type": "Polygon", "coordinates": [ [ [ -111.722200261450922, 40.320468011164728 ], [ -111.722404039765905, 40.320465140420161 ], [ -111.722402008528363, 40.320381323323801 ], [ -111.72219823021338, 40.320384194071934 ], [ -111.722200261450922, 40.320468011164728 ] ] ] } },
{ "type": "Feature", "properties": { "type": "Feature", "properties": { "height": 3.4139997959136958, "confidence": 0.98930001258850109 }, "id": 424 }, "geometry": { "type": "Polygon", "coordinates": [ [ [ -111.703639779957484, 40.314956052301717 ], [ -111.703637823319454, 40.314888594122458 ], [ -111.703121963892997, 40.314897265946072 ], [ -111.703123914342157, 40.314964724220708 ], [ -111.703639779957484, 40.314956052301717 ] ] ] } },
{ "type": "Feature", "properties": { "type": "Feature", "properties": { "height": 4.3204421997070312, "confidence": 0.99959999322891213 }, "id": 425 }, "geometry": { "type": "Polygon", "coordinates": [ [ [ -111.705370002630005, 40.318714021089683 ], [ -111.705376060000646, 40.31913433132047 ], [ -111.705515518138299, 40.319133170380688 ], [ -111.705509460660409, 40.318712852701609 ], [ -111.705370002630005, 40.318714021089683 ] ] ] } },
{ "type": "Feature", "properties": { "type": "Feature", "properties": { "height": 2.76423168182373, "confidence": 0.93190002441406206 }, "id": 426 }, "geometry": { "type": "Polygon", "coordinates": [ [ [ -111.708160968697015, 40.324730296137695 ], [ -111.708221346876712, 40.324880558806761 ], [ -111.708287553383755, 40.324865096241858 ], [ -111.708227176501779, 40.324714836768059 ], [ -111.708160968697015, 40.324730296137695 ] ] ] } },
{ "type": "Feature", "properties": { "type": "Feature", "properties": { "height": 2.1182014942169189, "confidence": 0.98729997873306208 }, "id": 427 }, "geometry": { "type": "Polygon", "coordinates": [ [ [ -111.70864908368776, 40.324187522863724 ], [ -111.708685087317576, 40.324181832499271 ], [ -111.708677962237871, 40.324155629174541 ], [ -111.708713966368549, 40.324149940649399 ], [ -111.708698166423758, 40.324091834439322 ], [ -111.708574725407232, 40.324111344284326 ], [ -111.708624306353741, 40.324293683997716 ], [ -111.708675740110635, 40.324285554918276 ], [ -111.70864908368776, 40.324187522863724 ] ] ] } },
{ "type": "Feature", "properties": { "type": "Feature", "properties": { "height": 2.8668203353881831, "confidence": 0.95289999246597212 }, "id": 428 }, "geometry": { "type": "Polygon", "coordinates": [ [ [ -111.708828673153391, 40.324219042966973 ], [ -111.709055075526393, 40.324222969170791 ], [ -111.709056634535671, 40.32417055421287 ], [ -111.708830236611703, 40.324166640163561 ], [ -111.708828673153391, 40.324219042966973 ] ] ] } },
{ "type": "Feature", "properties": { "type": "Feature", "properties": { "height": 4.0978198051452637, "confidence": 0.99860000610351507 }, "id": 429 }, "geometry": { "type": "Polygon", "coordinates": [ [ [ -111.710494285506968, 40.315043067078818 ], [ -111.710492010897823, 40.315212799109347 ], [ -111.710604651915034, 40.31521367674825 ], [ -111.710606926524179, 40.315043944719932 ], [ -111.710494285506968, 40.315043067078818 ] ] ] } },
{ "type": "Feature", "properties": { "type": "Feature", "properties": { "height": 5.4986410140991211, "confidence": 0.92930001020431507 }, "id": 430 }, "geometry": { "type": "Polygon", "coordinates": [ [ [ -111.713593248176707, 40.31982344420522 ], [ -111.713522380702173, 40.31988181089929 ], [ -111.71368992866968, 40.320000070540964 ], [ -111.7137607961442, 40.319941703949127 ], [ -111.713593248176707, 40.31982344420522 ] ] ] } },
{ "type": "Feature", "properties": { "type": "Feature", "properties": { "height": 4.9837455749511719, "confidence": 0.96399998664855913 }, "id": 431 }, "geometry": { "type": "Polygon", "coordinates": [ [ [ -111.717025666949752, 40.32250504815017 ], [ -111.717024967169593, 40.322483453338599 ], [ -111.716949911130541, 40.322484867112728 ], [ -111.716953487353891, 40.322595227224795 ], [ -111.717189377762338, 40.322590783941862 ], [ -111.717186501597098, 40.32250202721206 ], [ -111.717025666949752, 40.32250504815017 ] ] ] } },
{ "type": "Feature", "properties": { "type": "Feature", "properties": { "height": 3.9882216453552242, "confidence": 0.99540001153945912 }, "id": 432 }, "geometry": { "type": "Polygon", "coordinates": [ [ [ -111.71846358780364, 40.325396865865997 ], [ -111.718348291584121, 40.3253984776888 ], [ -111.718350209109261, 40.325478200634088 ], [ -111.718269769886348, 40.325479325160266 ], [ -111.71827212991731, 40.32557744557743 ], [ -111.718467865359727, 40.325574709234324 ], [ -111.71846358780364, 40.325396865865997 ] ] ] } },
{ "type": "Feature", "properties": { "type": "Feature", "properties": { "height": 4.2613286972045898, "confidence": 1.0 }, "id": 433 }, "geometry": { "type": "Polygon", "coordinates": [ [ [ -111.721438335880052, 40.320638634194708 ], [ -111.721440123687785, 40.320774828445444 ], [ -111.721603722050361, 40.320773580068696 ], [ -111.721602594689358, 40.320687698333423 ], [ -111.721554319762703, 40.320688066707376 ], [ -111.721553659396747, 40.32063776034294 ], [ -111.721438335880052, 40.320638634194708 ] ] ] } },
{ "type": "Feature", "properties": { "type": "Feature", "properties": { "height": 3.7175297737121582, "confidence": 0.99309998750686612 }, "id": 434 }, "geometry": { "type": "Polygon", "coordinates": [ [ [ -111.710790688094377, 40.324681436440656 ], [ -111.710709966752532, 40.324623250600993 ], [ -111.710549280519203, 40.324752810829878 ], [ -111.710630001861034, 40.324810996557865 ], [ -111.710790688094377, 40.324681436440656 ] ] ] } },
{ "type": "Feature", "properties": { "type": "Feature", "properties": { "height": 0.104066982865333, "confidence": 0.96390002965927113 }, "id": 435 }, "geometry": { "type": "Polygon", "coordinates": [ [ [ -111.720006780503411, 40.315091101388113 ], [ -111.719944021073317, 40.315241538414149 ], [ -111.720294768116361, 40.315326611835957 ], [ -111.720351329084224, 40.315191032973516 ], [ -111.720236849146559, 40.315163265909945 ], [ -111.720242272801002, 40.315150265177444 ], [ -111.720130228606706, 40.315123088886168 ], [ -111.720124030144476, 40.315137946871921 ], [ -111.720070443790661, 40.315124949514207 ], [ -111.720077417060693, 40.315108234276785 ], [ -111.720006780503411, 40.315091101388113 ] ] ] } },
{ "type": "Feature", "properties": { "type": "Feature", "properties": { "height": 3.4926719665527339, "confidence": 0.9713000059127801 }, "id": 436 }, "geometry": { "type": "Polygon", "coordinates": [ [ [ -111.723701242026365, 40.316843153255334 ], [ -111.723804457972022, 40.31684225543308 ], [ -111.723802346908244, 40.316701159966854 ], [ -111.723699143912228, 40.316702057678341 ], [ -111.723701242026365, 40.316843153255334 ] ] ] } },
{ "type": "Feature", "properties": { "type": "Feature", "properties": { "height": 5.1202516555786133, "confidence": 0.97759997844696012 }, "id": 437 }, "geometry": { "type": "Polygon", "coordinates": [ [ [ -111.706348806459545, 40.315782445767432 ], [ -111.70634595845587, 40.315692511042016 ], [ -111.706111542335123, 40.315696814417798 ], [ -111.706113865769723, 40.315770397503094 ], [ -111.706175520838016, 40.315769265649905 ], [ -111.706176037156823, 40.315785617436021 ], [ -111.706348806459545, 40.315782445767432 ] ] ] } },
{ "type": "Feature", "properties": { "type": "Feature", "properties": { "height": 4.8238725662231436, "confidence": 0.99229997396469105 }, "id": 438 }, "geometry": { "type": "Polygon", "coordinates": [ [ [ -111.709672218558765, 40.32248518642686 ], [ -111.709500655477214, 40.322488317329814 ], [ -111.709501256713352, 40.322507467888805 ], [ -111.709458365871157, 40.322508248326955 ], [ -111.709460908794227, 40.322589245388009 ], [ -111.709675362646166, 40.322585331765133 ], [ -111.709672218558765, 40.32248518642686 ] ] ] } },
{ "type": "Feature", "properties": { "type": "Feature", "properties": { "height": 5.0508947372436523, "confidence": 0.98769998550415006 }, "id": 439 }, "geometry": { "type": "Polygon", "coordinates": [ [ [ -111.710517591971069, 40.323981897341383 ], [ -111.7105899492406, 40.323980279610623 ], [ -111.710592123578991, 40.324036673311369 ], [ -111.710706163407806, 40.324034117577973 ], [ -111.710700457969921, 40.323885787908566 ], [ -111.710514047032035, 40.323889955604862 ], [ -111.710517591971069, 40.323981897341383 ] ] ] } },
{ "type": "Feature", "properties": { "type": "Feature", "properties": { "height": 5.0888032913208008, "confidence": 0.98430001735687211 }, "id": 440 }, "geometry": { "type": "Polygon", "coordinates": [ [ [ -111.711917340990951, 40.322441680824348 ], [ -111.71216131409507, 40.322437762247091 ], [ -111.712158749381274, 40.322344634131106 ], [ -111.7119147759188, 40.322348539700954 ], [ -111.711917340990951, 40.322441680824348 ] ] ] } },
{ "type": "Feature", "properties": { "type": "Feature", "properties": { "height": 4.7043228149414062, "confidence": 0.95080000162124612 }, "id": 441 }, "geometry": { "type": "Polygon", "coordinates": [ [ [ -111.712938075060947, 40.323013183487411 ], [ -111.712947455375584, 40.323020625225382 ], [ -111.712907836956703, 40.323049653113642 ], [ -111.71295875673664, 40.32309005250076 ], [ -111.712918896051917, 40.323119257863873 ], [ -111.713048880411705, 40.323222378855014 ], [ -111.713161827140809, 40.323139624468546 ], [ -111.712971540758474, 40.322988663603788 ], [ -111.712938075060947, 40.323013183487411 ] ] ] } },
{ "type": "Feature", "properties": { "type": "Feature", "properties": { "height": 3.2204968929290771, "confidence": 0.99690002202987604 }, "id": 442 }, "geometry": { "type": "Polygon", "coordinates": [ [ [ -111.714870836381778, 40.322609581284986 ], [ -111.714916403542858, 40.32260868406857 ], [ -111.71491508828295, 40.322569855882904 ], [ -111.714869521121898, 40.322570753099832 ], [ -111.714870836381778, 40.322609581284986 ] ] ] } },
{ "type": "Feature", "properties": { "type": "Feature", "properties": { "height": 3.694303035736084, "confidence": 0.99199998378753607 }, "id": 443 }, "geometry": { "type": "Polygon", "coordinates": [ [ [ -111.715602034189189, 40.31898535656115 ], [ -111.715600631389933, 40.318886122630346 ], [ -111.715372670278157, 40.318888008168329 ], [ -111.715374072905462, 40.318987229933036 ], [ -111.715602034189189, 40.31898535656115 ] ] ] } },
{ "type": "Feature", "properties": { "type": "Feature", "properties": { "height": 2.60418701171875, "confidence": 0.99119997024536111 }, "id": 444 }, "geometry": { "type": "Polygon", "coordinates": [ [ [ -111.719704053636065, 40.316061549152437 ], [ -111.719383662583425, 40.316059377726077 ], [ -111.719383046823623, 40.316111786630785 ], [ -111.719703442487216, 40.316113975184777 ], [ -111.719704053636065, 40.316061549152437 ] ] ] } },
{ "type": "Feature", "properties": { "type": "Feature", "properties": { "height": 4.513028621673584, "confidence": 1.0 }, "id": 445 }, "geometry": { "type": "Polygon", "coordinates": [ [ [ -111.720144946304629, 40.32259441224803 ], [ -111.720260263294279, 40.322595507545977 ], [ -111.720260767256178, 40.322564838052394 ], [ -111.720295630532135, 40.322565169189133 ], [ -111.720296995758915, 40.322482085823601 ], [ -111.720104960823917, 40.322480251597064 ], [ -111.720103536235911, 40.322567434553015 ], [ -111.720145383071582, 40.322567832020653 ], [ -111.720144946304629, 40.32259441224803 ] ] ] } },
{ "type": "Feature", "properties": { "type": "Feature", "properties": { "height": 4.9581050872802734, "confidence": 0.98059999942779508 }, "id": 446 }, "geometry": { "type": "Polygon", "coordinates": [ [ [ -111.722885468691246, 40.323575290963291 ], [ -111.722767464155922, 40.32357622287136 ], [ -111.722769769917448, 40.323745932962098 ], [ -111.722887774452772, 40.323745001056373 ], [ -111.722885468691246, 40.323575290963291 ] ] ] } },
{ "type": "Feature", "properties": { "type": "Feature", "properties": { "height": 4.0338888168334961, "confidence": 0.94599997997283902 }, "id": 447 }, "geometry": { "type": "Polygon", "coordinates": [ [ [ -111.723684165455978, 40.322372240870749 ], [ -111.723575601026795, 40.322402822422461 ], [ -111.72365184420218, 40.322560182358593 ], [ -111.723760411101154, 40.322529605975632 ], [ -111.723684165455978, 40.322372240870749 ] ] ] } },
{ "type": "Feature", "properties": { "type": "Feature", "properties": { "height": 8.0462484359741211, "confidence": 0.98269999027252208 }, "id": 448 }, "geometry": { "type": "Polygon", "coordinates": [ [ [ -111.72574436711507, 40.32332122917019 ], [ -111.725878299526144, 40.323306307050295 ], [ -111.725851051633924, 40.323164152701509 ], [ -111.725701362468584, 40.323180830399821 ], [ -111.725697718965677, 40.323161821946925 ], [ -111.725582168277398, 40.32317468992359 ], [ -111.725588692485957, 40.323208727243141 ], [ -111.725509907925755, 40.323217500857787 ], [ -111.725536195924107, 40.323354647263109 ], [ -111.725683258963727, 40.32333826219822 ], [ -111.72568786424128, 40.32336228824439 ], [ -111.725750891258258, 40.323355266074998 ], [ -111.72574436711507, 40.32332122917019 ] ] ] } },
{ "type": "Feature", "properties": { "type": "Feature", "properties": { "height": 5.3452162742614746, "confidence": 0.99629998207092207 }, "id": 449 }, "geometry": { "type": "Polygon", "coordinates": [ [ [ -111.706240969804185, 40.316050695204495 ], [ -111.706242532548373, 40.316144756934939 ], [ -111.706314940571914, 40.316144057534785 ], [ -111.70631578988943, 40.316195177986032 ], [ -111.706423061035395, 40.316194141838416 ], [ -111.706420886782624, 40.316063273403913 ], [ -111.706318979193938, 40.316064257746078 ], [ -111.706318741385047, 40.316049943995864 ], [ -111.706240969804185, 40.316050695204495 ] ] ] } },
{ "type": "Feature", "properties": { "type": "Feature", "properties": { "height": 2.7044572830200191, "confidence": 0.99610000848770108 }, "id": 450 }, "geometry": { "type": "Polygon", "coordinates": [ [ [ -111.707805306434423, 40.322189435531747 ], [ -111.707873975178586, 40.322226762856737 ], [ -111.707925179970431, 40.322172012612029 ], [ -111.707856510165939, 40.322134681016117 ], [ -111.707805306434423, 40.322189435531747 ] ] ] } },
{ "type": "Feature", "properties": { "type": "Feature", "properties": { "height": 1.0, "confidence": 0.9980999827384941 }, "id": 451 }, "geometry": { "type": "Polygon", "coordinates": [ [ [ -111.710279261529678, 40.319689912053107 ], [ -111.710209751369177, 40.319686881596894 ], [ -111.71020669394602, 40.319727649082367 ], [ -111.71027620410652, 40.319730679536754 ], [ -111.710279261529678, 40.319689912053107 ] ] ] } },
{ "type": "Feature", "properties": { "type": "Feature", "properties": { "height": 2.78354811668396, "confidence": 0.97579997777938809 }, "id": 452 }, "geometry": { "type": "Polygon", "coordinates": [ [ [ -111.711059180371834, 40.323288010415347 ], [ -111.711208186934499, 40.323285561517729 ], [ -111.711205445789588, 40.323188297693648 ], [ -111.71105643007752, 40.323190738793699 ], [ -111.711059180371834, 40.323288010415347 ] ] ] } },
{ "type": "Feature", "properties": { "type": "Feature", "properties": { "height": 4.2424569129943848, "confidence": 0.9756000041961671 }, "id": 453 }, "geometry": { "type": "Polygon", "coordinates": [ [ [ -111.711583582841882, 40.3224391448883 ], [ -111.711827600630613, 40.322436150078104 ], [ -111.711825399191582, 40.322331884240214 ], [ -111.711581381402851, 40.322334879055042 ], [ -111.711583582841882, 40.3224391448883 ] ] ] } },
{ "type": "Feature", "properties": { "type": "Feature", "properties": { "height": 3.8274943828582759, "confidence": 0.97250002622604304 }, "id": 454 }, "geometry": { "type": "Polygon", "coordinates": [ [ [ -111.71176534872059, 40.320944976039904 ], [ -111.711894065607936, 40.320943499301478 ], [ -111.711890272552751, 40.32075131239467 ], [ -111.71176155566539, 40.320752789137288 ], [ -111.71176534872059, 40.320944976039904 ] ] ] } },
{ "type": "Feature", "properties": { "type": "Feature", "properties": { "height": 4.5500001907348633, "confidence": 0.99180001020431507 }, "id": 455 }, "geometry": { "type": "Polygon", "coordinates": [ [ [ -111.713676928062924, 40.316622342111934 ], [ -111.713673514943849, 40.316544714460797 ], [ -111.713590460004824, 40.316546841936351 ], [ -111.713588843264233, 40.316510070913715 ], [ -111.713453478239558, 40.31651353832855 ], [ -111.713458518588155, 40.316627936725347 ], [ -111.713676928062924, 40.316622342111934 ] ] ] } },
{ "type": "Feature", "properties": { "type": "Feature", "properties": { "height": 4.6643357276916504, "confidence": 0.97769999504089311 }, "id": 456 }, "geometry": { "type": "Polygon", "coordinates": [ [ [ -111.72013608586046, 40.317783932018102 ], [ -111.720319024770646, 40.317768868653836 ], [ -111.720306426696581, 40.317679921631445 ], [ -111.720123487786381, 40.317694985015549 ], [ -111.72013608586046, 40.317783932018102 ] ] ] } },
{ "type": "Feature", "properties": { "type": "Feature", "properties": { "height": 6.752680778503418, "confidence": 0.97450000047683705 }, "id": 457 }, "geometry": { "type": "Polygon", "coordinates": [ [ [ -111.724443214246222, 40.325588761556425 ], [ -111.724475400489368, 40.325588691143267 ], [ -111.724475515939062, 40.325619363796925 ], [ -111.724597556463067, 40.325619096811579 ], [ -111.72459633062256, 40.325301169310947 ], [ -111.724442133072785, 40.325301514874823 ], [ -111.724443214246222, 40.325588761556425 ] ] ] } },
{ "type": "Feature", "properties": { "type": "Feature", "properties": { "height": 4.4403018951416025, "confidence": 0.98170000314712502 }, "id": 458 }, "geometry": { "type": "Polygon", "coordinates": [ [ [ -111.706417831716337, 40.317518826739118 ], [ -111.706391976816874, 40.317461319997321 ], [ -111.706406377741018, 40.317457555897356 ], [ -111.706350428349936, 40.317333112493351 ], [ -111.706235220956842, 40.317363225342561 ], [ -111.706243448808465, 40.317381525849378 ], [ -111.706197845882031, 40.317393445511925 ], [ -111.706222529436914, 40.317448346992904 ], [ -111.706278949637706, 40.317433599930077 ], [ -111.706327853386199, 40.317542349966928 ], [ -111.706417831716337, 40.317518826739118 ] ] ] } },
{ "type": "Feature", "properties": { "type": "Feature", "properties": { "height": 3.8149456977844243, "confidence": 0.9822999835014341 }, "id": 459 }, "geometry": { "type": "Polygon", "coordinates": [ [ [ -111.707519129863698, 40.314323519896952 ], [ -111.707520003138356, 40.314337805271961 ], [ -111.707675233986649, 40.314332288000443 ], [ -111.707668247789258, 40.314218004906323 ], [ -111.707480900213739, 40.31422466369353 ], [ -111.7074842685589, 40.314279764489761 ], [ -111.707433417074114, 40.314281571873273 ], [ -111.707436161651671, 40.314326468783918 ], [ -111.707519129863698, 40.314323519896952 ] ] ] } },
{ "type": "Feature", "properties": { "type": "Feature", "properties": { "height": 2.9514367580413823, "confidence": 0.99959999322891213 }, "id": 460 }, "geometry": { "type": "Polygon", "coordinates": [ [ [ -111.709321908770846, 40.323769017327514 ], [ -111.709265595370908, 40.323769669380518 ], [ -111.709267468805677, 40.323863713757831 ], [ -111.709197747453388, 40.323864521060415 ], [ -111.709198887805002, 40.323921765399149 ], [ -111.709268609157292, 40.323920958097268 ], [ -111.70926897569889, 40.323939358053202 ], [ -111.709325289098814, 40.323938706001833 ], [ -111.709321908770846, 40.323769017327514 ] ] ] } },
{ "type": "Feature", "properties": { "type": "Feature", "properties": { "height": 3.937701940536499, "confidence": 0.99940001964569003 }, "id": 461 }, "geometry": { "type": "Polygon", "coordinates": [ [ [ -111.711363232421348, 40.315379431494378 ], [ -111.711585844645896, 40.315380631368711 ], [ -111.711586621974604, 40.315296783532574 ], [ -111.711364009750042, 40.315295583656741 ], [ -111.711363232421348, 40.315379431494378 ] ] ] } },
{ "type": "Feature", "properties": { "type": "Feature", "properties": { "height": 3.2484927177429199, "confidence": 1.0 }, "id": 462 }, "geometry": { "type": "Polygon", "coordinates": [ [ [ -111.712513111026041, 40.317578547598686 ], [ -111.712507863120251, 40.317390482948227 ], [ -111.712396587082367, 40.317392288158018 ], [ -111.712401817733081, 40.317580353083365 ], [ -111.712513111026041, 40.317578547598686 ] ] ] } },
{ "type": "Feature", "properties": { "type": "Feature", "properties": { "height": 9.8177194595336914, "confidence": 0.96319997310638406 }, "id": 463 }, "geometry": { "type": "Polygon", "coordinates": [ [ [ -111.718953445881141, 40.31538391751063 ], [ -111.718798804817041, 40.315268389427494 ], [ -111.718506505061939, 40.315495867576459 ], [ -111.718661146126038, 40.315611395270395 ], [ -111.718953445881141, 40.31538391751063 ] ] ] } },
{ "type": "Feature", "properties": { "type": "Feature", "properties": { "height": 5.2210321426391602, "confidence": 0.98119997978210405 }, "id": 464 }, "geometry": { "type": "Polygon", "coordinates": [ [ [ -111.719319955505583, 40.320092861168575 ], [ -111.719330214530714, 40.320103435431605 ], [ -111.71947167012128, 40.320023656306986 ], [ -111.719372115945333, 40.319921052560979 ], [ -111.719223034691595, 40.320005140541511 ], [ -111.719247400550884, 40.320030252765442 ], [ -111.719178060432881, 40.320069363403825 ], [ -111.719242981787744, 40.320136273317665 ], [ -111.719319955505583, 40.320092861168575 ] ] ] } },
{ "type": "Feature", "properties": { "type": "Feature", "properties": { "height": 4.7617754936218262, "confidence": 0.99769997596740712 }, "id": 465 }, "geometry": { "type": "Polygon", "coordinates": [ [ [ -111.719701925920504, 40.317081908203001 ], [ -111.719558518919811, 40.317084448958418 ], [ -111.719561095730711, 40.317169004386457 ], [ -111.7197045102549, 40.317166455847655 ], [ -111.719701925920504, 40.317081908203001 ] ] ] } },
{ "type": "Feature", "properties": { "type": "Feature", "properties": { "height": 0.7485743761062621, "confidence": 0.81150001287460305 }, "id": 466 }, "geometry": { "type": "Polygon", "coordinates": [ [ [ -111.71998288613058, 40.314391205557236 ], [ -111.719923413066653, 40.314459073985745 ], [ -111.719977188211942, 40.314486472040421 ], [ -111.719990817455781, 40.314470918871237 ], [ -111.720022340816797, 40.314486979798382 ], [ -111.720086769969413, 40.314413455694826 ], [ -111.719992199886292, 40.314365272849471 ], [ -111.719973614553822, 40.314386481748841 ], [ -111.71998288613058, 40.314391205557236 ] ] ] } },
{ "type": "Feature", "properties": { "type": "Feature", "properties": { "height": 3.1329114437103271, "confidence": 0.96859997510910012 }, "id": 467 }, "geometry": { "type": "Polygon", "coordinates": [ [ [ -111.720114103563077, 40.31647539200884 ], [ -111.720106088915458, 40.316507694759061 ], [ -111.720131983907606, 40.316511431393273 ], [ -111.720139998886253, 40.316479127310693 ], [ -111.720114103563077, 40.31647539200884 ] ] ] } },
{ "type": "Feature", "properties": { "type": "Feature", "properties": { "height": 4.7382779121398935, "confidence": 0.98489999771118109 }, "id": 468 }, "geometry": { "type": "Polygon", "coordinates": [ [ [ -111.720766403362859, 40.323570281503024 ], [ -111.720764106667247, 40.323488522073049 ], [ -111.720528180486113, 40.323492374290282 ], [ -111.720530477181725, 40.323574133715617 ], [ -111.720766403362859, 40.323570281503024 ] ] ] } },
{ "type": "Feature", "properties": { "type": "Feature", "properties": { "height": 3.828769207000732, "confidence": 0.98930001258850109 }, "id": 469 }, "geometry": { "type": "Polygon", "coordinates": [ [ [ -111.722447749394661, 40.317605976724899 ], [ -111.722340490049419, 40.317607321823303 ], [ -111.722342165976698, 40.317685014662175 ], [ -111.722275128885911, 40.317685855347705 ], [ -111.722276451986389, 40.317747191735528 ], [ -111.722450748422403, 40.317745005955125 ], [ -111.722447749394661, 40.317605976724899 ] ] ] } },
{ "type": "Feature", "properties": { "type": "Feature", "properties": { "height": 5.6481375694274902, "confidence": 0.99140000343322709 }, "id": 470 }, "geometry": { "type": "Polygon", "coordinates": [ [ [ -111.707299511944967, 40.316424788562195 ], [ -111.707297786023616, 40.316373693975514 ], [ -111.707319229470897, 40.316373272859828 ], [ -111.707314742075368, 40.316240426752671 ], [ -111.707204844408054, 40.316242584974738 ], [ -111.707211057724933, 40.316426525663026 ], [ -111.707299511944967, 40.316424788562195 ] ] ] } },
{ "type": "Feature", "properties": { "type": "Feature", "properties": { "height": 5.5157794952392578, "confidence": 0.99739998579025213 }, "id": 471 }, "geometry": { "type": "Polygon", "coordinates": [ [ [ -111.708027469132801, 40.317613441087353 ], [ -111.708207123011903, 40.31761106348457 ], [ -111.708205354428145, 40.317533372949512 ], [ -111.708124912392719, 40.317534437549007 ], [ -111.70812416772587, 40.317501725718543 ], [ -111.708024955882195, 40.317503038725206 ], [ -111.708027469132801, 40.317613441087353 ] ] ] } },
{ "type": "Feature", "properties": { "type": "Feature", "properties": { "height": 7.1830663681030273, "confidence": 0.98489999771118109 }, "id": 472 }, "geometry": { "type": "Polygon", "coordinates": [ [ [ -111.708092079826258, 40.323782142675675 ], [ -111.708056406609231, 40.32358967367589 ], [ -111.707836647152192, 40.323613349024612 ], [ -111.707872337691924, 40.323805816090676 ], [ -111.708092079826258, 40.323782142675675 ] ] ] } },
{ "type": "Feature", "properties": { "type": "Feature", "properties": { "height": 3.7300245761871342, "confidence": 0.9890999794006341 }, "id": 473 }, "geometry": { "type": "Polygon", "coordinates": [ [ [ -111.709756120541186, 40.314516177178518 ], [ -111.709758147643313, 40.314393484871012 ], [ -111.709565059409371, 40.314391619753849 ], [ -111.709562065100371, 40.314572853115237 ], [ -111.709690790703149, 40.314574089654769 ], [ -111.709691757796534, 40.314515555473918 ], [ -111.709756120541186, 40.314516177178518 ] ] ] } },
{ "type": "Feature", "properties": { "type": "Feature", "properties": { "height": 5.1770462989807129, "confidence": 0.99839997291564908 }, "id": 474 }, "geometry": { "type": "Polygon", "coordinates": [ [ [ -111.710199471764781, 40.31789814756759 ], [ -111.710104224444692, 40.317899484340671 ], [ -111.710104945721213, 40.317929361410741 ], [ -111.709957474381596, 40.317931439003999 ], [ -111.709960139539845, 40.318041836379699 ], [ -111.710138519901392, 40.318039323340685 ], [ -111.710136637290987, 40.317961636414879 ], [ -111.710200988337817, 40.317960729830311 ], [ -111.710199471764781, 40.31789814756759 ] ] ] } },
{ "type": "Feature", "properties": { "type": "Feature", "properties": { "height": 1.054545402526855, "confidence": 0.97180002927780107 }, "id": 475 }, "geometry": { "type": "Polygon", "coordinates": [ [ [ -111.712168529126089, 40.317528878460884 ], [ -111.712173919203906, 40.317612525793137 ], [ -111.712278273447794, 40.317608616499797 ], [ -111.712272883369977, 40.31752496916269 ], [ -111.712168529126089, 40.317528878460884 ] ] ] } },
{ "type": "Feature", "properties": { "type": "Feature", "properties": { "height": 5.051426887512207, "confidence": 0.9958000183105461 }, "id": 476 }, "geometry": { "type": "Polygon", "coordinates": [ [ [ -111.713999882713324, 40.322595739526037 ], [ -111.714000644033533, 40.322648901907932 ], [ -111.713925551132817, 40.322649526997267 ], [ -111.71392672239466, 40.322731315194595 ], [ -111.714092999531957, 40.322729931069851 ], [ -111.714091066949933, 40.322594980488361 ], [ -111.713999882713324, 40.322595739526037 ] ] ] } },
{ "type": "Feature", "properties": { "type": "Feature", "properties": { "height": 2.979591846466064, "confidence": 1.0 }, "id": 477 }, "geometry": { "type": "Polygon", "coordinates": [ [ [ -111.714738524509855, 40.322395702862082 ], [ -111.714737295124522, 40.322438626490772 ], [ -111.714774828153722, 40.322439251358624 ], [ -111.714776057539083, 40.322396327730345 ], [ -111.714738524509855, 40.322395702862082 ] ] ] } },
{ "type": "Feature", "properties": { "type": "Feature", "properties": { "height": 4.5810861587524414, "confidence": 0.99639999866485607 }, "id": 478 }, "geometry": { "type": "Polygon", "coordinates": [ [ [ -111.720457109829155, 40.322567547365637 ], [ -111.720456282689895, 40.322599498880564 ], [ -111.720515268392234, 40.322600383327952 ], [ -111.72051831799439, 40.322482580349458 ], [ -111.720362810448393, 40.322480240325639 ], [ -111.720360587904068, 40.322566094938914 ], [ -111.720457109829155, 40.322567547365637 ] ] ] } },
{ "type": "Feature", "properties": { "type": "Feature", "properties": { "height": 4.6391429901123047, "confidence": 0.98329997062683105 }, "id": 479 }, "geometry": { "type": "Polygon", "coordinates": [ [ [ -111.724126929371039, 40.322196134066196 ], [ -111.724346743832143, 40.322200157268782 ], [ -111.724349510987508, 40.322112274426246 ], [ -111.724271771726876, 40.32211085158449 ], [ -111.724272865718518, 40.322076107172599 ], [ -111.724200487786206, 40.322074782457143 ], [ -111.724199007679843, 40.322121789599301 ], [ -111.724129310411683, 40.322120513948249 ], [ -111.724126929371039, 40.322196134066196 ] ] ] } },
{ "type": "Feature", "properties": { "type": "Feature", "properties": { "height": 4.6207747459411621, "confidence": 0.95209997892379705 }, "id": 480 }, "geometry": { "type": "Polygon", "coordinates": [ [ [ -111.724149822609206, 40.323583471525843 ], [ -111.72393029481789, 40.323625477616623 ], [ -111.723958443913403, 40.323711009932445 ], [ -111.7241779753315, 40.323669014915026 ], [ -111.724149822609206, 40.323583471525843 ] ] ] } },
{ "type": "Feature", "properties": { "type": "Feature", "properties": { "height": 2.8914141654968262, "confidence": 1.0 }, "id": 481 }, "geometry": { "type": "Polygon", "coordinates": [ [ [ -111.707311678937614, 40.319649058170413 ], [ -111.707428130340134, 40.319648623178999 ], [ -111.707427657285507, 40.319575003436391 ], [ -111.707311199125229, 40.319575438453519 ], [ -111.707311678937614, 40.319649058170413 ] ] ] } },
{ "type": "Feature", "properties": { "type": "Feature", "properties": { "height": 1.9659408330917352, "confidence": 0.95969998836517312 }, "id": 482 }, "geometry": { "type": "Polygon", "coordinates": [ [ [ -111.708551171249255, 40.324955971080456 ], [ -111.708502832402885, 40.324806296658622 ], [ -111.708434552217454, 40.324819113919588 ], [ -111.708471681779969, 40.324934080382171 ], [ -111.708499500085267, 40.324928859943789 ], [ -111.708510708259723, 40.324963564442172 ], [ -111.708551171249255, 40.324955971080456 ] ] ] } },
{ "type": "Feature", "properties": { "type": "Feature", "properties": { "height": 3.9526031017303462, "confidence": 0.99879997968673706 }, "id": 483 }, "geometry": { "type": "Polygon", "coordinates": [ [ [ -111.711519598504609, 40.321807761607069 ], [ -111.711704586078454, 40.321804741043195 ], [ -111.711702231965447, 40.321720935434392 ], [ -111.71157354495756, 40.321723036698849 ], [ -111.711571740663302, 40.321658804379744 ], [ -111.711477906527293, 40.321660341557973 ], [ -111.711480284854858, 40.321745009271687 ], [ -111.711517818565497, 40.321744396403091 ], [ -111.711519598504609, 40.321807761607069 ] ] ] } },
{ "type": "Feature", "properties": { "type": "Feature", "properties": { "height": 4.3193540573120117, "confidence": 0.99370002746582009 }, "id": 484 }, "geometry": { "type": "Polygon", "coordinates": [ [ [ -111.713055176924115, 40.321293259572144 ], [ -111.713169538524227, 40.321292679834933 ], [ -111.713167916656161, 40.32110863861412 ], [ -111.7130535719498, 40.321109218267267 ], [ -111.713055176924115, 40.321293259572144 ] ] ] } },
{ "type": "Feature", "properties": { "type": "Feature", "properties": { "height": 5.2760829925537109, "confidence": 0.98879998922348011 }, "id": 485 }, "geometry": { "type": "Polygon", "coordinates": [ [ [ -111.71859777268125, 40.314430866623553 ], [ -111.718596162787932, 40.314704917130307 ], [ -111.71879085084872, 40.314705592470176 ], [ -111.718791351124409, 40.314621741341334 ], [ -111.718803181252895, 40.314621782378104 ], [ -111.718803757931084, 40.314523615039398 ], [ -111.718774254233139, 40.314523512695793 ], [ -111.718774501869873, 40.314481357707514 ], [ -111.718798641266673, 40.314481440155035 ], [ -111.718798934258189, 40.314431564421781 ], [ -111.71859777268125, 40.314430866623553 ] ] ] } },
{ "type": "Feature", "properties": { "type": "Feature", "properties": { "height": 4.468658447265625, "confidence": 1.0 }, "id": 486 }, "geometry": { "type": "Polygon", "coordinates": [ [ [ -111.723797175751741, 40.323918576105513 ], [ -111.723602966589397, 40.323921871498975 ], [ -111.723605491576507, 40.324008638170284 ], [ -111.72379970900252, 40.324005353004132 ], [ -111.723797175751741, 40.323918576105513 ] ] ] } },
{ "type": "Feature", "properties": { "type": "Feature", "properties": { "height": 5.367523193359375, "confidence": 0.97970002889633112 }, "id": 487 }, "geometry": { "type": "Polygon", "coordinates": [ [ [ -111.706179394217955, 40.316683991874392 ], [ -111.706321398942535, 40.316680445327968 ], [ -111.706313726322634, 40.31650183839951 ], [ -111.706171721272881, 40.316505377385319 ], [ -111.706179394217955, 40.316683991874392 ] ] ] } },
{ "type": "Feature", "properties": { "type": "Feature", "properties": { "height": 4.6840243339538574, "confidence": 0.97970002889633112 }, "id": 488 }, "geometry": { "type": "Polygon", "coordinates": [ [ [ -111.70698399915895, 40.315470729362609 ], [ -111.706954569970137, 40.315494830431312 ], [ -111.707034226287959, 40.315551380648344 ], [ -111.707131873755117, 40.3154714061627 ], [ -111.707002562856403, 40.31537960465652 ], [ -111.706934343393044, 40.3154354773283 ], [ -111.70698399915895, 40.315470729362609 ] ] ] } },
{ "type": "Feature", "properties": { "type": "Feature", "properties": { "height": 4.9765090942382812, "confidence": 0.96990001201629605 }, "id": 489 }, "geometry": { "type": "Polygon", "coordinates": [ [ [ -111.707116895396325, 40.317206685832247 ], [ -111.707119219233562, 40.317294589995711 ], [ -111.707290810893568, 40.317291952803807 ], [ -111.707290378551761, 40.317275598548861 ], [ -111.707360087663645, 40.317274527189348 ], [ -111.707358196168244, 40.317202977276253 ], [ -111.707116895396325, 40.317206685832247 ] ] ] } },
{ "type": "Feature", "properties": { "type": "Feature", "properties": { "height": 5.171229362487793, "confidence": 0.97649997472763006 }, "id": 490 }, "geometry": { "type": "Polygon", "coordinates": [ [ [ -111.715535540249476, 40.322048832897352 ], [ -111.71541754198887, 40.322049972560905 ], [ -111.715420531586489, 40.322229900637673 ], [ -111.715538529847052, 40.322228760977154 ], [ -111.715535540249476, 40.322048832897352 ] ] ] } },
{ "type": "Feature", "properties": { "type": "Feature", "properties": { "height": 5.7824540138244629, "confidence": 0.98820000886917103 }, "id": 491 }, "geometry": { "type": "Polygon", "coordinates": [ [ [ -111.715979421404455, 40.314937094745908 ], [ -111.715979606125316, 40.314769389616487 ], [ -111.715796100978309, 40.31476926230696 ], [ -111.715795889966145, 40.314946100388035 ], [ -111.715817347621879, 40.314946114129462 ], [ -111.715817158404178, 40.315104687015051 ], [ -111.715981918890549, 40.315104801319627 ], [ -111.71598210361141, 40.314937096606712 ], [ -111.715979421404455, 40.314937094745908 ] ] ] } },
{ "type": "Feature", "properties": { "type": "Feature", "properties": { "height": 3.4711964130401611, "confidence": 0.99510002136230413 }, "id": 492 }, "geometry": { "type": "Polygon", "coordinates": [ [ [ -111.717395211626098, 40.320411372922955 ], [ -111.717497084787993, 40.320413107060247 ], [ -111.717496665807829, 40.320427415050275 ], [ -111.717666607759611, 40.320430307888778 ], [ -111.71766957483004, 40.320329300305396 ], [ -111.717397750873431, 40.320324658667388 ], [ -111.717395211626098, 40.320411372922955 ] ] ] } },
{ "type": "Feature", "properties": { "type": "Feature", "properties": { "height": 4.3056135177612296, "confidence": 0.98650002479553212 }, "id": 493 }, "geometry": { "type": "Polygon", "coordinates": [ [ [ -111.717751616552448, 40.318570643843337 ], [ -111.717870834674841, 40.31857173809086 ], [ -111.717873630097571, 40.318394683436587 ], [ -111.717754395625192, 40.318393595398916 ], [ -111.717751616552448, 40.318570643843337 ] ] ] } },
{ "type": "Feature", "properties": { "type": "Feature", "properties": { "height": 4.6999707221984863, "confidence": 0.99159997701644909 }, "id": 494 }, "geometry": { "type": "Polygon", "coordinates": [ [ [ -111.720657821425021, 40.322477758654756 ], [ -111.720655417768242, 40.322563607595868 ], [ -111.720875258731056, 40.322567185491074 ], [ -111.720877662387849, 40.322481336554503 ], [ -111.720657821425021, 40.322477758654756 ] ] ] } },
{ "type": "Feature", "properties": { "type": "Feature", "properties": { "height": 3.784558773040771, "confidence": 0.99830001592636108 }, "id": 495 }, "geometry": { "type": "Polygon", "coordinates": [ [ [ -111.721373681090526, 40.323535701396558 ], [ -111.721483639702143, 40.323536575632026 ], [ -111.721484199060583, 40.323495681605941 ], [ -111.721521745903573, 40.323495980125557 ], [ -111.721522808684654, 40.323418281408081 ], [ -111.721479898006947, 40.323417940242422 ], [ -111.721480737044658, 40.323356599086196 ], [ -111.721376142267772, 40.323355767494128 ], [ -111.721373681090526, 40.323535701396558 ] ] ] } },
{ "type": "Feature", "properties": { "type": "Feature", "properties": { "height": 6.6133246421813965, "confidence": 0.96319997310638406 }, "id": 496 }, "geometry": { "type": "Polygon", "coordinates": [ [ [ -111.725311743836002, 40.324610525440548 ], [ -111.72535516369625, 40.324615365301064 ], [ -111.725348059475124, 40.324652410059294 ], [ -111.725447851252696, 40.324663528168841 ], [ -111.725453610548968, 40.32463349648944 ], [ -111.725502106283329, 40.324638899550429 ], [ -111.72553242436058, 40.324480730913905 ], [ -111.725541717029628, 40.324481766241519 ], [ -111.725559569889228, 40.324388672740987 ], [ -111.725526634051192, 40.324385001485602 ], [ -111.72553411825578, 40.324345956468591 ], [ -111.725421194850355, 40.32433337526458 ], [ -111.725415822026534, 40.324361405237745 ], [ -111.725360673386675, 40.324355260930503 ], [ -111.725311743836002, 40.324610525440548 ] ] ] } },
{ "type": "Feature", "properties": { "type": "Feature", "properties": { "height": 2.0887782573699951, "confidence": 0.98299998044967607 }, "id": 497 }, "geometry": { "type": "Polygon", "coordinates": [ [ [ -111.705224442501716, 40.3174500760407 ], [ -111.705613314044413, 40.317446755733847 ], [ -111.705612606626019, 40.317398588523119 ], [ -111.705223735388046, 40.317401929581628 ], [ -111.705224442501716, 40.3174500760407 ] ] ] } },
{ "type": "Feature", "properties": { "type": "Feature", "properties": { "height": 4.9370975494384775, "confidence": 0.9979000091552731 }, "id": 498 }, "geometry": { "type": "Polygon", "coordinates": [ [ [ -111.707825938906993, 40.321580130994981 ], [ -111.707821864335685, 40.321391252267766 ], [ -111.707551988547493, 40.321394636486971 ], [ -111.707556080764576, 40.321583529383396 ], [ -111.707825938906993, 40.321580130994981 ] ] ] } },
{ "type": "Feature", "properties": { "type": "Feature", "properties": { "height": 4.3197550773620597, "confidence": 0.94419997930526711 }, "id": 499 }, "geometry": { "type": "Polygon", "coordinates": [ [ [ -111.711171986728047, 40.317880518225628 ], [ -111.711277311196653, 40.318012450655239 ], [ -111.711361466194404, 40.31797339373859 ], [ -111.711256139109992, 40.317841457955964 ], [ -111.711171986728047, 40.317880518225628 ] ] ] } },
{ "type": "Feature", "properties": { "type": "Feature", "properties": { "height": 3.0546333789825439, "confidence": 0.99489998817443803 }, "id": 500 }, "geometry": { "type": "Polygon", "coordinates": [ [ [ -111.708690344429272, 40.324503248172206 ], [ -111.708701676899437, 40.324558406856575 ], [ -111.708850901657854, 40.324540586870505 ], [ -111.708819326509882, 40.324386900575632 ], [ -111.708744605514937, 40.324395823560145 ], [ -111.708752810428848, 40.32443574167953 ], [ -111.70871615912597, 40.324440118478613 ], [ -111.708728205312852, 40.324498724912296 ], [ -111.708690344429272, 40.324503248172206 ] ] ] } },
{ "type": "Feature", "properties": { "type": "Feature", "properties": { "height": 4.6005678176879883, "confidence": 0.96369999647140503 }, "id": 501 }, "geometry": { "type": "Polygon", "coordinates": [ [ [ -111.708811556005301, 40.318213234936238 ], [ -111.70858797276523, 40.318221061844 ], [ -111.708596083392337, 40.318355753331524 ], [ -111.708673703832048, 40.31835303610287 ], [ -111.708671614731131, 40.31831834286524 ], [ -111.708817586691296, 40.318313232878467 ], [ -111.708811556005301, 40.318213234936238 ] ] ] } },
{ "type": "Feature", "properties": { "type": "Feature", "properties": { "height": 5.1371273994445801, "confidence": 1.0 }, "id": 502 }, "geometry": { "type": "Polygon", "coordinates": [ [ [ -111.713865319312688, 40.323865034611202 ], [ -111.713637374879411, 40.323867430717087 ], [ -111.713638982470542, 40.323956322731547 ], [ -111.713866927123732, 40.323953938789479 ], [ -111.713865319312688, 40.323865034611202 ] ] ] } },
{ "type": "Feature", "properties": { "type": "Feature", "properties": { "height": 4.5995011329650879, "confidence": 0.9600999951362611 }, "id": 503 }, "geometry": { "type": "Polygon", "coordinates": [ [ [ -111.714815195356309, 40.318995913000911 ], [ -111.714917074384601, 40.31899754397913 ], [ -111.714922422177949, 40.318803348561083 ], [ -111.714820543149656, 40.318801717578175 ], [ -111.714815195356309, 40.318995913000911 ] ] ] } },
{ "type": "Feature", "properties": { "type": "Feature", "properties": { "height": 3.8682582378387451, "confidence": 0.9890000224113461 }, "id": 504 }, "geometry": { "type": "Polygon", "coordinates": [ [ [ -111.714844653362178, 40.315643701745316 ], [ -111.714686455415034, 40.31564589676222 ], [ -111.714690895508696, 40.31583194464649 ], [ -111.714870544024947, 40.315829452007044 ], [ -111.714868787504386, 40.315755850704804 ], [ -111.714847336935279, 40.315756148333726 ], [ -111.714844653362178, 40.315643701745316 ] ] ] } },
{ "type": "Feature", "properties": { "type": "Feature", "properties": { "height": 5.3261508941650391, "confidence": 0.95969998836517312 }, "id": 505 }, "geometry": { "type": "Polygon", "coordinates": [ [ [ -111.716888425180258, 40.322598470938509 ], [ -111.716885247432899, 40.322508558297031 ], [ -111.716775356651709, 40.322510815868505 ], [ -111.716774449553952, 40.322485150008156 ], [ -111.716712803622144, 40.322486419738198 ], [ -111.716713132831444, 40.322495734545981 ], [ -111.716646126257558, 40.322497111114224 ], [ -111.716649881777172, 40.322603371513843 ], [ -111.716888425180258, 40.322598470938509 ] ] ] } },
{ "type": "Feature", "properties": { "type": "Feature", "properties": { "height": 2.2325468063354492, "confidence": 0.99409997463226307 }, "id": 506 }, "geometry": { "type": "Polygon", "coordinates": [ [ [ -111.718776963518039, 40.319291436441809 ], [ -111.718775192281441, 40.319371170535177 ], [ -111.718895857071772, 40.319372728779783 ], [ -111.718898264136911, 40.319264372170878 ], [ -111.718844635341227, 40.319263679616625 ], [ -111.718843999512671, 40.319292302134272 ], [ -111.718776963518039, 40.319291436441809 ] ] ] } },
{ "type": "Feature", "properties": { "type": "Feature", "properties": { "height": 4.9421076774597168, "confidence": 0.97649997472763006 }, "id": 507 }, "geometry": { "type": "Polygon", "coordinates": [ [ [ -111.719215366002729, 40.32359854032147 ], [ -111.719217738965881, 40.32377438469981 ], [ -111.719343789447109, 40.323773395980034 ], [ -111.719341416483957, 40.323597551599121 ], [ -111.719215366002729, 40.32359854032147 ] ] ] } },
{ "type": "Feature", "properties": { "type": "Feature", "properties": { "height": 5.442894458770752, "confidence": 0.93409997224807706 }, "id": 508 }, "geometry": { "type": "Polygon", "coordinates": [ [ [ -111.724624864801939, 40.323333283900986 ], [ -111.724461485585721, 40.323328550090451 ], [ -111.724451223959491, 40.323534790315371 ], [ -111.724541138422424, 40.323537395522727 ], [ -111.724542665234083, 40.323506765908725 ], [ -111.724616127179587, 40.323508894417053 ], [ -111.724624864801939, 40.323333283900986 ] ] ] } },
{ "type": "Feature", "properties": { "type": "Feature", "properties": { "height": 5.6390771865844727, "confidence": 0.98780000209808305 }, "id": 509 }, "geometry": { "type": "Polygon", "coordinates": [ [ [ -111.705798489811372, 40.313045115997554 ], [ -111.706114962639361, 40.313042852804344 ], [ -111.70611249765679, 40.312842436526651 ], [ -111.70597303505464, 40.312843433868984 ], [ -111.705973261430572, 40.312861839470045 ], [ -111.70579625120476, 40.312863105327274 ], [ -111.705798489811372, 40.313045115997554 ] ] ] } },
{ "type": "Feature", "properties": { "type": "Feature", "properties": { "height": 1.989266514778137, "confidence": 0.99459999799728305 }, "id": 510 }, "geometry": { "type": "Polygon", "coordinates": [ [ [ -111.707061963845732, 40.31641142037229 ], [ -111.707136989614696, 40.316413242087947 ], [ -111.707138696177864, 40.316372380736624 ], [ -111.707063670408942, 40.316370559019852 ], [ -111.707061963845732, 40.31641142037229 ] ] ] } },
{ "type": "Feature", "properties": { "type": "Feature", "properties": { "height": 4.9146270751953125, "confidence": 0.99320000410079912 }, "id": 511 }, "geometry": { "type": "Polygon", "coordinates": [ [ [ -111.707388495680419, 40.312716610816047 ], [ -111.707387645510892, 40.312852824761308 ], [ -111.707484202848377, 40.312853175170765 ], [ -111.70748505810225, 40.312716146610342 ], [ -111.707508210802459, 40.31271623063234 ], [ -111.707509400672919, 40.312522744029906 ], [ -111.707458439822219, 40.312522561810248 ], [ -111.707458683776963, 40.312482891903556 ], [ -111.707330948711075, 40.312482428346655 ], [ -111.707330833826234, 40.312500835248073 ], [ -111.707286913035531, 40.312500675857365 ], [ -111.707286580983521, 40.312554671397038 ], [ -111.70721148078249, 40.312554402862929 ], [ -111.707210487178045, 40.312715974316575 ], [ -111.707388495680419, 40.312716610816047 ] ] ] } },
{ "type": "Feature", "properties": { "type": "Feature", "properties": { "height": 5.0401387214660636, "confidence": 0.98409998416900613 }, "id": 512 }, "geometry": { "type": "Polygon", "coordinates": [ [ [ -111.707926523326947, 40.317913757368778 ], [ -111.707670457493208, 40.31791558844116 ], [ -111.707671463608563, 40.317997384929647 ], [ -111.707761239492129, 40.317996742962158 ], [ -111.707761554338873, 40.318022532224219 ], [ -111.707927836889681, 40.318021352048426 ], [ -111.707926523326947, 40.317913757368778 ] ] ] } },
{ "type": "Feature", "properties": { "type": "Feature", "properties": { "height": 5.3177337646484366, "confidence": 0.97850000858306807 }, "id": 513 }, "geometry": { "type": "Polygon", "coordinates": [ [ [ -111.70815912772548, 40.317286772435189 ], [ -111.708287323721819, 40.317361860590111 ], [ -111.708375437219146, 40.317274403678631 ], [ -111.708247241222821, 40.317199315426443 ], [ -111.70815912772548, 40.317286772435189 ] ] ] } },
{ "type": "Feature", "properties": { "type": "Feature", "properties": { "height": 4.9504656791687012, "confidence": 0.98869997262954712 }, "id": 514 }, "geometry": { "type": "Polygon", "coordinates": [ [ [ -111.708532709375902, 40.318275286517931 ], [ -111.708530532061616, 40.318191470968443 ], [ -111.708456888403674, 40.318192583133076 ], [ -111.708455662669209, 40.318145564674474 ], [ -111.708355035425427, 40.318147084345554 ], [ -111.708356170446365, 40.31819077693261 ], [ -111.708216750466789, 40.318192889889552 ], [ -111.708218429829671, 40.318257536844776 ], [ -111.70828813991605, 40.31825648408585 ], [ -111.70828877717878, 40.318281015453337 ], [ -111.708337038007812, 40.318280286620492 ], [ -111.708337940796667, 40.318315039376209 ], [ -111.708434462454733, 40.318313581711259 ], [ -111.708433506560652, 40.318276784674438 ], [ -111.708532709375902, 40.318275286517931 ] ] ] } },
{ "type": "Feature", "properties": { "type": "Feature", "properties": { "height": 5.8813800811767578, "confidence": 0.99279999732971103 }, "id": 515 }, "geometry": { "type": "Polygon", "coordinates": [ [ [ -111.7087447983548, 40.322493058402642 ], [ -111.708484646622082, 40.322491212120816 ], [ -111.708483348431272, 40.322597540468998 ], [ -111.708531624010547, 40.322597883077449 ], [ -111.708531424288864, 40.322614241269918 ], [ -111.708700388816311, 40.322615440399225 ], [ -111.708700563572762, 40.322601126981297 ], [ -111.708743475198773, 40.322601431522131 ], [ -111.7087447983548, 40.322493058402642 ] ] ] } },
{ "type": "Feature", "properties": { "type": "Feature", "properties": { "height": 4.843259334564209, "confidence": 0.99500000476837103 }, "id": 516 }, "geometry": { "type": "Polygon", "coordinates": [ [ [ -111.710683200256923, 40.316642049262001 ], [ -111.710685047202261, 40.316566405557374 ], [ -111.710524170420214, 40.316564121890444 ], [ -111.710520626281863, 40.316709275956562 ], [ -111.710611789791713, 40.316710570031709 ], [ -111.710613486984712, 40.316641059674126 ], [ -111.710683200256923, 40.316642049262001 ] ] ] } },
{ "type": "Feature", "properties": { "type": "Feature", "properties": { "height": 3.5436162948608398, "confidence": 0.99980002641677812 }, "id": 517 }, "geometry": { "type": "Polygon", "coordinates": [ [ [ -111.711885040227088, 40.325209822362922 ], [ -111.711887180150057, 40.325414296157987 ], [ -111.712013235878672, 40.325413522656298 ], [ -111.712012474829564, 40.325340803006156 ], [ -111.712055387441993, 40.325340541975741 ], [ -111.712054873860168, 40.325291468240394 ], [ -111.712009279209468, 40.325291745585403 ], [ -111.712008413918909, 40.325209065316429 ], [ -111.711885040227088, 40.325209822362922 ] ] ] } },
{ "type": "Feature", "properties": { "type": "Feature", "properties": { "height": 3.2774567604064941, "confidence": 0.99140000343322709 }, "id": 518 }, "geometry": { "type": "Polygon", "coordinates": [ [ [ -111.712687873858712, 40.318975276715641 ], [ -111.712686273072649, 40.318945769308989 ], [ -111.712622010005859, 40.318947796017859 ], [ -111.712623610606187, 40.318977300000178 ], [ -111.712687873858712, 40.318975276715641 ] ] ] } },
{ "type": "Feature", "properties": { "type": "Feature", "properties": { "height": 5.039802074432373, "confidence": 0.9779999852180481 }, "id": 519 }, "geometry": { "type": "Polygon", "coordinates": [ [ [ -111.714454180678615, 40.321390671426308 ], [ -111.714690135429791, 40.321387360029682 ], [ -111.714687873736352, 40.3212933222499 ], [ -111.714451918985176, 40.321296633651144 ], [ -111.714454180678615, 40.321390671426308 ] ] ] } },
{ "type": "Feature", "properties": { "type": "Feature", "properties": { "height": 4.4943180084228525, "confidence": 0.96299999952316206 }, "id": 520 }, "geometry": { "type": "Polygon", "coordinates": [ [ [ -111.714960336685181, 40.320295243625473 ], [ -111.714842319488525, 40.320295243625473 ], [ -111.714842319488525, 40.320475205254134 ], [ -111.714960336685181, 40.320475205254134 ], [ -111.714960336685181, 40.320295243625473 ] ] ] } },
{ "type": "Feature", "properties": { "type": "Feature", "properties": { "height": 2.174880743026733, "confidence": 0.9689999818801881 }, "id": 521 }, "geometry": { "type": "Polygon", "coordinates": [ [ [ -111.718351693169993, 40.319367112025105 ], [ -111.718348747334318, 40.319288648452869 ], [ -111.718173017125679, 40.319292474469144 ], [ -111.71817595611563, 40.319370947563826 ], [ -111.718351693169993, 40.319367112025105 ] ] ] } },
{ "type": "Feature", "properties": { "type": "Feature", "properties": { "height": 8.9502677917480469, "confidence": 0.95980000495910611 }, "id": 522 }, "geometry": { "type": "Polygon", "coordinates": [ [ [ -111.71904895348429, 40.315086835672503 ], [ -111.719320667975694, 40.31529704787971 ], [ -111.719468976332081, 40.315185601647435 ], [ -111.719384991484674, 40.315120626642937 ], [ -111.71939315496175, 40.315114491755715 ], [ -111.719178094860681, 40.31494810988243 ], [ -111.719036589639899, 40.315054444280221 ], [ -111.719063919858925, 40.31507558837319 ], [ -111.71904895348429, 40.315086835672503 ] ] ] } },
{ "type": "Feature", "properties": { "type": "Feature", "properties": { "height": 4.837977409362793, "confidence": 0.98220002651214611 }, "id": 523 }, "geometry": { "type": "Polygon", "coordinates": [ [ [ -111.719671204956612, 40.319290101565819 ], [ -111.719658757161014, 40.319312702387919 ], [ -111.719600773489319, 40.31929414039012 ], [ -111.719561520619507, 40.319365421656649 ], [ -111.719748500117362, 40.319425278305964 ], [ -111.719800199019048, 40.319331395729741 ], [ -111.719671204956612, 40.319290101565819 ] ] ] } },
{ "type": "Feature", "properties": { "type": "Feature", "properties": { "height": 3.8339860439300533, "confidence": 1.0 }, "id": 524 }, "geometry": { "type": "Polygon", "coordinates": [ [ [ -111.721490256809815, 40.322188718106339 ], [ -111.721712839964923, 40.322186437684927 ], [ -111.721711398500318, 40.322104653845727 ], [ -111.721488815345211, 40.322106934269911 ], [ -111.721490256809815, 40.322188718106339 ] ] ] } },
{ "type": "Feature", "properties": { "type": "Feature", "properties": { "height": 6.1317214965820312, "confidence": 0.98780000209808305 }, "id": 525 }, "geometry": { "type": "Polygon", "coordinates": [ [ [ -111.72272004477027, 40.320758765592004 ], [ -111.722796771545319, 40.320760100327831 ], [ -111.722800319195102, 40.320641551523686 ], [ -111.722623385509294, 40.320638473587103 ], [ -111.722620973974884, 40.320719057813726 ], [ -111.722721184208396, 40.320720806415274 ], [ -111.72272004477027, 40.320758765592004 ] ] ] } },
{ "type": "Feature", "properties": { "type": "Feature", "properties": { "height": 5.1870522499084473, "confidence": 0.98379999399185103 }, "id": 526 }, "geometry": { "type": "Polygon", "coordinates": [ [ [ -111.70682535981679, 40.318351146803032 ], [ -111.706988965646971, 40.318350230088008 ], [ -111.706987712090466, 40.318221396939656 ], [ -111.706829470385856, 40.318222283600136 ], [ -111.70683020660158, 40.318297947541467 ], [ -111.706824842475996, 40.318297977597709 ], [ -111.70682535981679, 40.318351146803032 ] ] ] } },
{ "type": "Feature", "properties": { "type": "Feature", "properties": { "height": 2.1896481513977051, "confidence": 0.99519997835159313 }, "id": 527 }, "geometry": { "type": "Polygon", "coordinates": [ [ [ -111.70760110657524, 40.324496657318853 ], [ -111.707688078188269, 40.324494429778916 ], [ -111.70768042765917, 40.324320809510475 ], [ -111.707628301457362, 40.324322144583981 ], [ -111.707630242264898, 40.324366281049471 ], [ -111.707595412692697, 40.324367171256903 ], [ -111.70760110657524, 40.324496657318853 ] ] ] } },
{ "type": "Feature", "properties": { "type": "Feature", "properties": { "height": 5.2446098327636719, "confidence": 0.95620000362396207 }, "id": 528 }, "geometry": { "type": "Polygon", "coordinates": [ [ [ -111.710793358921265, 40.325670969956548 ], [ -111.710697636846234, 40.325704005479587 ], [ -111.710773610972382, 40.325831974336154 ], [ -111.710869335564112, 40.325798943114833 ], [ -111.710793358921265, 40.325670969956548 ] ] ] } },
{ "type": "Feature", "properties": { "type": "Feature", "properties": { "height": 4.550297737121582, "confidence": 0.99910002946853604 }, "id": 529 }, "geometry": { "type": "Polygon", "coordinates": [ [ [ -111.717364183253693, 40.317451072422045 ], [ -111.717362378182202, 40.317365199916132 ], [ -111.717147856567053, 40.317367821472132 ], [ -111.71714966163853, 40.31745369397472 ], [ -111.717364183253693, 40.317451072422045 ] ] ] } },
{ "type": "Feature", "properties": { "type": "Feature", "properties": { "height": 3.8241159915924072, "confidence": 0.9779999852180481 }, "id": 530 }, "geometry": { "type": "Polygon", "coordinates": [ [ [ -111.717860786838131, 40.318813205358936 ], [ -111.717761560591214, 40.318812257545417 ], [ -111.717759007605039, 40.318968505428906 ], [ -111.717898460830398, 40.318969830047536 ], [ -111.71789862787935, 40.318959606326594 ], [ -111.717952263735256, 40.318960115795356 ], [ -111.717953700356361, 40.318872191732055 ], [ -111.717859837608501, 40.318871300160552 ], [ -111.717860786838131, 40.318813205358936 ] ] ] } },
{ "type": "Feature", "properties": { "type": "Feature", "properties": { "height": 4.9365353584289551, "confidence": 0.9957000017166131 }, "id": 531 }, "geometry": { "type": "Polygon", "coordinates": [ [ [ -111.717996671612852, 40.325282195772083 ], [ -111.718215281164163, 40.325283805490443 ], [ -111.71821655043945, 40.325183616126601 ], [ -111.717997931691343, 40.325182006338146 ], [ -111.717996671612852, 40.325282195772083 ] ] ] } },
{ "type": "Feature", "properties": { "type": "Feature", "properties": { "height": 5.1116518974304199, "confidence": 0.97659999132156305 }, "id": 532 }, "geometry": { "type": "Polygon", "coordinates": [ [ [ -111.719134801214864, 40.317702896973941 ], [ -111.719028965708915, 40.317704947137216 ], [ -111.719034659599473, 40.31787535926162 ], [ -111.719140479284931, 40.317873303763044 ], [ -111.719134801214864, 40.317702896973941 ] ] ] } },
{ "type": "Feature", "properties": { "type": "Feature", "properties": { "height": 3.9603383541107169, "confidence": 0.96770000457763605 }, "id": 533 }, "geometry": { "type": "Polygon", "coordinates": [ [ [ -111.719655224014289, 40.316841633162376 ], [ -111.71953727598482, 40.316843810986256 ], [ -111.719542858644076, 40.317019588494567 ], [ -111.719660806673559, 40.31701741067635 ], [ -111.719655224014289, 40.316841633162376 ] ] ] } },
{ "type": "Feature", "properties": { "type": "Feature", "properties": { "height": 4.1672625541687012, "confidence": 0.97960001230239813 }, "id": 534 }, "geometry": { "type": "Polygon", "coordinates": [ [ [ -111.721787205128209, 40.31772027169248 ], [ -111.721845495521407, 40.317778211820865 ], [ -111.721967896812586, 40.317706629280089 ], [ -111.721875932808786, 40.317615209423757 ], [ -111.721799120384276, 40.317660130821146 ], [ -111.721832799278104, 40.317693607375638 ], [ -111.721787205128209, 40.31772027169248 ] ] ] } },
{ "type": "Feature", "properties": { "type": "Feature", "properties": { "height": 4.5937790870666504, "confidence": 0.98629999160766613 }, "id": 535 }, "geometry": { "type": "Polygon", "coordinates": [ [ [ -111.72247555064736, 40.319523775698812 ], [ -111.722476570438047, 40.319568753223606 ], [ -111.722440585936752, 40.319569227521143 ], [ -111.722442707254714, 40.319662410180811 ], [ -111.722666381471939, 40.319659450087165 ], [ -111.72266324918499, 40.319521301716598 ], [ -111.72247555064736, 40.319523775698812 ] ] ] } },
{ "type": "Feature", "properties": { "type": "Feature", "properties": { "height": 5.7008447647094727, "confidence": 0.99949997663497903 }, "id": 536 }, "geometry": { "type": "Polygon", "coordinates": [ [ [ -111.706484309098613, 40.32199905365102 ], [ -111.706638840094456, 40.321997486928758 ], [ -111.706637770253437, 40.321936148657471 ], [ -111.707388655995942, 40.32192853574756 ], [ -111.707385674647853, 40.321757602803835 ], [ -111.706480237438257, 40.321766830983279 ], [ -111.706484309098613, 40.32199905365102 ] ] ] } },
{ "type": "Feature", "properties": { "type": "Feature", "properties": { "height": 5.0713534355163574, "confidence": 0.98540002107620206 }, "id": 537 }, "geometry": { "type": "Polygon", "coordinates": [ [ [ -111.708174337252728, 40.32068092297596 ], [ -111.708266532120021, 40.320682074184184 ], [ -111.708270528455671, 40.320496027962903 ], [ -111.708151501585917, 40.320494541707831 ], [ -111.70814861552789, 40.320629476538535 ], [ -111.708175430456535, 40.320629811368349 ], [ -111.708174337252728, 40.32068092297596 ] ] ] } },
{ "type": "Feature", "properties": { "type": "Feature", "properties": { "height": 4.2602624893188477, "confidence": 0.97039997577667203 }, "id": 538 }, "geometry": { "type": "Polygon", "coordinates": [ [ [ -111.708201313165659, 40.320731878622126 ], [ -111.708213738138909, 40.320905186261903 ], [ -111.708403607676772, 40.320897273352536 ], [ -111.708391182703522, 40.320723965692444 ], [ -111.708201313165659, 40.320731878622126 ] ] ] } },
{ "type": "Feature", "properties": { "type": "Feature", "properties": { "height": 4.5560760498046866, "confidence": 0.83850002288818304 }, "id": 539 }, "geometry": { "type": "Polygon", "coordinates": [ [ [ -111.709078437317615, 40.314329551980073 ], [ -111.709187313410396, 40.314330667573344 ], [ -111.709189437528735, 40.314210762710992 ], [ -111.708984008533946, 40.314208646826508 ], [ -111.708984224753422, 40.314196377818874 ], [ -111.70887427414165, 40.314195245345601 ], [ -111.708872232803998, 40.314311077498182 ], [ -111.708981110592219, 40.314312193109131 ], [ -111.708981436610642, 40.314293789625061 ], [ -111.709079049940044, 40.314294789815527 ], [ -111.709078437317615, 40.314329551980073 ] ] ] } },
{ "type": "Feature", "properties": { "type": "Feature", "properties": { "height": 1.8163264989852901, "confidence": 0.95579999685287409 }, "id": 540 }, "geometry": { "type": "Polygon", "coordinates": [ [ [ -111.709463825913687, 40.323141771887869 ], [ -111.709501372306491, 40.323142086433272 ], [ -111.709501991159755, 40.323099147969131 ], [ -111.709464444766965, 40.323098833423543 ], [ -111.709463825913687, 40.323141771887869 ] ] ] } },
{ "type": "Feature", "properties": { "type": "Feature", "properties": { "height": 4.1754922866821289, "confidence": 0.99529999494552612 }, "id": 541 }, "geometry": { "type": "Polygon", "coordinates": [ [ [ -111.711787702327953, 40.321752635761506 ], [ -111.712007455386299, 40.321757537335699 ], [ -111.71201090506456, 40.321667635235357 ], [ -111.711791152006214, 40.321662733654627 ], [ -111.711787702327953, 40.321752635761506 ] ] ] } },
{ "type": "Feature", "properties": { "type": "Feature", "properties": { "height": 5.2059731483459473, "confidence": 0.96979999542236306 }, "id": 542 }, "geometry": { "type": "Polygon", "coordinates": [ [ [ -111.713478654563104, 40.324362279462378 ], [ -111.713626093549621, 40.324359620350307 ], [ -111.713622732532102, 40.324251301280448 ], [ -111.713475293545585, 40.32425396039681 ], [ -111.713478654563104, 40.324362279462378 ] ] ] } },
{ "type": "Feature", "properties": { "type": "Feature", "properties": { "height": 4.7597465515136719, "confidence": 0.97200000286102306 }, "id": 543 }, "geometry": { "type": "Polygon", "coordinates": [ [ [ -111.716630920455941, 40.324807839668473 ], [ -111.716465963383541, 40.324810471431931 ], [ -111.716468768637725, 40.324912670821675 ], [ -111.716584053139428, 40.324910831548749 ], [ -111.716583828719109, 40.324902655603047 ], [ -111.716633492662027, 40.324901863254055 ], [ -111.716630920455941, 40.324807839668473 ] ] ] } },
{ "type": "Feature", "properties": { "type": "Feature", "properties": { "height": 3.8904049396514893, "confidence": 0.9846000075340271 }, "id": 544 }, "geometry": { "type": "Polygon", "coordinates": [ [ [ -111.721281298425552, 40.321889117200598 ], [ -111.721511914221409, 40.321886422213552 ], [ -111.721509776915852, 40.321780108508733 ], [ -111.721279161119995, 40.321782803500021 ], [ -111.721281298425552, 40.321889117200598 ] ] ] } },
{ "type": "Feature", "properties": { "type": "Feature", "properties": { "height": 3.9451572895050049, "confidence": 0.98970001935958807 }, "id": 545 }, "geometry": { "type": "Polygon", "coordinates": [ [ [ -111.72397728051871, 40.324646637398416 ], [ -111.723973843981994, 40.324739526399426 ], [ -111.723936322979696, 40.324738717562511 ], [ -111.723934316755447, 40.32479294540321 ], [ -111.724105841675836, 40.324796633795359 ], [ -111.724111284362763, 40.324649518961046 ], [ -111.72397728051871, 40.324646637398416 ] ] ] } },
{ "type": "Feature", "properties": { "type": "Feature", "properties": { "height": 8.2209224700927734, "confidence": 0.98320001363754206 }, "id": 546 }, "geometry": { "type": "Polygon", "coordinates": [ [ [ -111.726588085901483, 40.324540470288937 ], [ -111.726463922593751, 40.324546240847617 ], [ -111.726467583639106, 40.324592027206201 ], [ -111.726431415264599, 40.324593710080144 ], [ -111.726447397927146, 40.3247933654497 ], [ -111.726492826273912, 40.324791251725834 ], [ -111.726496251130172, 40.324834034943827 ], [ -111.726621847147698, 40.324828191122407 ], [ -111.726618096114663, 40.324781333306767 ], [ -111.726651575061751, 40.324779775573184 ], [ -111.726635697092178, 40.324581200265378 ], [ -111.726591510772323, 40.324583253847955 ], [ -111.726588085901483, 40.324540470288937 ] ] ] } },
{ "type": "Feature", "properties": { "type": "Feature", "properties": { "height": 4.7830934524536133, "confidence": 0.96480000019073409 }, "id": 547 }, "geometry": { "type": "Polygon", "coordinates": [ [ [ -111.705464173101902, 40.315101136611027 ], [ -111.705572978894523, 40.315100033363919 ], [ -111.705569983339714, 40.314928268517356 ], [ -111.705461161783802, 40.314929371927107 ], [ -111.705464173101902, 40.315101136611027 ] ] ] } },
{ "type": "Feature", "properties": { "type": "Feature", "properties": { "height": 2.1218180656433101, "confidence": 0.99089998006820612 }, "id": 548 }, "geometry": { "type": "Polygon", "coordinates": [ [ [ -111.708449491460101, 40.324896972394448 ], [ -111.708413929645133, 40.324905349977776 ], [ -111.708397003755422, 40.32486358926333 ], [ -111.70835666545608, 40.324873089933789 ], [ -111.708394011704357, 40.324965253983443 ], [ -111.708469914522126, 40.324947372959585 ], [ -111.708449491460101, 40.324896972394448 ] ] ] } },
{ "type": "Feature", "properties": { "type": "Feature", "properties": { "height": 5.1025853157043457, "confidence": 0.98600000143051103 }, "id": 549 }, "geometry": { "type": "Polygon", "coordinates": [ [ [ -111.710268116193987, 40.321639756626809 ], [ -111.710143081053431, 40.321641698183974 ], [ -111.71014728565433, 40.321799096205481 ], [ -111.710272306352081, 40.321797154877103 ], [ -111.710268116193987, 40.321639756626809 ] ] ] } },
{ "type": "Feature", "properties": { "type": "Feature", "properties": { "height": 4.657526969909668, "confidence": 0.99220001697540205 }, "id": 550 }, "geometry": { "type": "Polygon", "coordinates": [ [ [ -111.71238930604224, 40.319975591839231 ], [ -111.71227024798263, 40.319977421569604 ], [ -111.712274949699776, 40.320155266762406 ], [ -111.712393991440592, 40.32015343728763 ], [ -111.71238930604224, 40.319975591839231 ] ] ] } },
{ "type": "Feature", "properties": { "type": "Feature", "properties": { "height": 5.7969551086425781, "confidence": 0.98879998922348011 }, "id": 551 }, "geometry": { "type": "Polygon", "coordinates": [ [ [ -111.716024956927669, 40.31535102355943 ], [ -111.716021795651088, 40.315240636871636 ], [ -111.71571348862534, 40.315245770261804 ], [ -111.715716766986233, 40.315360245333252 ], [ -111.715770385599413, 40.315359352571299 ], [ -111.715770912478831, 40.315377750332772 ], [ -111.715961258555609, 40.315374581028578 ], [ -111.71596061459185, 40.315352094873901 ], [ -111.716024956927669, 40.31535102355943 ] ] ] } },
{ "type": "Feature", "properties": { "type": "Feature", "properties": { "height": 3.7204203605651851, "confidence": 0.99680000543594305 }, "id": 552 }, "geometry": { "type": "Polygon", "coordinates": [ [ [ -111.718397478465178, 40.316624480361298 ], [ -111.718394101654809, 40.316720532678858 ], [ -111.718518688395804, 40.316723072434513 ], [ -111.718522056395742, 40.31662701994096 ], [ -111.718397478465178, 40.316624480361298 ] ] ] } },
{ "type": "Feature", "properties": { "type": "Feature", "properties": { "height": 7.1510224342346191, "confidence": 0.99669998884201005 }, "id": 553 }, "geometry": { "type": "Polygon", "coordinates": [ [ [ -111.72271728515625, 40.313554517167319 ], [ -111.72271728515625, 40.313883797654341 ], [ -111.723193684561551, 40.313883797654341 ], [ -111.723193714785225, 40.313554517167319 ], [ -111.72271728515625, 40.313554517167319 ] ] ] } },
{ "type": "Feature", "properties": { "type": "Feature", "properties": { "height": 2.2712419033050528, "confidence": 0.93790000677108709 }, "id": 554 }, "geometry": { "type": "Polygon", "coordinates": [ [ [ -111.706620448677555, 40.32032041244603 ], [ -111.706572212908668, 40.320321521825377 ], [ -111.706573590301844, 40.320356255485066 ], [ -111.706621826070744, 40.320355146106294 ], [ -111.706620448677555, 40.32032041244603 ] ] ] } },
{ "type": "Feature", "properties": { "type": "Feature", "properties": { "height": 3.1172893047332759, "confidence": 0.92229998111724809 }, "id": 555 }, "geometry": { "type": "Polygon", "coordinates": [ [ [ -111.708009048467744, 40.325051486953726 ], [ -111.707942028619087, 40.325067750940406 ], [ -111.708015210487844, 40.32524299081625 ], [ -111.708079778975119, 40.325227318307149 ], [ -111.708032970674438, 40.325115207444362 ], [ -111.708035406122278, 40.325114616424536 ], [ -111.708009048467744, 40.325051486953726 ] ] ] } },
{ "type": "Feature", "properties": { "type": "Feature", "properties": { "height": 4.8990373611450186, "confidence": 0.99949997663497903 }, "id": 556 }, "geometry": { "type": "Polygon", "coordinates": [ [ [ -111.709144892628714, 40.321532404871974 ], [ -111.70911842557048, 40.321616218694338 ], [ -111.709159911494339, 40.321623833949289 ], [ -111.709134892354285, 40.321703085550631 ], [ -111.709248980442112, 40.321724027802659 ], [ -111.709300461845032, 40.321560953257425 ], [ -111.709144892628714, 40.321532404871974 ] ] ] } },
{ "type": "Feature", "properties": { "type": "Feature", "properties": { "height": 5.1604938507080078, "confidence": 0.99970000982284513 }, "id": 557 }, "geometry": { "type": "Polygon", "coordinates": [ [ [ -111.709214511824712, 40.322294022861577 ], [ -111.70943175164733, 40.322292469526488 ], [ -111.709430619767573, 40.322200454324076 ], [ -111.70921337994497, 40.322202007661261 ], [ -111.709214511824712, 40.322294022861577 ] ] ] } },
{ "type": "Feature", "properties": { "type": "Feature", "properties": { "height": 5.0392251014709473, "confidence": 0.99519997835159313 }, "id": 558 }, "geometry": { "type": "Polygon", "coordinates": [ [ [ -111.710698577423045, 40.318966782431787 ], [ -111.710552296993114, 40.318969030559686 ], [ -111.710554774330177, 40.319063065245587 ], [ -111.710773453620007, 40.319059704451988 ], [ -111.710770211056428, 40.318937050654725 ], [ -111.710697820824862, 40.318938163192961 ], [ -111.710698577423045, 40.318966782431787 ] ] ] } },
{ "type": "Feature", "properties": { "type": "Feature", "properties": { "height": 4.8967022895812988, "confidence": 0.98519998788833607 }, "id": 559 }, "geometry": { "type": "Polygon", "coordinates": [ [ [ -111.713074376942558, 40.321835693559322 ], [ -111.713187971740027, 40.3218338266079 ], [ -111.713182970752115, 40.321656949183662 ], [ -111.713069392013381, 40.321658809815347 ], [ -111.713074376942558, 40.321835693559322 ] ] ] } },
{ "type": "Feature", "properties": { "type": "Feature", "properties": { "height": 4.5685811042785645, "confidence": 0.95469999313354403 }, "id": 560 }, "geometry": { "type": "Polygon", "coordinates": [ [ [ -111.71814431881316, 40.318728915289142 ], [ -111.718270309817086, 40.318726602469198 ], [ -111.71826625561954, 40.318597837438283 ], [ -111.718140264615599, 40.318600150262633 ], [ -111.71814431881316, 40.318728915289142 ] ] ] } },
{ "type": "Feature", "properties": { "type": "Feature", "properties": { "height": 4.0034928321838379, "confidence": 0.98629999160766613 }, "id": 561 }, "geometry": { "type": "Polygon", "coordinates": [ [ [ -111.71877252277244, 40.318399995632923 ], [ -111.718653116753671, 40.318397962981713 ], [ -111.718647729865737, 40.318581928113218 ], [ -111.718767152762922, 40.318583961046201 ], [ -111.71877252277244, 40.318399995632923 ] ] ] } },
{ "type": "Feature", "properties": { "type": "Feature", "properties": { "height": 3.2379684448242179, "confidence": 0.99930000305175704 }, "id": 562 }, "geometry": { "type": "Polygon", "coordinates": [ [ [ -111.719136554630424, 40.323292142985053 ], [ -111.71931356232119, 40.323290782890439 ], [ -111.719312038153362, 40.323176278397185 ], [ -111.719082955787016, 40.323178038627006 ], [ -111.719084074266263, 40.323262648932577 ], [ -111.719136156671283, 40.323262245961658 ], [ -111.719136554630424, 40.323292142985053 ] ] ] } },
{ "type": "Feature", "properties": { "type": "Feature", "properties": { "height": 0.044837877154350003, "confidence": 0.99159997701644909 }, "id": 563 }, "geometry": { "type": "Polygon", "coordinates": [ [ [ -111.721949325554263, 40.312760952092226 ], [ -111.722166581877147, 40.312760383958285 ], [ -111.72216487360383, 40.31238815199891 ], [ -111.721947617280932, 40.312388720135992 ], [ -111.721949325554263, 40.312760952092226 ] ] ] } },
{ "type": "Feature", "properties": { "type": "Feature", "properties": { "height": 4.7192511558532715, "confidence": 0.99299997091293313 }, "id": 564 }, "geometry": { "type": "Polygon", "coordinates": [ [ [ -111.705948339150794, 40.314626896134442 ], [ -111.705950654928927, 40.314538988126934 ], [ -111.705717396531568, 40.314535427929208 ], [ -111.705715080753436, 40.314623335941327 ], [ -111.705948339150794, 40.314626896134442 ] ] ] } },
{ "type": "Feature", "properties": { "type": "Feature", "properties": { "height": 1.895424842834472, "confidence": 0.98699998855590809 }, "id": 565 }, "geometry": { "type": "Polygon", "coordinates": [ [ [ -111.708906705292421, 40.315749468280544 ], [ -111.708950757649134, 40.315748149431727 ], [ -111.708947808170052, 40.315690973258697 ], [ -111.708903761053449, 40.315692291951734 ], [ -111.708906705292421, 40.315749468280544 ] ] ] } },
{ "type": "Feature", "properties": { "type": "Feature", "properties": { "height": 4.1930761337280273, "confidence": 0.88450002670288008 }, "id": 566 }, "geometry": { "type": "Polygon", "coordinates": [ [ [ -111.709059803745546, 40.314639643471295 ], [ -111.708926834459021, 40.314641353638265 ], [ -111.708930785683833, 40.314819234332063 ], [ -111.709063738647615, 40.314817524379521 ], [ -111.709059803745546, 40.314639643471295 ] ] ] } },
{ "type": "Feature", "properties": { "type": "Feature", "properties": { "height": 6.9380311965942383, "confidence": 0.98650002479553212 }, "id": 567 }, "geometry": { "type": "Polygon", "coordinates": [ [ [ -111.717975305560017, 40.315241052251871 ], [ -111.718173777048662, 40.315242227927108 ], [ -111.718174631331735, 40.315158380789796 ], [ -111.718185359520305, 40.315158444339886 ], [ -111.718186401328921, 40.315056191592575 ], [ -111.718159580857474, 40.315056032717095 ], [ -111.718159997580941, 40.315015131574725 ], [ -111.718181453958096, 40.315015258675174 ], [ -111.718181954026235, 40.314966177271721 ], [ -111.717978118443312, 40.314964969816543 ], [ -111.717975305560017, 40.315241052251871 ] ] ] } },
{ "type": "Feature", "properties": { "type": "Feature", "properties": { "height": 5.0026507377624512, "confidence": 0.98329997062683105 }, "id": 568 }, "geometry": { "type": "Polygon", "coordinates": [ [ [ -111.71823393682017, 40.325844900670241 ], [ -111.71814818379994, 40.325846868175645 ], [ -111.71814963547348, 40.325883642213697 ], [ -111.718014280921579, 40.325886747767946 ], [ -111.718018143056568, 40.325984811973314 ], [ -111.718239259623203, 40.325979738715731 ], [ -111.71823393682017, 40.325844900670241 ] ] ] } },
{ "type": "Feature", "properties": { "type": "Feature", "properties": { "height": 6.6006560325622559, "confidence": 0.98309999704360906 }, "id": 569 }, "geometry": { "type": "Polygon", "coordinates": [ [ [ -111.719260823746538, 40.313907034008736 ], [ -111.719209061927486, 40.314177375118177 ], [ -111.719398150548969, 40.314198425149428 ], [ -111.719412194781782, 40.314125075201027 ], [ -111.719413228710295, 40.314125190246642 ], [ -111.719433540681621, 40.314019054253372 ], [ -111.719427263777604, 40.314018355818881 ], [ -111.71944465990633, 40.313927499398929 ], [ -111.719260823746538, 40.313907034008736 ] ] ] } },
{ "type": "Feature", "properties": { "type": "Feature", "properties": { "height": 5.9380855560302734, "confidence": 0.99959999322891213 }, "id": 570 }, "geometry": { "type": "Polygon", "coordinates": [ [ [ -111.722791946848275, 40.321788890484974 ], [ -111.722795831448593, 40.321907424987039 ], [ -111.722909414508095, 40.321905261246535 ], [ -111.722905519033375, 40.321786726947813 ], [ -111.722791946848275, 40.321788890484974 ] ] ] } },
{ "type": "Feature", "properties": { "type": "Feature", "properties": { "height": 4.0522761344909668, "confidence": 1.0 }, "id": 571 }, "geometry": { "type": "Polygon", "coordinates": [ [ [ -111.723873057112513, 40.320598094685579 ], [ -111.723761493440847, 40.320596171783613 ], [ -111.723757399967369, 40.32073423046608 ], [ -111.723868976481782, 40.320736147631543 ], [ -111.723873057112513, 40.320598094685579 ] ] ] } },
{ "type": "Feature", "properties": { "type": "Feature", "properties": { "height": 5.3655581474304199, "confidence": 0.97509998083114613 }, "id": 572 }, "geometry": { "type": "Polygon", "coordinates": [ [ [ -111.714569004397362, 40.320289956841066 ], [ -111.714651909337519, 40.320358201039909 ], [ -111.714757297514467, 40.3202837764211 ], [ -111.71459015045771, 40.32014618708822 ], [ -111.714500642690993, 40.320209397172505 ], [ -111.714584884807593, 40.320278742166401 ], [ -111.714569004397362, 40.320289956841066 ] ] ] } },
{ "type": "Feature", "properties": { "type": "Feature", "properties": { "height": 4.9201045036315918, "confidence": 0.99169999361038208 }, "id": 573 }, "geometry": { "type": "Polygon", "coordinates": [ [ [ -111.714728397133058, 40.32357796246464 ], [ -111.714724877486177, 40.323486019424664 ], [ -111.714481004690811, 40.323491458847961 ], [ -111.714483742193906, 40.323562970106316 ], [ -111.714553420135445, 40.323561415987079 ], [ -111.714554202279189, 40.323581847761737 ], [ -111.714728397133058, 40.32357796246464 ] ] ] } },
{ "type": "Feature", "properties": { "type": "Feature", "properties": { "height": 5.789189338684082, "confidence": 0.95920002460479703 }, "id": 574 }, "geometry": { "type": "Polygon", "coordinates": [ [ [ -111.716860437705407, 40.317741597143872 ], [ -111.71675141732706, 40.317714387345042 ], [ -111.716686402548973, 40.317865858641113 ], [ -111.716795422927348, 40.317893068378908 ], [ -111.716860437705407, 40.317741597143872 ] ] ] } },
{ "type": "Feature", "properties": { "type": "Feature", "properties": { "height": 5.6432127952575684, "confidence": 0.97939997911453203 }, "id": 575 }, "geometry": { "type": "Polygon", "coordinates": [ [ [ -111.717859891365933, 40.313652437440922 ], [ -111.717669496244625, 40.313654581391425 ], [ -111.717672934666538, 40.313831283646834 ], [ -111.717667571429246, 40.31383134432582 ], [ -111.717669481294266, 40.313929493063405 ], [ -111.717865239455193, 40.313927278284126 ], [ -111.717859891365933, 40.313652437440922 ] ] ] } },
{ "type": "Feature", "properties": { "type": "Feature", "properties": { "height": 4.1142745018005371, "confidence": 0.99180001020431507 }, "id": 576 }, "geometry": { "type": "Polygon", "coordinates": [ [ [ -111.722822687245753, 40.322103140571251 ], [ -111.722668355264858, 40.322098726464162 ], [ -111.7226643864133, 40.322179538464461 ], [ -111.722818711390815, 40.322183944131069 ], [ -111.722821983892885, 40.322117435218168 ], [ -111.72286050138257, 40.322118536871123 ], [ -111.722862507218181, 40.322077694908351 ], [ -111.722823993472474, 40.322076593361828 ], [ -111.722822687245753, 40.322103140571251 ] ] ] } },
{ "type": "Feature", "properties": { "type": "Feature", "properties": { "height": 3.3889589309692378, "confidence": 0.96619999408721913 }, "id": 577 }, "geometry": { "type": "Polygon", "coordinates": [ [ [ -111.723238669718654, 40.316490179921786 ], [ -111.723148292472544, 40.316443739230287 ], [ -111.723031437896793, 40.316575935874354 ], [ -111.723121815142918, 40.316622376474925 ], [ -111.723238669718654, 40.316490179921786 ] ] ] } },
{ "type": "Feature", "properties": { "type": "Feature", "properties": { "height": 5.0725412368774414, "confidence": 0.96350002288818304 }, "id": 578 }, "geometry": { "type": "Polygon", "coordinates": [ [ [ -111.724019690320333, 40.313355460292435 ], [ -111.724046209953016, 40.313369424972393 ], [ -111.724077507030529, 40.313359152919574 ], [ -111.72404103537157, 40.313399423836557 ], [ -111.724134329774657, 40.313448550659267 ], [ -111.724171336860067, 40.313407684428213 ], [ -111.724172398172371, 40.313446099135284 ], [ -111.724229177506643, 40.313475997893029 ], [ -111.724276835833805, 40.313423375045836 ], [ -111.72423936771844, 40.313403645140461 ], [ -111.724296964585918, 40.31334004194585 ], [ -111.724268969093885, 40.313290447330147 ], [ -111.724227125034247, 40.313291119500136 ], [ -111.724225913251374, 40.313247258336773 ], [ -111.724127928222771, 40.31319566137698 ], [ -111.724128561640725, 40.313218588317753 ], [ -111.724096664321905, 40.313229055696013 ], [ -111.724095583959866, 40.31318995134891 ], [ -111.724054756925682, 40.313168454813223 ], [ -111.724053307063258, 40.313115976126902 ], [ -111.724071539779217, 40.313115683241442 ], [ -111.724300864293525, 40.313040416037794 ], [ -111.723822775593604, 40.313048095934434 ], [ -111.7237548892181, 40.313123054369605 ], [ -111.723851146056575, 40.313173736216811 ], [ -111.723799150924378, 40.3132311478399 ], [ -111.723888416537875, 40.313278153306676 ], [ -111.723947049328601, 40.313277211447534 ], [ -111.723966391126027, 40.313270863243623 ], [ -111.723965457241235, 40.313237060750076 ], [ -111.723977699675729, 40.31322354298959 ], [ -111.724016028737609, 40.313222927282816 ], [ -111.724019690320333, 40.313355460292435 ] ] ] } },
{ "type": "Feature", "properties": { "type": "Feature", "properties": { "height": 4.1128487586975098, "confidence": 0.9445000290870661 }, "id": 579 }, "geometry": { "type": "Polygon", "coordinates": [ [ [ -111.724607532792461, 40.322724279275093 ], [ -111.724569983836517, 40.322724485648266 ], [ -111.72456972074049, 40.322696928007318 ], [ -111.724496231088509, 40.322697335836061 ], [ -111.724498115726618, 40.322896656026039 ], [ -111.72460917266848, 40.322896045646509 ], [ -111.724607532792461, 40.322724279275093 ] ] ] } },
{ "type": "Feature", "properties": { "type": "Feature", "properties": { "height": 4.1438145637512207, "confidence": 0.99860000610351507 }, "id": 580 }, "geometry": { "type": "Polygon", "coordinates": [ [ [ -111.715487508093631, 40.31823337740456 ], [ -111.715486437427387, 40.318193568840101 ], [ -111.715467669829621, 40.318193861281472 ], [ -111.715464232147539, 40.318066044268235 ], [ -111.715351626722352, 40.318067804926351 ], [ -111.715356135097579, 40.318235431500582 ], [ -111.715487508093631, 40.31823337740456 ] ] ] } },
{ "type": "Feature", "properties": { "type": "Feature", "properties": { "height": 6.4926128387451172, "confidence": 0.99559998512268011 }, "id": 581 }, "geometry": { "type": "Polygon", "coordinates": [ [ [ -111.717871943006656, 40.314181639089846 ], [ -111.717874240593645, 40.313973042427776 ], [ -111.717687541013035, 40.313971846791688 ], [ -111.71768526257128, 40.314180443580042 ], [ -111.717871943006656, 40.314181639089846 ] ] ] } },
{ "type": "Feature", "properties": { "type": "Feature", "properties": { "height": 4.2970795631408691, "confidence": 0.99519997835159313 }, "id": 582 }, "geometry": { "type": "Polygon", "coordinates": [ [ [ -111.721122572381773, 40.316653925221857 ], [ -111.721046324028904, 40.316591482598021 ], [ -111.72107724644701, 40.316569530264324 ], [ -111.720998325891387, 40.316504894333249 ], [ -111.720891253201827, 40.316580907040688 ], [ -111.72104642528835, 40.316707983216709 ], [ -111.721122572381773, 40.316653925221857 ] ] ] } },
{ "type": "Feature", "properties": { "type": "Feature", "properties": { "height": 5.063572883605957, "confidence": 0.98930001258850109 }, "id": 583 }, "geometry": { "type": "Polygon", "coordinates": [ [ [ -111.723115694829843, 40.318953204774033 ], [ -111.723247117383266, 40.31895254553919 ], [ -111.723246340987956, 40.318862566649962 ], [ -111.723114918434518, 40.318863225885671 ], [ -111.723115694829843, 40.318953204774033 ] ] ] } },
{ "type": "Feature", "properties": { "type": "Feature", "properties": { "height": 5.023475170135498, "confidence": 0.97740000486373912 }, "id": 584 }, "geometry": { "type": "Polygon", "coordinates": [ [ [ -111.70801486617998, 40.321137149621457 ], [ -111.707905297141636, 40.321166810291871 ], [ -111.707942508550687, 40.321246716778312 ], [ -111.707906779516449, 40.321256388721807 ], [ -111.707932996645582, 40.321312686408746 ], [ -111.7079830172935, 40.321299145698781 ], [ -111.708014308705671, 40.321366339664266 ], [ -111.708095294516625, 40.32134441662609 ], [ -111.708058083107545, 40.321264510255297 ], [ -111.708072374721269, 40.321260641478524 ], [ -111.70801486617998, 40.321137149621457 ] ] ] } },
{ "type": "Feature", "properties": { "type": "Feature", "properties": { "height": 8.7373600006103516, "confidence": 1.0 }, "id": 585 }, "geometry": { "type": "Polygon", "coordinates": [ [ [ -111.708599746691675, 40.313044374327966 ], [ -111.708361041091138, 40.313045610032781 ], [ -111.708361623761419, 40.313111054690879 ], [ -111.708600329361943, 40.313109818987272 ], [ -111.708599746691675, 40.313044374327966 ] ] ] } },
{ "type": "Feature", "properties": { "type": "Feature", "properties": { "height": 5.6023464202880859, "confidence": 0.98760002851486206 }, "id": 586 }, "geometry": { "type": "Polygon", "coordinates": [ [ [ -111.709783851998921, 40.321158626708133 ], [ -111.709782740379623, 40.321254733993783 ], [ -111.70985783643836, 40.321255234898061 ], [ -111.709858063978302, 40.321235562485597 ], [ -111.710020692606335, 40.321236655926334 ], [ -111.710021734015726, 40.32114589845969 ], [ -111.709853749613785, 40.32114477797154 ], [ -111.709853584053448, 40.321159091834211 ], [ -111.709783851998921, 40.321158626708133 ] ] ] } },
{ "type": "Feature", "properties": { "type": "Feature", "properties": { "height": 4.060114860534668, "confidence": 0.99659997224807706 }, "id": 587 }, "geometry": { "type": "Polygon", "coordinates": [ [ [ -111.710535599183942, 40.319502859332445 ], [ -111.710656235787937, 40.319500760703924 ], [ -111.710655379458643, 40.319472144960621 ], [ -111.71068218759288, 40.319471678598532 ], [ -111.710679594083643, 40.319385011866899 ], [ -111.710532149580786, 40.319387584725675 ], [ -111.710535599183942, 40.319502859332445 ] ] ] } },
{ "type": "Feature", "properties": { "type": "Feature", "properties": { "height": 3.4494948387145992, "confidence": 0.99239999055862405 }, "id": 588 }, "geometry": { "type": "Polygon", "coordinates": [ [ [ -111.710551196860209, 40.31795092714637 ], [ -111.710550020913999, 40.317978716482223 ], [ -111.710627724084887, 40.317980628043941 ], [ -111.710628899855806, 40.317952842851085 ], [ -111.710551196860209, 40.31795092714637 ] ] ] } },
{ "type": "Feature", "properties": { "type": "Feature", "properties": { "height": 5.9203019142150879, "confidence": 0.94919997453689509 }, "id": 589 }, "geometry": { "type": "Polygon", "coordinates": [ [ [ -111.715511634684958, 40.326046468043785 ], [ -111.71565109118059, 40.326047688379582 ], [ -111.715653198856543, 40.325907697390605 ], [ -111.715513742472936, 40.325906469612171 ], [ -111.715511634684958, 40.326046468043785 ] ] ] } },
{ "type": "Feature", "properties": { "type": "Feature", "properties": { "height": 5.2118644714355469, "confidence": 0.99910002946853604 }, "id": 590 }, "geometry": { "type": "Polygon", "coordinates": [ [ [ -111.715764031641072, 40.3157153243775 ], [ -111.715982398130535, 40.315711863345037 ], [ -111.715980057465316, 40.315626003666566 ], [ -111.715761698853484, 40.315629464578592 ], [ -111.715764031641072, 40.3157153243775 ] ] ] } },
{ "type": "Feature", "properties": { "type": "Feature", "properties": { "height": 5.1847882270812988, "confidence": 1.0 }, "id": 591 }, "geometry": { "type": "Polygon", "coordinates": [ [ [ -111.716783993073605, 40.323728150143012 ], [ -111.71678530656736, 40.323635240209178 ], [ -111.716563868778408, 40.323633420572271 ], [ -111.716562563646931, 40.323726342392689 ], [ -111.716783993073605, 40.323728150143012 ] ] ] } },
{ "type": "Feature", "properties": { "type": "Feature", "properties": { "height": 2.374253511428833, "confidence": 0.98170000314712502 }, "id": 592 }, "geometry": { "type": "Polygon", "coordinates": [ [ [ -111.723012167653167, 40.315548489088641 ], [ -111.723004194182948, 40.315907442457281 ], [ -111.723179949803438, 40.315909712251937 ], [ -111.723181115420346, 40.315857454035701 ], [ -111.723176967155638, 40.315857400241569 ], [ -111.723183007519481, 40.315585472322667 ], [ -111.723199096139126, 40.315585680958613 ], [ -111.72319986821573, 40.315550923175849 ], [ -111.723012167653167, 40.315548489088641 ] ] ] } },
{ "type": "Feature", "properties": { "type": "Feature", "properties": { "height": 3.7971947193145752, "confidence": 1.0 }, "id": 593 }, "geometry": { "type": "Polygon", "coordinates": [ [ [ -111.723448059333265, 40.318131259927796 ], [ -111.723446508559917, 40.318301908694188 ], [ -111.723556473850124, 40.318302489642363 ], [ -111.723558024676805, 40.318131835009545 ], [ -111.723448059333265, 40.318131259927796 ] ] ] } },
{ "type": "Feature", "properties": { "type": "Feature", "properties": { "height": 2.2911109924316402, "confidence": 1.0 }, "id": 594 }, "geometry": { "type": "Polygon", "coordinates": [ [ [ -111.703849522296323, 40.314130740288995 ], [ -111.703850910864404, 40.314181848607809 ], [ -111.703947429105085, 40.314180329094512 ], [ -111.703946040537005, 40.314129220774568 ], [ -111.703849522296323, 40.314130740288995 ] ] ] } },
{ "type": "Feature", "properties": { "type": "Feature", "properties": { "height": 4.7773122787475595, "confidence": 0.99610000848770108 }, "id": 595 }, "geometry": { "type": "Polygon", "coordinates": [ [ [ -111.706249627068274, 40.315345565045419 ], [ -111.706067282476468, 40.315347764256522 ], [ -111.706068767006599, 40.315419327302209 ], [ -111.706142675706545, 40.315418435909393 ], [ -111.706143942532009, 40.315479775671172 ], [ -111.706252384052817, 40.315478467788516 ], [ -111.706249627068274, 40.315345565045419 ] ] ] } },
{ "type": "Feature", "properties": { "type": "Feature", "properties": { "height": 4.4503970146179199, "confidence": 0.98439997434616011 }, "id": 596 }, "geometry": { "type": "Polygon", "coordinates": [ [ [ -111.707625862207294, 40.314591898120199 ], [ -111.707515522705805, 40.314583071323476 ], [ -111.707488245818098, 40.314781318007704 ], [ -111.707598567321114, 40.314790143338705 ], [ -111.707625862207294, 40.314591898120199 ] ] ] } },
{ "type": "Feature", "properties": { "type": "Feature", "properties": { "height": 4.017920970916748, "confidence": 0.99779999256134011 }, "id": 597 }, "geometry": { "type": "Polygon", "coordinates": [ [ [ -111.713021303976348, 40.318656053560247 ], [ -111.7131319582911, 40.318828583410124 ], [ -111.713236825322554, 40.318789483744801 ], [ -111.713188139575635, 40.318713563109895 ], [ -111.713219635845874, 40.318701819710114 ], [ -111.713181529555484, 40.31864240513228 ], [ -111.713143543749013, 40.318656568171022 ], [ -111.713119692568512, 40.318619374537825 ], [ -111.713021303976348, 40.318656053560247 ] ] ] } },
{ "type": "Feature", "properties": { "type": "Feature", "properties": { "height": 2.7110311985015869, "confidence": 1.0 }, "id": 598 }, "geometry": { "type": "Polygon", "coordinates": [ [ [ -111.714460010551093, 40.322756794296517 ], [ -111.714587032453181, 40.322753805233049 ], [ -111.714585581554829, 40.322718047032474 ], [ -111.714458563206335, 40.322721042791649 ], [ -111.714460010551093, 40.322756794296517 ] ] ] } },
{ "type": "Feature", "properties": { "type": "Feature", "properties": { "height": 3.445338249206543, "confidence": 0.98879998922348011 }, "id": 599 }, "geometry": { "type": "Polygon", "coordinates": [ [ [ -111.716240672134063, 40.320732014151119 ], [ -111.716235048036296, 40.320505098911781 ], [ -111.715937429114064, 40.320509386930787 ], [ -111.715935453079737, 40.320429659778803 ], [ -111.716227709498838, 40.320425449016433 ], [ -111.716225047142203, 40.320318030631213 ], [ -111.71626526586229, 40.320317449022163 ], [ -111.716259466791669, 40.320083472711346 ], [ -111.716219248018405, 40.320084052177009 ], [ -111.716216511970828, 40.319973660015258 ], [ -111.715921574300168, 40.319977909436915 ], [ -111.715918888920172, 40.319869561405746 ], [ -111.716044907743068, 40.319867745740886 ], [ -111.71603652020282, 40.319529329391045 ], [ -111.715631651753839, 40.319535184323584 ], [ -111.715639836088599, 40.319865401830505 ], [ -111.715717592383612, 40.319864281526577 ], [ -111.71572042976625, 40.319978762468928 ], [ -111.715535423409221, 40.319981428015083 ], [ -111.715543935557207, 40.320324869663821 ], [ -111.715568066821163, 40.320324521985661 ], [ -111.715570752201188, 40.320432869286677 ], [ -111.715876414878039, 40.320428465370263 ], [ -111.715878363726588, 40.320507095657085 ], [ -111.71538233284538, 40.320514268814847 ], [ -111.715388311608081, 40.320755493646971 ], [ -111.715639331308353, 40.320751863636218 ], [ -111.715639053146788, 40.320740682097643 ], [ -111.716240672134063, 40.320732014151119 ] ] ] } },
{ "type": "Feature", "properties": { "type": "Feature", "properties": { "height": 2.7919769287109371, "confidence": 0.99239999055862405 }, "id": 600 }, "geometry": { "type": "Polygon", "coordinates": [ [ [ -111.724905594187675, 40.320706804076053 ], [ -111.725878357058107, 40.320729072799459 ], [ -111.725881583006114, 40.320647346275479 ], [ -111.724908820135695, 40.320625077525129 ], [ -111.724905594187675, 40.320706804076053 ] ] ] } },
{ "type": "Feature", "properties": { "type": "Feature", "properties": { "height": 4.2356719970703116, "confidence": 0.97810000181198109 }, "id": 601 }, "geometry": { "type": "Polygon", "coordinates": [ [ [ -111.713039376120989, 40.318401315522031 ], [ -111.712930811249677, 40.318421986453473 ], [ -111.712989106559405, 40.318599976981417 ], [ -111.713097673216836, 40.318579311557897 ], [ -111.713039376120989, 40.318401315522031 ] ] ] } },
{ "type": "Feature", "properties": { "type": "Feature", "properties": { "height": 4.6813616752624512, "confidence": 0.99080002307891812 }, "id": 602 }, "geometry": { "type": "Polygon", "coordinates": [ [ [ -111.713317131910969, 40.316135372292024 ], [ -111.713369309629954, 40.316134506315741 ], [ -111.713366244315949, 40.316027127568375 ], [ -111.713175897368757, 40.316030276540488 ], [ -111.713181382719043, 40.316222429660407 ], [ -111.713319544090282, 40.31622014401794 ], [ -111.713317131910969, 40.316135372292024 ] ] ] } },
{ "type": "Feature", "properties": { "type": "Feature", "properties": { "height": 4.4607744216918936, "confidence": 0.99169999361038208 }, "id": 603 }, "geometry": { "type": "Polygon", "coordinates": [ [ [ -111.713807446723806, 40.318142832873988 ], [ -111.713953505963531, 40.318141047981214 ], [ -111.713949680931108, 40.31795908178205 ], [ -111.713829012522595, 40.317960556394361 ], [ -111.713830086969907, 40.318011670543662 ], [ -111.713800590247814, 40.318012031004159 ], [ -111.713801363849882, 40.318048833167502 ], [ -111.713777230168162, 40.318049128089577 ], [ -111.713778433549138, 40.318106375859081 ], [ -111.713806669744443, 40.318106030803165 ], [ -111.713807446723806, 40.318142832873988 ] ] ] } },
{ "type": "Feature", "properties": { "type": "Feature", "properties": { "height": 3.9251558780670162, "confidence": 0.95630002021789506 }, "id": 604 }, "geometry": { "type": "Polygon", "coordinates": [ [ [ -111.717086458530517, 40.317107710687225 ], [ -111.717191025380458, 40.317109256397366 ], [ -111.717192948646968, 40.317033615428507 ], [ -111.717088381797026, 40.317032069716639 ], [ -111.717086458530517, 40.317107710687225 ] ] ] } },
{ "type": "Feature", "properties": { "type": "Feature", "properties": { "height": 4.4386725425720206, "confidence": 0.99430000782012906 }, "id": 605 }, "geometry": { "type": "Polygon", "coordinates": [ [ [ -111.718085443307416, 40.322115167558245 ], [ -111.718084282904329, 40.322059967630523 ], [ -111.718031667691378, 40.32206061056872 ], [ -111.718030761215445, 40.322017677308949 ], [ -111.717917126116859, 40.322019065888135 ], [ -111.717920994127155, 40.322203065583139 ], [ -111.718036299495282, 40.32220165659772 ], [ -111.718034494423833, 40.322115790133992 ], [ -111.718085443307416, 40.322115167558245 ] ] ] } },
{ "type": "Feature", "properties": { "type": "Feature", "properties": { "height": 4.9196615219116211, "confidence": 0.97539997100830012 }, "id": 606 }, "geometry": { "type": "Polygon", "coordinates": [ [ [ -111.720952933011432, 40.318179663121313 ], [ -111.720846924104535, 40.318180913328518 ], [ -111.720850408190358, 40.318352659184072 ], [ -111.720956432858557, 40.318351408794172 ], [ -111.720952933011432, 40.318179663121313 ] ] ] } },
{ "type": "Feature", "properties": { "type": "Feature", "properties": { "height": 5.072634220123291, "confidence": 0.99830001592636108 }, "id": 607 }, "geometry": { "type": "Polygon", "coordinates": [ [ [ -111.705653361733908, 40.318536367885905 ], [ -111.705799631770503, 40.318534767759424 ], [ -111.705794899269037, 40.318283274891677 ], [ -111.705761282019253, 40.318283642650194 ], [ -111.705760614247012, 40.318247982112005 ], [ -111.705673553572666, 40.318248929873633 ], [ -111.705674378607526, 40.318292773664865 ], [ -111.705648805464975, 40.31829305342422 ], [ -111.705653361733908, 40.318536367885905 ] ] ] } },
{ "type": "Feature", "properties": { "type": "Feature", "properties": { "height": 5.2646527290344238, "confidence": 0.99459999799728305 }, "id": 608 }, "geometry": { "type": "Polygon", "coordinates": [ [ [ -111.706839014479414, 40.318746322196802 ], [ -111.706994555097509, 40.31874789923112 ], [ -111.706995161340743, 40.318713139211148 ], [ -111.707027342158284, 40.318713465494277 ], [ -111.70702810558646, 40.318669692974808 ], [ -111.707001288263456, 40.318669419641203 ], [ -111.707002593169619, 40.318594600447774 ], [ -111.706857779490718, 40.318593132171124 ], [ -111.706856317374658, 40.318676965279003 ], [ -111.706840226965895, 40.318676802137347 ], [ -111.706839014479414, 40.318746322196802 ] ] ] } },
{ "type": "Feature", "properties": { "type": "Feature", "properties": { "height": 2.0, "confidence": 0.99290001392364513 }, "id": 609 }, "geometry": { "type": "Polygon", "coordinates": [ [ [ -111.711168094538678, 40.32177651862866 ], [ -111.711165321400202, 40.321837794790845 ], [ -111.711253728829931, 40.321840125239525 ], [ -111.711256501968407, 40.321778849079465 ], [ -111.711168094538678, 40.32177651862866 ] ] ] } },
{ "type": "Feature", "properties": { "type": "Feature", "properties": { "height": 5.5966906547546387, "confidence": 0.95850002765655506 }, "id": 610 }, "geometry": { "type": "Polygon", "coordinates": [ [ [ -111.712936538687188, 40.322079289749084 ], [ -111.713162761012626, 40.322082923241268 ], [ -111.713165472054413, 40.321984808293728 ], [ -111.712939258731751, 40.321981174940852 ], [ -111.712936538687188, 40.322079289749084 ] ] ] } },
{ "type": "Feature", "properties": { "type": "Feature", "properties": { "height": 3.5703125, "confidence": 0.93669998645782404 }, "id": 611 }, "geometry": { "type": "Polygon", "coordinates": [ [ [ -111.718285903419215, 40.31642772216275 ], [ -111.718209453984173, 40.316429451974216 ], [ -111.71821133057432, 40.316477669501083 ], [ -111.718251528394006, 40.316476762096045 ], [ -111.718252117001555, 40.316491885902948 ], [ -111.718288362891073, 40.316491065772667 ], [ -111.718285903419215, 40.31642772216275 ] ] ] } },
{ "type": "Feature", "properties": { "type": "Feature", "properties": { "height": 4.5884819030761719, "confidence": 0.99010002613067605 }, "id": 612 }, "geometry": { "type": "Polygon", "coordinates": [ [ [ -111.719513998247848, 40.317552449919333 ], [ -111.719677579977201, 40.317550677843734 ], [ -111.719675941659929, 40.317462756046567 ], [ -111.719512359930562, 40.317464528124468 ], [ -111.719513998247848, 40.317552449919333 ] ] ] } },
{ "type": "Feature", "properties": { "type": "Feature", "properties": { "height": 6.1099724769592276, "confidence": 0.99140000343322709 }, "id": 613 }, "geometry": { "type": "Polygon", "coordinates": [ [ [ -111.7205641419974, 40.3199663226737 ], [ -111.720561965546324, 40.320028390153325 ], [ -111.720496042079077, 40.320027042822339 ], [ -111.72049341034905, 40.32010189780118 ], [ -111.720667629077667, 40.320105449148919 ], [ -111.720672442828629, 40.31996853032777 ], [ -111.7205641419974, 40.3199663226737 ] ] ] } },
{ "type": "Feature", "properties": { "type": "Feature", "properties": { "height": 4.7435898780822754, "confidence": 0.97320002317428511 }, "id": 614 }, "geometry": { "type": "Polygon", "coordinates": [ [ [ -111.723067032543057, 40.317922226507577 ], [ -111.723171620970419, 40.317921188392233 ], [ -111.723169247032061, 40.317782145478311 ], [ -111.72306465860467, 40.317783183595786 ], [ -111.723067032543057, 40.317922226507577 ] ] ] } },
{ "type": "Feature", "properties": { "type": "Feature", "properties": { "height": 4.1919026374816895, "confidence": 0.96179997920989913 }, "id": 615 }, "geometry": { "type": "Polygon", "coordinates": [ [ [ -111.724614431912414, 40.323567710577443 ], [ -111.724512547658151, 40.323569243671784 ], [ -111.72451678107592, 40.323732773536278 ], [ -111.724618665330198, 40.323731240445646 ], [ -111.724614431912414, 40.323567710577443 ] ] ] } },
{ "type": "Feature", "properties": { "type": "Feature", "properties": { "height": 4.4646773338317871, "confidence": 0.95630002021789506 }, "id": 616 }, "geometry": { "type": "Polygon", "coordinates": [ [ [ -111.70673342087882, 40.312680922065574 ], [ -111.706730677500659, 40.312509146019565 ], [ -111.706541274091975, 40.312510894729307 ], [ -111.706544001705922, 40.312682670916409 ], [ -111.70673342087882, 40.312680922065574 ] ] ] } },
{ "type": "Feature", "properties": { "type": "Feature", "properties": { "height": 3.6378798484802242, "confidence": 0.99040001630783003 }, "id": 617 }, "geometry": { "type": "Polygon", "coordinates": [ [ [ -111.710010308234246, 40.314557685147498 ], [ -111.710116455384593, 40.314559361906753 ], [ -111.710120253740513, 40.314419558441706 ], [ -111.710014093610013, 40.314417887139371 ], [ -111.710010308234246, 40.314557685147498 ] ] ] } },
{ "type": "Feature", "properties": { "type": "Feature", "properties": { "height": 2.8044693470001221, "confidence": 0.8863999843597411 }, "id": 618 }, "geometry": { "type": "Polygon", "coordinates": [ [ [ -111.710709421267538, 40.321878229530554 ], [ -111.710740448451489, 40.321876527532496 ], [ -111.710737491388613, 40.321845192220927 ], [ -111.71070646149856, 40.321846896023992 ], [ -111.710709421267538, 40.321878229530554 ] ] ] } },
{ "type": "Feature", "properties": { "type": "Feature", "properties": { "height": 4.5463619232177734, "confidence": 0.9958000183105461 }, "id": 619 }, "geometry": { "type": "Polygon", "coordinates": [ [ [ -111.711517494483488, 40.316765701559234 ], [ -111.711537554650974, 40.316749215325181 ], [ -111.711605303215833, 40.316797141085651 ], [ -111.711694905297307, 40.316723502576657 ], [ -111.711632922567745, 40.31667965555782 ], [ -111.711686416347732, 40.316635692202048 ], [ -111.711589838606344, 40.316567372327263 ], [ -111.711426682577383, 40.316701460608591 ], [ -111.711517494483488, 40.316765701559234 ] ] ] } },
{ "type": "Feature", "properties": { "type": "Feature", "properties": { "height": 3.9357883930206299, "confidence": 0.98989999294281006 }, "id": 620 }, "geometry": { "type": "Polygon", "coordinates": [ [ [ -111.711885494238359, 40.32250635879484 ], [ -111.711998141499038, 40.322506959885743 ], [ -111.711998621387522, 40.322454683817007 ], [ -111.711885974182053, 40.322454076715005 ], [ -111.711885494238359, 40.32250635879484 ] ] ] } },
{ "type": "Feature", "properties": { "type": "Feature", "properties": { "height": 1.96486485004425, "confidence": 1.0 }, "id": 621 }, "geometry": { "type": "Polygon", "coordinates": [ [ [ -111.71347140615751, 40.317640956594175 ], [ -111.713417764552517, 40.317641239986301 ], [ -111.713418452154713, 40.317716905071336 ], [ -111.713472093759691, 40.317716621679516 ], [ -111.71347140615751, 40.317640956594175 ] ] ] } },
{ "type": "Feature", "properties": { "type": "Feature", "properties": { "height": 3.7724406719207759, "confidence": 0.9868000149726861 }, "id": 622 }, "geometry": { "type": "Polygon", "coordinates": [ [ [ -111.714490314390019, 40.317934359632552 ], [ -111.714334775835539, 40.317932724498966 ], [ -111.714331337186934, 40.318122881711538 ], [ -111.714486875741414, 40.318124516840513 ], [ -111.714490314390019, 40.317934359632552 ] ] ] } },
{ "type": "Feature", "properties": { "type": "Feature", "properties": { "height": 4.2165365219116211, "confidence": 0.99400001764297408 }, "id": 623 }, "geometry": { "type": "Polygon", "coordinates": [ [ [ -111.71770891574262, 40.325585518975466 ], [ -111.717926057432649, 40.325581672339951 ], [ -111.717923005176914, 40.325481528142397 ], [ -111.717705863486884, 40.325485374783625 ], [ -111.71770891574262, 40.325585518975466 ] ] ] } },
{ "type": "Feature", "properties": { "type": "Feature", "properties": { "height": 0.32199731469154302, "confidence": 0.98100000619888306 }, "id": 624 }, "geometry": { "type": "Polygon", "coordinates": [ [ [ -111.720802142509086, 40.31534140679009 ], [ -111.721156352752644, 40.315318609977773 ], [ -111.721139493178299, 40.315166306982846 ], [ -111.720901320501426, 40.315181635704889 ], [ -111.720902218938406, 40.315189758585753 ], [ -111.72078618211205, 40.31519722667894 ], [ -111.720802142509086, 40.31534140679009 ] ] ] } },
{ "type": "Feature", "properties": { "type": "Feature", "properties": { "height": 3.62251877784729, "confidence": 0.99040001630783003 }, "id": 625 }, "geometry": { "type": "Polygon", "coordinates": [ [ [ -111.723474207772796, 40.31649074261734 ], [ -111.723470570107068, 40.316409031259568 ], [ -111.723341972249145, 40.316412359649696 ], [ -111.723341881307505, 40.316410316864584 ], [ -111.723276167661538, 40.316412017675546 ], [ -111.723279903947883, 40.316495771613518 ], [ -111.723474207772796, 40.31649074261734 ] ] ] } },
{ "type": "Feature", "properties": { "type": "Feature", "properties": { "height": 5.6285300254821777, "confidence": 0.97689998149871804 }, "id": 626 }, "geometry": { "type": "Polygon", "coordinates": [ [ [ -111.724278348372309, 40.323435140543985 ], [ -111.724279792945808, 40.323328815710198 ], [ -111.724153742646692, 40.323327820259294 ], [ -111.724151548006219, 40.32348935215466 ], [ -111.724253461013987, 40.323490156985372 ], [ -111.724254211080975, 40.323434949926039 ], [ -111.724278348372309, 40.323435140543985 ] ] ] } },
{ "type": "Feature", "properties": { "type": "Feature", "properties": { "height": 5.6348166465759277, "confidence": 0.99400001764297408 }, "id": 627 }, "geometry": { "type": "Polygon", "coordinates": [ [ [ -111.70352398869413, 40.312423966150781 ], [ -111.70367679938866, 40.312421380931355 ], [ -111.703670910926235, 40.312218999535453 ], [ -111.70351810023169, 40.312221584762618 ], [ -111.70352398869413, 40.312423966150781 ] ] ] } },
{ "type": "Feature", "properties": { "type": "Feature", "properties": { "height": 5.3213019371032706, "confidence": 0.99559998512268011 }, "id": 628 }, "geometry": { "type": "Polygon", "coordinates": [ [ [ -111.705101501460007, 40.31489848316717 ], [ -111.705011510578615, 40.314886467321976 ], [ -111.704998294905565, 40.314944013068832 ], [ -111.704926933270357, 40.314934484661578 ], [ -111.704908697687074, 40.315013857092417 ], [ -111.705070045078841, 40.315035400625035 ], [ -111.705101501460007, 40.31489848316717 ] ] ] } },
{ "type": "Feature", "properties": { "type": "Feature", "properties": { "height": 4.2837767601013184, "confidence": 1.0 }, "id": 629 }, "geometry": { "type": "Polygon", "coordinates": [ [ [ -111.710658895605292, 40.325646272810673 ], [ -111.710559680369386, 40.325647506294963 ], [ -111.710562341763435, 40.32577139597619 ], [ -111.710615971559221, 40.325770726368361 ], [ -111.710615110775535, 40.32573065633337 ], [ -111.710660696154193, 40.325730089598046 ], [ -111.710658895605292, 40.325646272810673 ] ] ] } },
{ "type": "Feature", "properties": { "type": "Feature", "properties": { "height": 5.5618414878845215, "confidence": 0.94700002670288008 }, "id": 630 }, "geometry": { "type": "Polygon", "coordinates": [ [ [ -111.712606154976342, 40.324768381928664 ], [ -111.712472658816338, 40.324871361447272 ], [ -111.712569705915072, 40.324944484126668 ], [ -111.712703203461288, 40.324841510942484 ], [ -111.712606154976342, 40.324768381928664 ] ] ] } },
{ "type": "Feature", "properties": { "type": "Feature", "properties": { "height": 5.162358283996582, "confidence": 1.0 }, "id": 631 }, "geometry": { "type": "Polygon", "coordinates": [ [ [ -111.715277953044833, 40.315729329742339 ], [ -111.715497768611144, 40.315725329595182 ], [ -111.715495073674575, 40.3156394818769 ], [ -111.715275258108278, 40.315643482029117 ], [ -111.715277953044833, 40.315729329742339 ] ] ] } },
{ "type": "Feature", "properties": { "type": "Feature", "properties": { "height": 6.7262387275695801, "confidence": 0.98739999532699507 }, "id": 632 }, "geometry": { "type": "Polygon", "coordinates": [ [ [ -111.718595666026303, 40.314109367282832 ], [ -111.718598073487811, 40.314385457673623 ], [ -111.718791183999784, 40.314384478631666 ], [ -111.718790524176995, 40.314308809524654 ], [ -111.718790524176995, 40.314308809524654 ], [ -111.71878957902544, 40.314200418493897 ], [ -111.718781532754107, 40.314200459287434 ], [ -111.718780730266943, 40.314108429030448 ], [ -111.718595666026303, 40.314109367282832 ] ] ] } },
{ "type": "Feature", "properties": { "type": "Feature", "properties": { "height": 4.1763186454772949, "confidence": 0.97820001840591408 }, "id": 633 }, "geometry": { "type": "Polygon", "coordinates": [ [ [ -111.722145387610155, 40.323954383667086 ], [ -111.722308570641658, 40.324018504446471 ], [ -111.722379567636537, 40.323913482704562 ], [ -111.722320228352373, 40.323890166028292 ], [ -111.722328966444039, 40.323877240259684 ], [ -111.722225122696727, 40.323836436048992 ], [ -111.722145387610155, 40.323954383667086 ] ] ] } },
{ "type": "Feature", "properties": { "type": "Feature", "properties": { "height": 3.1923496723175049, "confidence": 0.99339997768402111 }, "id": 634 }, "geometry": { "type": "Polygon", "coordinates": [ [ [ -111.723204264321723, 40.321128223624463 ], [ -111.723383811966997, 40.321132314685691 ], [ -111.723387095528864, 40.321048544619948 ], [ -111.72320754788359, 40.321044453553647 ], [ -111.723204264321723, 40.321128223624463 ] ] ] } },
{ "type": "Feature", "properties": { "type": "Feature", "properties": { "height": 4.5024814605712891, "confidence": 0.98960000276565507 }, "id": 635 }, "geometry": { "type": "Polygon", "coordinates": [ [ [ -111.723543880278982, 40.319647785772496 ], [ -111.723539916586788, 40.319561079270272 ], [ -111.723387216178111, 40.319565137232644 ], [ -111.723391179498265, 40.319651835591003 ], [ -111.723543880278982, 40.319647785772496 ] ] ] } },
{ "type": "Feature", "properties": { "type": "Feature", "properties": { "height": 5.3884353637695312, "confidence": 0.99239999055862405 }, "id": 636 }, "geometry": { "type": "Polygon", "coordinates": [ [ [ -111.725243760864856, 40.324121862539513 ], [ -111.725308128634282, 40.32412141947465 ], [ -111.725308298135786, 40.324135732643697 ], [ -111.725453125617008, 40.324134735747954 ], [ -111.725452980330004, 40.324122467317331 ], [ -111.725525394070615, 40.32412196886937 ], [ -111.725524134916668, 40.324015642376523 ], [ -111.725242525925424, 40.32401758078835 ], [ -111.725243760864856, 40.324121862539513 ] ] ] } },
{ "type": "Feature", "properties": { "type": "Feature", "properties": { "height": 4.6757926940917969, "confidence": 0.96390002965927113 }, "id": 637 }, "geometry": { "type": "Polygon", "coordinates": [ [ [ -111.707690247654071, 40.320164422374731 ], [ -111.707686531959197, 40.32033740445538 ], [ -111.70779647304056, 40.320338777261952 ], [ -111.707800188861412, 40.320165789319653 ], [ -111.707690247654071, 40.320164422374731 ] ] ] } },
{ "type": "Feature", "properties": { "type": "Feature", "properties": { "height": 1.9960317611694331, "confidence": 0.96969997882843006 }, "id": 638 }, "geometry": { "type": "Polygon", "coordinates": [ [ [ -111.708336898586154, 40.323924036654049 ], [ -111.708415555550218, 40.323914941573754 ], [ -111.708420725028859, 40.323940927674109 ], [ -111.708462675409706, 40.323936076965985 ], [ -111.708425693754648, 40.323750176168396 ], [ -111.708366867137997, 40.323756978288522 ], [ -111.708384605430794, 40.32384618703874 ], [ -111.708322832066884, 40.323853326584782 ], [ -111.708336898586154, 40.323924036654049 ] ] ] } },
{ "type": "Feature", "properties": { "type": "Feature", "properties": { "height": 4.9319372177124023, "confidence": 0.96160000562667802 }, "id": 639 }, "geometry": { "type": "Polygon", "coordinates": [ [ [ -111.708462448717, 40.321183345838342 ], [ -111.708498627814279, 40.321354776750475 ], [ -111.708605823079253, 40.321341626271774 ], [ -111.708569643981974, 40.321170195326253 ], [ -111.708462448717, 40.321183345838342 ] ] ] } },
{ "type": "Feature", "properties": { "type": "Feature", "properties": { "height": 5.7391510009765625, "confidence": 0.99320000410079912 }, "id": 640 }, "geometry": { "type": "Polygon", "coordinates": [ [ [ -111.708473861382913, 40.31381050972422 ], [ -111.708474831929024, 40.313854203444293 ], [ -111.7084024330548, 40.31385513846746 ], [ -111.708404113458784, 40.313930789725873 ], [ -111.708647086952311, 40.313927651754533 ], [ -111.708645187346633, 40.313841777240818 ], [ -111.708568455239913, 40.313842768227374 ], [ -111.70856771188663, 40.313809302663465 ], [ -111.708473861382913, 40.31381050972422 ] ] ] } },
{ "type": "Feature", "properties": { "type": "Feature", "properties": { "height": 8.2804155349731445, "confidence": 0.99930000305175704 }, "id": 641 }, "geometry": { "type": "Polygon", "coordinates": [ [ [ -111.708951892874992, 40.312593645823064 ], [ -111.708624691301935, 40.312595950831941 ], [ -111.708625261185148, 40.31264298765295 ], [ -111.708560893662579, 40.312643441096988 ], [ -111.70856148832334, 40.312692522961918 ], [ -111.708475664959906, 40.312693127553537 ], [ -111.708476383508327, 40.312752434758849 ], [ -111.708420061926091, 40.312752831521735 ], [ -111.708420681364387, 40.312803958380783 ], [ -111.708359974303519, 40.312804386037271 ], [ -111.708362851314689, 40.313043659376255 ], [ -111.708600591022687, 40.313041984602798 ], [ -111.708599996361926, 40.312992902991873 ], [ -111.708645590023721, 40.312992581804011 ], [ -111.708644227259484, 40.312880102977225 ], [ -111.708727368642798, 40.312879517280713 ], [ -111.708726550984267, 40.312812029894133 ], [ -111.708879423850348, 40.312810952967197 ], [ -111.70887900263233, 40.312776186710884 ], [ -111.70895409807531, 40.312775657693848 ], [ -111.708951892874992, 40.312593645823064 ] ] ] } },
{ "type": "Feature", "properties": { "type": "Feature", "properties": { "height": 4.4264388084411621, "confidence": 0.98269999027252208 }, "id": 642 }, "geometry": { "type": "Polygon", "coordinates": [ [ [ -111.712969240691677, 40.315821083221827 ], [ -111.713080404445662, 40.315819991671994 ], [ -111.713077330777423, 40.315638002653948 ], [ -111.712966183725413, 40.315639094042737 ], [ -111.712969240691677, 40.315821083221827 ] ] ] } },
{ "type": "Feature", "properties": { "type": "Feature", "properties": { "height": 3.9083781242370601, "confidence": 0.99919998645782404 }, "id": 643 }, "geometry": { "type": "Polygon", "coordinates": [ [ [ -111.714789673203512, 40.317211300626255 ], [ -111.714904989274288, 40.317210174480699 ], [ -111.714901778119668, 40.317019009986112 ], [ -111.714748917144661, 40.317020494631876 ], [ -111.714750926257466, 40.317140099968292 ], [ -111.714788471024704, 40.317139733315862 ], [ -111.714789673203512, 40.317211300626255 ] ] ] } },
{ "type": "Feature", "properties": { "type": "Feature", "properties": { "height": 4.6364359855651847, "confidence": 0.9868000149726861 }, "id": 644 }, "geometry": { "type": "Polygon", "coordinates": [ [ [ -111.718831000596694, 40.324383701052199 ], [ -111.718836357616951, 40.324559467097821 ], [ -111.718954311127575, 40.324557377535697 ], [ -111.718948954107333, 40.324381611484611 ], [ -111.718831000596694, 40.324383701052199 ] ] ] } },
{ "type": "Feature", "properties": { "type": "Feature", "properties": { "height": 5.7028303146362305, "confidence": 0.96299999952316206 }, "id": 645 }, "geometry": { "type": "Polygon", "coordinates": [ [ [ -111.725181910412886, 40.323675835465131 ], [ -111.725466214506639, 40.323674545986783 ], [ -111.72546535288123, 40.323564124185602 ], [ -111.725181048787505, 40.323565413666081 ], [ -111.725181910412886, 40.323675835465131 ] ] ] } },
{ "type": "Feature", "properties": { "type": "Feature", "properties": { "height": 3.9605889320373531, "confidence": 1.0 }, "id": 646 }, "geometry": { "type": "Polygon", "coordinates": [ [ [ -111.710984408879753, 40.314602726084068 ], [ -111.710848717989705, 40.314585448159917 ], [ -111.710815600307271, 40.314736665774745 ], [ -111.710996735651435, 40.314759730223628 ], [ -111.711016515262841, 40.314669377361732 ], [ -111.71097107836043, 40.31466359417697 ], [ -111.710984408879753, 40.314602726084068 ] ] ] } },
{ "type": "Feature", "properties": { "type": "Feature", "properties": { "height": 4.3298735618591309, "confidence": 0.97500002384185702 }, "id": 647 }, "geometry": { "type": "Polygon", "coordinates": [ [ [ -111.720420799409581, 40.318463167087224 ], [ -111.720433435881958, 40.318436759626501 ], [ -111.720386093732671, 40.318423589757522 ], [ -111.720374319855878, 40.318448194587482 ], [ -111.720293836388365, 40.318425809602793 ], [ -111.720258111713832, 40.318500466336708 ], [ -111.72047588560045, 40.318561047643826 ], [ -111.720510751520322, 40.318488185585167 ], [ -111.720420799409581, 40.318463167087224 ] ] ] } },
{ "type": "Feature", "properties": { "type": "Feature", "properties": { "height": 4.4463682174682617, "confidence": 0.99659997224807706 }, "id": 648 }, "geometry": { "type": "Polygon", "coordinates": [ [ [ -111.721855470013963, 40.318165088566239 ], [ -111.721851596737281, 40.318062919565385 ], [ -111.721827477008688, 40.318063451147758 ], [ -111.721826160094608, 40.318028713652524 ], [ -111.721737721089752, 40.318030662788928 ], [ -111.721742911280501, 40.318167569280284 ], [ -111.721855470013963, 40.318165088566239 ] ] ] } },
{ "type": "Feature", "properties": { "type": "Feature", "properties": { "height": 1.0, "confidence": 0.9980999827384941 }, "id": 649 }, "geometry": { "type": "Polygon", "coordinates": [ [ [ -111.722771502921532, 40.315796838913684 ], [ -111.72283049901705, 40.315797493774951 ], [ -111.722833326624524, 40.315649391463531 ], [ -111.722774330468908, 40.315648739748546 ], [ -111.722771502921532, 40.315796838913684 ] ] ] } },
{ "type": "Feature", "properties": { "type": "Feature", "properties": { "height": 4.6408867835998526, "confidence": 0.9980999827384941 }, "id": 650 }, "geometry": { "type": "Polygon", "coordinates": [ [ [ -111.723084966121206, 40.319917452472687 ], [ -111.723087495188963, 40.320022609405655 ], [ -111.723303084890574, 40.320019606760262 ], [ -111.723300957034681, 40.319930792969053 ], [ -111.723153484936802, 40.319932854772446 ], [ -111.7231530930991, 40.319916499991059 ], [ -111.723084966121206, 40.319917452472687 ] ] ] } },
{ "type": "Feature", "properties": { "type": "Feature", "properties": { "height": 4.9307265281677255, "confidence": 0.96139997243881203 }, "id": 651 }, "geometry": { "type": "Polygon", "coordinates": [ [ [ -111.723726676989969, 40.322809724633608 ], [ -111.723505320132219, 40.322814567409914 ], [ -111.723508353906581, 40.322895171967488 ], [ -111.723729703814044, 40.322890341160296 ], [ -111.723726676989969, 40.322809724633608 ] ] ] } },
{ "type": "Feature", "properties": { "type": "Feature", "properties": { "height": 3.6864581108093262, "confidence": 0.96460002660751309 }, "id": 652 }, "geometry": { "type": "Polygon", "coordinates": [ [ [ -111.723873674860883, 40.32364448180352 ], [ -111.72366990917736, 40.323570926956059 ], [ -111.723623226369455, 40.323646096947321 ], [ -111.723826992052977, 40.323719651712885 ], [ -111.723873674860883, 40.32364448180352 ] ] ] } },
{ "type": "Feature", "properties": { "type": "Feature", "properties": { "height": 3.696199893951416, "confidence": 0.99699997901916504 }, "id": 653 }, "geometry": { "type": "Polygon", "coordinates": [ [ [ -111.724000125416467, 40.324260260027579 ], [ -111.724163678694595, 40.324262677420627 ], [ -111.724167941068998, 40.324095058326236 ], [ -111.724004387790899, 40.324092640927191 ], [ -111.724000125416467, 40.324260260027579 ] ] ] } },
{ "type": "Feature", "properties": { "type": "Feature", "properties": { "height": 5.8247394561767578, "confidence": 0.98360002040863004 }, "id": 654 }, "geometry": { "type": "Polygon", "coordinates": [ [ [ -111.707232884722202, 40.318025304110826 ], [ -111.707236027461633, 40.318211376185062 ], [ -111.707345979796614, 40.318210296568722 ], [ -111.707343734982715, 40.318077387994457 ], [ -111.707324962632839, 40.318077572319567 ], [ -111.707324064707308, 40.318024408816747 ], [ -111.707232884722202, 40.318025304110826 ] ] ] } },
{ "type": "Feature", "properties": { "type": "Feature", "properties": { "height": 7.6294078826904297, "confidence": 0.99550002813339211 }, "id": 655 }, "geometry": { "type": "Polygon", "coordinates": [ [ [ -111.707465200044254, 40.320564425848652 ], [ -111.707223835401621, 40.320562236299949 ], [ -111.707220516900563, 40.320774887228282 ], [ -111.707461881543196, 40.320777076770085 ], [ -111.707465200044254, 40.320564425848652 ] ] ] } },
{ "type": "Feature", "properties": { "type": "Feature", "properties": { "height": 4.8912854194641113, "confidence": 0.99930000305175704 }, "id": 656 }, "geometry": { "type": "Polygon", "coordinates": [ [ [ -111.709640187542547, 40.323236601193059 ], [ -111.709807547255878, 40.323234172153008 ], [ -111.709805505552197, 40.323152404448265 ], [ -111.709754562043145, 40.323153143837523 ], [ -111.70975216304133, 40.323057066658926 ], [ -111.709635763157294, 40.323058756078183 ], [ -111.709640187542547, 40.323236601193059 ] ] ] } },
{ "type": "Feature", "properties": { "type": "Feature", "properties": { "height": 4.2869505882263184, "confidence": 1.0 }, "id": 657 }, "geometry": { "type": "Polygon", "coordinates": [ [ [ -111.713528262026216, 40.318675974227048 ], [ -111.713692430251498, 40.318690227703037 ], [ -111.713706300088475, 40.3185973586382 ], [ -111.713653342596459, 40.318592760736713 ], [ -111.713664800287873, 40.318516042712012 ], [ -111.713553589554635, 40.318506387106908 ], [ -111.713528262026216, 40.318675974227048 ] ] ] } },
{ "type": "Feature", "properties": { "type": "Feature", "properties": { "height": 3.559801340103149, "confidence": 0.99239999055862405 }, "id": 658 }, "geometry": { "type": "Polygon", "coordinates": [ [ [ -111.715330540478647, 40.316979434753691 ], [ -111.715335520888644, 40.317168486444658 ], [ -111.715457518152462, 40.317166617975772 ], [ -111.715455908122792, 40.317105289126602 ], [ -111.715497453993194, 40.31710465282351 ], [ -111.715495974405584, 40.317048489067957 ], [ -111.715454433630285, 40.317049123076735 ], [ -111.715452555259674, 40.316977572522589 ], [ -111.715330540478647, 40.316979434753691 ] ] ] } },
{ "type": "Feature", "properties": { "type": "Feature", "properties": { "height": 1.862426042556762, "confidence": 0.98650002479553212 }, "id": 659 }, "geometry": { "type": "Polygon", "coordinates": [ [ [ -111.716652002964963, 40.32391386105585 ], [ -111.716570078133941, 40.323915207464047 ], [ -111.716571349564973, 40.323960174608217 ], [ -111.716653270269902, 40.323958828268701 ], [ -111.716652002964963, 40.32391386105585 ] ] ] } },
{ "type": "Feature", "properties": { "type": "Feature", "properties": { "height": 4.8705692291259775, "confidence": 0.98250001668930009 }, "id": 660 }, "geometry": { "type": "Polygon", "coordinates": [ [ [ -111.720967382814706, 40.318619590751197 ], [ -111.720825267182519, 40.318621441196328 ], [ -111.720826732508812, 40.31868686438694 ], [ -111.72086427248712, 40.318686375590573 ], [ -111.720866653642375, 40.318792688140874 ], [ -111.720971229296239, 40.318791326496019 ], [ -111.720967382814706, 40.318619590751197 ] ] ] } },
{ "type": "Feature", "properties": { "type": "Feature", "properties": { "height": 4.5636162757873526, "confidence": 0.9822999835014341 }, "id": 661 }, "geometry": { "type": "Polygon", "coordinates": [ [ [ -111.707559507930981, 40.315006334025497 ], [ -111.707607217338008, 40.315058852359911 ], [ -111.707713389356513, 40.315002775812268 ], [ -111.707613718118409, 40.314893046866452 ], [ -111.707593778840177, 40.314903577090135 ], [ -111.707547821433494, 40.314852982123327 ], [ -111.707423514694696, 40.314918636971264 ], [ -111.707521444530158, 40.315026437858855 ], [ -111.707559507930981, 40.315006334025497 ] ] ] } },
{ "type": "Feature", "properties": { "type": "Feature", "properties": { "height": 4.131920337677002, "confidence": 0.97610002756118708 }, "id": 662 }, "geometry": { "type": "Polygon", "coordinates": [ [ [ -111.708240226606222, 40.322230633912383 ], [ -111.708242316608263, 40.322318538362559 ], [ -111.708545306666906, 40.322314350919619 ], [ -111.70854321666485, 40.322226446463993 ], [ -111.708240226606222, 40.322230633912383 ] ] ] } },
{ "type": "Feature", "properties": { "type": "Feature", "properties": { "height": 4.112494945526123, "confidence": 0.97610002756118708 }, "id": 663 }, "geometry": { "type": "Polygon", "coordinates": [ [ [ -111.717050016271472, 40.325199103930302 ], [ -111.717051968193573, 40.325301325823567 ], [ -111.71731876302448, 40.325298364796943 ], [ -111.717316801720102, 40.325196143003339 ], [ -111.717050016271472, 40.325199103930302 ] ] ] } },
{ "type": "Feature", "properties": { "type": "Feature", "properties": { "height": 3.361283540725708, "confidence": 0.99169999361038208 }, "id": 664 }, "geometry": { "type": "Polygon", "coordinates": [ [ [ -111.711477417713354, 40.320178061683478 ], [ -111.711566743596563, 40.320195950859677 ], [ -111.711585856307096, 40.320140472810593 ], [ -111.711496535187777, 40.320122584573745 ], [ -111.711477417713354, 40.320178061683478 ] ] ] } },
{ "type": "Feature", "properties": { "type": "Feature", "properties": { "height": 3.6907377243041992, "confidence": 1.0 }, "id": 665 }, "geometry": { "type": "Polygon", "coordinates": [ [ [ -111.713461249176817, 40.318905391855296 ], [ -111.713402269427732, 40.318906386419229 ], [ -111.713403988894854, 40.318965664233936 ], [ -111.713462968643938, 40.318964669670891 ], [ -111.713461249176817, 40.318905391855296 ] ] ] } },
{ "type": "Feature", "properties": { "type": "Feature", "properties": { "height": 5.2175354957580566, "confidence": 1.0 }, "id": 666 }, "geometry": { "type": "Polygon", "coordinates": [ [ [ -111.71346742377284, 40.315738378985742 ], [ -111.7136845771563, 40.315734728587579 ], [ -111.713682153870991, 40.315650917737386 ], [ -111.713465000487517, 40.31565456814009 ], [ -111.71346742377284, 40.315738378985742 ] ] ] } },
{ "type": "Feature", "properties": { "type": "Feature", "properties": { "height": 5.305060863494873, "confidence": 0.99119997024536111 }, "id": 667 }, "geometry": { "type": "Polygon", "coordinates": [ [ [ -111.714458626876038, 40.323160223853193 ], [ -111.714679098388444, 40.323196375680752 ], [ -111.714718245840203, 40.323057604473782 ], [ -111.71456186488372, 40.323031961847711 ], [ -111.714542566844145, 40.323100370250813 ], [ -111.714478476288193, 40.323089860985668 ], [ -111.714458626876038, 40.323160223853193 ] ] ] } },
{ "type": "Feature", "properties": { "type": "Feature", "properties": { "height": 4.4335722923278809, "confidence": 0.97530001401901212 }, "id": 668 }, "geometry": { "type": "Polygon", "coordinates": [ [ [ -111.717887534876056, 40.322500617841683 ], [ -111.717889844043881, 40.322586469770158 ], [ -111.718112373812673, 40.322582990607195 ], [ -111.718110064644875, 40.322497138674315 ], [ -111.717887534876056, 40.322500617841683 ] ] ] } },
{ "type": "Feature", "properties": { "type": "Feature", "properties": { "height": 4.4637446403503418, "confidence": 0.97390002012252808 }, "id": 669 }, "geometry": { "type": "Polygon", "coordinates": [ [ [ -111.722249490520667, 40.317738519667344 ], [ -111.722246268427796, 40.317652695793662 ], [ -111.7220479474678, 40.317657024345969 ], [ -111.722051169560672, 40.317742848214152 ], [ -111.722249490520667, 40.317738519667344 ] ] ] } },
{ "type": "Feature", "properties": { "type": "Feature", "properties": { "height": 3.4467809200286861, "confidence": 0.99639999866485607 }, "id": 670 }, "geometry": { "type": "Polygon", "coordinates": [ [ [ -111.722549456065551, 40.317418496211538 ], [ -111.722546319523033, 40.317328574820365 ], [ -111.722394872384925, 40.317331637863532 ], [ -111.722395370068099, 40.317345943573287 ], [ -111.722351155295314, 40.31734683782409 ], [ -111.722353792842398, 40.317422453526959 ], [ -111.722549456065551, 40.317418496211538 ] ] ] } },
{ "type": "Feature", "properties": { "type": "Feature", "properties": { "height": 4.4092655181884775, "confidence": 0.99730002880096402 }, "id": 671 }, "geometry": { "type": "Polygon", "coordinates": [ [ [ -111.724926383627064, 40.320351963795531 ], [ -111.724924070896478, 40.320413263630691 ], [ -111.72489727098187, 40.320412675859572 ], [ -111.724893379032949, 40.320515833373392 ], [ -111.725778811432761, 40.320535299740371 ], [ -111.725785032981761, 40.320370795559683 ], [ -111.724926383627064, 40.320351963795531 ] ] ] } },
{ "type": "Feature", "properties": { "type": "Feature", "properties": { "height": 4.4712305068969727, "confidence": 0.99239999055862405 }, "id": 672 }, "geometry": { "type": "Polygon", "coordinates": [ [ [ -111.725333460132745, 40.319756594538937 ], [ -111.724912418663848, 40.319760593821485 ], [ -111.724918098328601, 40.320108195340865 ], [ -111.725146050716219, 40.320106030135385 ], [ -111.725142208590057, 40.319870888119397 ], [ -111.72533529767135, 40.319869054056532 ], [ -111.725333460132745, 40.319756594538937 ] ] ] } },
{ "type": "Feature", "properties": { "type": "Feature", "properties": { "height": 9.1581192016601562, "confidence": 0.9958000183105461 }, "id": 673 }, "geometry": { "type": "Polygon", "coordinates": [ [ [ -111.703052448175384, 40.314072269674 ], [ -111.702918735753229, 40.3137792759955 ], [ -111.702739507858752, 40.313778568191516 ], [ -111.70273930612872, 40.313808268246092 ], [ -111.702670433876662, 40.313826546645863 ], [ -111.702714771538922, 40.313923680869117 ], [ -111.70274492329753, 40.313923799943701 ], [ -111.702744705648669, 40.31395628256373 ], [ -111.702756521421435, 40.313982173535081 ], [ -111.702781039615317, 40.313982269053199 ], [ -111.702780656727654, 40.314038640181835 ], [ -111.702793223037787, 40.314066170175657 ], [ -111.702820702144606, 40.314066277228768 ], [ -111.702820323806307, 40.314121978499948 ], [ -111.702835515381565, 40.314155266517737 ], [ -111.702861388872165, 40.314155368696355 ], [ -111.702861069357226, 40.314203053974438 ], [ -111.702893685704723, 40.31427450894877 ], [ -111.703005176398804, 40.314244919991403 ], [ -111.703010790659377, 40.314257222026669 ], [ -111.703483616129262, 40.314259064055058 ], [ -111.703498805745738, 40.314255032822359 ], [ -111.703574753828178, 40.314255328700099 ], [ -111.703609246026303, 40.314246174677656 ], [ -111.703618167652721, 40.314265723851292 ], [ -111.703753821498552, 40.314266252330022 ], [ -111.70375418636462, 40.314211798779041 ], [ -111.703775682262318, 40.31420609389324 ], [ -111.703775881303201, 40.314176388499234 ], [ -111.703767951109, 40.314159011740934 ], [ -111.703768513375195, 40.314075097535067 ], [ -111.703052448175384, 40.314072269674 ] ] ] } },
{ "type": "Feature", "properties": { "type": "Feature", "properties": { "height": 5.2054328918457031, "confidence": 1.0 }, "id": 674 }, "geometry": { "type": "Polygon", "coordinates": [ [ [ -111.705272267316886, 40.316852647735232 ], [ -111.704817667705626, 40.316852574956208 ], [ -111.704817605756517, 40.317077538377781 ], [ -111.705272226017456, 40.317077611159874 ], [ -111.705272267316886, 40.316852647735232 ] ] ] } },
{ "type": "Feature", "properties": { "type": "Feature", "properties": { "height": 1.4436089992523191, "confidence": 0.94239997863769509 }, "id": 675 }, "geometry": { "type": "Polygon", "coordinates": [ [ [ -111.706944409354477, 40.319838769191584 ], [ -111.706842520196957, 40.319837333805935 ], [ -111.706841479806982, 40.319880264872737 ], [ -111.706943368964502, 40.319881700257461 ], [ -111.706944409354477, 40.319838769191584 ] ] ] } },
{ "type": "Feature", "properties": { "type": "Feature", "properties": { "height": 4.447385311126709, "confidence": 0.97630000114440907 }, "id": 676 }, "geometry": { "type": "Polygon", "coordinates": [ [ [ -111.708488367453441, 40.321434506346705 ], [ -111.708489806604319, 40.321508109394486 ], [ -111.708533676840332, 40.32150760842682 ], [ -111.708536192380961, 40.321635660317938 ], [ -111.708682704874278, 40.321633995068076 ], [ -111.708680106404728, 40.321501100727055 ], [ -111.708699841551123, 40.32150087641844 ], [ -111.708698490596532, 40.321432106883442 ], [ -111.708488367453441, 40.321434506346705 ] ] ] } },
{ "type": "Feature", "properties": { "type": "Feature", "properties": { "height": 4.8856120109558097, "confidence": 0.99750000238418512 }, "id": 677 }, "geometry": { "type": "Polygon", "coordinates": [ [ [ -111.709782871835131, 40.322580772465955 ], [ -111.709885827459402, 40.322579399027653 ], [ -111.709884982957249, 40.322542601146615 ], [ -111.710009948977699, 40.322540934086511 ], [ -111.710007864079373, 40.322449722916154 ], [ -111.709779945533725, 40.322452751216225 ], [ -111.709782871835131, 40.322580772465955 ] ] ] } },
{ "type": "Feature", "properties": { "type": "Feature", "properties": { "height": 5.5182185173034668, "confidence": 0.99299997091293313 }, "id": 678 }, "geometry": { "type": "Polygon", "coordinates": [ [ [ -111.709795579286947, 40.3176283809984 ], [ -111.709794437599996, 40.317511043899273 ], [ -111.709654970479747, 40.317511840255307 ], [ -111.709656112094265, 40.317629169910909 ], [ -111.709795579286947, 40.3176283809984 ] ] ] } },
{ "type": "Feature", "properties": { "type": "Feature", "properties": { "height": 4.5980319976806641, "confidence": 0.9936000108718871 }, "id": 679 }, "geometry": { "type": "Polygon", "coordinates": [ [ [ -111.712666277806747, 40.320866431831789 ], [ -111.712670791787104, 40.320970613259391 ], [ -111.712719018919472, 40.320969398576651 ], [ -111.712718487862958, 40.320957141946238 ], [ -111.712906037822179, 40.320952418178983 ], [ -111.712902054898308, 40.320860493373473 ], [ -111.712666277806747, 40.320866431831789 ] ] ] } },
{ "type": "Feature", "properties": { "type": "Feature", "properties": { "height": 4.2201709747314453, "confidence": 0.99199998378753607 }, "id": 680 }, "geometry": { "type": "Polygon", "coordinates": [ [ [ -111.712749527127315, 40.323962920362632 ], [ -111.712975899436813, 40.32395889803248 ], [ -111.712973204804243, 40.323871014714364 ], [ -111.712746840558154, 40.323875036906493 ], [ -111.712749527127315, 40.323962920362632 ] ] ] } },
{ "type": "Feature", "properties": { "type": "Feature", "properties": { "height": 4.5073070526123047, "confidence": 0.98830002546310403 }, "id": 681 }, "geometry": { "type": "Polygon", "coordinates": [ [ [ -111.714850097693571, 40.322926748908067 ], [ -111.715031297744403, 40.322923577522822 ], [ -111.715026941631095, 40.322778462753334 ], [ -111.714845728265828, 40.322781634378444 ], [ -111.714850097693571, 40.322926748908067 ] ] ] } },
{ "type": "Feature", "properties": { "type": "Feature", "properties": { "height": 5.4448657035827637, "confidence": 0.98570001125335605 }, "id": 682 }, "geometry": { "type": "Polygon", "coordinates": [ [ [ -111.72064700572092, 40.31897268060959 ], [ -111.720645372561037, 40.318894988193207 ], [ -111.720548837834201, 40.318896167866711 ], [ -111.72054802125426, 40.318857321625664 ], [ -111.720486346289889, 40.318858075306373 ], [ -111.720487506692976, 40.318913277852126 ], [ -111.720420468688232, 40.318914097069595 ], [ -111.720421758025012, 40.318975433177869 ], [ -111.72064700572092, 40.31897268060959 ] ] ] } },
{ "type": "Feature", "properties": { "type": "Feature", "properties": { "height": 4.9549059867858887, "confidence": 0.97539997100830012 }, "id": 683 }, "geometry": { "type": "Polygon", "coordinates": [ [ [ -111.711524854093014, 40.313916660602381 ], [ -111.711521823766105, 40.313779670070879 ], [ -111.711299263737502, 40.313782532533821 ], [ -111.711302267702621, 40.313918331335898 ], [ -111.711411170576213, 40.313916936492774 ], [ -111.711411196700652, 40.313918122407628 ], [ -111.711524854093014, 40.313916660602381 ] ] ] } },
{ "type": "Feature", "properties": { "type": "Feature", "properties": { "height": 4.3467545509338379, "confidence": 1.0 }, "id": 684 }, "geometry": { "type": "Polygon", "coordinates": [ [ [ -111.711642122833894, 40.314652958048661 ], [ -111.711864723884631, 40.314651259283643 ], [ -111.711863542839779, 40.314561279780605 ], [ -111.711640941789057, 40.314562978547876 ], [ -111.711642122833894, 40.314652958048661 ] ] ] } },
{ "type": "Feature", "properties": { "type": "Feature", "properties": { "height": 3.9452693462371822, "confidence": 0.99559998512268011 }, "id": 685 }, "geometry": { "type": "Polygon", "coordinates": [ [ [ -111.714809720933914, 40.318530581833357 ], [ -111.714927673675362, 40.318528479509453 ], [ -111.714922377690314, 40.318355741126673 ], [ -111.714745448867461, 40.318358904056964 ], [ -111.714748300598131, 40.318451918596594 ], [ -111.714807276968841, 40.31845086743342 ], [ -111.714809720933914, 40.318530581833357 ] ] ] } },
{ "type": "Feature", "properties": { "type": "Feature", "properties": { "height": 3.5322067737579341, "confidence": 1.0 }, "id": 686 }, "geometry": { "type": "Polygon", "coordinates": [ [ [ -111.717616281446467, 40.322871548775566 ], [ -111.717384075467336, 40.322874299477633 ], [ -111.717385833269645, 40.322960166210727 ], [ -111.717433003614474, 40.322959607433575 ], [ -111.717433646205038, 40.322991138654082 ], [ -111.717509830372549, 40.322990232116098 ], [ -111.717509202586683, 40.322959565485377 ], [ -111.717618048786221, 40.322958270291565 ], [ -111.717616281446467, 40.322871548775566 ] ] ] } },
{ "type": "Feature", "properties": { "type": "Feature", "properties": { "height": 4.118466854095459, "confidence": 0.97970002889633112 }, "id": 687 }, "geometry": { "type": "Polygon", "coordinates": [ [ [ -111.71772135980666, 40.317251784091461 ], [ -111.717831314993077, 40.31725277573539 ], [ -111.717833757511514, 40.317095323848939 ], [ -111.717723802325096, 40.317094332202686 ], [ -111.71772135980666, 40.317251784091461 ] ] ] } },
{ "type": "Feature", "properties": { "type": "Feature", "properties": { "height": 6.1312484741210938, "confidence": 0.99169999361038208 }, "id": 688 }, "geometry": { "type": "Polygon", "coordinates": [ [ [ -111.718815242368152, 40.321076100123783 ], [ -111.718811731774508, 40.321253974402786 ], [ -111.718927040652758, 40.321255297308213 ], [ -111.718930551246416, 40.321077423032698 ], [ -111.718815242368152, 40.321076100123783 ] ] ] } },
{ "type": "Feature", "properties": { "type": "Feature", "properties": { "height": 2.7645258903503422, "confidence": 0.94830000400543213 }, "id": 689 }, "geometry": { "type": "Polygon", "coordinates": [ [ [ -111.72170121557572, 40.318101484385551 ], [ -111.721738644123675, 40.318103116208 ], [ -111.721740937191072, 40.318072539860509 ], [ -111.72172222291708, 40.318071723948925 ], [ -111.721724821726795, 40.318037070737923 ], [ -111.721706107452803, 40.318036254825913 ], [ -111.72170121557572, 40.318101484385551 ] ] ] } },
{ "type": "Feature", "properties": { "type": "Feature", "properties": { "height": 4.8832516670227051, "confidence": 0.83450001478195102 }, "id": 690 }, "geometry": { "type": "Polygon", "coordinates": [ [ [ -111.72204087966351, 40.321492655124487 ], [ -111.722233973889459, 40.321494324332086 ], [ -111.722235359991231, 40.321401117159276 ], [ -111.72199303780576, 40.321399009465871 ], [ -111.721992731854471, 40.321419456679614 ], [ -111.722041961843985, 40.321419884876875 ], [ -111.72204087966351, 40.321492655124487 ] ] ] } },
{ "type": "Feature", "properties": { "type": "Feature", "properties": { "height": 5.6409153938293457, "confidence": 0.9980999827384941 }, "id": 691 }, "geometry": { "type": "Polygon", "coordinates": [ [ [ -111.724485313144541, 40.31897746819795 ], [ -111.724481256958995, 40.318819088598275 ], [ -111.72428016823261, 40.318822093214457 ], [ -111.724284224143432, 40.318980462080432 ], [ -111.724485313144541, 40.31897746819795 ] ] ] } },
{ "type": "Feature", "properties": { "type": "Feature", "properties": { "height": 5.0674862861633301, "confidence": 0.98379999399185103 }, "id": 692 }, "geometry": { "type": "Polygon", "coordinates": [ [ [ -111.708333890559132, 40.31880478026951 ], [ -111.708503926766269, 40.318808491415638 ], [ -111.708507108213226, 40.318723958214882 ], [ -111.70844010815749, 40.318722492319786 ], [ -111.708441540810881, 40.318684425713279 ], [ -111.708338493548951, 40.318682176638497 ], [ -111.708333890559132, 40.31880478026951 ] ] ] } },
{ "type": "Feature", "properties": { "type": "Feature", "properties": { "height": 5.410517692565918, "confidence": 0.96210002899169911 }, "id": 693 }, "geometry": { "type": "Polygon", "coordinates": [ [ [ -111.70891969944347, 40.32104692636063 ], [ -111.708855811734807, 40.320873799830018 ], [ -111.708679340957076, 40.320911645894462 ], [ -111.708701973412943, 40.320972976621356 ], [ -111.708756653501226, 40.3209612469809 ], [ -111.708797911974145, 40.321073051432982 ], [ -111.70891969944347, 40.32104692636063 ] ] ] } },
{ "type": "Feature", "properties": { "type": "Feature", "properties": { "height": 6.0745711326599121, "confidence": 0.97280001640319802 }, "id": 694 }, "geometry": { "type": "Polygon", "coordinates": [ [ [ -111.710653923350336, 40.316373762765295 ], [ -111.710535979374228, 40.31637152205991 ], [ -111.710531905276127, 40.316496198089901 ], [ -111.710649849252263, 40.31649843879115 ], [ -111.710653923350336, 40.316373762765295 ] ] ] } },
{ "type": "Feature", "properties": { "type": "Feature", "properties": { "height": 3.8614706993103018, "confidence": 0.92400002479553212 }, "id": 695 }, "geometry": { "type": "Polygon", "coordinates": [ [ [ -111.712787216558368, 40.32130893892365 ], [ -111.712663853875299, 40.321307773767003 ], [ -111.712660897103518, 40.321489749755166 ], [ -111.712784259786588, 40.321490914908658 ], [ -111.712787216558368, 40.32130893892365 ] ] ] } },
{ "type": "Feature", "properties": { "type": "Feature", "properties": { "height": 4.011253833770752, "confidence": 0.97740000486373912 }, "id": 696 }, "geometry": { "type": "Polygon", "coordinates": [ [ [ -111.714223601904393, 40.323863188001511 ], [ -111.71422009561158, 40.324007318382101 ], [ -111.71441314850253, 40.324010037888662 ], [ -111.714414516158641, 40.323953818778989 ], [ -111.714453243060731, 40.32395436638582 ], [ -111.714455373380289, 40.323866465304995 ], [ -111.714223601904393, 40.323863188001511 ] ] ] } },
{ "type": "Feature", "properties": { "type": "Feature", "properties": { "height": 4.4732308387756348, "confidence": 0.98619997501373202 }, "id": 697 }, "geometry": { "type": "Polygon", "coordinates": [ [ [ -111.716673150908875, 40.321892386313671 ], [ -111.716439840854719, 40.321894776645323 ], [ -111.716441426465764, 40.321984739142685 ], [ -111.71667473651992, 40.321982348814203 ], [ -111.716673150908875, 40.321892386313671 ] ] ] } },
{ "type": "Feature", "properties": { "type": "Feature", "properties": { "height": 3.8421938419342041, "confidence": 0.99250000715255704 }, "id": 698 }, "geometry": { "type": "Polygon", "coordinates": [ [ [ -111.718152513489869, 40.318563870871252 ], [ -111.718275844995517, 40.318561975425197 ], [ -111.718270959478204, 40.318377173513866 ], [ -111.718147627798658, 40.318379062386349 ], [ -111.718152513489869, 40.318563870871252 ] ] ] } },
{ "type": "Feature", "properties": { "type": "Feature", "properties": { "height": 5.6255955696105957, "confidence": 0.98570001125335605 }, "id": 699 }, "geometry": { "type": "Polygon", "coordinates": [ [ [ -111.723133722833211, 40.325870788915516 ], [ -111.723257092603248, 40.325869867332052 ], [ -111.723256698419448, 40.325839197484221 ], [ -111.723303653761576, 40.325838846723357 ], [ -111.723301165900367, 40.325646648823898 ], [ -111.723254228200943, 40.32564699945398 ], [ -111.723253834017157, 40.325616329504889 ], [ -111.723130464247092, 40.325617251091842 ], [ -111.723133722833211, 40.325870788915516 ] ] ] } },
{ "type": "Feature", "properties": { "type": "Feature", "properties": { "height": 5.5710887908935547, "confidence": 0.97250002622604304 }, "id": 700 }, "geometry": { "type": "Polygon", "coordinates": [ [ [ -111.710177941995397, 40.317472198380095 ], [ -111.710006308619953, 40.317470531420554 ], [ -111.71000461240304, 40.317571508961926 ], [ -111.709945613483086, 40.317570932797516 ], [ -111.709945029567649, 40.317605693850034 ], [ -111.710175661709215, 40.31760794612795 ], [ -111.710177941995397, 40.317472198380095 ] ] ] } },
{ "type": "Feature", "properties": { "type": "Feature", "properties": { "height": 4.1760034561157227, "confidence": 0.99860000610351507 }, "id": 701 }, "geometry": { "type": "Polygon", "coordinates": [ [ [ -111.711177458233976, 40.325095425974332 ], [ -111.711161546176129, 40.324982212716755 ], [ -111.711066082737432, 40.324990011302468 ], [ -111.711068640032451, 40.325008206300993 ], [ -111.710930748398809, 40.325019470920147 ], [ -111.710944103161651, 40.325114489150266 ], [ -111.711177458233976, 40.325095425974332 ] ] ] } },
{ "type": "Feature", "properties": { "type": "Feature", "properties": { "height": 3.1261460781097412, "confidence": 0.99889999628067005 }, "id": 702 }, "geometry": { "type": "Polygon", "coordinates": [ [ [ -111.711973579150509, 40.317877907001943 ], [ -111.711970084648996, 40.31778390811639 ], [ -111.711948644203545, 40.317784371497936 ], [ -111.711946745017954, 40.317733285092544 ], [ -111.711721620340583, 40.317738150602352 ], [ -111.711727014027687, 40.317883235882221 ], [ -111.711973579150509, 40.317877907001943 ] ] ] } },
{ "type": "Feature", "properties": { "type": "Feature", "properties": { "height": 5.4551982879638672, "confidence": 0.99510002136230413 }, "id": 703 }, "geometry": { "type": "Polygon", "coordinates": [ [ [ -111.712843245347656, 40.322981212796627 ], [ -111.712654007589322, 40.322984514758232 ], [ -111.712657041688203, 40.323085589118072 ], [ -111.712846270474856, 40.323082297415198 ], [ -111.712843245347656, 40.322981212796627 ] ] ] } },
{ "type": "Feature", "properties": { "type": "Feature", "properties": { "height": 5.2380247116088867, "confidence": 0.99559998512268011 }, "id": 704 }, "geometry": { "type": "Polygon", "coordinates": [ [ [ -111.715739182416925, 40.324791052720606 ], [ -111.715744386216357, 40.324940223650252 ], [ -111.715859639681369, 40.324937886743008 ], [ -111.715858784262281, 40.324913365516096 ], [ -111.715898988959367, 40.324912550315574 ], [ -111.715894640578995, 40.324787900606168 ], [ -111.715739182416925, 40.324791052720606 ] ] ] } },
{ "type": "Feature", "properties": { "type": "Feature", "properties": { "height": 5.5023303031921387, "confidence": 0.99169999361038208 }, "id": 705 }, "geometry": { "type": "Polygon", "coordinates": [ [ [ -111.716836953197031, 40.317110281513443 ], [ -111.717048739141234, 40.317106631000286 ], [ -111.717044935593279, 40.316978739568249 ], [ -111.716833149985064, 40.316982401384408 ], [ -111.716836953197031, 40.317110281513443 ] ] ] } },
{ "type": "Feature", "properties": { "type": "Feature", "properties": { "height": 1.9186257123947141, "confidence": 0.99940001964569003 }, "id": 706 }, "geometry": { "type": "Polygon", "coordinates": [ [ [ -111.717261813311339, 40.313042928619367 ], [ -111.717318136239854, 40.313042591965463 ], [ -111.717316475354664, 40.31288102766797 ], [ -111.717260152426192, 40.312881364322671 ], [ -111.717261813311339, 40.313042928619367 ] ] ] } },
{ "type": "Feature", "properties": { "type": "Feature", "properties": { "height": 0.85785359144210804, "confidence": 0.98379999399185103 }, "id": 707 }, "geometry": { "type": "Polygon", "coordinates": [ [ [ -111.71746551990509, 40.320078471026747 ], [ -111.71746551990509, 40.320192992486383 ], [ -111.717690825462341, 40.320192992486383 ], [ -111.717690825462341, 40.320119371570343 ], [ -111.717731058597565, 40.320119371570343 ], [ -111.717731058597565, 40.320051885660114 ], [ -111.71760231256485, 40.320051885660114 ], [ -111.71760231256485, 40.320078471026747 ], [ -111.71746551990509, 40.320078471026747 ] ] ] } },
{ "type": "Feature", "properties": { "type": "Feature", "properties": { "height": 4.4673972129821777, "confidence": 0.97990000247955311 }, "id": 708 }, "geometry": { "type": "Polygon", "coordinates": [ [ [ -111.717833895502721, 40.320808437543306 ], [ -111.717844496398754, 40.32098887860159 ], [ -111.717948892762436, 40.320985307742504 ], [ -111.717946085898888, 40.32093753131354 ], [ -111.71795847112206, 40.320937108339749 ], [ -111.717950665262919, 40.320804449674732 ], [ -111.717833895502721, 40.320808437543306 ] ] ] } },
{ "type": "Feature", "properties": { "type": "Feature", "properties": { "height": 4.4565901756286621, "confidence": 0.95819997787475508 }, "id": 709 }, "geometry": { "type": "Polygon", "coordinates": [ [ [ -111.719408331370232, 40.323566058709076 ], [ -111.719636292308962, 40.323567944114906 ], [ -111.719637601533933, 40.323475933386135 ], [ -111.719409640595202, 40.323474047977719 ], [ -111.719408331370232, 40.323566058709076 ] ] ] } },
{ "type": "Feature", "properties": { "type": "Feature", "properties": { "height": 3.8767328262329102, "confidence": 0.97149997949600209 }, "id": 710 }, "geometry": { "type": "Polygon", "coordinates": [ [ [ -111.721739980222424, 40.318862801170255 ], [ -111.721740673758973, 40.31888815472545 ], [ -111.721692414989292, 40.318888922149341 ], [ -111.721694372105461, 40.318960468222954 ], [ -111.721857915713841, 40.31895786751133 ], [ -111.721855264892923, 40.318860961729797 ], [ -111.721739980222424, 40.318862801170255 ] ] ] } },
{ "type": "Feature", "properties": { "type": "Feature", "properties": { "height": 8.2448692321777344, "confidence": 0.97109997272491411 }, "id": 711 }, "geometry": { "type": "Polygon", "coordinates": [ [ [ -111.726388534236065, 40.323564819458127 ], [ -111.726572642575078, 40.323542155599334 ], [ -111.72654985042719, 40.323434535407173 ], [ -111.726583833190759, 40.32343035209891 ], [ -111.726572660366969, 40.323377596081734 ], [ -111.726528220879047, 40.323383064254955 ], [ -111.726506050124044, 40.323278377917596 ], [ -111.72633242173498, 40.323299751771309 ], [ -111.726388534236065, 40.323564819458127 ] ] ] } },
{ "type": "Feature", "properties": { "type": "Feature", "properties": { "height": 3.481549739837646, "confidence": 0.99720001220703103 }, "id": 712 }, "geometry": { "type": "Polygon", "coordinates": [ [ [ -111.703229040604015, 40.312426951161562 ], [ -111.703416640006267, 40.312431066045868 ], [ -111.703419029827884, 40.312367715393229 ], [ -111.703231430425618, 40.312363600505073 ], [ -111.703229040604015, 40.312426951161562 ] ] ] } },
{ "type": "Feature", "properties": { "type": "Feature", "properties": { "height": 3.8480453491210929, "confidence": 0.96939998865127508 }, "id": 713 }, "geometry": { "type": "Polygon", "coordinates": [ [ [ -111.704439452348126, 40.314510222701287 ], [ -111.704442857368178, 40.314657431075297 ], [ -111.704495380530091, 40.314656727525865 ], [ -111.704495757364796, 40.314673084012334 ], [ -111.704691498216064, 40.31467046205799 ], [ -111.704687729869107, 40.314506897008684 ], [ -111.704439452348126, 40.314510222701287 ] ] ] } },
{ "type": "Feature", "properties": { "type": "Feature", "properties": { "height": 5.2159361839294434, "confidence": 0.99610000848770108 }, "id": 714 }, "geometry": { "type": "Polygon", "coordinates": [ [ [ -111.708774587944717, 40.323327039477199 ], [ -111.70895305437854, 40.323323658835307 ], [ -111.708945151157351, 40.323080461495763 ], [ -111.708766662411819, 40.32308384257248 ], [ -111.708774587944717, 40.323327039477199 ] ] ] } },
{ "type": "Feature", "properties": { "type": "Feature", "properties": { "height": 5.0281076431274414, "confidence": 0.98049998283386208 }, "id": 715 }, "geometry": { "type": "Polygon", "coordinates": [ [ [ -111.709124528031779, 40.322482349528478 ], [ -111.709128926166912, 40.322588581260291 ], [ -111.709174478334432, 40.322587485022929 ], [ -111.70917523955012, 40.322605871267534 ], [ -111.709344050523924, 40.322601808741773 ], [ -111.709343627626325, 40.322591594161445 ], [ -111.70939185933311, 40.322590433439572 ], [ -111.709387122879889, 40.322476030032291 ], [ -111.709124528031779, 40.322482349528478 ] ] ] } },
{ "type": "Feature", "properties": { "type": "Feature", "properties": { "height": 4.6266999244689941, "confidence": 0.99970000982284513 }, "id": 716 }, "geometry": { "type": "Polygon", "coordinates": [ [ [ -111.709229820344163, 40.317902907307904 ], [ -111.709227234388123, 40.318088247235337 ], [ -111.709341294153518, 40.318089166323944 ], [ -111.709343154433569, 40.317954953921898 ], [ -111.709316335358636, 40.317954736383356 ], [ -111.709317043939336, 40.317903614808344 ], [ -111.709229820344163, 40.317902907307904 ] ] ] } },
{ "type": "Feature", "properties": { "type": "Feature", "properties": { "height": 4.5878567695617685, "confidence": 0.97699999809265103 }, "id": 717 }, "geometry": { "type": "Polygon", "coordinates": [ [ [ -111.711591615918124, 40.322070539880855 ], [ -111.711824945540627, 40.322068784338406 ], [ -111.711823774309735, 40.321977650427883 ], [ -111.711590444527261, 40.321979393523236 ], [ -111.711591615918124, 40.322070539880855 ] ] ] } },
{ "type": "Feature", "properties": { "type": "Feature", "properties": { "height": 4.4921150207519531, "confidence": 0.98070001602172807 }, "id": 718 }, "geometry": { "type": "Polygon", "coordinates": [ [ [ -111.716428586472489, 40.322351871985916 ], [ -111.716586802626367, 40.322353644912056 ], [ -111.716588536827018, 40.322263686094345 ], [ -111.716353587039691, 40.322261053308949 ], [ -111.716351233479259, 40.322383724525253 ], [ -111.716427955854058, 40.322384584254401 ], [ -111.716428586472489, 40.322351871985916 ] ] ] } },
{ "type": "Feature", "properties": { "type": "Feature", "properties": { "height": 4.6258440017700186, "confidence": 0.96719998121261608 }, "id": 719 }, "geometry": { "type": "Polygon", "coordinates": [ [ [ -111.717494616954582, 40.320930441197532 ], [ -111.71737494823121, 40.320938908670733 ], [ -111.717397900370742, 40.321127469530325 ], [ -111.717517569094085, 40.321119002080778 ], [ -111.717494616954582, 40.320930441197532 ] ] ] } },
{ "type": "Feature", "properties": { "type": "Feature", "properties": { "height": 5.3561782836914062, "confidence": 1.0 }, "id": 720 }, "geometry": { "type": "Polygon", "coordinates": [ [ [ -111.718384518226998, 40.323936432092516 ], [ -111.718258485657245, 40.323937945220422 ], [ -111.718262877323696, 40.324150562892228 ], [ -111.718388909893463, 40.324149049769076 ], [ -111.718384518226998, 40.323936432092516 ] ] ] } },
{ "type": "Feature", "properties": { "type": "Feature", "properties": { "height": 4.711367130279541, "confidence": 0.99919998645782404 }, "id": 721 }, "geometry": { "type": "Polygon", "coordinates": [ [ [ -111.718391651295008, 40.322011400127678 ], [ -111.718287085876142, 40.322012973602909 ], [ -111.718291689717972, 40.32219081641157 ], [ -111.718415023288927, 40.32218896052261 ], [ -111.718411795307887, 40.32206426618518 ], [ -111.71839302715577, 40.322064548603592 ], [ -111.718391651295008, 40.322011400127678 ] ] ] } },
{ "type": "Feature", "properties": { "type": "Feature", "properties": { "height": 0.65777575969696001, "confidence": 0.87029999494552612 }, "id": 722 }, "geometry": { "type": "Polygon", "coordinates": [ [ [ -111.718446720686799, 40.316112400497168 ], [ -111.718481471384081, 40.31622778845113 ], [ -111.718540071197452, 40.31621752496811 ], [ -111.71841779287503, 40.315811504972835 ], [ -111.718361740879629, 40.31582132227652 ], [ -111.718449268543665, 40.316111954387203 ], [ -111.718446720686799, 40.316112400497168 ] ] ] } },
{ "type": "Feature", "properties": { "type": "Feature", "properties": { "height": 4.2459015846252441, "confidence": 0.99669998884201005 }, "id": 723 }, "geometry": { "type": "Polygon", "coordinates": [ [ [ -111.721996178976795, 40.318867250657611 ], [ -111.721992181323969, 40.318967366158894 ], [ -111.722107409751231, 40.318970034809148 ], [ -111.722108518288408, 40.318942273095885 ], [ -111.722179688026841, 40.318943925160724 ], [ -111.722182570658106, 40.318871567430385 ], [ -111.721996178976795, 40.318867250657611 ] ] ] } },
{ "type": "Feature", "properties": { "type": "Feature", "properties": { "height": 4.3389620780944824, "confidence": 0.99779999256134011 }, "id": 724 }, "geometry": { "type": "Polygon", "coordinates": [ [ [ -111.723204582216297, 40.322204497485735 ], [ -111.723351985278853, 40.322207683025269 ], [ -111.723358552287706, 40.322031047729759 ], [ -111.723249681498345, 40.322028700717595 ], [ -111.723246162106648, 40.322123597487717 ], [ -111.723207620913243, 40.322122764569826 ], [ -111.723204582216297, 40.322204497485735 ] ] ] } },
{ "type": "Feature", "properties": { "type": "Feature", "properties": { "height": 5.1636180877685547, "confidence": 0.99970000982284513 }, "id": 725 }, "geometry": { "type": "Polygon", "coordinates": [ [ [ -111.725214457918938, 40.325410581837779 ], [ -111.725179592867136, 40.325410855307041 ], [ -111.725178921243057, 40.325360746128659 ], [ -111.725075644354902, 40.325361550686324 ], [ -111.725077948616075, 40.325532299569467 ], [ -111.725216074808642, 40.325531216157941 ], [ -111.725214457918938, 40.325410581837779 ] ] ] } },
{ "type": "Feature", "properties": { "type": "Feature", "properties": { "height": 17.957941055297852, "confidence": 0.99339997768402111 }, "id": 726 }, "geometry": { "type": "Polygon", "coordinates": [ [ [ -111.72707360006126, 40.325263211228062 ], [ -111.727021040457586, 40.325284584242326 ], [ -111.726919804708743, 40.32535752421505 ], [ -111.726908974042416, 40.325361927850189 ], [ -111.726881856020711, 40.325340051651665 ], [ -111.726741704710335, 40.325348143089542 ], [ -111.726674827912021, 40.325375334492257 ], [ -111.72654111639585, 40.325267460930185 ], [ -111.726479466612076, 40.325311876096499 ], [ -111.726466076482595, 40.325301074227262 ], [ -111.726310940130006, 40.325412841043111 ], [ -111.72634709206524, 40.325442007056758 ], [ -111.726315920127163, 40.325464464612544 ], [ -111.726453129021664, 40.325575159406213 ], [ -111.726493506436356, 40.325546067735466 ], [ -111.726522331190182, 40.325569320689269 ], [ -111.726645597729444, 40.325480514461177 ], [ -111.726686871833792, 40.325513810346685 ], [ -111.726797594286637, 40.325507412050143 ], [ -111.726870289024333, 40.325477855191771 ], [ -111.726990261892055, 40.325574637452924 ], [ -111.72702355964411, 40.325550646634845 ], [ -111.727049723868362, 40.325571754899286 ], [ -111.727197162074361, 40.325465534409553 ], [ -111.727192221467519, 40.325415841390686 ], [ -111.727210899935486, 40.325442539032807 ], [ -111.727228220831407, 40.325435495622571 ], [ -111.727277746699372, 40.325432633677764 ], [ -111.7272701414187, 40.325421761816436 ], [ -111.72707360006126, 40.325263211228062 ] ] ] } },
{ "type": "Feature", "properties": { "type": "Feature", "properties": { "height": 5.5287308692932129, "confidence": 0.96240001916885309 }, "id": 727 }, "geometry": { "type": "Polygon", "coordinates": [ [ [ -111.704002770625266, 40.312319551686045 ], [ -111.704332744750459, 40.312762566125471 ], [ -111.704593600391462, 40.312649580070115 ], [ -111.70431889637517, 40.312280814829506 ], [ -111.704210159716652, 40.312327907103899 ], [ -111.704154871856062, 40.312253678825172 ], [ -111.704002770625266, 40.312319551686045 ] ] ] } },
{ "type": "Feature", "properties": { "type": "Feature", "properties": { "height": 5.5769104957580566, "confidence": 0.97839999198913508 }, "id": 728 }, "geometry": { "type": "Polygon", "coordinates": [ [ [ -111.704952419756808, 40.315403017445284 ], [ -111.705005072395835, 40.315474568517018 ], [ -111.705123390135256, 40.315423947987966 ], [ -111.705036398818592, 40.315305733044326 ], [ -111.704940520650425, 40.315346753202952 ], [ -111.70497485932809, 40.315393416992855 ], [ -111.704952419756808, 40.315403017445284 ] ] ] } },
{ "type": "Feature", "properties": { "type": "Feature", "properties": { "height": 5.3909258842468262, "confidence": 0.98890000581741311 }, "id": 729 }, "geometry": { "type": "Polygon", "coordinates": [ [ [ -111.709026369742489, 40.320115202089902 ], [ -111.709188244760327, 40.320111651859143 ], [ -111.709187628032169, 40.320095305168856 ], [ -111.709256230317052, 40.320093800588261 ], [ -111.709253525571867, 40.320022283913922 ], [ -111.709182249855019, 40.320023847129697 ], [ -111.709181864399909, 40.32001363043544 ], [ -111.70902266037767, 40.320017122091222 ], [ -111.709026369742489, 40.320115202089902 ] ] ] } },
{ "type": "Feature", "properties": { "type": "Feature", "properties": { "height": 4.6497049331665039, "confidence": 0.97289997339248613 }, "id": 730 }, "geometry": { "type": "Polygon", "coordinates": [ [ [ -111.709769483572714, 40.320002211810298 ], [ -111.709654174452197, 40.320000895030702 ], [ -111.709650373890156, 40.320194364291133 ], [ -111.709765683131508, 40.320195674915162 ], [ -111.709769483572714, 40.320002211810298 ] ] ] } },
{ "type": "Feature", "properties": { "type": "Feature", "properties": { "height": 5.2151222229003906, "confidence": 0.98329997062683105 }, "id": 731 }, "geometry": { "type": "Polygon", "coordinates": [ [ [ -111.71065809617869, 40.322067708492796 ], [ -111.710883358476991, 40.322065328497644 ], [ -111.710880660719923, 40.321916904753103 ], [ -111.710757302675049, 40.321918201505419 ], [ -111.710758291084403, 40.321972581315634 ], [ -111.710661750099419, 40.321973601314966 ], [ -111.710662790644747, 40.322030849467865 ], [ -111.710657427256692, 40.322030906134451 ], [ -111.71065809617869, 40.322067708492796 ] ] ] } },
{ "type": "Feature", "properties": { "type": "Feature", "properties": { "height": 4.3292851448059082, "confidence": 0.98729997873306208 }, "id": 732 }, "geometry": { "type": "Polygon", "coordinates": [ [ [ -111.711453739764593, 40.319470852959839 ], [ -111.71145097402723, 40.31936659832332 ], [ -111.711149545655132, 40.319371263003205 ], [ -111.711152157705428, 40.319469384872392 ], [ -111.711196190675537, 40.319468703452117 ], [ -111.711197817579858, 40.319530029635644 ], [ -111.711361365187315, 40.319527498701255 ], [ -111.711359900973434, 40.319472305136522 ], [ -111.711453739764593, 40.319470852959839 ] ] ] } },
{ "type": "Feature", "properties": { "type": "Feature", "properties": { "height": 4.3571929931640616, "confidence": 0.9979000091552731 }, "id": 733 }, "geometry": { "type": "Polygon", "coordinates": [ [ [ -111.711503241633096, 40.325124491419089 ], [ -111.711499686909136, 40.324993675629266 ], [ -111.711380323786472, 40.324995567232946 ], [ -111.711383890514441, 40.32512638282887 ], [ -111.711503241633096, 40.325124491419089 ] ] ] } },
{ "type": "Feature", "properties": { "type": "Feature", "properties": { "height": 4.675145149230957, "confidence": 0.97500002384185702 }, "id": 734 }, "geometry": { "type": "Polygon", "coordinates": [ [ [ -111.718484722162742, 40.324517971709035 ], [ -111.718401587999765, 40.324518801230688 ], [ -111.718401213882515, 40.324497124217807 ], [ -111.71835294247748, 40.324497608450933 ], [ -111.718352589616316, 40.324477163048222 ], [ -111.718272137274582, 40.324477970103722 ], [ -111.718274113297028, 40.324592464277792 ], [ -111.718485971130207, 40.324590339035268 ], [ -111.718484722162742, 40.324517971709035 ] ] ] } },
{ "type": "Feature", "properties": { "type": "Feature", "properties": { "height": 4.3570599555969238, "confidence": 0.99419999122619607 }, "id": 735 }, "geometry": { "type": "Polygon", "coordinates": [ [ [ -111.720310235343945, 40.317516267077501 ], [ -111.720307796687777, 40.317432458957306 ], [ -111.720082601980067, 40.317436268471582 ], [ -111.720085040636221, 40.317520076587073 ], [ -111.720310235343945, 40.317516267077501 ] ] ] } },
{ "type": "Feature", "properties": { "type": "Feature", "properties": { "height": 3.4802846908569331, "confidence": 0.97719997167587203 }, "id": 736 }, "geometry": { "type": "Polygon", "coordinates": [ [ [ -111.723181391964999, 40.316793652204261 ], [ -111.723180165607999, 40.316726175927776 ], [ -111.723153348667708, 40.31672645928294 ], [ -111.723152047986062, 40.316654893461774 ], [ -111.723026008366759, 40.316656225232443 ], [ -111.723026640126449, 40.316690985782934 ], [ -111.723034685208532, 40.316690900776329 ], [ -111.723036580487502, 40.316795182320604 ], [ -111.723181391964999, 40.316793652204261 ] ] ] } },
{ "type": "Feature", "properties": { "type": "Feature", "properties": { "height": 5.3120222091674796, "confidence": 0.97710001468658403 }, "id": 737 }, "geometry": { "type": "Polygon", "coordinates": [ [ [ -111.723221403826813, 40.323517437902538 ], [ -111.723328602620583, 40.323515075504943 ], [ -111.723323025102175, 40.323367963753192 ], [ -111.723215826308376, 40.323370326155931 ], [ -111.723221403826813, 40.323517437902538 ] ] ] } },
{ "type": "Feature", "properties": { "type": "Feature", "properties": { "height": 5.0213108062744141, "confidence": 0.99159997701644909 }, "id": 738 }, "geometry": { "type": "Polygon", "coordinates": [ [ [ -111.707244975201121, 40.321378395209166 ], [ -111.707627477451553, 40.321373843592639 ], [ -111.707621685406394, 40.321090901414649 ], [ -111.707349152734679, 40.321094129910115 ], [ -111.707348902745878, 40.321081862888242 ], [ -111.707238958718335, 40.321083165315009 ], [ -111.707244975201121, 40.321378395209166 ] ] ] } },
{ "type": "Feature", "properties": { "type": "Feature", "properties": { "height": 1.764944314956665, "confidence": 0.98199999332427912 }, "id": 739 }, "geometry": { "type": "Polygon", "coordinates": [ [ [ -111.708448930326242, 40.324108517695947 ], [ -111.708454302510461, 40.324289134194331 ], [ -111.708510599950628, 40.324288160905517 ], [ -111.708508024269562, 40.324201564809755 ], [ -111.708572364303237, 40.324200455909612 ], [ -111.708569567889398, 40.324106438505282 ], [ -111.708448930326242, 40.324108517695947 ] ] ] } },
{ "type": "Feature", "properties": { "type": "Feature", "properties": { "height": 5.5489931106567383, "confidence": 0.9422000050544731 }, "id": 740 }, "geometry": { "type": "Polygon", "coordinates": [ [ [ -111.708807299810616, 40.322487864493617 ], [ -111.708808763901104, 40.322594190341562 ], [ -111.70885435642937, 40.322593825416305 ], [ -111.708854609829658, 40.322612227950025 ], [ -111.709026252289078, 40.32261085411416 ], [ -111.709026083355567, 40.322598585758655 ], [ -111.709077039710706, 40.322598177901078 ], [ -111.709075378531125, 40.322477538952533 ], [ -111.708989557301422, 40.322478225871812 ], [ -111.708989669923753, 40.322486404790325 ], [ -111.708807299810616, 40.322487864493617 ] ] ] } },
{ "type": "Feature", "properties": { "type": "Feature", "properties": { "height": 5.2677068710327148, "confidence": 0.98729997873306208 }, "id": 741 }, "geometry": { "type": "Polygon", "coordinates": [ [ [ -111.710172038644345, 40.318935751005952 ], [ -111.710055300858798, 40.318938286416873 ], [ -111.710060186744528, 40.319069064163891 ], [ -111.710207588635441, 40.319065862769925 ], [ -111.710204734323398, 40.318989463036694 ], [ -111.710174075266778, 40.318990130551818 ], [ -111.710172038644345, 40.318935751005952 ] ] ] } },
{ "type": "Feature", "properties": { "type": "Feature", "properties": { "height": 4.0770158767700186, "confidence": 0.99779999256134011 }, "id": 742 }, "geometry": { "type": "Polygon", "coordinates": [ [ [ -111.710617519697479, 40.315877851648601 ], [ -111.710499547161731, 40.315876101447742 ], [ -111.710497700626348, 40.315948464633152 ], [ -111.710478932293924, 40.315948185191189 ], [ -111.71047759657479, 40.31600053014192 ], [ -111.71050049966297, 40.316000869923805 ], [ -111.710499138425931, 40.316054023642089 ], [ -111.710603704849376, 40.31605557495029 ], [ -111.710605170796939, 40.315998332484028 ], [ -111.710643934937792, 40.31599890757473 ], [ -111.710645239130002, 40.315947798119716 ], [ -111.710615745996066, 40.315947360569957 ], [ -111.710617519697479, 40.315877851648601 ] ] ] } },
{ "type": "Feature", "properties": { "type": "Feature", "properties": { "height": 4.7408318519592276, "confidence": 0.98669999837875311 }, "id": 743 }, "geometry": { "type": "Polygon", "coordinates": [ [ [ -111.710705728482196, 40.319977987628725 ], [ -111.710598500305778, 40.3199799273727 ], [ -111.710602901258994, 40.320121770490367 ], [ -111.710736936701281, 40.3201193529639 ], [ -111.710733956176341, 40.320023290405345 ], [ -111.710707149087867, 40.320023773911331 ], [ -111.710705728482196, 40.319977987628725 ] ] ] } },
{ "type": "Feature", "properties": { "type": "Feature", "properties": { "height": 4.1721038818359366, "confidence": 0.9822999835014341 }, "id": 744 }, "geometry": { "type": "Polygon", "coordinates": [ [ [ -111.71277369551315, 40.324545262627254 ], [ -111.712653034239736, 40.324546897967153 ], [ -111.712657514936126, 40.324739056855528 ], [ -111.712778176209568, 40.324737421520261 ], [ -111.71277369551315, 40.324545262627254 ] ] ] } },
{ "type": "Feature", "properties": { "type": "Feature", "properties": { "height": 4.312802791595459, "confidence": 0.97009998559951705 }, "id": 745 }, "geometry": { "type": "Polygon", "coordinates": [ [ [ -111.713555872971696, 40.319787853704518 ], [ -111.713419561240073, 40.319650953548141 ], [ -111.713330373979815, 40.319702577376006 ], [ -111.713466696689309, 40.319839475832111 ], [ -111.713555872971696, 40.319787853704518 ] ] ] } },
{ "type": "Feature", "properties": { "type": "Feature", "properties": { "height": 1.533737659454345, "confidence": 0.98280000686645508 }, "id": 746 }, "geometry": { "type": "Polygon", "coordinates": [ [ [ -111.725233391481737, 40.324851859343951 ], [ -111.725226470751153, 40.324589184657782 ], [ -111.725171600980858, 40.324590022004479 ], [ -111.725178497683928, 40.324852699983126 ], [ -111.725233391481737, 40.324851859343951 ] ] ] } },
{ "type": "Feature", "properties": { "type": "Feature", "properties": { "height": 9.2049112319946289, "confidence": 0.98299998044967607 }, "id": 747 }, "geometry": { "type": "Polygon", "coordinates": [ [ [ -111.725415784250274, 40.324715309755341 ], [ -111.725408581196561, 40.324809052810501 ], [ -111.725464714952238, 40.324811559810158 ], [ -111.725462366130387, 40.324842128168427 ], [ -111.725717572041091, 40.32485352595868 ], [ -111.725719997312424, 40.324821924911085 ], [ -111.725776131526544, 40.3248244289355 ], [ -111.725783326033238, 40.324730685136075 ], [ -111.725729864876911, 40.324728300347616 ], [ -111.725732367314038, 40.324695693777031 ], [ -111.725473080705925, 40.324684127546242 ], [ -111.725470500040601, 40.324717753430377 ], [ -111.725415784250274, 40.324715309755341 ] ] ] } },
{ "type": "Feature", "properties": { "type": "Feature", "properties": { "height": 4.0212435722351074, "confidence": 0.99870002269744806 }, "id": 748 }, "geometry": { "type": "Polygon", "coordinates": [ [ [ -111.707949814405552, 40.31541251151873 ], [ -111.708184647045314, 40.315410569044211 ], [ -111.708183366914227, 40.315320592128906 ], [ -111.707948526016537, 40.315322534674351 ], [ -111.707949814405552, 40.31541251151873 ] ] ] } },
{ "type": "Feature", "properties": { "type": "Feature", "properties": { "height": 1.970588207244873, "confidence": 0.94059997797012307 }, "id": 749 }, "geometry": { "type": "Polygon", "coordinates": [ [ [ -111.708860177153738, 40.325121861151928 ], [ -111.708881799840796, 40.325226916776835 ], [ -111.708953753158937, 40.325218309049589 ], [ -111.708918822970872, 40.325048673383129 ], [ -111.70879055440291, 40.325064018103774 ], [ -111.708803853095375, 40.325128602176385 ], [ -111.708860177153738, 40.325121861151928 ] ] ] } },
{ "type": "Feature", "properties": { "type": "Feature", "properties": { "height": 4.2864847183227539, "confidence": 0.97759997844696012 }, "id": 750 }, "geometry": { "type": "Polygon", "coordinates": [ [ [ -111.71342230956968, 40.323460262471706 ], [ -111.71331510819445, 40.323462590606702 ], [ -111.71331709308555, 40.323515715536594 ], [ -111.713239372088509, 40.323517403433108 ], [ -111.713242120399244, 40.323590960957496 ], [ -111.713427042771471, 40.32358694493221 ], [ -111.71342230956968, 40.323460262471706 ] ] ] } },
{ "type": "Feature", "properties": { "type": "Feature", "properties": { "height": 5.393315315246582, "confidence": 0.98580002784729004 }, "id": 751 }, "geometry": { "type": "Polygon", "coordinates": [ [ [ -111.71408777558544, 40.321687982045823 ], [ -111.713854446773254, 40.321686201598141 ], [ -111.71385329257032, 40.321774126834839 ], [ -111.714086621382535, 40.321775907280198 ], [ -111.71408777558544, 40.321687982045823 ] ] ] } },
{ "type": "Feature", "properties": { "type": "Feature", "properties": { "height": 5.2425317764282227, "confidence": 0.98790001869201605 }, "id": 752 }, "geometry": { "type": "Polygon", "coordinates": [ [ [ -111.71689317226965, 40.314458411703193 ], [ -111.717330287546218, 40.314453769540243 ], [ -111.717328270648977, 40.314343350168386 ], [ -111.717258546739799, 40.31434409063732 ], [ -111.717258098540412, 40.314319552974887 ], [ -111.716890707172993, 40.314323454677897 ], [ -111.71689317226965, 40.314458411703193 ] ] ] } },
{ "type": "Feature", "properties": { "type": "Feature", "properties": { "height": 4.4242653846740723, "confidence": 0.98619997501373202 }, "id": 753 }, "geometry": { "type": "Polygon", "coordinates": [ [ [ -111.719832974085151, 40.325053753965733 ], [ -111.719736823940679, 40.32490074283907 ], [ -111.719582977848049, 40.324956933465749 ], [ -111.719679139416883, 40.325109940292407 ], [ -111.719832974085151, 40.325053753965733 ] ] ] } },
{ "type": "Feature", "properties": { "type": "Feature", "properties": { "height": 0.17835475504398302, "confidence": 0.98329997062683105 }, "id": 754 }, "geometry": { "type": "Polygon", "coordinates": [ [ [ -111.721331630985091, 40.314184784300998 ], [ -111.721037344860932, 40.314054666779612 ], [ -111.7210738723779, 40.314006627443064 ], [ -111.720557967691335, 40.313778548859105 ], [ -111.720545165105861, 40.313795386300612 ], [ -111.720299500756596, 40.313686779218585 ], [ -111.71999104697025, 40.314092395556727 ], [ -111.719962944066481, 40.314079971455371 ], [ -111.71981162711468, 40.314278952201036 ], [ -111.719851774120059, 40.314296700864276 ], [ -111.719834314471768, 40.314319660137315 ], [ -111.719959577623044, 40.314375037904753 ], [ -111.719974707951309, 40.3143551392806 ], [ -111.720109204503842, 40.314414599022719 ], [ -111.720006783820125, 40.314549297168583 ], [ -111.720203510120839, 40.314636267866867 ], [ -111.720179811232384, 40.314667435285273 ], [ -111.720274156695027, 40.31470914943143 ], [ -111.720380065776538, 40.314569863858374 ], [ -111.720873038152064, 40.314787827966228 ], [ -111.721331630985091, 40.314184784300998 ] ] ] } },
{ "type": "Feature", "properties": { "type": "Feature", "properties": { "height": 7.855499267578125, "confidence": 0.99169999361038208 }, "id": 755 }, "geometry": { "type": "Polygon", "coordinates": [ [ [ -111.721944195734892, 40.316503291681848 ], [ -111.721520412109896, 40.316502138301615 ], [ -111.721519952565941, 40.316600303513589 ], [ -111.721574879204979, 40.316600453003105 ], [ -111.721572973824138, 40.317015608570131 ], [ -111.721902881412092, 40.317016506448134 ], [ -111.721904349466925, 40.316696638273385 ], [ -111.721895010969035, 40.31669661335593 ], [ -111.721895346053245, 40.316625034653832 ], [ -111.721943625212461, 40.316625163474946 ], [ -111.721944195734892, 40.316503291681848 ] ] ] } },
{ "type": "Feature", "properties": { "type": "Feature", "properties": { "height": 4.1541147232055664, "confidence": 0.99970000982284513 }, "id": 756 }, "geometry": { "type": "Polygon", "coordinates": [ [ [ -111.706214701197098, 40.315003081840693 ], [ -111.706145008499149, 40.315004428208283 ], [ -111.706143242768704, 40.314951287580158 ], [ -111.706036023233409, 40.314953358916476 ], [ -111.706040263260604, 40.315080964790234 ], [ -111.706217175180313, 40.315077537656641 ], [ -111.706214701197098, 40.315003081840693 ] ] ] } },
{ "type": "Feature", "properties": { "type": "Feature", "properties": { "height": 4.2772727012634277, "confidence": 0.98420000076293912 }, "id": 757 }, "geometry": { "type": "Polygon", "coordinates": [ [ [ -111.708018779754639, 40.314309201123784 ], [ -111.708018779754639, 40.314354195564803 ], [ -111.708045601844788, 40.314354195564803 ], [ -111.708045601844788, 40.314309201123784 ], [ -111.708018779754639, 40.314309201123784 ] ] ] } },
{ "type": "Feature", "properties": { "type": "Feature", "properties": { "height": 2.472985982894897, "confidence": 0.98059999942779508 }, "id": 758 }, "geometry": { "type": "Polygon", "coordinates": [ [ [ -111.7084117950169, 40.324493871274029 ], [ -111.708527024909245, 40.324491221253815 ], [ -111.708519894873959, 40.324311434305486 ], [ -111.708466299575207, 40.32431266687631 ], [ -111.708468730269047, 40.324373957934121 ], [ -111.708407095675454, 40.324375375389259 ], [ -111.7084117950169, 40.324493871274029 ] ] ] } },
{ "type": "Feature", "properties": { "type": "Feature", "properties": { "height": 8.3026866912841797, "confidence": 0.96829998493194502 }, "id": 759 }, "geometry": { "type": "Polygon", "coordinates": [ [ [ -111.709568776892951, 40.31331104461259 ], [ -111.709277300909548, 40.31309924181862 ], [ -111.709234433665898, 40.313133539672179 ], [ -111.709185741204152, 40.313098156952279 ], [ -111.709146894259689, 40.313129240469742 ], [ -111.709090667797724, 40.313088383111314 ], [ -111.709035746255609, 40.313132328776128 ], [ -111.708986548101379, 40.313096578590482 ], [ -111.708947701156916, 40.313127662108698 ], [ -111.708899404942628, 40.313092567321789 ], [ -111.708604692642439, 40.31332836473652 ], [ -111.708786016644382, 40.313460124555021 ], [ -111.708893184753521, 40.313374380303138 ], [ -111.708924626585102, 40.313397227639925 ], [ -111.709031311161354, 40.313311863910222 ], [ -111.709091236148325, 40.313355411881226 ], [ -111.709151516102636, 40.313307182364035 ], [ -111.709263073510783, 40.313388252014761 ], [ -111.709291691566094, 40.313365353267649 ], [ -111.709401333166952, 40.313445024766935 ], [ -111.709568776892951, 40.31331104461259 ] ] ] } },
{ "type": "Feature", "properties": { "type": "Feature", "properties": { "height": 5.0900816917419434, "confidence": 0.98159998655319203 }, "id": 760 }, "geometry": { "type": "Polygon", "coordinates": [ [ [ -111.711454012359042, 40.321373884527013 ], [ -111.711450265867256, 40.32127785476159 ], [ -111.71119932889286, 40.32128353227197 ], [ -111.711202397409195, 40.321362369731133 ], [ -111.711272073340808, 40.321360789580034 ], [ -111.711272742653293, 40.321377985792623 ], [ -111.711454012359042, 40.321373884527013 ] ] ] } },
{ "type": "Feature", "properties": { "type": "Feature", "properties": { "height": 5.0629005432128906, "confidence": 0.98199999332427912 }, "id": 761 }, "geometry": { "type": "Polygon", "coordinates": [ [ [ -111.712648276090476, 40.321735401189265 ], [ -111.712777915055426, 40.321732758637985 ], [ -111.712774045438465, 40.321622408630617 ], [ -111.712807914783752, 40.321621718239172 ], [ -111.712804016432329, 40.321510256842565 ], [ -111.712640517939874, 40.321513580870487 ], [ -111.712648276090476, 40.321735401189265 ] ] ] } },
{ "type": "Feature", "properties": { "type": "Feature", "properties": { "height": 5.1375064849853525, "confidence": 0.98530000448226907 }, "id": 762 }, "geometry": { "type": "Polygon", "coordinates": [ [ [ -111.713878941616173, 40.322842076119777 ], [ -111.713880134466493, 40.322925908972984 ], [ -111.714046411983304, 40.322924542594251 ], [ -111.714044084470487, 40.322760966195368 ], [ -111.71395182033902, 40.322761724373954 ], [ -111.71395294768196, 40.322841467977192 ], [ -111.713878941616173, 40.322842076119777 ] ] ] } },
{ "type": "Feature", "properties": { "type": "Feature", "properties": { "height": 5.1707696914672852, "confidence": 0.99299997091293313 }, "id": 763 }, "geometry": { "type": "Polygon", "coordinates": [ [ [ -111.715944831059659, 40.316844601430695 ], [ -111.716101700656836, 40.316843990323214 ], [ -111.71610109770117, 40.316754007078188 ], [ -111.71594423636347, 40.31675461815432 ], [ -111.715944831059659, 40.316844601430695 ] ] ] } },
{ "type": "Feature", "properties": { "type": "Feature", "properties": { "height": 4.7428421974182129, "confidence": 0.99659997224807706 }, "id": 764 }, "geometry": { "type": "Polygon", "coordinates": [ [ [ -111.716426380003298, 40.318717283703187 ], [ -111.71641115066538, 40.318616366238679 ], [ -111.716180847503665, 40.318636570650419 ], [ -111.716193640147537, 40.31872134130537 ], [ -111.716368352890896, 40.318706013840412 ], [ -111.716370789584971, 40.31872216062343 ], [ -111.716426380003298, 40.318717283703187 ] ] ] } },
{ "type": "Feature", "properties": { "type": "Feature", "properties": { "height": 3.4824645519256592, "confidence": 0.99010002613067605 }, "id": 765 }, "geometry": { "type": "Polygon", "coordinates": [ [ [ -111.718775047826924, 40.318598997589909 ], [ -111.718654594650957, 40.318603149954079 ], [ -111.71866597078423, 40.318794994327639 ], [ -111.718786423960225, 40.318790841975279 ], [ -111.718775047826924, 40.318598997589909 ] ] ] } },
{ "type": "Feature", "properties": { "type": "Feature", "properties": { "height": 5.3993687629699707, "confidence": 0.96369999647140503 }, "id": 766 }, "geometry": { "type": "Polygon", "coordinates": [ [ [ -111.718841723857921, 40.32188216622356 ], [ -111.718845795861554, 40.321978179725086 ], [ -111.718990484198216, 40.321974620484085 ], [ -111.718986412194596, 40.321878606977492 ], [ -111.718841723857921, 40.32188216622356 ] ] ] } },
{ "type": "Feature", "properties": { "type": "Feature", "properties": { "height": 4.1599225997924796, "confidence": 0.67610001564025801 }, "id": 767 }, "geometry": { "type": "Polygon", "coordinates": [ [ [ -111.718933505770778, 40.321421298966804 ], [ -111.718925925849106, 40.321643267016469 ], [ -111.7190679866289, 40.321646086971718 ], [ -111.7190697745405, 40.321593730397154 ], [ -111.719034929380115, 40.321593040567613 ], [ -111.719039003576455, 40.321473733081802 ], [ -111.719073848673375, 40.321474424770678 ], [ -111.719075663115717, 40.321421291143793 ], [ -111.719030096450496, 40.321420386626848 ], [ -111.71903128281663, 40.321385645386208 ], [ -111.718902623997181, 40.321383091454614 ], [ -111.718903949935822, 40.321344262986564 ], [ -111.7188583832706, 40.321343358468589 ], [ -111.71885929049175, 40.32131679160878 ], [ -111.71879496108204, 40.321315514641711 ], [ -111.71879144473229, 40.321418486577599 ], [ -111.718933505770778, 40.321421298966804 ] ] ] } },
{ "type": "Feature", "properties": { "type": "Feature", "properties": { "height": 4.7250232696533203, "confidence": 0.98790001869201605 }, "id": 768 }, "geometry": { "type": "Polygon", "coordinates": [ [ [ -111.71920802000696, 40.324423792922232 ], [ -111.71926070701565, 40.324519382960638 ], [ -111.719397487098021, 40.324475563172584 ], [ -111.719421435738312, 40.324519013173521 ], [ -111.719495611771762, 40.324495249643462 ], [ -111.719463649753649, 40.324437251290327 ], [ -111.719432782116101, 40.32444713861554 ], [ -111.719397693238221, 40.324383476812244 ], [ -111.719345260873297, 40.324400274423937 ], [ -111.719335681417178, 40.324382894396351 ], [ -111.71920802000696, 40.324423792922232 ] ] ] } },
{ "type": "Feature", "properties": { "type": "Feature", "properties": { "height": 4.5796704292297363, "confidence": 0.99879997968673706 }, "id": 769 }, "geometry": { "type": "Polygon", "coordinates": [ [ [ -111.71997503092004, 40.325547849610025 ], [ -111.720001224585644, 40.325633148373527 ], [ -111.72024533716241, 40.325589578546229 ], [ -111.720219143496792, 40.325504279727667 ], [ -111.71997503092004, 40.325547849610025 ] ] ] } },
{ "type": "Feature", "properties": { "type": "Feature", "properties": { "height": 4.2886343002319336, "confidence": 0.98059999942779508 }, "id": 770 }, "geometry": { "type": "Polygon", "coordinates": [ [ [ -111.722030801067561, 40.322564249230233 ], [ -111.722028670428656, 40.322479231495947 ], [ -111.721801819663753, 40.322482536124085 ], [ -111.721805346684718, 40.322622759235166 ], [ -111.721875058482254, 40.322621739997089 ], [ -111.7218742566929, 40.322589863432626 ], [ -111.721926817648153, 40.322589097756868 ], [ -111.721926233230931, 40.322565778090677 ], [ -111.722030801067561, 40.322564249230233 ] ] ] } },
{ "type": "Feature", "properties": { "type": "Feature", "properties": { "height": 2.0092716217041011, "confidence": 0.95359998941421509 }, "id": 771 }, "geometry": { "type": "Polygon", "coordinates": [ [ [ -111.726621337238029, 40.32430960928739 ], [ -111.726619258586339, 40.324266724944593 ], [ -111.726522830744088, 40.324269441662672 ], [ -111.726524909395792, 40.324312326003749 ], [ -111.726621337238029, 40.32430960928739 ] ] ] } },
{ "type": "Feature", "properties": { "type": "Feature", "properties": { "height": 5.5843095779418936, "confidence": 0.97469997406005804 }, "id": 772 }, "geometry": { "type": "Polygon", "coordinates": [ [ [ -111.706317439522863, 40.316430031038493 ], [ -111.706413970895682, 40.316431287985402 ], [ -111.706415115681821, 40.316380174415656 ], [ -111.70643120424397, 40.316380383906974 ], [ -111.706434226479473, 40.316245443897358 ], [ -111.706321606544549, 40.316243977455279 ], [ -111.706317439522863, 40.316430031038493 ] ] ] } },
{ "type": "Feature", "properties": { "type": "Feature", "properties": { "height": 4.5553913116455078, "confidence": 0.9735000133514401 }, "id": 773 }, "geometry": { "type": "Polygon", "coordinates": [ [ [ -111.707018732671358, 40.314939134979326 ], [ -111.706924904351368, 40.314937502604998 ], [ -111.706921161763177, 40.315062193572814 ], [ -111.707079329502605, 40.315064945284455 ], [ -111.707082544833042, 40.314957820862375 ], [ -111.707018205516619, 40.314956698088501 ], [ -111.707018732671358, 40.314939134979326 ] ] ] } },
{ "type": "Feature", "properties": { "type": "Feature", "properties": { "height": 4.1755385398864746, "confidence": 0.99879997968673706 }, "id": 774 }, "geometry": { "type": "Polygon", "coordinates": [ [ [ -111.70901259661251, 40.313822973837475 ], [ -111.709015920590417, 40.313919032104224 ], [ -111.709246430082857, 40.31391439437963 ], [ -111.709243106104935, 40.31381833610628 ], [ -111.70901259661251, 40.313822973837475 ] ] ] } },
{ "type": "Feature", "properties": { "type": "Feature", "properties": { "height": 2.8248226642608643, "confidence": 0.98940002918243408 }, "id": 775 }, "geometry": { "type": "Polygon", "coordinates": [ [ [ -111.709187532041113, 40.323933284392702 ], [ -111.709147999053627, 40.323750111655109 ], [ -111.709095768982664, 40.323756663819111 ], [ -111.709113816650856, 40.323840286209396 ], [ -111.709045917558612, 40.323848804011121 ], [ -111.709063689670117, 40.323931149520298 ], [ -111.70913681258935, 40.323921980313145 ], [ -111.709140524977244, 40.323939181324334 ], [ -111.709187532041113, 40.323933284392702 ] ] ] } },
{ "type": "Feature", "properties": { "type": "Feature", "properties": { "height": 3.087774276733398, "confidence": 1.0 }, "id": 776 }, "geometry": { "type": "Polygon", "coordinates": [ [ [ -111.710015267114997, 40.318781686249864 ], [ -111.710074256029543, 40.31878086466125 ], [ -111.71007283561606, 40.318721577472488 ], [ -111.710013846701528, 40.318722399061834 ], [ -111.710015267114997, 40.318781686249864 ] ] ] } },
{ "type": "Feature", "properties": { "type": "Feature", "properties": { "height": 4.4612793922424316, "confidence": 0.96759998798370306 }, "id": 777 }, "geometry": { "type": "Polygon", "coordinates": [ [ [ -111.711572264798818, 40.315885289080747 ], [ -111.711500908406023, 40.31600596393703 ], [ -111.71158115521294, 40.316033551271765 ], [ -111.711609295762216, 40.315985961232805 ], [ -111.711680626257262, 40.316010483315942 ], [ -111.711723842100767, 40.315937398574462 ], [ -111.711572264798818, 40.315885289080747 ] ] ] } },
{ "type": "Feature", "properties": { "type": "Feature", "properties": { "height": 4.7873578071594238, "confidence": 0.99489998817443803 }, "id": 778 }, "geometry": { "type": "Polygon", "coordinates": [ [ [ -111.713398321676138, 40.316926013758376 ], [ -111.713435985276519, 40.316905100609958 ], [ -111.713494702427468, 40.316966572902146 ], [ -111.713588488136367, 40.316914497325079 ], [ -111.713459573792122, 40.316779520880218 ], [ -111.713328120795609, 40.316852511779956 ], [ -111.713398321676138, 40.316926013758376 ] ] ] } },
{ "type": "Feature", "properties": { "type": "Feature", "properties": { "height": 4.4911274909973145, "confidence": 0.99040001630783003 }, "id": 779 }, "geometry": { "type": "Polygon", "coordinates": [ [ [ -111.714337456358962, 40.320396008192972 ], [ -111.714204911656168, 40.320288893554817 ], [ -111.714124023751438, 40.320347078026352 ], [ -111.714277989820303, 40.320471503997972 ], [ -111.714391516704183, 40.320389841718104 ], [ -111.714370095338083, 40.320372530271364 ], [ -111.714337456358962, 40.320396008192972 ] ] ] } },
{ "type": "Feature", "properties": { "type": "Feature", "properties": { "height": 5.6824436187744141, "confidence": 0.96710002422332708 }, "id": 780 }, "geometry": { "type": "Polygon", "coordinates": [ [ [ -111.72013717220392, 40.321897047058862 ], [ -111.720346304765073, 40.321893933555579 ], [ -111.720343425229146, 40.321781502827285 ], [ -111.720134292667979, 40.321784616335734 ], [ -111.72013717220392, 40.321897047058862 ] ] ] } },
{ "type": "Feature", "properties": { "type": "Feature", "properties": { "height": 3.641221284866333, "confidence": 0.99659997224807706 }, "id": 781 }, "geometry": { "type": "Polygon", "coordinates": [ [ [ -111.722911543795945, 40.320417499476065 ], [ -111.722776378442759, 40.320354878714909 ], [ -111.722714481674203, 40.32043254351106 ], [ -111.722849647027388, 40.320495164200189 ], [ -111.722911543795945, 40.320417499476065 ] ] ] } },
{ "type": "Feature", "properties": { "type": "Feature", "properties": { "height": 3.3981208801269531, "confidence": 0.99620002508163408 }, "id": 782 }, "geometry": { "type": "Polygon", "coordinates": [ [ [ -111.723268064383021, 40.317026521449741 ], [ -111.723379317233054, 40.317024277269461 ], [ -111.72337351796314, 40.316856694178234 ], [ -111.723262249741182, 40.31685893867418 ], [ -111.723268064383021, 40.317026521449741 ] ] ] } },
{ "type": "Feature", "properties": { "type": "Feature", "properties": { "height": 4.8704562187194824, "confidence": 0.97759997844696012 }, "id": 783 }, "geometry": { "type": "Polygon", "coordinates": [ [ [ -111.706895278883621, 40.314494382657323 ], [ -111.706927864248669, 40.314596748986524 ], [ -111.707114272815687, 40.314562259221454 ], [ -111.707074320514778, 40.31443671351095 ], [ -111.706981622903314, 40.31445386468188 ], [ -111.706989000721819, 40.314477041991481 ], [ -111.706895278883621, 40.314494382657323 ] ] ] } },
{ "type": "Feature", "properties": { "type": "Feature", "properties": { "height": 6.2632594108581543, "confidence": 0.97020000219345004 }, "id": 784 }, "geometry": { "type": "Polygon", "coordinates": [ [ [ -111.707281508885089, 40.315610397357872 ], [ -111.707170071439634, 40.315611616484759 ], [ -111.707171965939807, 40.315711808676383 ], [ -111.707186854539344, 40.31571164579519 ], [ -111.707188432039814, 40.315795480048102 ], [ -111.70731178826081, 40.315794130533391 ], [ -111.707309302749977, 40.315662041176971 ], [ -111.707282486207106, 40.315662335981109 ], [ -111.707281508885089, 40.315610397357872 ] ] ] } },
{ "type": "Feature", "properties": { "type": "Feature", "properties": { "height": 4.653282642364502, "confidence": 0.98390001058578402 }, "id": 785 }, "geometry": { "type": "Polygon", "coordinates": [ [ [ -111.708022191737371, 40.315073424581371 ], [ -111.7079459780728, 40.315072249147931 ], [ -111.70794679152614, 40.315041583995217 ], [ -111.707785924799339, 40.315039102967432 ], [ -111.707783755590512, 40.315120876680012 ], [ -111.707931216756705, 40.315123150952758 ], [ -111.70793072868473, 40.315141550023817 ], [ -111.708020354287257, 40.315142932306415 ], [ -111.708022191737371, 40.315073424581371 ] ] ] } },
{ "type": "Feature", "properties": { "type": "Feature", "properties": { "height": 4.3836870193481436, "confidence": 0.98379999399185103 }, "id": 786 }, "geometry": { "type": "Polygon", "coordinates": [ [ [ -111.708490850642576, 40.318956616216596 ], [ -111.708375562496016, 40.318958388036243 ], [ -111.708376048880538, 40.318976786114234 ], [ -111.708310521659158, 40.318977793176849 ], [ -111.708311714725724, 40.319022766171173 ], [ -111.708268816871211, 40.319023425451313 ], [ -111.708270518362525, 40.319087563614481 ], [ -111.708494221257851, 40.319084113678869 ], [ -111.708490850642576, 40.318956616216596 ] ] ] } },
{ "type": "Feature", "properties": { "type": "Feature", "properties": { "height": 4.3227782249450684, "confidence": 0.99279999732971103 }, "id": 787 }, "geometry": { "type": "Polygon", "coordinates": [ [ [ -111.708511092789252, 40.321919275777539 ], [ -111.708648869995145, 40.321918077414793 ], [ -111.708648002150881, 40.321860078405237 ], [ -111.708704321255439, 40.321859591556056 ], [ -111.708703556376648, 40.321808473802513 ], [ -111.708647237272103, 40.321808960652071 ], [ -111.70864568810191, 40.321705427659651 ], [ -111.708507930414342, 40.3217066258564 ], [ -111.708511092789252, 40.321919275777539 ] ] ] } },
{ "type": "Feature", "properties": { "type": "Feature", "properties": { "height": 4.249417781829834, "confidence": 0.99940001964569003 }, "id": 788 }, "geometry": { "type": "Polygon", "coordinates": [ [ [ -111.710547643040613, 40.318865267042028 ], [ -111.710704679325573, 40.31886671677853 ], [ -111.710706726178245, 40.318737075177438 ], [ -111.710571156203756, 40.318735830846926 ], [ -111.710570052168606, 40.318805353005672 ], [ -111.710548597623671, 40.318805156085091 ], [ -111.710547643040613, 40.318865267042028 ] ] ] } },
{ "type": "Feature", "properties": { "type": "Feature", "properties": { "height": 3.3992063999176021, "confidence": 0.99839997291564908 }, "id": 789 }, "geometry": { "type": "Polygon", "coordinates": [ [ [ -111.710557177512769, 40.325596744679657 ], [ -111.710651012628745, 40.325595227602456 ], [ -111.710648965849344, 40.325521645669042 ], [ -111.710555130733368, 40.325523162747906 ], [ -111.710557177512769, 40.325596744679657 ] ] ] } },
{ "type": "Feature", "properties": { "type": "Feature", "properties": { "height": 4.077479362487793, "confidence": 0.9980999827384941 }, "id": 790 }, "geometry": { "type": "Polygon", "coordinates": [ [ [ -111.713016755903169, 40.325189022634831 ], [ -111.713019100058531, 40.325260548497866 ], [ -111.71291455917185, 40.325262539887341 ], [ -111.712917573085889, 40.325354501597161 ], [ -111.713062322005882, 40.325351744292419 ], [ -111.713061518295476, 40.325327221181027 ], [ -111.713104406864375, 40.325326404201519 ], [ -111.713102531540102, 40.325269183572978 ], [ -111.713156142251208, 40.325268162347719 ], [ -111.7131534632165, 40.325186418507279 ], [ -111.713016755903169, 40.325189022634831 ] ] ] } },
{ "type": "Feature", "properties": { "type": "Feature", "properties": { "height": 4.9535622596740723, "confidence": 0.99769997596740712 }, "id": 791 }, "geometry": { "type": "Polygon", "coordinates": [ [ [ -111.714198100275027, 40.322089713078029 ], [ -111.714298948483375, 40.322087872659836 ], [ -111.714299460303678, 40.322104223052889 ], [ -111.714377199955194, 40.322102804352063 ], [ -111.714375152673938, 40.322037402754681 ], [ -111.714308135732992, 40.322038625773821 ], [ -111.714305608333206, 40.321957886421991 ], [ -111.714194025319742, 40.32195991679356 ], [ -111.714198100275027, 40.322089713078029 ] ] ] } },
{ "type": "Feature", "properties": { "type": "Feature", "properties": { "height": 3.9961442947387691, "confidence": 0.99839997291564908 }, "id": 792 }, "geometry": { "type": "Polygon", "coordinates": [ [ [ -111.714623272813924, 40.319325200457705 ], [ -111.714381931742082, 40.319328046645182 ], [ -111.714383964125503, 40.319428230078515 ], [ -111.714625305197345, 40.319425383895258 ], [ -111.714623272813924, 40.319325200457705 ] ] ] } },
{ "type": "Feature", "properties": { "type": "Feature", "properties": { "height": 3.9435050487518311, "confidence": 0.9868000149726861 }, "id": 793 }, "geometry": { "type": "Polygon", "coordinates": [ [ [ -111.715474798337397, 40.315995198643982 ], [ -111.715476112829791, 40.315899086908153 ], [ -111.715438565986815, 40.315898788354964 ], [ -111.715439712671653, 40.315814946090327 ], [ -111.715319026390631, 40.315813986453833 ], [ -111.715317376283167, 40.315934637486393 ], [ -111.715295920944328, 40.315934466884649 ], [ -111.715295109874546, 40.315993769855673 ], [ -111.715474798337397, 40.315995198643982 ] ] ] } },
{ "type": "Feature", "properties": { "type": "Feature", "properties": { "height": 1.8317756652832031, "confidence": 0.86989998817443803 }, "id": 794 }, "geometry": { "type": "Polygon", "coordinates": [ [ [ -111.717434129014038, 40.31864515293055 ], [ -111.717363234811941, 40.318643651014675 ], [ -111.717361123371674, 40.31870173691091 ], [ -111.717432012383739, 40.318703234932663 ], [ -111.717434129014038, 40.31864515293055 ] ] ] } },
{ "type": "Feature", "properties": { "type": "Feature", "properties": { "height": 2.6408963203430171, "confidence": 0.98659998178482011 }, "id": 795 }, "geometry": { "type": "Polygon", "coordinates": [ [ [ -111.718947586360173, 40.314983662176225 ], [ -111.718993135395337, 40.315020005946359 ], [ -111.719133913620027, 40.314917418265473 ], [ -111.719088362841362, 40.314881075710652 ], [ -111.718947586360173, 40.314983662176225 ] ] ] } },
{ "type": "Feature", "properties": { "type": "Feature", "properties": { "height": 4.5604300498962402, "confidence": 0.98780000209808305 }, "id": 796 }, "geometry": { "type": "Polygon", "coordinates": [ [ [ -111.720732381879344, 40.318120319408024 ], [ -111.720957568764689, 40.318116377879235 ], [ -111.720955045574044, 40.318032573415039 ], [ -111.720729858688685, 40.31803651494873 ], [ -111.720732381879344, 40.318120319408024 ] ] ] } },
{ "type": "Feature", "properties": { "type": "Feature", "properties": { "height": 4.887260913848877, "confidence": 0.97820001840591408 }, "id": 797 }, "geometry": { "type": "Polygon", "coordinates": [ [ [ -111.723311914366036, 40.322455759065072 ], [ -111.723307505128673, 40.322275865535616 ], [ -111.723205616765966, 40.322277317168712 ], [ -111.723210026003329, 40.322457210694296 ], [ -111.723311914366036, 40.322455759065072 ] ] ] } },
{ "type": "Feature", "properties": { "type": "Feature", "properties": { "height": 5.2931880950927734, "confidence": 0.99260002374649003 }, "id": 798 }, "geometry": { "type": "Polygon", "coordinates": [ [ [ -111.72341052164569, 40.317639773650008 ], [ -111.723478913091824, 40.317638478020022 ], [ -111.723480182075406, 40.31767731090126 ], [ -111.723568640211667, 40.317675635122256 ], [ -111.723564833260923, 40.317559136408676 ], [ -111.723407990803253, 40.317562107687053 ], [ -111.72341052164569, 40.317639773650008 ] ] ] } },
{ "type": "Feature", "properties": { "type": "Feature", "properties": { "height": 3.5608818531036373, "confidence": 0.9958000183105461 }, "id": 799 }, "geometry": { "type": "Polygon", "coordinates": [ [ [ -111.72497189802327, 40.319433667519249 ], [ -111.725089837830851, 40.319431364058516 ], [ -111.725085374791249, 40.319298523013593 ], [ -111.724967434983682, 40.319300826478845 ], [ -111.72497189802327, 40.319433667519249 ] ] ] } },
{ "type": "Feature", "properties": { "type": "Feature", "properties": { "height": 5.467564582824707, "confidence": 0.98930001258850109 }, "id": 800 }, "geometry": { "type": "Polygon", "coordinates": [ [ [ -111.705348065095507, 40.315959721345315 ], [ -111.705340152364542, 40.316144709713484 ], [ -111.705431250567699, 40.316146975172352 ], [ -111.705433395970658, 40.316096818762006 ], [ -111.705456066560586, 40.316097381331964 ], [ -111.705461821732769, 40.315962544218316 ], [ -111.705348065095507, 40.315959721345315 ] ] ] } },
{ "type": "Feature", "properties": { "type": "Feature", "properties": { "height": 4.1735811233520508, "confidence": 0.93199998140335005 }, "id": 801 }, "geometry": { "type": "Polygon", "coordinates": [ [ [ -111.706833685664222, 40.314052426321815 ], [ -111.706791876104404, 40.314067342270334 ], [ -111.706783639618635, 40.314053919032446 ], [ -111.706667877008599, 40.314095218409015 ], [ -111.706738925416204, 40.314210990567027 ], [ -111.706896488868097, 40.314154778445577 ], [ -111.706833685664222, 40.314052426321815 ] ] ] } },
{ "type": "Feature", "properties": { "type": "Feature", "properties": { "height": 3.7045042514801021, "confidence": 0.98509997129440308 }, "id": 802 }, "geometry": { "type": "Polygon", "coordinates": [ [ [ -111.718456414760098, 40.32515896734013 ], [ -111.718330357360699, 40.325159653414168 ], [ -111.718330912621752, 40.325218951708536 ], [ -111.718293363609163, 40.325219156070837 ], [ -111.718294186927295, 40.325307081031859 ], [ -111.718334418012191, 40.325306862072523 ], [ -111.718334820097795, 40.325349802128287 ], [ -111.718458195424873, 40.32534913065345 ], [ -111.718456414760098, 40.32515896734013 ] ] ] } },
{ "type": "Feature", "properties": { "type": "Feature", "properties": { "height": 4.0324511528015137, "confidence": 0.93349999189376809 }, "id": 803 }, "geometry": { "type": "Polygon", "coordinates": [ [ [ -111.721851734200101, 40.319648498430041 ], [ -111.721779353581738, 40.319739940155912 ], [ -111.721918946651584, 40.319804173328329 ], [ -111.721991327269919, 40.319712731689449 ], [ -111.721851734200101, 40.319648498430041 ] ] ] } },
{ "type": "Feature", "properties": { "type": "Feature", "properties": { "height": 5.1449766159057617, "confidence": 1.0 }, "id": 804 }, "geometry": { "type": "Polygon", "coordinates": [ [ [ -111.723979324059073, 40.324432162685589 ], [ -111.723975793785385, 40.324546613466993 ], [ -111.724117872291842, 40.324549160731614 ], [ -111.724121402565558, 40.324434709954517 ], [ -111.723979324059073, 40.324432162685589 ] ] ] } },
{ "type": "Feature", "properties": { "type": "Feature", "properties": { "height": 4.1131129264831543, "confidence": 0.99529999494552612 }, "id": 805 }, "geometry": { "type": "Polygon", "coordinates": [ [ [ -111.724435295253357, 40.320389757821673 ], [ -111.724438653275541, 40.320561500978599 ], [ -111.72454695313256, 40.320560270031066 ], [ -111.724543610872274, 40.320388526691872 ], [ -111.724435295253357, 40.320389757821673 ] ] ] } },
{ "type": "Feature", "properties": { "type": "Feature", "properties": { "height": 4.0280327796936026, "confidence": 0.87830001115798906 }, "id": 806 }, "geometry": { "type": "Polygon", "coordinates": [ [ [ -111.709169517062321, 40.315303567829595 ], [ -111.709046146543002, 40.315304456643865 ], [ -111.709045738091007, 40.315271736820179 ], [ -111.708898229861376, 40.315272799533425 ], [ -111.708899931205323, 40.315409088822726 ], [ -111.709170809773866, 40.315407122844285 ], [ -111.709169517062321, 40.315303567829595 ] ] ] } },
{ "type": "Feature", "properties": { "type": "Feature", "properties": { "height": 5.141566276550293, "confidence": 0.99860000610351507 }, "id": 807 }, "geometry": { "type": "Polygon", "coordinates": [ [ [ -111.710602534613898, 40.320301959236161 ], [ -111.710677612552445, 40.320300937623557 ], [ -111.710680100987986, 40.320407244773989 ], [ -111.710795399250742, 40.320405675871349 ], [ -111.710793102233353, 40.320307546197689 ], [ -111.710768970038828, 40.320307874573146 ], [ -111.710768060802778, 40.320269031538132 ], [ -111.710800237062159, 40.320268593703929 ], [ -111.71079861000814, 40.320199085058697 ], [ -111.710600189741982, 40.320201785038911 ], [ -111.710602534613898, 40.320301959236161 ] ] ] } },
{ "type": "Feature", "properties": { "type": "Feature", "properties": { "height": 4.0, "confidence": 0.98079997301101607 }, "id": 808 }, "geometry": { "type": "Polygon", "coordinates": [ [ [ -111.711775053471825, 40.320464812318669 ], [ -111.7118913980174, 40.320463278847349 ], [ -111.711887365208781, 40.32028541536274 ], [ -111.711726480747942, 40.320287535894948 ], [ -111.711727871371622, 40.32034886818203 ], [ -111.711772400592949, 40.320348281266668 ], [ -111.711775053471825, 40.320464812318669 ] ] ] } },
{ "type": "Feature", "properties": { "type": "Feature", "properties": { "height": 1.8534201383590692, "confidence": 0.99699997901916504 }, "id": 809 }, "geometry": { "type": "Polygon", "coordinates": [ [ [ -111.711865329219791, 40.316379921992826 ], [ -111.711829066122334, 40.316380645754251 ], [ -111.711830724168223, 40.316428814678268 ], [ -111.711866982780833, 40.316428089071884 ], [ -111.711865329219791, 40.316379921992826 ] ] ] } },
{ "type": "Feature", "properties": { "type": "Feature", "properties": { "height": 4.0403532981872559, "confidence": 0.97329998016357411 }, "id": 810 }, "geometry": { "type": "Polygon", "coordinates": [ [ [ -111.713821065484083, 40.320529419996589 ], [ -111.713730523799953, 40.32059542290957 ], [ -111.71388791841629, 40.320720943069666 ], [ -111.713978469285522, 40.32065493841565 ], [ -111.713821065484083, 40.320529419996589 ] ] ] } },
{ "type": "Feature", "properties": { "type": "Feature", "properties": { "height": 4.9689245223999023, "confidence": 0.99269998073577803 }, "id": 811 }, "geometry": { "type": "Polygon", "coordinates": [ [ [ -111.713992399210412, 40.324607745568144 ], [ -111.713867641142599, 40.324609769277956 ], [ -111.713868980734446, 40.324657769986914 ], [ -111.713844851740433, 40.324658160097322 ], [ -111.713846677101671, 40.324723567003979 ], [ -111.71399555394224, 40.324721160009709 ], [ -111.713992399210412, 40.324607745568144 ] ] ] } },
{ "type": "Feature", "properties": { "type": "Feature", "properties": { "height": 3.8740417957305913, "confidence": 0.97780001163482611 }, "id": 812 }, "geometry": { "type": "Polygon", "coordinates": [ [ [ -111.722308921778378, 40.321133694544876 ], [ -111.722547565902644, 40.321130523674626 ], [ -111.722545509816413, 40.321040571112988 ], [ -111.722306865692161, 40.321043741987467 ], [ -111.722308921778378, 40.321133694544876 ] ] ] } },
{ "type": "Feature", "properties": { "type": "Feature", "properties": { "height": 3.3456952571868892, "confidence": 0.9936000108718871 }, "id": 813 }, "geometry": { "type": "Polygon", "coordinates": [ [ [ -111.707550099141116, 40.319414730227422 ], [ -111.707437495345175, 40.319416520869211 ], [ -111.70743883736769, 40.319465580658751 ], [ -111.707374492341458, 40.319466603881878 ], [ -111.707376840880855, 40.319552458426507 ], [ -111.707553789703056, 40.319549644566479 ], [ -111.707550099141116, 40.319414730227422 ] ] ] } },
{ "type": "Feature", "properties": { "type": "Feature", "properties": { "height": 4.6319823265075684, "confidence": 0.97030001878738403 }, "id": 814 }, "geometry": { "type": "Polygon", "coordinates": [ [ [ -111.708878229134228, 40.320310333525725 ], [ -111.708873959060185, 40.320291763851607 ], [ -111.708775073429564, 40.320304976846103 ], [ -111.70879879750099, 40.320408147870779 ], [ -111.708974168811125, 40.320384714973848 ], [ -111.708954721438076, 40.320300108623336 ], [ -111.708878229134228, 40.320310333525725 ] ] ] } },
{ "type": "Feature", "properties": { "type": "Feature", "properties": { "height": 4.8033676147460938, "confidence": 0.97869998216629006 }, "id": 815 }, "geometry": { "type": "Polygon", "coordinates": [ [ [ -111.70927567737246, 40.323284110624911 ], [ -111.709464410369137, 40.323280062178128 ], [ -111.70945709602637, 40.32308186049535 ], [ -111.709268381210194, 40.323085908564046 ], [ -111.70927567737246, 40.323284110624911 ] ] ] } },
{ "type": "Feature", "properties": { "type": "Feature", "properties": { "height": 5.2312378883361816, "confidence": 0.99299997091293313 }, "id": 816 }, "geometry": { "type": "Polygon", "coordinates": [ [ [ -111.709827956902828, 40.317043559858966 ], [ -111.709657733260215, 40.317046366798323 ], [ -111.709661684765791, 40.317186135192962 ], [ -111.709759535591957, 40.317184526885839 ], [ -111.709757948285869, 40.317128564136432 ], [ -111.709830334073914, 40.317127370516872 ], [ -111.709827956902828, 40.317043559858966 ] ] ] } },
{ "type": "Feature", "properties": { "type": "Feature", "properties": { "height": 5.1529412269592276, "confidence": 0.98369997739791804 }, "id": 817 }, "geometry": { "type": "Polygon", "coordinates": [ [ [ -111.710000644388657, 40.315056155086751 ], [ -111.709999709797472, 40.315228730711475 ], [ -111.710121564408794, 40.315229114383676 ], [ -111.710122483194326, 40.315056532208082 ], [ -111.710000644388657, 40.315056155086751 ] ] ] } },
{ "type": "Feature", "properties": { "type": "Feature", "properties": { "height": 4.2198891639709473, "confidence": 0.7524999976158141 }, "id": 818 }, "geometry": { "type": "Polygon", "coordinates": [ [ [ -111.710129546343651, 40.321586840493794 ], [ -111.710247557167108, 40.321587501699504 ], [ -111.710248049917553, 40.321536379888762 ], [ -111.710269506430919, 40.321536500108081 ], [ -111.710270570771883, 40.321426076864974 ], [ -111.710241068066026, 40.321425911563146 ], [ -111.710241915596811, 40.32133798181426 ], [ -111.71016413573588, 40.321337546017986 ], [ -111.710163426175228, 40.321411161629982 ], [ -111.710131241405207, 40.321410981300687 ], [ -111.710129546343651, 40.321586840493794 ] ] ] } },
{ "type": "Feature", "properties": { "type": "Feature", "properties": { "height": 4.0550813674926758, "confidence": 0.98989999294281006 }, "id": 819 }, "geometry": { "type": "Polygon", "coordinates": [ [ [ -111.710265579292496, 40.323663033975485 ], [ -111.710255198319999, 40.323642315416024 ], [ -111.710333771352424, 40.32361943627204 ], [ -111.710291753121766, 40.323535559958039 ], [ -111.710201469829286, 40.323561848964573 ], [ -111.71018592237192, 40.323530818978995 ], [ -111.710024417280664, 40.323577855213266 ], [ -111.710092370933765, 40.323713478532447 ], [ -111.710265579292496, 40.323663033975485 ] ] ] } },
{ "type": "Feature", "properties": { "type": "Feature", "properties": { "height": 4.7113862037658691, "confidence": 0.98290002346038807 }, "id": 820 }, "geometry": { "type": "Polygon", "coordinates": [ [ [ -111.711350503647409, 40.322873297240086 ], [ -111.711389518380983, 40.322875002261036 ], [ -111.711399426902744, 40.322743372076964 ], [ -111.711274851023248, 40.322737921206702 ], [ -111.711261122973909, 40.322920514689955 ], [ -111.711346672573995, 40.322924253373849 ], [ -111.711350503647409, 40.322873297240086 ] ] ] } },
{ "type": "Feature", "properties": { "type": "Feature", "properties": { "height": 3.6284584999084473, "confidence": 0.99760001897811812 }, "id": 821 }, "geometry": { "type": "Polygon", "coordinates": [ [ [ -111.712379622296169, 40.313804600615804 ], [ -111.712272356232958, 40.313805779863578 ], [ -111.71227177628451, 40.313775107965498 ], [ -111.71226104967819, 40.313775225890325 ], [ -111.712261629626639, 40.31380589778837 ], [ -111.712157045215008, 40.313807047554924 ], [ -111.712158785060339, 40.313899063163902 ], [ -111.7123813621415, 40.313896616228099 ], [ -111.712379622296169, 40.313804600615804 ] ] ] } },
{ "type": "Feature", "properties": { "type": "Feature", "properties": { "height": 9.4359169006347656, "confidence": 0.9422000050544731 }, "id": 822 }, "geometry": { "type": "Polygon", "coordinates": [ [ [ -111.712980373525795, 40.313287776140662 ], [ -111.712984981044016, 40.313546529631573 ], [ -111.713154931399046, 40.313544761014299 ], [ -111.713156907770923, 40.313655182544267 ], [ -111.712987960071672, 40.313656940724364 ], [ -111.712995902158596, 40.314100669855186 ], [ -111.713124624215169, 40.314099330298212 ], [ -111.713127582663915, 40.314264619850903 ], [ -111.713062231909902, 40.314290183747204 ], [ -111.713246023185221, 40.314288271113092 ], [ -111.713237605305068, 40.313817960345148 ], [ -111.713559410446507, 40.313814611438616 ], [ -111.713561826012111, 40.313949570522539 ], [ -111.713679821230627, 40.31394834259256 ], [ -111.713678521186083, 40.313875708362822 ], [ -111.713879649591533, 40.313873626029725 ], [ -111.713871762974833, 40.313432994581369 ], [ -111.714077385806846, 40.313430854728786 ], [ -111.714297604377066, 40.313344708532874 ], [ -111.714363696946393, 40.31334402072725 ], [ -111.714361299569504, 40.313210076658294 ], [ -111.713865182835988, 40.313215213130277 ], [ -111.713862237162743, 40.313050634792468 ], [ -111.713605478402613, 40.313053306815704 ], [ -111.713546908394648, 40.312966251596428 ], [ -111.713548257553001, 40.313041630854052 ], [ -111.712874191500177, 40.313048645689086 ], [ -111.712876339797802, 40.31316929242724 ], [ -111.713658433404945, 40.313161153391214 ], [ -111.713344377920777, 40.313284007478536 ], [ -111.712980373525795, 40.313287776140662 ] ] ] } },
{ "type": "Feature", "properties": { "type": "Feature", "properties": { "height": 4.8618283271789551, "confidence": 0.99919998645782404 }, "id": 823 }, "geometry": { "type": "Polygon", "coordinates": [ [ [ -111.717269999544925, 40.322596849111818 ], [ -111.717508566792461, 40.322592304487287 ], [ -111.717505639879519, 40.322503243207791 ], [ -111.717267073050095, 40.322507800560359 ], [ -111.717269999544925, 40.322596849111818 ] ] ] } },
{ "type": "Feature", "properties": { "type": "Feature", "properties": { "height": 3.9919700622558589, "confidence": 0.98339998722076405 }, "id": 824 }, "geometry": { "type": "Polygon", "coordinates": [ [ [ -111.717380857721409, 40.32595810404225 ], [ -111.717528346131346, 40.325959788146577 ], [ -111.717527783834598, 40.325988409614837 ], [ -111.717649761930801, 40.325989802427635 ], [ -111.717652223384121, 40.325865094646197 ], [ -111.717382745431919, 40.325862017593387 ], [ -111.717380857721409, 40.32595810404225 ] ] ] } },
{ "type": "Feature", "properties": { "type": "Feature", "properties": { "height": 4.6155405044555664, "confidence": 0.96719998121261608 }, "id": 825 }, "geometry": { "type": "Polygon", "coordinates": [ [ [ -111.722464373403028, 40.321888604425901 ], [ -111.722617140482299, 40.321885360011116 ], [ -111.722613922194853, 40.321797494460995 ], [ -111.722541558841513, 40.321799031291043 ], [ -111.722540286495317, 40.321764293717223 ], [ -111.7224598827694, 40.32176600130704 ], [ -111.722464373403028, 40.321888604425901 ] ] ] } },
{ "type": "Feature", "properties": { "type": "Feature", "properties": { "height": 3.6553192138671871, "confidence": 0.97100001573562611 }, "id": 826 }, "geometry": { "type": "Polygon", "coordinates": [ [ [ -111.725587235301049, 40.322448019467828 ], [ -111.725591368494634, 40.322511256043782 ], [ -111.72569303996346, 40.322507393275906 ], [ -111.725688906769875, 40.322444156696321 ], [ -111.725587235301049, 40.322448019467828 ] ] ] } },
{ "type": "Feature", "properties": { "type": "Feature", "properties": { "height": 7.7292461395263672, "confidence": 0.97390002012252808 }, "id": 827 }, "geometry": { "type": "Polygon", "coordinates": [ [ [ -111.726384936152684, 40.322767756127334 ], [ -111.726317968271161, 40.322633853027298 ], [ -111.726179805304056, 40.322674017987282 ], [ -111.726170876253192, 40.322656164231184 ], [ -111.726119357858678, 40.322671140993769 ], [ -111.726133213482768, 40.322698845490464 ], [ -111.726002072695778, 40.32273696201878 ], [ -111.726064117059551, 40.322861020304302 ], [ -111.726384936152684, 40.322767756127334 ] ] ] } },
{ "type": "Feature", "properties": { "type": "Feature", "properties": { "height": 5.6160135269165039, "confidence": 0.96649998426437311 }, "id": 828 }, "geometry": { "type": "Polygon", "coordinates": [ [ [ -111.707682798463352, 40.316409144573441 ], [ -111.707787370518247, 40.316407704800142 ], [ -111.707782964556813, 40.316221657558437 ], [ -111.707678392501919, 40.316223097335701 ], [ -111.707682798463352, 40.316409144573441 ] ] ] } },
{ "type": "Feature", "properties": { "type": "Feature", "properties": { "height": 5.1690216064453116, "confidence": 0.95889997482299805 }, "id": 829 }, "geometry": { "type": "Polygon", "coordinates": [ [ [ -111.71149903622026, 40.317516564190036 ], [ -111.711553540368172, 40.317504615737462 ], [ -111.711519358060983, 40.317413944079455 ], [ -111.711350890694689, 40.317450875702896 ], [ -111.711398603498438, 40.317577438122669 ], [ -111.71151256671682, 40.31755245501467 ], [ -111.71149903622026, 40.317516564190036 ] ] ] } },
{ "type": "Feature", "properties": { "type": "Feature", "properties": { "height": 3.7967264652252193, "confidence": 0.99959999322891213 }, "id": 830 }, "geometry": { "type": "Polygon", "coordinates": [ [ [ -111.7163465519196, 40.325501521471089 ], [ -111.716082408869994, 40.325504142986361 ], [ -111.716084014769464, 40.325598190701228 ], [ -111.716348166451496, 40.325595569103953 ], [ -111.7163465519196, 40.325501521471089 ] ] ] } },
{ "type": "Feature", "properties": { "type": "Feature", "properties": { "height": 3.5005402565002441, "confidence": 0.98919999599456709 }, "id": 831 }, "geometry": { "type": "Polygon", "coordinates": [ [ [ -111.722043388431899, 40.317440225395977 ], [ -111.722039444052157, 40.317358531755652 ], [ -111.721853294928351, 40.317363756913039 ], [ -111.721857246796745, 40.317445450336827 ], [ -111.722043388431899, 40.317440225395977 ] ] ] } },
{ "type": "Feature", "properties": { "type": "Feature", "properties": { "height": 2.9438333511352539, "confidence": 0.9779999852180481 }, "id": 832 }, "geometry": { "type": "Polygon", "coordinates": [ [ [ -111.704961984452197, 40.318263821330177 ], [ -111.705079938727422, 40.318265898511683 ], [ -111.705081238965263, 40.318222974658553 ], [ -111.705142896881839, 40.31822406045864 ], [ -111.705143639874905, 40.318199532530699 ], [ -111.704964027683104, 40.318196369546612 ], [ -111.704961984452197, 40.318263821330177 ] ] ] } },
{ "type": "Feature", "properties": { "type": "Feature", "properties": { "height": 4.8812227249145508, "confidence": 0.99540001153945912 }, "id": 833 }, "geometry": { "type": "Polygon", "coordinates": [ [ [ -111.710580873679419, 40.313750417514761 ], [ -111.710472591455982, 40.313751740845809 ], [ -111.710476502297766, 40.313938616845292 ], [ -111.710584801791057, 40.313937299086476 ], [ -111.710580873679419, 40.313750417514761 ] ] ] } },
{ "type": "Feature", "properties": { "type": "Feature", "properties": { "height": 4.2118206024169922, "confidence": 0.97269999980926503 }, "id": 834 }, "geometry": { "type": "Polygon", "coordinates": [ [ [ -111.71194708061708, 40.316933303246167 ], [ -111.712017872166825, 40.317055564152987 ], [ -111.712249075243307, 40.316977735386942 ], [ -111.712200079300487, 40.3168931166202 ], [ -111.712088946878396, 40.316930532575057 ], [ -111.71206714240067, 40.316892880963394 ], [ -111.71194708061708, 40.316933303246167 ] ] ] } },
{ "type": "Feature", "properties": { "type": "Feature", "properties": { "height": 4.6603422164916992, "confidence": 0.96759998798370306 }, "id": 835 }, "geometry": { "type": "Polygon", "coordinates": [ [ [ -111.713115704521741, 40.324418711832614 ], [ -111.712991819531496, 40.324383908213015 ], [ -111.712931304950757, 40.324509110306963 ], [ -111.713055202873747, 40.324543910884223 ], [ -111.713115704521741, 40.324418711832614 ] ] ] } },
{ "type": "Feature", "properties": { "type": "Feature", "properties": { "height": 4.2541203498840332, "confidence": 0.99709999561309803 }, "id": 836 }, "geometry": { "type": "Polygon", "coordinates": [ [ [ -111.713768911233018, 40.319345686388672 ], [ -111.713765865368003, 40.319435608552702 ], [ -111.714009783700817, 40.319440411525029 ], [ -111.714012275772205, 40.31936683885953 ], [ -111.713931863135016, 40.319365255460355 ], [ -111.713932416928643, 40.319348905967857 ], [ -111.713768911233018, 40.319345686388672 ] ] ] } },
{ "type": "Feature", "properties": { "type": "Feature", "properties": { "height": 4.197730541229248, "confidence": 0.95679998397827104 }, "id": 837 }, "geometry": { "type": "Polygon", "coordinates": [ [ [ -111.715457463764324, 40.325302303163518 ], [ -111.71552181644347, 40.325301430992013 ], [ -111.715521959444416, 40.325307563662392 ], [ -111.715688203865582, 40.325305310552785 ], [ -111.7156858681834, 40.325205143530148 ], [ -111.715455271083087, 40.325208268815835 ], [ -111.715457463764324, 40.325302303163518 ] ] ] } },
{ "type": "Feature", "properties": { "type": "Feature", "properties": { "height": 4.492957592010498, "confidence": 0.96410000324249212 }, "id": 838 }, "geometry": { "type": "Polygon", "coordinates": [ [ [ -111.723910322323263, 40.318462710772735 ], [ -111.724010867268873, 40.318459743681267 ], [ -111.724004380999318, 40.318332195552827 ], [ -111.723903848016178, 40.318335167661679 ], [ -111.723910322323263, 40.318462710772735 ] ] ] } },
{ "type": "Feature", "properties": { "type": "Feature", "properties": { "height": 6.4081611633300781, "confidence": 0.9735000133514401 }, "id": 839 }, "geometry": { "type": "Polygon", "coordinates": [ [ [ -111.725250827729241, 40.321716380740931 ], [ -111.725248341202814, 40.321857458612989 ], [ -111.7253851091656, 40.321858859842621 ], [ -111.725384676726208, 40.321883395094126 ], [ -111.725457083294728, 40.321884136921291 ], [ -111.725457551770731, 40.321857557065407 ], [ -111.725591638008737, 40.321858930819943 ], [ -111.725594160571788, 40.321715808341999 ], [ -111.725452029159499, 40.321714352159077 ], [ -111.725452461598863, 40.321689816846153 ], [ -111.725390781929391, 40.321689184917489 ], [ -111.725390277416778, 40.321717809448643 ], [ -111.725250827729241, 40.321716380740931 ] ] ] } },
{ "type": "Feature", "properties": { "type": "Feature", "properties": { "height": 1.672064781188964, "confidence": 0.99919998645782404 }, "id": 840 }, "geometry": { "type": "Polygon", "coordinates": [ [ [ -111.708054255635972, 40.324953332574118 ], [ -111.707991702651796, 40.324826915320031 ], [ -111.707944741500995, 40.324840421485348 ], [ -111.708007293399731, 40.324966836520474 ], [ -111.708054255635972, 40.324953332574118 ] ] ] } },
{ "type": "Feature", "properties": { "type": "Feature", "properties": { "height": 4.4208779335021973, "confidence": 0.99620002508163408 }, "id": 841 }, "geometry": { "type": "Polygon", "coordinates": [ [ [ -111.709860968239212, 40.313821098850774 ], [ -111.709630406798283, 40.313824913229077 ], [ -111.70963306076078, 40.313918185177876 ], [ -111.709863621851767, 40.313914358506217 ], [ -111.709860968239212, 40.313821098850774 ] ] ] } },
{ "type": "Feature", "properties": { "type": "Feature", "properties": { "height": 3.8638942241668701, "confidence": 0.99940001964569003 }, "id": 842 }, "geometry": { "type": "Polygon", "coordinates": [ [ [ -111.710722716303906, 40.322703532476744 ], [ -111.710880944236294, 40.322702097151421 ], [ -111.710878806355808, 40.322565104867884 ], [ -111.710654594489256, 40.322567138754181 ], [ -111.710655653668312, 40.322634612541989 ], [ -111.710721631409328, 40.322634014040723 ], [ -111.710722716303906, 40.322703532476744 ] ] ] } },
{ "type": "Feature", "properties": { "type": "Feature", "properties": { "height": 4.9826087951660165, "confidence": 0.99659997224807706 }, "id": 843 }, "geometry": { "type": "Polygon", "coordinates": [ [ [ -111.713901145690031, 40.320186384838777 ], [ -111.714059151558018, 40.320313745147139 ], [ -111.714145504360204, 40.320251468341418 ], [ -111.713987498492216, 40.320124107915575 ], [ -111.713901145690031, 40.320186384838777 ] ] ] } },
{ "type": "Feature", "properties": { "type": "Feature", "properties": { "height": 4.674281120300293, "confidence": 0.98570001125335605 }, "id": 844 }, "geometry": { "type": "Polygon", "coordinates": [ [ [ -111.714518898153415, 40.322784500600299 ], [ -111.714515218927673, 40.322957254765157 ], [ -111.714646612377763, 40.322958888367218 ], [ -111.714649224812391, 40.322836224303124 ], [ -111.714602553018565, 40.322835644036196 ], [ -111.714603624503383, 40.322785549476492 ], [ -111.714518898153415, 40.322784500600299 ] ] ] } },
{ "type": "Feature", "properties": { "type": "Feature", "properties": { "height": 4.6059656143188477, "confidence": 0.99290001392364513 }, "id": 845 }, "geometry": { "type": "Polygon", "coordinates": [ [ [ -111.716944986193639, 40.322349047080543 ], [ -111.717188013734543, 40.322350317953436 ], [ -111.71718879425633, 40.322264433703189 ], [ -111.716945758831713, 40.322263162787465 ], [ -111.716944986193639, 40.322349047080543 ] ] ] } },
{ "type": "Feature", "properties": { "type": "Feature", "properties": { "height": 4.1269841194152832, "confidence": 0.98739999532699507 }, "id": 846 }, "geometry": { "type": "Polygon", "coordinates": [ [ [ -111.717049754429269, 40.325962259407575 ], [ -111.717315273444541, 40.325960516806198 ], [ -111.717314142112272, 40.325860326525586 ], [ -111.717048623096971, 40.325862069129542 ], [ -111.717049754429269, 40.325962259407575 ] ] ] } },
{ "type": "Feature", "properties": { "type": "Feature", "properties": { "height": 4.9442276954650879, "confidence": 0.98739999532699507 }, "id": 847 }, "geometry": { "type": "Polygon", "coordinates": [ [ [ -111.717456599994676, 40.320728513085243 ], [ -111.717298520428102, 40.320741495195385 ], [ -111.717316665185223, 40.32087001444598 ], [ -111.71743233412694, 40.320860521452282 ], [ -111.71742490861017, 40.320807960739955 ], [ -111.717467332075458, 40.32080447902711 ], [ -111.717456599994676, 40.320728513085243 ] ] ] } },
{ "type": "Feature", "properties": { "type": "Feature", "properties": { "height": 7.0478715896606436, "confidence": 0.98580002784729004 }, "id": 848 }, "geometry": { "type": "Polygon", "coordinates": [ [ [ -111.718505233035401, 40.314527841807767 ], [ -111.718302977720001, 40.314528467843019 ], [ -111.718303957850125, 40.314715804178235 ], [ -111.718326525324159, 40.314715735530307 ], [ -111.718326721305459, 40.314752548348309 ], [ -111.718305263980824, 40.314752613619241 ], [ -111.71830588458829, 40.314869187410395 ], [ -111.718507047006739, 40.314868575496419 ], [ -111.718505233035401, 40.314527841807767 ] ] ] } },
{ "type": "Feature", "properties": { "type": "Feature", "properties": { "height": 5.043921947479248, "confidence": 0.98849999904632513 }, "id": 849 }, "geometry": { "type": "Polygon", "coordinates": [ [ [ -111.718652438960248, 40.316732503785985 ], [ -111.718707094170412, 40.316805697424719 ], [ -111.718834705598013, 40.316750298222459 ], [ -111.718780054228247, 40.316677109666657 ], [ -111.718652438960248, 40.316732503785985 ] ] ] } },
{ "type": "Feature", "properties": { "type": "Feature", "properties": { "height": 3.8781294822692871, "confidence": 0.76940000057220403 }, "id": 850 }, "geometry": { "type": "Polygon", "coordinates": [ [ [ -111.722286230497559, 40.321483791751781 ], [ -111.722508835700154, 40.321482259425871 ], [ -111.722507600760721, 40.321377973597045 ], [ -111.722284995558098, 40.321379505925307 ], [ -111.722286230497559, 40.321483791751781 ] ] ] } },
{ "type": "Feature", "properties": { "type": "Feature", "properties": { "height": 5.5045499801635742, "confidence": 0.99529999494552612 }, "id": 851 }, "geometry": { "type": "Polygon", "coordinates": [ [ [ -111.706011479131718, 40.318724738331319 ], [ -111.7060172988121, 40.31912347619204 ], [ -111.706136815868405, 40.31912246212115 ], [ -111.706130959590823, 40.318723724564968 ], [ -111.706011479131718, 40.318724738331319 ] ] ] } },
{ "type": "Feature", "properties": { "type": "Feature", "properties": { "height": 5.4976654052734366, "confidence": 0.9621999859809871 }, "id": 852 }, "geometry": { "type": "Polygon", "coordinates": [ [ [ -111.707523055584261, 40.323173840546872 ], [ -111.707529832876574, 40.32328812350098 ], [ -111.708067858761694, 40.323269606209891 ], [ -111.708045273576417, 40.322888759791724 ], [ -111.707932850612153, 40.32289263508536 ], [ -111.707948658150116, 40.323159192516123 ], [ -111.707523055584261, 40.323173840546872 ] ] ] } },
{ "type": "Feature", "properties": { "type": "Feature", "properties": { "height": 2.8936102390289302, "confidence": 0.99620002508163408 }, "id": 853 }, "geometry": { "type": "Polygon", "coordinates": [ [ [ -111.709707732200258, 40.323933745285004 ], [ -111.709736459964233, 40.323997832017753 ], [ -111.709935800944194, 40.323945893037006 ], [ -111.709905431593711, 40.323878144151251 ], [ -111.709833380637107, 40.323896917300274 ], [ -111.709822710324786, 40.323873113628196 ], [ -111.709737590812679, 40.323895291839825 ], [ -111.709749900453787, 40.323922758193802 ], [ -111.709707732200258, 40.323933745285004 ] ] ] } },
{ "type": "Feature", "properties": { "type": "Feature", "properties": { "height": 4.6726455688476562, "confidence": 0.9936000108718871 }, "id": 854 }, "geometry": { "type": "Polygon", "coordinates": [ [ [ -111.712376542639419, 40.323949729113792 ], [ -111.712148725480247, 40.323944976052047 ], [ -111.712145644973873, 40.324030797975695 ], [ -111.712373462133058, 40.324035551031415 ], [ -111.712376542639419, 40.323949729113792 ] ] ] } },
{ "type": "Feature", "properties": { "type": "Feature", "properties": { "height": 6.6878719329833984, "confidence": 0.98530000448226907 }, "id": 855 }, "geometry": { "type": "Polygon", "coordinates": [ [ [ -111.71906040632166, 40.313661407576049 ], [ -111.718963855544771, 40.313660706813131 ], [ -111.718963906601203, 40.313656616739195 ], [ -111.718821762401902, 40.313655585060374 ], [ -111.718821660288967, 40.313663765208119 ], [ -111.718700971817839, 40.313662889254495 ], [ -111.718700384668495, 40.313709925085369 ], [ -111.718676246974297, 40.313709749894763 ], [ -111.71867558324027, 40.313762920794709 ], [ -111.718697038968457, 40.313763076519571 ], [ -111.718696502875574, 40.313806022215765 ], [ -111.719058568288943, 40.313808650071046 ], [ -111.71906040632166, 40.313661407576049 ] ] ] } },
{ "type": "Feature", "properties": { "type": "Feature", "properties": { "height": 5.1747965812683097, "confidence": 0.99210000038146906 }, "id": 856 }, "geometry": { "type": "Polygon", "coordinates": [ [ [ -111.719196328594379, 40.319352939061879 ], [ -111.719327475927656, 40.319448978153218 ], [ -111.71945745725472, 40.319345793686445 ], [ -111.719386302850509, 40.319293687308246 ], [ -111.719338062357991, 40.319331982622224 ], [ -111.719278069428924, 40.319288049787225 ], [ -111.719196328594379, 40.319352939061879 ] ] ] } },
{ "type": "Feature", "properties": { "type": "Feature", "properties": { "height": 0.030921459197998002, "confidence": 0.99970000982284513 }, "id": 857 }, "geometry": { "type": "Polygon", "coordinates": [ [ [ -111.722175072395899, 40.315146829376218 ], [ -111.722588108103139, 40.315149254015587 ], [ -111.722588541721251, 40.315106307828231 ], [ -111.722175506014025, 40.315103883187312 ], [ -111.722175072395899, 40.315146829376218 ] ] ] } },
{ "type": "Feature", "properties": { "type": "Feature", "properties": { "height": 2.240942001342773, "confidence": 0.99510002136230413 }, "id": 858 }, "geometry": { "type": "Polygon", "coordinates": [ [ [ -111.703244714595442, 40.313956001902731 ], [ -111.703567595391362, 40.313953847996601 ], [ -111.703566562985102, 40.313863865438172 ], [ -111.703148170401718, 40.313866656497765 ], [ -111.703148686604848, 40.313911647790121 ], [ -111.703244202521645, 40.313911010612379 ], [ -111.703244714595442, 40.313956001902731 ] ] ] } },
{ "type": "Feature", "properties": { "type": "Feature", "properties": { "height": 5.6880249977111816, "confidence": 0.99440002441406206 }, "id": 859 }, "geometry": { "type": "Polygon", "coordinates": [ [ [ -111.707185559113057, 40.31708535223293 ], [ -111.707298182960997, 40.317083975910265 ], [ -111.707297108513714, 40.317032861058649 ], [ -111.707337331316566, 40.317032369514479 ], [ -111.707335698156641, 40.316954674865364 ], [ -111.707182851505863, 40.316956542735383 ], [ -111.707185559113057, 40.31708535223293 ] ] ] } },
{ "type": "Feature", "properties": { "type": "Feature", "properties": { "height": 2.5401265621185298, "confidence": 0.98299998044967607 }, "id": 860 }, "geometry": { "type": "Polygon", "coordinates": [ [ [ -111.707999158158529, 40.324161809696164 ], [ -111.708009087627303, 40.324209690496296 ], [ -111.707990770050444, 40.324211898464547 ], [ -111.70799888640731, 40.324251036247979 ], [ -111.708237017477217, 40.324222345068193 ], [ -111.708227657365967, 40.324177209771051 ], [ -111.708137505053116, 40.324188076575638 ], [ -111.708128820520272, 40.324146180411667 ], [ -111.707999158158529, 40.324161809696164 ] ] ] } },
{ "type": "Feature", "properties": { "type": "Feature", "properties": { "height": 2.6507387161254878, "confidence": 0.96950000524520807 }, "id": 861 }, "geometry": { "type": "Polygon", "coordinates": [ [ [ -111.708243652163119, 40.324123283967999 ], [ -111.708225980022888, 40.32405222279187 ], [ -111.707988942402636, 40.324086499258897 ], [ -111.708006620839825, 40.324157559488391 ], [ -111.708243652163119, 40.324123283967999 ] ] ] } },
{ "type": "Feature", "properties": { "type": "Feature", "properties": { "height": 5.3719897270202637, "confidence": 0.9779999852180481 }, "id": 862 }, "geometry": { "type": "Polygon", "coordinates": [ [ [ -111.708541880385113, 40.320504168700168 ], [ -111.708584163966165, 40.320513194052019 ], [ -111.708556311004529, 40.320589049432115 ], [ -111.708667282295863, 40.320612736015804 ], [ -111.708712532865434, 40.320489468783386 ], [ -111.708697608977431, 40.320486283306231 ], [ -111.708719633076342, 40.32042628729824 ], [ -111.708625113401993, 40.320406117265421 ], [ -111.7086063166701, 40.320457321598035 ], [ -111.708562514088271, 40.320447974347928 ], [ -111.708541880385113, 40.320504168700168 ] ] ] } },
{ "type": "Feature", "properties": { "type": "Feature", "properties": { "height": 4.8213133811950684, "confidence": 0.99650001525878906 }, "id": 863 }, "geometry": { "type": "Polygon", "coordinates": [ [ [ -111.711511207343563, 40.32568578244782 ], [ -111.71132615841762, 40.325684192761166 ], [ -111.711324979844548, 40.325763932050869 ], [ -111.711400072162306, 40.32576457714034 ], [ -111.711399316666757, 40.325815692019617 ], [ -111.711509273274913, 40.325816636614206 ], [ -111.711511207343563, 40.32568578244782 ] ] ] } },
{ "type": "Feature", "properties": { "type": "Feature", "properties": { "height": 4.286445140838623, "confidence": 1.0 }, "id": 864 }, "geometry": { "type": "Polygon", "coordinates": [ [ [ -111.71151128488728, 40.314318490835156 ], [ -111.711572942803869, 40.31431740497225 ], [ -111.71157189023036, 40.314282655061213 ], [ -111.711510232313785, 40.314283740924687 ], [ -111.71151128488728, 40.314318490835156 ] ] ] } },
{ "type": "Feature", "properties": { "type": "Feature", "properties": { "height": 5.2193875312805176, "confidence": 0.99830001592636108 }, "id": 865 }, "geometry": { "type": "Polygon", "coordinates": [ [ [ -111.712056456898637, 40.318887788402598 ], [ -111.711943830338711, 40.318889098610235 ], [ -111.711946694349294, 40.319032219608758 ], [ -111.712059320909233, 40.319030909403907 ], [ -111.712056456898637, 40.318887788402598 ] ] ] } },
{ "type": "Feature", "properties": { "type": "Feature", "properties": { "height": 3.8902814388275142, "confidence": 0.98640000820159912 }, "id": 866 }, "geometry": { "type": "Polygon", "coordinates": [ [ [ -111.71760068343194, 40.325480383027589 ], [ -111.717382239234652, 40.325484660694521 ], [ -111.717385544010739, 40.325582749381255 ], [ -111.717603997206922, 40.325578471544304 ], [ -111.71760068343194, 40.325480383027589 ] ] ] } },
{ "type": "Feature", "properties": { "type": "Feature", "properties": { "height": 3.4968025684356689, "confidence": 0.9980000257492061 }, "id": 867 }, "geometry": { "type": "Polygon", "coordinates": [ [ [ -111.723412761889179, 40.320754562332276 ], [ -111.723409473756689, 40.32066783155701 ], [ -111.723251355855453, 40.320671324670812 ], [ -111.723254643668355, 40.320758047011175 ], [ -111.723412761889179, 40.320754562332276 ] ] ] } },
{ "type": "Feature", "properties": { "type": "Feature", "properties": { "height": 3.5476779937744141, "confidence": 0.98049998283386208 }, "id": 868 }, "geometry": { "type": "Polygon", "coordinates": [ [ [ -111.724431165305177, 40.320334208917124 ], [ -111.724538439359733, 40.320335153439281 ], [ -111.724541009905252, 40.320165439196984 ], [ -111.724406917337063, 40.320164258541332 ], [ -111.724405926283382, 40.320229690590033 ], [ -111.724432744796985, 40.320229926720941 ], [ -111.724431165305177, 40.320334208917124 ] ] ] } },
{ "type": "Feature", "properties": { "type": "Feature", "properties": { "height": 2.6257030963897701, "confidence": 0.91060000658035212 }, "id": 869 }, "geometry": { "type": "Polygon", "coordinates": [ [ [ -111.709081867677568, 40.325127668369412 ], [ -111.709051029479411, 40.325042904504322 ], [ -111.708970038178833, 40.325060030885631 ], [ -111.708994666449811, 40.325127708657391 ], [ -111.709004628501589, 40.325125601557524 ], [ -111.709040558264476, 40.325224335381471 ], [ -111.709102821088052, 40.325211166025063 ], [ -111.709073109938004, 40.32512952074196 ], [ -111.709081867677568, 40.325127668369412 ] ] ] } },
{ "type": "Feature", "properties": { "type": "Feature", "properties": { "height": 4.8053112030029297, "confidence": 0.9980000257492061 }, "id": 870 }, "geometry": { "type": "Polygon", "coordinates": [ [ [ -111.709394661356782, 40.321451841805356 ], [ -111.709394135735977, 40.321554089467149 ], [ -111.709563112308203, 40.32155459440763 ], [ -111.709563175382698, 40.321542324696473 ], [ -111.709628515287264, 40.321542519947037 ], [ -111.709628932131224, 40.321459958039959 ], [ -111.70955018894486, 40.321459726938883 ], [ -111.709550388680825, 40.321420872780685 ], [ -111.709322404354182, 40.3214202036758 ], [ -111.709322242825834, 40.321451625401949 ], [ -111.709394661356782, 40.321451841805356 ] ] ] } },
{ "type": "Feature", "properties": { "type": "Feature", "properties": { "height": 4.0515284538269043, "confidence": 0.99650001525878906 }, "id": 871 }, "geometry": { "type": "Polygon", "coordinates": [ [ [ -111.713200975092121, 40.320298092664395 ], [ -111.713325925295095, 40.320296112381811 ], [ -111.713323387896068, 40.320203042478859 ], [ -111.713364671669822, 40.320202390391991 ], [ -111.713362979234574, 40.320140103337721 ], [ -111.713327051906759, 40.320140672735974 ], [ -111.713326409336361, 40.32011710369072 ], [ -111.713196113260793, 40.320119161750313 ], [ -111.713200975092121, 40.320298092664395 ] ] ] } },
{ "type": "Feature", "properties": { "type": "Feature", "properties": { "height": 5.0582222938537598, "confidence": 0.99870002269744806 }, "id": 872 }, "geometry": { "type": "Polygon", "coordinates": [ [ [ -111.719146355334246, 40.316741763154184 ], [ -111.719026627854305, 40.316683211963678 ], [ -111.718965216299765, 40.316756218989255 ], [ -111.719084947587845, 40.316814765589342 ], [ -111.719146355334246, 40.316741763154184 ] ] ] } },
{ "type": "Feature", "properties": { "type": "Feature", "properties": { "height": 4.5274233818054199, "confidence": 0.98119997978210405 }, "id": 873 }, "geometry": { "type": "Polygon", "coordinates": [ [ [ -111.719689005324881, 40.323580410509528 ], [ -111.719900848001998, 40.323582942570134 ], [ -111.719902507094105, 40.323501898472855 ], [ -111.71969066418562, 40.323499377710313 ], [ -111.719689005324881, 40.323580410509528 ] ] ] } },
{ "type": "Feature", "properties": { "type": "Feature", "properties": { "height": 4.6865472793579102, "confidence": 0.97409999370574907 }, "id": 874 }, "geometry": { "type": "Polygon", "coordinates": [ [ [ -111.719751595869866, 40.314944586711825 ], [ -111.719674307886663, 40.314869325566903 ], [ -111.719675004799711, 40.314868909464984 ], [ -111.719583037434617, 40.314779361791565 ], [ -111.719428414792006, 40.314871689766434 ], [ -111.719597674398713, 40.315036495779907 ], [ -111.719751595869866, 40.314944586711825 ] ] ] } },
{ "type": "Feature", "properties": { "type": "Feature", "properties": { "height": 2.9012346267700191, "confidence": 1.0 }, "id": 875 }, "geometry": { "type": "Polygon", "coordinates": [ [ [ -111.721448515924052, 40.318515878939145 ], [ -111.72148871041982, 40.318514928738075 ], [ -111.721486467202368, 40.318459764716067 ], [ -111.721446272706601, 40.318460714917919 ], [ -111.721448515924052, 40.318515878939145 ] ] ] } },
{ "type": "Feature", "properties": { "type": "Feature", "properties": { "height": 4.4565415382385254, "confidence": 0.96399998664855913 }, "id": 876 }, "geometry": { "type": "Polygon", "coordinates": [ [ [ -111.722896417198385, 40.324030367874343 ], [ -111.722789151789215, 40.324029171641527 ], [ -111.722785935253341, 40.32419681802844 ], [ -111.722893200662526, 40.3241980142583 ], [ -111.722896417198385, 40.324030367874343 ] ] ] } },
{ "type": "Feature", "properties": { "type": "Feature", "properties": { "height": 4.4649419784545898, "confidence": 0.97310000658035212 }, "id": 877 }, "geometry": { "type": "Polygon", "coordinates": [ [ [ -111.713713541560963, 40.320035334428724 ], [ -111.713865983193159, 40.320160781095758 ], [ -111.713956909249035, 40.320096549965591 ], [ -111.713804467616839, 40.319971103179228 ], [ -111.713713541560963, 40.320035334428724 ] ] ] } },
{ "type": "Feature", "properties": { "type": "Feature", "properties": { "height": 4.4838433265686026, "confidence": 0.99889999628067005 }, "id": 878 }, "geometry": { "type": "Polygon", "coordinates": [ [ [ -111.716865463084019, 40.31670442660117 ], [ -111.71709072181676, 40.316701950287083 ], [ -111.717089097961122, 40.316616072620747 ], [ -111.716863839228367, 40.316618548937967 ], [ -111.716865463084019, 40.31670442660117 ] ] ] } },
{ "type": "Feature", "properties": { "type": "Feature", "properties": { "height": 3.4647035598754878, "confidence": 0.99519997835159313 }, "id": 879 }, "geometry": { "type": "Polygon", "coordinates": [ [ [ -111.718791303245723, 40.322801598231337 ], [ -111.718788429369937, 40.322883337261011 ], [ -111.718954606922622, 40.322886733421718 ], [ -111.718957480798394, 40.322804994396179 ], [ -111.718791303245723, 40.322801598231337 ] ] ] } },
{ "type": "Feature", "properties": { "type": "Feature", "properties": { "height": 4.9717073440551758, "confidence": 0.99610000848770108 }, "id": 880 }, "geometry": { "type": "Polygon", "coordinates": [ [ [ -111.721018252274902, 40.322586542569056 ], [ -111.721092233136048, 40.322588109785244 ], [ -111.721093129015316, 40.322563589337818 ], [ -111.721181573458423, 40.322565462952255 ], [ -111.721184709035882, 40.322479641318537 ], [ -111.720947229694431, 40.322474610529923 ], [ -111.720943953050892, 40.322564519086797 ], [ -111.721018996966635, 40.322566108823324 ], [ -111.721018252274902, 40.322586542569056 ] ] ] } },
{ "type": "Feature", "properties": { "type": "Feature", "properties": { "height": 4.0847702026367188, "confidence": 0.98860001564025812 }, "id": 881 }, "geometry": { "type": "Polygon", "coordinates": [ [ [ -111.721798454763046, 40.321912113793402 ], [ -111.721796833701518, 40.321773066522489 ], [ -111.721678825828278, 40.321773866244335 ], [ -111.72167923109366, 40.321808628088505 ], [ -111.721569269211798, 40.321809373283465 ], [ -111.721570246616537, 40.321893210597764 ], [ -111.721642660538762, 40.321892719860237 ], [ -111.721642898930142, 40.321913167970024 ], [ -111.721798454763046, 40.321912113793402 ] ] ] } },
{ "type": "Feature", "properties": { "type": "Feature", "properties": { "height": 3.5443038940429679, "confidence": 1.0 }, "id": 882 }, "geometry": { "type": "Polygon", "coordinates": [ [ [ -111.723562315082702, 40.321151352600737 ], [ -111.723623968894174, 40.321152504080281 ], [ -111.723624858511954, 40.321124815121188 ], [ -111.723563204806112, 40.321123660353209 ], [ -111.723562315082702, 40.321151352600737 ] ] ] } },
{ "type": "Feature", "properties": { "type": "Feature", "properties": { "height": 7.6207265853881845, "confidence": 0.97930002212524403 }, "id": 883 }, "geometry": { "type": "Polygon", "coordinates": [ [ [ -111.7242760319198, 40.315259296216261 ], [ -111.724155614566868, 40.315254849275533 ], [ -111.724155614566868, 40.315254849275533 ], [ -111.724032521272747, 40.315250303513636 ], [ -111.724013039480909, 40.315557459482484 ], [ -111.724101345837909, 40.315560715856215 ], [ -111.724092744370239, 40.315696328810731 ], [ -111.724162318840797, 40.315698898137498 ], [ -111.724159471720299, 40.315743786510815 ], [ -111.724222492385309, 40.315746113809418 ], [ -111.724224108210421, 40.315720675148562 ], [ -111.7242627711111, 40.315722100873238 ], [ -111.72426445350618, 40.315695575830865 ], [ -111.724307268709595, 40.315697154675533 ], [ -111.724309727594687, 40.315658387288103 ], [ -111.72433113519638, 40.315659176710881 ], [ -111.724334888231539, 40.315600005393101 ], [ -111.724297424928551, 40.315598623902034 ], [ -111.72430648397895, 40.315455796366699 ], [ -111.724263668775549, 40.315454217516418 ], [ -111.7242760319198, 40.315259296216261 ] ] ] } },
{ "type": "Feature", "properties": { "type": "Feature", "properties": { "height": 6.6533455848693848, "confidence": 0.95829999446868908 }, "id": 884 }, "geometry": { "type": "Polygon", "coordinates": [ [ [ -111.725057229472284, 40.322849127418905 ], [ -111.72520154349202, 40.322855765355527 ], [ -111.725199286247417, 40.32288429073558 ], [ -111.725266098293602, 40.322887363852871 ], [ -111.725268033074698, 40.322862913528944 ], [ -111.725404329648882, 40.322869182690027 ], [ -111.725415454640171, 40.322728593168733 ], [ -111.725284503029656, 40.322722569844551 ], [ -111.725285470420204, 40.322710344653871 ], [ -111.725068999390601, 40.322700387727252 ], [ -111.725057229472284, 40.322849127418905 ] ] ] } },
{ "type": "Feature", "properties": { "type": "Feature", "properties": { "height": 4.8399367332458496, "confidence": 0.97719997167587203 }, "id": 885 }, "geometry": { "type": "Polygon", "coordinates": [ [ [ -111.706589186703766, 40.314541472340473 ], [ -111.706323715610864, 40.314544702491631 ], [ -111.70632589791677, 40.314648980823705 ], [ -111.706591369009629, 40.314645750677542 ], [ -111.706589186703766, 40.314541472340473 ] ] ] } },
{ "type": "Feature", "properties": { "type": "Feature", "properties": { "height": 2.132599830627441, "confidence": 0.93459999561309803 }, "id": 886 }, "geometry": { "type": "Polygon", "coordinates": [ [ [ -111.709160357044411, 40.324908879916542 ], [ -111.709108615367228, 40.324755429867558 ], [ -111.709050748647542, 40.324766770958277 ], [ -111.709102490324724, 40.324920220981475 ], [ -111.709160357044411, 40.324908879916542 ] ] ] } },
{ "type": "Feature", "properties": { "type": "Feature", "properties": { "height": 5.7571978569030762, "confidence": 0.98439997434616011 }, "id": 887 }, "geometry": { "type": "Polygon", "coordinates": [ [ [ -111.709254166125177, 40.320902035318682 ], [ -111.709484813797957, 40.320900299924823 ], [ -111.709483509567832, 40.320798815527738 ], [ -111.70931991052494, 40.320800037719394 ], [ -111.709319752851414, 40.320787768860555 ], [ -111.709252704063374, 40.320788269758857 ], [ -111.709254166125177, 40.320902035318682 ] ] ] } },
{ "type": "Feature", "properties": { "type": "Feature", "properties": { "height": 4.7262096405029297, "confidence": 0.99459999799728305 }, "id": 888 }, "geometry": { "type": "Polygon", "coordinates": [ [ [ -111.712762906407875, 40.323503657925833 ], [ -111.7127650443379, 40.3234207791293 ], [ -111.712550550874838, 40.323417551550648 ], [ -111.712548992682073, 40.323477956319763 ], [ -111.712512992375892, 40.323477416528547 ], [ -111.712511722348808, 40.323526475663975 ], [ -111.712546577536543, 40.323526998284812 ], [ -111.712545230800941, 40.323579020509541 ], [ -111.712642907251876, 40.323580490287085 ], [ -111.712644934840881, 40.323501889052245 ], [ -111.712762906407875, 40.323503657925833 ] ] ] } },
{ "type": "Feature", "properties": { "type": "Feature", "properties": { "height": 4.6013970375061026, "confidence": 0.97689998149871804 }, "id": 889 }, "geometry": { "type": "Polygon", "coordinates": [ [ [ -111.713828876413231, 40.325375796317758 ], [ -111.714007226102424, 40.32537779476516 ], [ -111.714010024471619, 40.325232640389316 ], [ -111.713831661459736, 40.325230641788345 ], [ -111.713828876413231, 40.325375796317758 ] ] ] } },
{ "type": "Feature", "properties": { "type": "Feature", "properties": { "height": 4.5251235961914062, "confidence": 0.99959999322891213 }, "id": 890 }, "geometry": { "type": "Polygon", "coordinates": [ [ [ -111.715030705343921, 40.323854405363029 ], [ -111.714821555039919, 40.323857150755671 ], [ -111.714823563702339, 40.323946096524281 ], [ -111.714904006223861, 40.323945044896533 ], [ -111.714905806722072, 40.32402477282772 ], [ -111.71503451475651, 40.324023090225268 ], [ -111.715030705343921, 40.323854405363029 ] ] ] } },
{ "type": "Feature", "properties": { "type": "Feature", "properties": { "height": 6.9410848617553711, "confidence": 0.98379999399185103 }, "id": 891 }, "geometry": { "type": "Polygon", "coordinates": [ [ [ -111.717699134803439, 40.315528621441743 ], [ -111.717884192489535, 40.315527357341495 ], [ -111.717880988244303, 40.31525248551813 ], [ -111.717698612440202, 40.315253721571246 ], [ -111.717699065383869, 40.315292576795073 ], [ -111.717685655398284, 40.315292667681263 ], [ -111.717687967794873, 40.315491033475205 ], [ -111.717698695783341, 40.315490960766468 ], [ -111.717699134803439, 40.315528621441743 ] ] ] } },
{ "type": "Feature", "properties": { "type": "Feature", "properties": { "height": 4.9389805793762207, "confidence": 0.98299998044967607 }, "id": 892 }, "geometry": { "type": "Polygon", "coordinates": [ [ [ -111.718895317049416, 40.325316885447847 ], [ -111.71889877617599, 40.325511111927142 ], [ -111.719016771619309, 40.325509890501102 ], [ -111.719013312492748, 40.325315664018277 ], [ -111.718895317049416, 40.325316885447847 ] ] ] } },
{ "type": "Feature", "properties": { "type": "Feature", "properties": { "height": 4.7747044563293457, "confidence": 0.97430002689361506 }, "id": 893 }, "geometry": { "type": "Polygon", "coordinates": [ [ [ -111.72002842069142, 40.320503411212464 ], [ -111.720139340488075, 40.320500978541816 ], [ -111.720134341753749, 40.320368162067318 ], [ -111.719948370014237, 40.32037224077007 ], [ -111.719951222381965, 40.32044784386941 ], [ -111.720026262142866, 40.320446198111114 ], [ -111.72002842069142, 40.320503411212464 ] ] ] } },
{ "type": "Feature", "properties": { "type": "Feature", "properties": { "height": 0.0, "confidence": 0.99730002880096402 }, "id": 894 }, "geometry": { "type": "Polygon", "coordinates": [ [ [ -111.720738607245877, 40.315506940145745 ], [ -111.72051332301011, 40.315508611275455 ], [ -111.72051397529134, 40.315559735573025 ], [ -111.720532748977661, 40.315559596312319 ], [ -111.72053324471139, 40.315598450752653 ], [ -111.720511789069889, 40.315598609907646 ], [ -111.720513328453606, 40.315719263026963 ], [ -111.720741294644554, 40.315717572008133 ], [ -111.720738607245877, 40.315506940145745 ] ] ] } },
{ "type": "Feature", "properties": { "type": "Feature", "properties": { "height": 4.0179076194763184, "confidence": 0.99309998750686612 }, "id": 895 }, "geometry": { "type": "Polygon", "coordinates": [ [ [ -111.721670217217181, 40.31796357402402 ], [ -111.721769315295916, 40.317960697202594 ], [ -111.721761871167971, 40.317811621429222 ], [ -111.721662773089221, 40.317814498256993 ], [ -111.721664914550672, 40.317857383100424 ], [ -111.721616704674545, 40.317858782637323 ], [ -111.721619457982115, 40.317913920251968 ], [ -111.721667667858299, 40.317912520716206 ], [ -111.721670217217181, 40.31796357402402 ] ] ] } },
{ "type": "Feature", "properties": { "type": "Feature", "properties": { "height": 4.7331943511962891, "confidence": 0.98280000686645508 }, "id": 896 }, "geometry": { "type": "Polygon", "coordinates": [ [ [ -111.706630717152905, 40.320561418966591 ], [ -111.706347668128274, 40.320567566318879 ], [ -111.706352172304193, 40.320688124154138 ], [ -111.706635232386589, 40.320681976572665 ], [ -111.706630717152905, 40.320561418966591 ] ] ] } },
{ "type": "Feature", "properties": { "type": "Feature", "properties": { "height": 4.871668815612793, "confidence": 1.0 }, "id": 897 }, "geometry": { "type": "Polygon", "coordinates": [ [ [ -111.710218025064947, 40.320320101013174 ], [ -111.710124196895151, 40.320318463764657 ], [ -111.710119043175411, 40.320490155341346 ], [ -111.710261125832517, 40.320492634597073 ], [ -111.710263027800522, 40.320429272282638 ], [ -111.710287155044171, 40.320429693288716 ], [ -111.710288934304558, 40.320370418812068 ], [ -111.71021655257357, 40.320369155792733 ], [ -111.710218025064947, 40.320320101013174 ] ] ] } },
{ "type": "Feature", "properties": { "type": "Feature", "properties": { "height": 3.7446479797363281, "confidence": 0.99540001153945912 }, "id": 898 }, "geometry": { "type": "Polygon", "coordinates": [ [ [ -111.712127259862839, 40.324339531211123 ], [ -111.712123534627608, 40.324424425047674 ], [ -111.712373933437235, 40.324430798251605 ], [ -111.712377650303367, 40.324345917570653 ], [ -111.712127259862839, 40.324339531211123 ] ] ] } },
{ "type": "Feature", "properties": { "type": "Feature", "properties": { "height": 4.4443445205688477, "confidence": 0.99370002746582009 }, "id": 899 }, "geometry": { "type": "Polygon", "coordinates": [ [ [ -111.712608364148053, 40.314697710412766 ], [ -111.712605914258276, 40.314584133071186 ], [ -111.712455751002125, 40.31458600828168 ], [ -111.712459543894525, 40.314761847385725 ], [ -111.712576415350483, 40.314760387920778 ], [ -111.71257507809942, 40.314698127858357 ], [ -111.712608364148053, 40.314697710412766 ] ] ] } },
{ "type": "Feature", "properties": { "type": "Feature", "properties": { "height": 6.015601634979248, "confidence": 0.99370002746582009 }, "id": 900 }, "geometry": { "type": "Polygon", "coordinates": [ [ [ -111.716774653901325, 40.3143222977492 ], [ -111.716535941578698, 40.314323062109757 ], [ -111.716536702454604, 40.314458955586829 ], [ -111.716845150869204, 40.314457951471297 ], [ -111.7168444981627, 40.314341377207171 ], [ -111.716774761999375, 40.314341604224992 ], [ -111.716774653901325, 40.3143222977492 ] ] ] } },
{ "type": "Feature", "properties": { "type": "Feature", "properties": { "height": 4.6005444526672363, "confidence": 0.86580002307891801 }, "id": 901 }, "geometry": { "type": "Polygon", "coordinates": [ [ [ -111.720225509101695, 40.318506436881577 ], [ -111.720180110670782, 40.318423455052752 ], [ -111.720125278466512, 40.318440894299073 ], [ -111.720112889284479, 40.318418248637087 ], [ -111.720035210328419, 40.318442954236573 ], [ -111.720054270608458, 40.318477793700666 ], [ -111.719975548699338, 40.31850283098666 ], [ -111.719966630495463, 40.318486532529249 ], [ -111.71991408557993, 40.318503247097517 ], [ -111.719953503283364, 40.318575284847036 ], [ -111.719993380049374, 40.318562602166402 ], [ -111.720001616501904, 40.31857765719834 ], [ -111.720225509101695, 40.318506436881577 ] ] ] } },
{ "type": "Feature", "properties": { "type": "Feature", "properties": { "height": 0.0, "confidence": 0.96939998865127508 }, "id": 902 }, "geometry": { "type": "Polygon", "coordinates": [ [ [ -111.723111129772676, 40.315030178670142 ], [ -111.723159393430024, 40.315029506423919 ], [ -111.723158413834511, 40.314988616441369 ], [ -111.723110150177163, 40.314989288687997 ], [ -111.723111129772676, 40.315030178670142 ] ] ] } },
{ "type": "Feature", "properties": { "type": "Feature", "properties": { "height": 4.1003851890563956, "confidence": 0.98669999837875311 }, "id": 903 }, "geometry": { "type": "Polygon", "coordinates": [ [ [ -111.723194872972485, 40.319354926724827 ], [ -111.723190857028285, 40.319269143876596 ], [ -111.722975401269608, 40.319275007534507 ], [ -111.722979425078137, 40.319360790161276 ], [ -111.723194872972485, 40.319354926724827 ] ] ] } },
{ "type": "Feature", "properties": { "type": "Feature", "properties": { "height": 5.6098222732543936, "confidence": 0.9488000273704521 }, "id": 904 }, "geometry": { "type": "Polygon", "coordinates": [ [ [ -111.710192347404785, 40.321299565199105 ], [ -111.710296940522369, 40.321300458196909 ], [ -111.710299488972723, 40.321125855963963 ], [ -111.710194895773654, 40.321124968544424 ], [ -111.710192347404785, 40.321299565199105 ] ] ] } },
{ "type": "Feature", "properties": { "type": "Feature", "properties": { "height": 6.2979731559753418, "confidence": 0.9822999835014341 }, "id": 905 }, "geometry": { "type": "Polygon", "coordinates": [ [ [ -111.710833324536395, 40.319040003404844 ], [ -111.711073145454677, 40.319043138819417 ], [ -111.711075038286126, 40.318959316088645 ], [ -111.710974643546933, 40.318958003527946 ], [ -111.710976252812173, 40.318886447368683 ], [ -111.710836818940919, 40.318884624408447 ], [ -111.710833324536395, 40.319040003404844 ] ] ] } },
{ "type": "Feature", "properties": { "type": "Feature", "properties": { "height": 4.0926127433776847, "confidence": 0.97259998321533203 }, "id": 906 }, "geometry": { "type": "Polygon", "coordinates": [ [ [ -111.711641241769271, 40.315051001428216 ], [ -111.711876049505449, 40.315047580511084 ], [ -111.7118733634058, 40.314940386575636 ], [ -111.711638546149089, 40.314943820168267 ], [ -111.711641241769271, 40.315051001428216 ] ] ] } },
{ "type": "Feature", "properties": { "type": "Feature", "properties": { "height": 5.2349495887756348, "confidence": 0.98619997501373202 }, "id": 907 }, "geometry": { "type": "Polygon", "coordinates": [ [ [ -111.712342673365242, 40.322698375898625 ], [ -111.712412402593543, 40.322697799178819 ], [ -111.712412622365306, 40.322713244657351 ], [ -111.712589627195129, 40.322711771232726 ], [ -111.712588376158863, 40.322623848823959 ], [ -111.712341642153675, 40.322625902691279 ], [ -111.712342673365242, 40.322698375898625 ] ] ] } },
{ "type": "Feature", "properties": { "type": "Feature", "properties": { "height": 4.2407641410827637, "confidence": 0.9912999868392941 }, "id": 908 }, "geometry": { "type": "Polygon", "coordinates": [ [ [ -111.714400415739334, 40.320435162269483 ], [ -111.714312262695373, 40.320496916760234 ], [ -111.714471945108116, 40.320629432212314 ], [ -111.714560107822223, 40.320567675773013 ], [ -111.714400415739334, 40.320435162269483 ] ] ] } },
{ "type": "Feature", "properties": { "type": "Feature", "properties": { "height": 5.1289587020874023, "confidence": 0.9957000017166131 }, "id": 909 }, "geometry": { "type": "Polygon", "coordinates": [ [ [ -111.71990695374123, 40.320690183150482 ], [ -111.719662969796047, 40.320693893692201 ], [ -111.719665288946615, 40.320782539434269 ], [ -111.719909272551334, 40.32077881588318 ], [ -111.71990695374123, 40.320690183150482 ] ] ] } },
{ "type": "Feature", "properties": { "type": "Feature", "properties": { "height": 3.8528368473052979, "confidence": 0.97670000791549605 }, "id": 910 }, "geometry": { "type": "Polygon", "coordinates": [ [ [ -111.721448572119584, 40.318618928755939 ], [ -111.721339900066312, 40.318621242606497 ], [ -111.721346157560902, 40.318792092397942 ], [ -111.721454845072103, 40.318789772424161 ], [ -111.721448572119584, 40.318618928755939 ] ] ] } },
{ "type": "Feature", "properties": { "type": "Feature", "properties": { "height": 6.278167724609375, "confidence": 0.99459999799728305 }, "id": 911 }, "geometry": { "type": "Polygon", "coordinates": [ [ [ -111.707302953346286, 40.316669087286442 ], [ -111.707305507758505, 40.316539047096121 ], [ -111.707179472208182, 40.316537607751592 ], [ -111.707176917928066, 40.316667641220292 ], [ -111.707302953346286, 40.316669087286442 ] ] ] } },
{ "type": "Feature", "properties": { "type": "Feature", "properties": { "height": 4.1298675537109366, "confidence": 0.99830001592636108 }, "id": 912 }, "geometry": { "type": "Polygon", "coordinates": [ [ [ -111.711346776877619, 40.323419517205281 ], [ -111.711464683526245, 40.323416761542461 ], [ -111.711456931959333, 40.323223535682473 ], [ -111.711337466770061, 40.323226321404178 ], [ -111.711339403935938, 40.323274499578609 ], [ -111.711299208573706, 40.323275439009102 ], [ -111.711302247982275, 40.323351030376315 ], [ -111.711343990278266, 40.32335005479257 ], [ -111.711346776877619, 40.323419517205281 ] ] ] } },
{ "type": "Feature", "properties": { "type": "Feature", "properties": { "height": 3.9568541049957271, "confidence": 0.98640000820159912 }, "id": 913 }, "geometry": { "type": "Polygon", "coordinates": [ [ [ -111.712388138666086, 40.319773862151557 ], [ -111.712271709538427, 40.319772899142293 ], [ -111.712269265298218, 40.319945802174523 ], [ -111.712385678644438, 40.319946758838682 ], [ -111.712388138666086, 40.319773862151557 ] ] ] } },
{ "type": "Feature", "properties": { "type": "Feature", "properties": { "height": 4.3862643241882324, "confidence": 0.98479998111724809 }, "id": 914 }, "geometry": { "type": "Polygon", "coordinates": [ [ [ -111.714985869631818, 40.321674861677899 ], [ -111.714808861074943, 40.321676193475582 ], [ -111.714809999138325, 40.321764118969931 ], [ -111.714883399817097, 40.32176356671004 ], [ -111.714884439333943, 40.321843312935165 ], [ -111.714988039892233, 40.321842533455104 ], [ -111.714985869631818, 40.321674861677899 ] ] ] } },
{ "type": "Feature", "properties": { "type": "Feature", "properties": { "height": 5.3913106918334961, "confidence": 0.97759997844696012 }, "id": 915 }, "geometry": { "type": "Polygon", "coordinates": [ [ [ -111.715273365021318, 40.314686916028144 ], [ -111.715275984315255, 40.3147983856773 ], [ -111.715333856732627, 40.314797598122226 ], [ -111.715334214571868, 40.314812886441196 ], [ -111.715563247891424, 40.314809757426026 ], [ -111.715560221240764, 40.314680951847528 ], [ -111.715382145420719, 40.314683384694455 ], [ -111.715381523312601, 40.314656805702612 ], [ -111.715350451531208, 40.314657230201092 ], [ -111.715351124120232, 40.314685853694286 ], [ -111.715273365021318, 40.314686916028144 ] ] ] } },
{ "type": "Feature", "properties": { "type": "Feature", "properties": { "height": 0.43534216284751803, "confidence": 0.98500001430511408 }, "id": 916 }, "geometry": { "type": "Polygon", "coordinates": [ [ [ -111.717193957410259, 40.319807836867589 ], [ -111.717197686032293, 40.3198505935895 ], [ -111.717160300381892, 40.319852488833646 ], [ -111.717175569976945, 40.320027587502658 ], [ -111.717405224686587, 40.320015945318005 ], [ -111.717399010316541, 40.319944684274297 ], [ -111.717369635876906, 40.319946173392637 ], [ -111.717356852029894, 40.319799579012276 ], [ -111.717193957410259, 40.319807836867589 ] ] ] } },
{ "type": "Feature", "properties": { "type": "Feature", "properties": { "height": 4.2887907028198242, "confidence": 0.99250000715255704 }, "id": 917 }, "geometry": { "type": "Polygon", "coordinates": [ [ [ -111.704030129701309, 40.316960563526322 ], [ -111.704077528035327, 40.317063446532586 ], [ -111.704249434928968, 40.317017403365725 ], [ -111.704202032832882, 40.316914512123326 ], [ -111.704030129701309, 40.316960563526322 ] ] ] } },
{ "type": "Feature", "properties": { "type": "Feature", "properties": { "height": 5.0587663650512686, "confidence": 0.97079998254776001 }, "id": 918 }, "geometry": { "type": "Polygon", "coordinates": [ [ [ -111.709122298703576, 40.316825293637059 ], [ -111.70911948253972, 40.316950009408792 ], [ -111.709300452578105, 40.316952375481236 ], [ -111.709303257297535, 40.316827659564225 ], [ -111.709122298703576, 40.316825293637059 ] ] ] } },
{ "type": "Feature", "properties": { "type": "Feature", "properties": { "height": 4.6042346954345703, "confidence": 1.0 }, "id": 919 }, "geometry": { "type": "Polygon", "coordinates": [ [ [ -111.716204296031037, 40.316729542241546 ], [ -111.716112646771208, 40.316752940134819 ], [ -111.716141718281563, 40.316819142825743 ], [ -111.716233367541392, 40.316795744955407 ], [ -111.716204296031037, 40.316729542241546 ] ] ] } },
{ "type": "Feature", "properties": { "type": "Feature", "properties": { "height": 4.4733414649963379, "confidence": 0.99669998884201005 }, "id": 920 }, "geometry": { "type": "Polygon", "coordinates": [ [ [ -111.718250753818495, 40.31788201895862 ], [ -111.718245018751404, 40.317713613057904 ], [ -111.718135122077157, 40.317715782942486 ], [ -111.718140857343855, 40.317884194698394 ], [ -111.718250753818495, 40.31788201895862 ] ] ] } },
{ "type": "Feature", "properties": { "type": "Feature", "properties": { "height": 4.5830798149108887, "confidence": 0.87220001220703103 }, "id": 921 }, "geometry": { "type": "Polygon", "coordinates": [ [ [ -111.720154902933089, 40.323499648737851 ], [ -111.719969848532727, 40.323498256441518 ], [ -111.719971039529298, 40.323406243750199 ], [ -111.719949583946629, 40.323406082324311 ], [ -111.719947387219634, 40.323575794524373 ], [ -111.720153897202664, 40.323577348244598 ], [ -111.720154902933089, 40.323499648737851 ] ] ] } },
{ "type": "Feature", "properties": { "type": "Feature", "properties": { "height": 5.0617074966430664, "confidence": 0.9958000183105461 }, "id": 922 }, "geometry": { "type": "Polygon", "coordinates": [ [ [ -111.722353958950094, 40.323650010882766 ], [ -111.722310899820542, 40.323570725632862 ], [ -111.722171230115904, 40.323614815920152 ], [ -111.722214285790216, 40.323694094756121 ], [ -111.722353958950094, 40.323650010882766 ] ] ] } },
{ "type": "Feature", "properties": { "type": "Feature", "properties": { "height": 4.1941418647766113, "confidence": 0.99919998645782404 }, "id": 923 }, "geometry": { "type": "Polygon", "coordinates": [ [ [ -111.724551311006039, 40.320751867329776 ], [ -111.72454834675348, 40.320618980155146 ], [ -111.724438407983385, 40.320620405726061 ], [ -111.724441372235958, 40.320753292897876 ], [ -111.724551311006039, 40.320751867329776 ] ] ] } },
{ "type": "Feature", "properties": { "type": "Feature", "properties": { "height": 7.9907302856445312, "confidence": 0.97899997234344405 }, "id": 924 }, "geometry": { "type": "Polygon", "coordinates": [ [ [ -111.725754911543632, 40.324472568933601 ], [ -111.725811021202119, 40.32447522756096 ], [ -111.725808198215788, 40.32450985699974 ], [ -111.726063264248481, 40.324521942710675 ], [ -111.726065918196269, 40.324489350162793 ], [ -111.726122028097905, 40.324492008801037 ], [ -111.72612882883908, 40.324408490328558 ], [ -111.726074164818897, 40.324405900196865 ], [ -111.726076907432571, 40.324372256634156 ], [ -111.725817733125069, 40.324359990064188 ], [ -111.725815242243996, 40.324390545636845 ], [ -111.725761804242453, 40.324388016448033 ], [ -111.725754911543632, 40.324472568933601 ] ] ] } },
{ "type": "Feature", "properties": { "type": "Feature", "properties": { "height": 2.9353165626525879, "confidence": 0.97680002450942904 }, "id": 925 }, "geometry": { "type": "Polygon", "coordinates": [ [ [ -111.709934577802727, 40.324179546621238 ], [ -111.709823939566533, 40.324168164555665 ], [ -111.709829271476423, 40.324138039518083 ], [ -111.709708096265359, 40.324125573438508 ], [ -111.709696366063611, 40.324191848515675 ], [ -111.709722708500792, 40.324194558530515 ], [ -111.709716799242699, 40.324227945529408 ], [ -111.70980899862802, 40.32423742574408 ], [ -111.709814196109633, 40.324208060250108 ], [ -111.709927468589541, 40.324219713310335 ], [ -111.709934577802727, 40.324179546621238 ] ] ] } },
{ "type": "Feature", "properties": { "type": "Feature", "properties": { "height": 5.5026803016662598, "confidence": 0.95179998874664307 }, "id": 926 }, "geometry": { "type": "Polygon", "coordinates": [ [ [ -111.711731292273882, 40.322700847763912 ], [ -111.711806371232669, 40.32269985021113 ], [ -111.711806820212274, 40.32271941376294 ], [ -111.711978429050831, 40.322717124488634 ], [ -111.711976197441317, 40.322619885692276 ], [ -111.711729509433894, 40.322623163369492 ], [ -111.711731292273882, 40.322700847763912 ] ] ] } },
{ "type": "Feature", "properties": { "type": "Feature", "properties": { "height": 3.8970947265625, "confidence": 1.0 }, "id": 927 }, "geometry": { "type": "Polygon", "coordinates": [ [ [ -111.713059467792007, 40.317034404054382 ], [ -111.712878464260925, 40.317036104076024 ], [ -111.712881668609029, 40.3172344503242 ], [ -111.713062690343833, 40.317232750136597 ], [ -111.713059467792007, 40.317034404054382 ] ] ] } },
{ "type": "Feature", "properties": { "type": "Feature", "properties": { "height": 4.2616462707519531, "confidence": 0.98750001192092907 }, "id": 928 }, "geometry": { "type": "Polygon", "coordinates": [ [ [ -111.713925277506007, 40.319779637281762 ], [ -111.714110620039861, 40.319896056629098 ], [ -111.714189598793396, 40.319822963532047 ], [ -111.714004256259557, 40.319706544058668 ], [ -111.713925277506007, 40.319779637281762 ] ] ] } },
{ "type": "Feature", "properties": { "type": "Feature", "properties": { "height": 4.6735448837280273, "confidence": 0.98729997873306208 }, "id": 929 }, "geometry": { "type": "Polygon", "coordinates": [ [ [ -111.715962190432464, 40.322974323784543 ], [ -111.716190095301073, 40.32297764374389 ], [ -111.716192368977332, 40.322886585471323 ], [ -111.715964463805193, 40.322883277664118 ], [ -111.715962190432464, 40.322974323784543 ] ] ] } },
{ "type": "Feature", "properties": { "type": "Feature", "properties": { "height": 3.527039527893066, "confidence": 0.97949999570846502 }, "id": 930 }, "geometry": { "type": "Polygon", "coordinates": [ [ [ -111.719531775836529, 40.318376921385877 ], [ -111.719536142171322, 40.318548643289986 ], [ -111.719640709021263, 40.3185470976128 ], [ -111.719636342686471, 40.318375375704754 ], [ -111.719531775836529, 40.318376921385877 ] ] ] } },
{ "type": "Feature", "properties": { "type": "Feature", "properties": { "height": 5.030695915222168, "confidence": 0.97390002012252808 }, "id": 931 }, "geometry": { "type": "Polygon", "coordinates": [ [ [ -111.719533815681871, 40.322233493993259 ], [ -111.719387295102194, 40.322187224469324 ], [ -111.719296247862076, 40.322354789110484 ], [ -111.719442768441752, 40.322401058519596 ], [ -111.719533815681871, 40.322233493993259 ] ] ] } },
{ "type": "Feature", "properties": { "type": "Feature", "properties": { "height": 3.87101149559021, "confidence": 0.98210000991821211 }, "id": 932 }, "geometry": { "type": "Polygon", "coordinates": [ [ [ -111.722084198019061, 40.321878056747785 ], [ -111.722082704653431, 40.321771730245288 ], [ -111.721854743026924, 40.321773591378395 ], [ -111.721856236392554, 40.321879917877958 ], [ -111.722084198019061, 40.321878056747785 ] ] ] } },
{ "type": "Feature", "properties": { "type": "Feature", "properties": { "height": 8.0435190200805664, "confidence": 0.95389997959136907 }, "id": 933 }, "geometry": { "type": "Polygon", "coordinates": [ [ [ -111.7258123835052, 40.321830124071077 ], [ -111.725623284711276, 40.321862242122023 ], [ -111.72565744122106, 40.321979139033488 ], [ -111.7256532908183, 40.321979843969693 ], [ -111.725695141629942, 40.322123028524466 ], [ -111.725886790118381, 40.322090467312137 ], [ -111.725852914392192, 40.321974567955749 ], [ -111.725854509867261, 40.32197429696803 ], [ -111.7258123835052, 40.321830124071077 ] ] ] } },
{ "type": "Feature", "properties": { "type": "Feature", "properties": { "height": 5.4092731475830078, "confidence": 0.99949997663497903 }, "id": 934 }, "geometry": { "type": "Polygon", "coordinates": [ [ [ -111.707385945732057, 40.324079839236177 ], [ -111.707600484515609, 40.324077664188231 ], [ -111.707595705892459, 40.32380369458734 ], [ -111.707381167108878, 40.323805869644133 ], [ -111.707385945732057, 40.324079839236177 ] ] ] } },
{ "type": "Feature", "properties": { "type": "Feature", "properties": { "height": 5.2341065406799316, "confidence": 0.97610002756118708 }, "id": 935 }, "geometry": { "type": "Polygon", "coordinates": [ [ [ -111.707796780118045, 40.319921928993324 ], [ -111.707685744284191, 40.319920560283748 ], [ -111.707683914476149, 40.320007227824171 ], [ -111.70763673332462, 40.320006648752951 ], [ -111.707634609022818, 40.32010682907508 ], [ -111.707792818180152, 40.320108770830018 ], [ -111.707796780118045, 40.319921928993324 ] ] ] } },
{ "type": "Feature", "properties": { "type": "Feature", "properties": { "height": 4.7843184471130371, "confidence": 0.95639997720718306 }, "id": 936 }, "geometry": { "type": "Polygon", "coordinates": [ [ [ -111.711132116560464, 40.321658347797189 ], [ -111.710901475870159, 40.321660329263949 ], [ -111.71090289620183, 40.32175643104776 ], [ -111.711133536892135, 40.321754449583821 ], [ -111.711132116560464, 40.321658347797189 ] ] ] } },
{ "type": "Feature", "properties": { "type": "Feature", "properties": { "height": 5.6588506698608398, "confidence": 0.99199998378753607 }, "id": 937 }, "geometry": { "type": "Polygon", "coordinates": [ [ [ -111.718828261068239, 40.324902351263212 ], [ -111.71882625576356, 40.324967751706986 ], [ -111.718858424693039, 40.324968325013359 ], [ -111.718856419388359, 40.325033725393212 ], [ -111.71903870998878, 40.325036974126142 ], [ -111.719042720598125, 40.324906173309365 ], [ -111.718828261068239, 40.324902351263212 ] ] ] } },
{ "type": "Feature", "properties": { "type": "Feature", "properties": { "height": 4.9851641654968262, "confidence": 0.94830000400543213 }, "id": 938 }, "geometry": { "type": "Polygon", "coordinates": [ [ [ -111.719151011681646, 40.319484709892286 ], [ -111.719145328207404, 40.31965765654958 ], [ -111.71925634710982, 40.319659783362233 ], [ -111.719262046644801, 40.319486831092917 ], [ -111.719151011681646, 40.319484709892286 ] ] ] } },
{ "type": "Feature", "properties": { "type": "Feature", "properties": { "height": 4.5994515419006348, "confidence": 0.98750001192092907 }, "id": 939 }, "geometry": { "type": "Polygon", "coordinates": [ [ [ -111.723664571420798, 40.318966065977975 ], [ -111.723769098491601, 40.318968258094507 ], [ -111.723770425451463, 40.318931474807449 ], [ -111.723848150709216, 40.318933104843644 ], [ -111.723850952068929, 40.318855451173725 ], [ -111.723668699740372, 40.318851629015413 ], [ -111.723664571420798, 40.318966065977975 ] ] ] } },
{ "type": "Feature", "properties": { "type": "Feature", "properties": { "height": 3.996593713760376, "confidence": 0.98070001602172807 }, "id": 940 }, "geometry": { "type": "Polygon", "coordinates": [ [ [ -111.703640879747041, 40.314513840660275 ], [ -111.703638920286252, 40.314663124875125 ], [ -111.703794472827738, 40.314664311963718 ], [ -111.703794687563175, 40.31464795206616 ], [ -111.703977059508333, 40.314649343825515 ], [ -111.703978401604743, 40.314547094378042 ], [ -111.703796029659586, 40.314545702616584 ], [ -111.703796432288499, 40.314515027751504 ], [ -111.703640879747041, 40.314513840660275 ] ] ] } },
{ "type": "Feature", "properties": { "type": "Feature", "properties": { "height": 1.923076868057251, "confidence": 0.99650001525878906 }, "id": 941 }, "geometry": { "type": "Polygon", "coordinates": [ [ [ -111.704928138491809, 40.317698780093167 ], [ -111.704926157176985, 40.317764188366304 ], [ -111.704950284187845, 40.317764613247483 ], [ -111.704952265502655, 40.317699204974758 ], [ -111.704928138491809, 40.317698780093167 ] ] ] } },
{ "type": "Feature", "properties": { "type": "Feature", "properties": { "height": 4.1953125, "confidence": 1.0 }, "id": 942 }, "geometry": { "type": "Polygon", "coordinates": [ [ [ -111.705127016214817, 40.314531291987286 ], [ -111.704869540829108, 40.31453287215939 ], [ -111.704870749697193, 40.314647395606421 ], [ -111.705128225082902, 40.314645815437004 ], [ -111.705127016214817, 40.314531291987286 ] ] ] } },
{ "type": "Feature", "properties": { "type": "Feature", "properties": { "height": 4.9009485244750977, "confidence": 0.9890999794006341 }, "id": 943 }, "geometry": { "type": "Polygon", "coordinates": [ [ [ -111.706501598361726, 40.315064656296883 ], [ -111.706503925897891, 40.314956290753315 ], [ -111.706431525673551, 40.314955386637898 ], [ -111.706431814495815, 40.314941939624468 ], [ -111.706335280752754, 40.314940739287259 ], [ -111.70633266450497, 40.31506254669759 ], [ -111.706501598361726, 40.315064656296883 ] ] ] } },
{ "type": "Feature", "properties": { "type": "Feature", "properties": { "height": 5.9279789924621582, "confidence": 0.98839998245239202 }, "id": 944 }, "geometry": { "type": "Polygon", "coordinates": [ [ [ -111.708222412590629, 40.316449914850224 ], [ -111.708220655897804, 40.316386543862947 ], [ -111.708191164773979, 40.316387019151293 ], [ -111.708189556697192, 40.316329009292296 ], [ -111.708068911012305, 40.316330947219939 ], [ -111.708072275960347, 40.316452334497704 ], [ -111.708222412590629, 40.316449914850224 ] ] ] } },
{ "type": "Feature", "properties": { "type": "Feature", "properties": { "height": 2.7182104587554932, "confidence": 0.99250000715255704 }, "id": 945 }, "geometry": { "type": "Polygon", "coordinates": [ [ [ -111.708654802557987, 40.32435451696648 ], [ -111.708603858913477, 40.324353780306708 ], [ -111.708601995921398, 40.324428664819742 ], [ -111.708561777308034, 40.32442808110163 ], [ -111.70855901243533, 40.324539217303467 ], [ -111.708650174746566, 40.324540535533096 ], [ -111.708654802557987, 40.32435451696648 ] ] ] } },
{ "type": "Feature", "properties": { "type": "Feature", "properties": { "height": 4.0857090950012207, "confidence": 0.99169999361038208 }, "id": 946 }, "geometry": { "type": "Polygon", "coordinates": [ [ [ -111.70903972778855, 40.319746706547107 ], [ -111.709293242371842, 40.319741484659026 ], [ -111.709289187476443, 40.319627045956302 ], [ -111.709035683390439, 40.319632267637019 ], [ -111.70903972778855, 40.319746706547107 ] ] ] } },
{ "type": "Feature", "properties": { "type": "Feature", "properties": { "height": 4.394014835357666, "confidence": 0.98470002412796009 }, "id": 947 }, "geometry": { "type": "Polygon", "coordinates": [ [ [ -111.709466885199916, 40.323344890352757 ], [ -111.709269718184956, 40.323332602067424 ], [ -111.709248252764681, 40.32353296851624 ], [ -111.709445420899272, 40.323545246314055 ], [ -111.709466885199916, 40.323344890352757 ] ] ] } },
{ "type": "Feature", "properties": { "type": "Feature", "properties": { "height": 4.9146957397460938, "confidence": 0.99889999628067005 }, "id": 948 }, "geometry": { "type": "Polygon", "coordinates": [ [ [ -111.709618057938002, 40.319493859139733 ], [ -111.709615421427188, 40.319391646321343 ], [ -111.709525800478048, 40.319392990185669 ], [ -111.709525410432619, 40.319377922428529 ], [ -111.709436932001267, 40.31937925388258 ], [ -111.709439967814319, 40.319496529593501 ], [ -111.709618057938002, 40.319493859139733 ] ] ] } },
{ "type": "Feature", "properties": { "type": "Feature", "properties": { "height": 5.393958568572998, "confidence": 0.98430001735687211 }, "id": 949 }, "geometry": { "type": "Polygon", "coordinates": [ [ [ -111.710861740735595, 40.31750141214053 ], [ -111.71097031864042, 40.317502710040444 ], [ -111.710972598931292, 40.317392301493662 ], [ -111.710794290596041, 40.317390170058609 ], [ -111.71079267609916, 40.317468690778249 ], [ -111.710862396320934, 40.317469527908841 ], [ -111.710861740735595, 40.31750141214053 ] ] ] } },
{ "type": "Feature", "properties": { "type": "Feature", "properties": { "height": 3.6570248603820801, "confidence": 0.99709999561309803 }, "id": 950 }, "geometry": { "type": "Polygon", "coordinates": [ [ [ -111.711409772302076, 40.322623992663068 ], [ -111.711303065620967, 40.322561843636109 ], [ -111.711247965495943, 40.322616834523934 ], [ -111.711354675779916, 40.322678979904559 ], [ -111.711409772302076, 40.322623992663068 ] ] ] } },
{ "type": "Feature", "properties": { "type": "Feature", "properties": { "height": 4.609982967376709, "confidence": 0.99659997224807706 }, "id": 951 }, "geometry": { "type": "Polygon", "coordinates": [ [ [ -111.712548410074263, 40.315736875723019 ], [ -111.712546720883878, 40.315644861520624 ], [ -111.712471633743831, 40.315645662938891 ], [ -111.712471295905758, 40.315627260083588 ], [ -111.712385482031408, 40.315628175990391 ], [ -111.712385857407057, 40.315648623606819 ], [ -111.712318815317744, 40.315649339158796 ], [ -111.712320466970553, 40.315739308596534 ], [ -111.712548410074263, 40.315736875723019 ] ] ] } },
{ "type": "Feature", "properties": { "type": "Feature", "properties": { "height": 3.763340950012207, "confidence": 0.99449998140335005 }, "id": 952 }, "geometry": { "type": "Polygon", "coordinates": [ [ [ -111.712669338354615, 40.318727094708457 ], [ -111.712578032192667, 40.318572303390958 ], [ -111.712476419054227, 40.318607147977829 ], [ -111.712567713397505, 40.318761943268193 ], [ -111.712669338354615, 40.318727094708457 ] ] ] } },
{ "type": "Feature", "properties": { "type": "Feature", "properties": { "height": 5.0258541107177734, "confidence": 0.9824000000953671 }, "id": 953 }, "geometry": { "type": "Polygon", "coordinates": [ [ [ -111.714727702494756, 40.314336044774826 ], [ -111.714709480273314, 40.313952048521038 ], [ -111.714376281703665, 40.313961241752708 ], [ -111.714368445806144, 40.31379579548927 ], [ -111.714058740778214, 40.313804340533956 ], [ -111.714054572929683, 40.313716511104616 ], [ -111.714316069254394, 40.313709296172782 ], [ -111.71431286705193, 40.313641685024756 ], [ -111.714114493891856, 40.313601328617914 ], [ -111.71405622183552, 40.313602933292067 ], [ -111.714053126164501, 40.313537571341897 ], [ -111.714046405005789, 40.313537756426832 ], [ -111.713891093986277, 40.313981755438938 ], [ -111.713780053805507, 40.313984813204755 ], [ -111.713769238999504, 40.314015730174447 ], [ -111.713722825492226, 40.314051360328975 ], [ -111.713659473286725, 40.314038472237932 ], [ -111.713658204367192, 40.314011732292627 ], [ -111.71354569889165, 40.31401483641168 ], [ -111.713557933608598, 40.314272658187321 ], [ -111.713297339485194, 40.314472706897376 ], [ -111.713389149383175, 40.314542241999597 ], [ -111.713432697726446, 40.314508811582719 ], [ -111.713482654860314, 40.31454664550558 ], [ -111.713773312636164, 40.314323518219958 ], [ -111.713874379931582, 40.314320729702487 ], [ -111.714003553303812, 40.314418563402029 ], [ -111.714057196265088, 40.314377383650729 ], [ -111.713916137489349, 40.314270548077907 ], [ -111.713931327245163, 40.314227124322464 ], [ -111.714375946653334, 40.314214856943209 ], [ -111.714382149962759, 40.314345578808563 ], [ -111.714727702494756, 40.314336044774826 ] ] ] } },
{ "type": "Feature", "properties": { "type": "Feature", "properties": { "height": 4.2668867111206046, "confidence": 0.97000002861022905 }, "id": 954 }, "geometry": { "type": "Polygon", "coordinates": [ [ [ -111.717676643535782, 40.321633025938006 ], [ -111.717831920221684, 40.321638154812149 ], [ -111.717833775963058, 40.321605496411536 ], [ -111.717873933726651, 40.321606822845084 ], [ -111.717877761193222, 40.321539464845252 ], [ -111.717682326743756, 40.321533009528636 ], [ -111.717676643535782, 40.321633025938006 ] ] ] } },
{ "type": "Feature", "properties": { "type": "Feature", "properties": { "height": 3.6324067115783691, "confidence": 0.98600000143051103 }, "id": 955 }, "geometry": { "type": "Polygon", "coordinates": [ [ [ -111.719809664913797, 40.322189206164538 ], [ -111.719807200702959, 40.322102051249189 ], [ -111.719583019252795, 40.322105747660423 ], [ -111.719585491121379, 40.322192890482661 ], [ -111.719809664913797, 40.322189206164538 ] ] ] } },
{ "type": "Feature", "properties": { "type": "Feature", "properties": { "height": 2.3470649719238281, "confidence": 0.9197999835014341 }, "id": 956 }, "geometry": { "type": "Polygon", "coordinates": [ [ [ -111.725258625457002, 40.324893871836764 ], [ -111.725259111989743, 40.324930675963103 ], [ -111.725403936566153, 40.324929563184675 ], [ -111.725403450033426, 40.324892759057718 ], [ -111.725258625457002, 40.324893871836764 ] ] ] } },
{ "type": "Feature", "properties": { "type": "Feature", "properties": { "height": 4.5347986221313477, "confidence": 0.9890000224113461 }, "id": 957 }, "geometry": { "type": "Polygon", "coordinates": [ [ [ -111.707855293647512, 40.315344766586293 ], [ -111.707777539021663, 40.315345920136842 ], [ -111.70777639133253, 40.315300943383519 ], [ -111.707673342384368, 40.31530247219608 ], [ -111.707676149310061, 40.315412869775805 ], [ -111.707856963013512, 40.315410187266039 ], [ -111.707855293647512, 40.315344766586293 ] ] ] } },
{ "type": "Feature", "properties": { "type": "Feature", "properties": { "height": 5.4092926979064941, "confidence": 0.98559999465942305 }, "id": 958 }, "geometry": { "type": "Polygon", "coordinates": [ [ [ -111.713791884663564, 40.315838070766006 ], [ -111.713905991162548, 40.315839075513104 ], [ -111.713908795391774, 40.315655035895674 ], [ -111.713794672002081, 40.315654030997123 ], [ -111.713791884663564, 40.315838070766006 ] ] ] } },
{ "type": "Feature", "properties": { "type": "Feature", "properties": { "height": 4.3046703338623047, "confidence": 0.99669998884201005 }, "id": 959 }, "geometry": { "type": "Polygon", "coordinates": [ [ [ -111.714804460748127, 40.31766187569238 ], [ -111.714807808374033, 40.317847944612708 ], [ -111.714915076549104, 40.317846822655028 ], [ -111.714911728923184, 40.317660753731623 ], [ -111.714804460748127, 40.31766187569238 ] ] ] } },
{ "type": "Feature", "properties": { "type": "Feature", "properties": { "height": 1.798756837844848, "confidence": 0.99620002508163408 }, "id": 960 }, "geometry": { "type": "Polygon", "coordinates": [ [ [ -111.721462443031342, 40.316352857089548 ], [ -111.721624684993785, 40.31634960164601 ], [ -111.721623175547293, 40.316305866353147 ], [ -111.721460929872578, 40.316309130531572 ], [ -111.721462443031342, 40.316352857089548 ] ] ] } },
{ "type": "Feature", "properties": { "type": "Feature", "properties": { "height": 5.3406534194946289, "confidence": 0.99040001630783003 }, "id": 961 }, "geometry": { "type": "Polygon", "coordinates": [ [ [ -111.707344687706254, 40.317563591823166 ], [ -111.707276279498586, 40.317564453355445 ], [ -111.707275908976044, 40.317547276604039 ], [ -111.707100300956924, 40.317549478838927 ], [ -111.707102223440899, 40.317638224013557 ], [ -111.707346237888487, 40.317635150901417 ], [ -111.707344687706254, 40.317563591823166 ] ] ] } },
{ "type": "Feature", "properties": { "type": "Feature", "properties": { "height": 4.3061580657958984, "confidence": 0.97380000352859508 }, "id": 962 }, "geometry": { "type": "Polygon", "coordinates": [ [ [ -111.708833901887672, 40.315399427659585 ], [ -111.708832812946753, 40.315335300658354 ], [ -111.7087496784047, 40.315336121423485 ], [ -111.708748927091492, 40.315291877056552 ], [ -111.708629410984102, 40.315293063386029 ], [ -111.708629991694465, 40.315327077200578 ], [ -111.708579038311626, 40.3153275802498 ], [ -111.708580307923199, 40.315401944855978 ], [ -111.708833901887672, 40.315399427659585 ] ] ] } },
{ "type": "Feature", "properties": { "type": "Feature", "properties": { "height": 2.0990676879882808, "confidence": 1.0 }, "id": 963 }, "geometry": { "type": "Polygon", "coordinates": [ [ [ -111.71189448293147, 40.317526030015856 ], [ -111.711805973988021, 40.317526478722328 ], [ -111.711806434773322, 40.317578769087973 ], [ -111.711894943675176, 40.317578315658842 ], [ -111.71189448293147, 40.317526030015856 ] ] ] } },
{ "type": "Feature", "properties": { "type": "Feature", "properties": { "height": 6.9762864112854004, "confidence": 0.99519997835159313 }, "id": 964 }, "geometry": { "type": "Polygon", "coordinates": [ [ [ -111.713543564402187, 40.31287040504079 ], [ -111.712883807998537, 40.312875475270197 ], [ -111.712886051455044, 40.313045213231298 ], [ -111.713545807858665, 40.313040143014653 ], [ -111.713543564402187, 40.31287040504079 ] ] ] } },
{ "type": "Feature", "properties": { "type": "Feature", "properties": { "height": 6.8073043823242188, "confidence": 0.98960000276565507 }, "id": 965 }, "geometry": { "type": "Polygon", "coordinates": [ [ [ -111.719554373152221, 40.325934320423862 ], [ -111.719683721977276, 40.325968449627737 ], [ -111.719733152197549, 40.325859542932157 ], [ -111.719603800574902, 40.325825419836967 ], [ -111.719554373152221, 40.325934320423862 ] ] ] } },
{ "type": "Feature", "properties": { "type": "Feature", "properties": { "height": 4.7516703605651847, "confidence": 0.98259997367858809 }, "id": 966 }, "geometry": { "type": "Polygon", "coordinates": [ [ [ -111.720810223866991, 40.319678507144346 ], [ -111.720811421056553, 40.319744710056675 ], [ -111.72088761899974, 40.319743913096481 ], [ -111.720888759399799, 40.319807297315137 ], [ -111.721001390983616, 40.319806119293766 ], [ -111.720999059288701, 40.319676522021339 ], [ -111.720810223866991, 40.319678507144346 ] ] ] } },
{ "type": "Feature", "properties": { "type": "Feature", "properties": { "height": 4.0521302223205566, "confidence": 1.0 }, "id": 967 }, "geometry": { "type": "Polygon", "coordinates": [ [ [ -111.721307136269786, 40.317692141472293 ], [ -111.72140099966488, 40.317693013029746 ], [ -111.721402665285922, 40.317588728312295 ], [ -111.721308801890814, 40.317587856753519 ], [ -111.721307136269786, 40.317692141472293 ] ] ] } },
{ "type": "Feature", "properties": { "type": "Feature", "properties": { "height": 4.9763092994689941, "confidence": 0.99540001153945912 }, "id": 968 }, "geometry": { "type": "Polygon", "coordinates": [ [ [ -111.723878679612582, 40.317314681944453 ], [ -111.72389681001188, 40.317875805781611 ], [ -111.724105895053398, 40.317871867135104 ], [ -111.724087765014403, 40.31731075441617 ], [ -111.723878679612582, 40.317314681944453 ] ] ] } },
{ "type": "Feature", "properties": { "type": "Feature", "properties": { "height": 5.0038337707519531, "confidence": 0.99839997291564908 }, "id": 969 }, "geometry": { "type": "Polygon", "coordinates": [ [ [ -111.705308711902063, 40.315520654171621 ], [ -111.705404003269521, 40.315518492911863 ], [ -111.705399195964375, 40.315394971114557 ], [ -111.70522885745207, 40.315398825400898 ], [ -111.70523164739275, 40.315470343168457 ], [ -111.705306683011415, 40.315468645323108 ], [ -111.705308711902063, 40.315520654171621 ] ] ] } },
{ "type": "Feature", "properties": { "type": "Feature", "properties": { "height": 5.2382888793945312, "confidence": 0.99390000104904108 }, "id": 970 }, "geometry": { "type": "Polygon", "coordinates": [ [ [ -111.707500961432345, 40.320500991530771 ], [ -111.707495740105401, 40.320235198682283 ], [ -111.707228644246115, 40.320238248789217 ], [ -111.707232921722294, 40.32045701704471 ], [ -111.707280145847918, 40.32045647776954 ], [ -111.70728106962116, 40.320503502580188 ], [ -111.707500961432345, 40.320500991530771 ] ] ] } },
{ "type": "Feature", "properties": { "type": "Feature", "properties": { "height": 4.5755553245544434, "confidence": 0.99940001964569003 }, "id": 971 }, "geometry": { "type": "Polygon", "coordinates": [ [ [ -111.707702652146068, 40.318363661117765 ], [ -111.707698478653555, 40.318500607380813 ], [ -111.707872728157895, 40.318503694510895 ], [ -111.70787528208615, 40.318419891610624 ], [ -111.707797539999603, 40.318418514273965 ], [ -111.707799159563862, 40.318365370916368 ], [ -111.707702652146068, 40.318363661117765 ] ] ] } },
{ "type": "Feature", "properties": { "type": "Feature", "properties": { "height": 2.3213269710540771, "confidence": 0.9980999827384941 }, "id": 972 }, "geometry": { "type": "Polygon", "coordinates": [ [ [ -111.708452706807265, 40.323837304256493 ], [ -111.708487925986077, 40.323936361278705 ], [ -111.708555388666198, 40.323922419394528 ], [ -111.708562838877114, 40.323943373750325 ], [ -111.708615309850543, 40.323932530063985 ], [ -111.708550967120019, 40.323751560384117 ], [ -111.708498496146575, 40.32376240409949 ], [ -111.708520169487386, 40.32382336235186 ], [ -111.708452706807265, 40.323837304256493 ] ] ] } },
{ "type": "Feature", "properties": { "type": "Feature", "properties": { "height": 4.2553248405456543, "confidence": 0.9934999942779541 }, "id": 973 }, "geometry": { "type": "Polygon", "coordinates": [ [ [ -111.711056685912695, 40.314281946808393 ], [ -111.711288381738001, 40.314279498557902 ], [ -111.711286709432983, 40.314187482010858 ], [ -111.711055022052065, 40.314189930175431 ], [ -111.711056685912695, 40.314281946808393 ] ] ] } },
{ "type": "Feature", "properties": { "type": "Feature", "properties": { "height": 4.1999573707580566, "confidence": 0.98640000820159912 }, "id": 974 }, "geometry": { "type": "Polygon", "coordinates": [ [ [ -111.712835394760518, 40.320462002960717 ], [ -111.712741531365424, 40.320461131439046 ], [ -111.712741041476875, 40.320491802126575 ], [ -111.712588178233389, 40.320490382791874 ], [ -111.712586839204718, 40.32057421593516 ], [ -111.71265656629825, 40.320574863350188 ], [ -111.712656370342827, 40.320587131606203 ], [ -111.712833369887889, 40.32058877504403 ], [ -111.712835394760518, 40.320462002960717 ] ] ] } },
{ "type": "Feature", "properties": { "type": "Feature", "properties": { "height": 4.9566245079040527, "confidence": 0.99639999866485607 }, "id": 975 }, "geometry": { "type": "Polygon", "coordinates": [ [ [ -111.714263447491874, 40.315630097619902 ], [ -111.71426645734833, 40.315765039181066 ], [ -111.714287908815677, 40.315764761000892 ], [ -111.714289231328351, 40.315824053419995 ], [ -111.714403062938516, 40.315822577265955 ], [ -111.714401826567979, 40.315767374045336 ], [ -111.714486426096286, 40.315766276968361 ], [ -111.714483826674808, 40.315649736547201 ], [ -111.714395339372047, 40.315650884042384 ], [ -111.714394837729301, 40.315628393762886 ], [ -111.714263447491874, 40.315630097619902 ] ] ] } },
{ "type": "Feature", "properties": { "type": "Feature", "properties": { "height": 4.9879031181335449, "confidence": 0.98769998550415006 }, "id": 976 }, "geometry": { "type": "Polygon", "coordinates": [ [ [ -111.714706672715209, 40.321768561502623 ], [ -111.71470384120741, 40.321678634296781 ], [ -111.714467942761345, 40.321682951913111 ], [ -111.714471546498558, 40.321797404692454 ], [ -111.714549285759205, 40.321795981844055 ], [ -111.714548513529806, 40.321771456264308 ], [ -111.714706672715209, 40.321768561502623 ] ] ] } },
{ "type": "Feature", "properties": { "type": "Feature", "properties": { "height": 4.1802730560302734, "confidence": 0.96579998731613104 }, "id": 977 }, "geometry": { "type": "Polygon", "coordinates": [ [ [ -111.718256018103233, 40.321705632488872 ], [ -111.718390093811323, 40.321707278006805 ], [ -111.718392683739637, 40.32158461097405 ], [ -111.718384639197126, 40.321584512242794 ], [ -111.718385416175622, 40.321547712089448 ], [ -111.718271824591071, 40.321546317970906 ], [ -111.718270107853357, 40.321627276070565 ], [ -111.718220134560156, 40.321626660078458 ], [ -111.718219487078827, 40.321657326803916 ], [ -111.718257028234802, 40.321657789551978 ], [ -111.718256018103233, 40.321705632488872 ] ] ] } },
{ "type": "Feature", "properties": { "type": "Feature", "properties": { "height": 4.7831325531005859, "confidence": 0.97409999370574907 }, "id": 978 }, "geometry": { "type": "Polygon", "coordinates": [ [ [ -111.719141639107548, 40.318103909793678 ], [ -111.719138819373455, 40.317934194544229 ], [ -111.719034230006116, 40.317935204762122 ], [ -111.719037049740194, 40.318104920009034 ], [ -111.719141639107548, 40.318103909793678 ] ] ] } },
{ "type": "Feature", "properties": { "type": "Feature", "properties": { "height": 4.4109916687011719, "confidence": 0.98509997129440308 }, "id": 979 }, "geometry": { "type": "Polygon", "coordinates": [ [ [ -111.719744890375182, 40.318896242829659 ], [ -111.719518218148039, 40.318900343366863 ], [ -111.719520731398347, 40.318981346982284 ], [ -111.71974741143319, 40.31897725840512 ], [ -111.719744890375182, 40.318896242829659 ] ] ] } },
{ "type": "Feature", "properties": { "type": "Feature", "properties": { "height": 6.4720330238342276, "confidence": 0.92860001325607311 }, "id": 980 }, "geometry": { "type": "Polygon", "coordinates": [ [ [ -111.708311722660369, 40.32357865586085 ], [ -111.70829706714207, 40.323546495194755 ], [ -111.708319633889985, 40.323540516572763 ], [ -111.708246137713459, 40.323379265809102 ], [ -111.708176732774177, 40.323397649639901 ], [ -111.708167898969251, 40.323378268232936 ], [ -111.708072170095903, 40.323403629797816 ], [ -111.708169156642299, 40.323616418323667 ], [ -111.708311722660369, 40.32357865586085 ] ] ] } },
{ "type": "Feature", "properties": { "type": "Feature", "properties": { "height": 4.7758078575134277, "confidence": 1.0 }, "id": 981 }, "geometry": { "type": "Polygon", "coordinates": [ [ [ -111.715936420375456, 40.31830228033845 ], [ -111.715831683486712, 40.318324234540633 ], [ -111.715876245394199, 40.31844782393955 ], [ -111.715980982282943, 40.318425869777563 ], [ -111.715936420375456, 40.31830228033845 ] ] ] } },
{ "type": "Feature", "properties": { "type": "Feature", "properties": { "height": 3.9021518230438232, "confidence": 0.98720002174377408 }, "id": 982 }, "geometry": { "type": "Polygon", "coordinates": [ [ [ -111.717054435053058, 40.325578384818918 ], [ -111.717323910888382, 40.325574646357005 ], [ -111.717321529261127, 40.32547448111923 ], [ -111.717052044233384, 40.325478219714213 ], [ -111.717054435053058, 40.325578384818918 ] ] ] } },
{ "type": "Feature", "properties": { "type": "Feature", "properties": { "height": 2.4221854209899902, "confidence": 0.99250000715255704 }, "id": 983 }, "geometry": { "type": "Polygon", "coordinates": [ [ [ -111.718559548731278, 40.315281480704634 ], [ -111.718605903057693, 40.315318616444124 ], [ -111.718793078349705, 40.315182778311375 ], [ -111.718746717481423, 40.3151456372563 ], [ -111.718559548731278, 40.315281480704634 ] ] ] } },
{ "type": "Feature", "properties": { "type": "Feature", "properties": { "height": 5.3598222732543936, "confidence": 0.99940001964569003 }, "id": 984 }, "geometry": { "type": "Polygon", "coordinates": [ [ [ -111.71933087596247, 40.325615488581697 ], [ -111.719329989096792, 40.325670691499731 ], [ -111.719254898509064, 40.325669990330695 ], [ -111.719253584633975, 40.325751772349356 ], [ -111.71942790206981, 40.325753400061224 ], [ -111.719430102810549, 40.325616415127257 ], [ -111.71933087596247, 40.325615488581697 ] ] ] } },
{ "type": "Feature", "properties": { "type": "Feature", "properties": { "height": 3.790431022644043, "confidence": 0.98400002717971813 }, "id": 985 }, "geometry": { "type": "Polygon", "coordinates": [ [ [ -111.719354978904235, 40.322649729761359 ], [ -111.719465973909053, 40.322648024014661 ], [ -111.719461056020961, 40.322462008888749 ], [ -111.719332362275964, 40.32246398663122 ], [ -111.719334361856824, 40.32253961921456 ], [ -111.719352070725932, 40.322539347068144 ], [ -111.719354978904235, 40.322649729761359 ] ] ] } },
{ "type": "Feature", "properties": { "type": "Feature", "properties": { "height": 4.6793746948242188, "confidence": 0.98500001430511408 }, "id": 986 }, "geometry": { "type": "Polygon", "coordinates": [ [ [ -111.719479538620845, 40.321884406018576 ], [ -111.719411971386521, 40.321778607179617 ], [ -111.71944586408145, 40.321766026910367 ], [ -111.719404695082403, 40.321701553873702 ], [ -111.719246409838647, 40.32176030612721 ], [ -111.719317136067787, 40.321871067363531 ], [ -111.719276746473739, 40.321886059124125 ], [ -111.719314753043051, 40.32194557089673 ], [ -111.719479538620845, 40.321884406018576 ] ] ] } },
{ "type": "Feature", "properties": { "type": "Feature", "properties": { "height": 5.1673421859741211, "confidence": 0.98350000381469704 }, "id": 987 }, "geometry": { "type": "Polygon", "coordinates": [ [ [ -111.719507868316882, 40.317683480504371 ], [ -111.719510359495004, 40.317855247843227 ], [ -111.719629646159476, 40.317854248439396 ], [ -111.719627977189006, 40.317738439597129 ], [ -111.71959986394387, 40.317738676635294 ], [ -111.719599052343568, 40.317682716547246 ], [ -111.719507868316882, 40.317683480504371 ] ] ] } },
{ "type": "Feature", "properties": { "type": "Feature", "properties": { "height": 4.4217286109924316, "confidence": 0.97399997711181607 }, "id": 988 }, "geometry": { "type": "Polygon", "coordinates": [ [ [ -111.722635292596792, 40.318430104419328 ], [ -111.722637417905034, 40.318567105321179 ], [ -111.722752736759105, 40.318566065324603 ], [ -111.722750611450849, 40.318429064420648 ], [ -111.722635292596792, 40.318430104419328 ] ] ] } },
{ "type": "Feature", "properties": { "type": "Feature", "properties": { "height": 2.2062869071960449, "confidence": 1.0 }, "id": 989 }, "geometry": { "type": "Polygon", "coordinates": [ [ [ -111.711708594917127, 40.319872110703535 ], [ -111.711759536691048, 40.319871335964557 ], [ -111.711758120654039, 40.319817018960244 ], [ -111.711707178809277, 40.319817790982533 ], [ -111.711708594917127, 40.319872110703535 ] ] ] } },
{ "type": "Feature", "properties": { "type": "Feature", "properties": { "height": 4.5118870735168457, "confidence": 1.0 }, "id": 990 }, "geometry": { "type": "Polygon", "coordinates": [ [ [ -111.712070431323525, 40.321712593955226 ], [ -111.712069277119795, 40.321800519219131 ], [ -111.712098778484545, 40.321800742758775 ], [ -111.712098310416877, 40.321836399318137 ], [ -111.712192178329843, 40.321837115588593 ], [ -111.712192700147114, 40.321797364476666 ], [ -111.712286568125819, 40.321798075739153 ], [ -111.712287668645658, 40.321714240021898 ], [ -111.712070431323525, 40.321712593955226 ] ] ] } },
{ "type": "Feature", "properties": { "type": "Feature", "properties": { "height": 4.0928497314453116, "confidence": 0.99639999866485607 }, "id": 991 }, "geometry": { "type": "Polygon", "coordinates": [ [ [ -111.712115563352739, 40.324896503076452 ], [ -111.712161143024602, 40.324897191351141 ], [ -111.712160134025311, 40.324936028858332 ], [ -111.712369264284462, 40.324939186822569 ], [ -111.712371919545788, 40.324836982813068 ], [ -111.71221373127284, 40.324834594092927 ], [ -111.712214527851231, 40.324803932858792 ], [ -111.712118006193165, 40.324802475333954 ], [ -111.712115563352739, 40.324896503076452 ] ] ] } },
{ "type": "Feature", "properties": { "type": "Feature", "properties": { "height": 4.078463077545166, "confidence": 0.99290001392364513 }, "id": 992 }, "geometry": { "type": "Polygon", "coordinates": [ [ [ -111.712576999706101, 40.315030724364796 ], [ -111.712460537888703, 40.315031637990955 ], [ -111.712462867306016, 40.315205459849778 ], [ -111.712579345076662, 40.315204546100837 ], [ -111.712576999706101, 40.315030724364796 ] ] ] } },
{ "type": "Feature", "properties": { "type": "Feature", "properties": { "height": 3.7003471851348873, "confidence": 0.99269998073577803 }, "id": 993 }, "geometry": { "type": "Polygon", "coordinates": [ [ [ -111.716974385255938, 40.325319462721374 ], [ -111.716969079400386, 40.325180529258127 ], [ -111.716868620759726, 40.32518275914564 ], [ -111.716869476998426, 40.325205233740867 ], [ -111.716718023601516, 40.325208595561293 ], [ -111.716722471156899, 40.325325054464692 ], [ -111.716974385255938, 40.325319462721374 ] ] ] } },
{ "type": "Feature", "properties": { "type": "Feature", "properties": { "height": 1.52781069278717, "confidence": 0.98650002479553212 }, "id": 994 }, "geometry": { "type": "Polygon", "coordinates": [ [ [ -111.717004312045461, 40.319698253867436 ], [ -111.716993014633019, 40.319532164513596 ], [ -111.716853913894639, 40.319537664812557 ], [ -111.716865211810614, 40.319703761555715 ], [ -111.717004312045461, 40.319698253867436 ] ] ] } },
{ "type": "Feature", "properties": { "type": "Feature", "properties": { "height": 4.8387365341186523, "confidence": 0.99309998750686612 }, "id": 995 }, "geometry": { "type": "Polygon", "coordinates": [ [ [ -111.718728490808473, 40.315064000578282 ], [ -111.718593164068295, 40.31496174572225 ], [ -111.718276676421283, 40.315205265562454 ], [ -111.718412003161447, 40.315307520049721 ], [ -111.718728490808473, 40.315064000578282 ] ] ] } },
{ "type": "Feature", "properties": { "type": "Feature", "properties": { "height": 4.0738534927368164, "confidence": 0.99760001897811812 }, "id": 996 }, "geometry": { "type": "Polygon", "coordinates": [ [ [ -111.719024014102231, 40.322802160106548 ], [ -111.719021080286637, 40.322883896658148 ], [ -111.719246217243935, 40.322888593875362 ], [ -111.719249151059543, 40.322806857329446 ], [ -111.719024014102231, 40.322802160106548 ] ] ] } },
{ "type": "Feature", "properties": { "type": "Feature", "properties": { "height": 4.4580860137939453, "confidence": 0.93510001897811812 }, "id": 997 }, "geometry": { "type": "Polygon", "coordinates": [ [ [ -111.720811442817649, 40.321312360334431 ], [ -111.720666913792542, 40.321317465857767 ], [ -111.720677330420358, 40.321488876852783 ], [ -111.720773683103744, 40.321485473179258 ], [ -111.720773807111229, 40.321487513783829 ], [ -111.72082198345295, 40.321485811947042 ], [ -111.720818015213766, 40.321420512568722 ], [ -111.720818015213766, 40.321420512568722 ], [ -111.720811442817649, 40.321312360334431 ] ] ] } },
{ "type": "Feature", "properties": { "type": "Feature", "properties": { "height": 5.4569554328918457, "confidence": 0.99629998207092207 }, "id": 998 }, "geometry": { "type": "Polygon", "coordinates": [ [ [ -111.706570794721003, 40.320298438611808 ], [ -111.706205088694475, 40.32030376617351 ], [ -111.706211126624851, 40.320543822610752 ], [ -111.706576810134337, 40.320538475882422 ], [ -111.706570794721003, 40.320298438611808 ] ] ] } },
{ "type": "Feature", "properties": { "type": "Feature", "properties": { "height": 4.7656817436218262, "confidence": 0.81569999456405606 }, "id": 999 }, "geometry": { "type": "Polygon", "coordinates": [ [ [ -111.708860536859376, 40.317907032073116 ], [ -111.708860340875745, 40.317980655087844 ], [ -111.708936714750649, 40.317980777356375 ], [ -111.708936560678751, 40.318036726512538 ], [ -111.70905457737247, 40.318036909149939 ], [ -111.709054735060462, 40.317979646859797 ], [ -111.709086921431464, 40.317979696670051 ], [ -111.709087143061822, 40.3178992144774 ], [ -111.708990583962986, 40.317899059893726 ], [ -111.708990561436124, 40.317907240232415 ], [ -111.708860536859376, 40.317907032073116 ] ] ] } },
{ "type": "Feature", "properties": { "type": "Feature", "properties": { "height": 4.2586374282836914, "confidence": 1.0 }, "id": 1000 }, "geometry": { "type": "Polygon", "coordinates": [ [ [ -111.709621291235067, 40.319623054287021 ], [ -111.709365438739326, 40.319626481187214 ], [ -111.709367999645366, 40.319737628897066 ], [ -111.709623842254672, 40.319734215787399 ], [ -111.709621291235067, 40.319623054287021 ] ] ] } },
{ "type": "Feature", "properties": { "type": "Feature", "properties": { "height": 4.9531288146972665, "confidence": 0.99379998445510809 }, "id": 1001 }, "geometry": { "type": "Polygon", "coordinates": [ [ [ -111.710900805536539, 40.320913993761863 ], [ -111.710793587146, 40.320916082057217 ], [ -111.710795435965352, 40.320971261090705 ], [ -111.710674815275979, 40.320973610420992 ], [ -111.710677074944087, 40.321041051398318 ], [ -111.710904914024013, 40.321036613778816 ], [ -111.710900805536539, 40.320913993761863 ] ] ] } },
{ "type": "Feature", "properties": { "type": "Feature", "properties": { "height": 3.7141289710998531, "confidence": 0.99699997901916504 }, "id": 1002 }, "geometry": { "type": "Polygon", "coordinates": [ [ [ -111.713267957788602, 40.323871218120338 ], [ -111.713041496534515, 40.323869369294073 ], [ -111.713040261635982, 40.323957290412629 ], [ -111.713266730960399, 40.32395913930236 ], [ -111.713267957788602, 40.323871218120338 ] ] ] } },
{ "type": "Feature", "properties": { "type": "Feature", "properties": { "height": 5.3643898963928223, "confidence": 0.98629999160766613 }, "id": 1003 }, "geometry": { "type": "Polygon", "coordinates": [ [ [ -111.71458442618183, 40.321966487485454 ], [ -111.714473489449574, 40.321968109478313 ], [ -111.714476691326141, 40.32209587315787 ], [ -111.714657351822495, 40.322093241387272 ], [ -111.714655526255399, 40.322020662124345 ], [ -111.714585814457834, 40.322021681371503 ], [ -111.71458442618183, 40.321966487485454 ] ] ] } },
{ "type": "Feature", "properties": { "type": "Feature", "properties": { "height": 4.785212516784668, "confidence": 0.98070001602172807 }, "id": 1004 }, "geometry": { "type": "Polygon", "coordinates": [ [ [ -111.714913772406462, 40.32256096405068 ], [ -111.714917283223045, 40.322731698690653 ], [ -111.715022940346557, 40.322730435802484 ], [ -111.715019413744145, 40.322559695710929 ], [ -111.714913772406462, 40.32256096405068 ] ] ] } },
{ "type": "Feature", "properties": { "type": "Feature", "properties": { "height": 3.8518197536468501, "confidence": 0.98290002346038807 }, "id": 1005 }, "geometry": { "type": "Polygon", "coordinates": [ [ [ -111.715750488325185, 40.317775023298104 ], [ -111.71585895475981, 40.317772349138508 ], [ -111.71585156631204, 40.31759774854406 ], [ -111.715743083621888, 40.317600417322232 ], [ -111.715750488325185, 40.317775023298104 ] ] ] } },
{ "type": "Feature", "properties": { "type": "Feature", "properties": { "height": 0.617439925670623, "confidence": 0.98820000886917103 }, "id": 1006 }, "geometry": { "type": "Polygon", "coordinates": [ [ [ -111.717896947899206, 40.319329739189477 ], [ -111.717733436952059, 40.319332880343985 ], [ -111.717739245218226, 40.31950864286754 ], [ -111.71783306297479, 40.319506840570497 ], [ -111.717831982367102, 40.31947414059988 ], [ -111.717901675557698, 40.319472801749953 ], [ -111.717896947899206, 40.319329739189477 ] ] ] } },
{ "type": "Feature", "properties": { "type": "Feature", "properties": { "height": 4.6060705184936523, "confidence": 0.95169997215270996 }, "id": 1007 }, "geometry": { "type": "Polygon", "coordinates": [ [ [ -111.720447564813696, 40.316706115797629 ], [ -111.720538959022335, 40.316728156112582 ], [ -111.720606809551114, 40.316564547136636 ], [ -111.720515428994617, 40.3165425100606 ], [ -111.720447564813696, 40.316706115797629 ] ] ] } },
{ "type": "Feature", "properties": { "type": "Feature", "properties": { "height": 0.0, "confidence": 0.97879999876022306 }, "id": 1008 }, "geometry": { "type": "Polygon", "coordinates": [ [ [ -111.722547394431842, 40.315162271877917 ], [ -111.722104876149928, 40.315165719747597 ], [ -111.722106536548964, 40.315289619049651 ], [ -111.722549054514431, 40.315286147573296 ], [ -111.722547394431842, 40.315162271877917 ] ] ] } },
{ "type": "Feature", "properties": { "type": "Feature", "properties": { "height": 5.646214485168457, "confidence": 0.97860002517700206 }, "id": 1009 }, "geometry": { "type": "Polygon", "coordinates": [ [ [ -111.705732878230606, 40.315701420766615 ], [ -111.705733957823739, 40.315771849455444 ], [ -111.705801003834949, 40.31577124835772 ], [ -111.705801223254852, 40.315785562496842 ], [ -111.705975542883976, 40.315783999643045 ], [ -111.7059742440684, 40.315699269691429 ], [ -111.705732878230606, 40.315701420766615 ] ] ] } },
{ "type": "Feature", "properties": { "type": "Feature", "properties": { "height": 4.6225576400756845, "confidence": 0.99650001525878906 }, "id": 1010 }, "geometry": { "type": "Polygon", "coordinates": [ [ [ -111.711349136646064, 40.320223750758629 ], [ -111.711239205332447, 40.320225334628127 ], [ -111.711240653637049, 40.320283769628958 ], [ -111.711226186849998, 40.320283978835477 ], [ -111.71122933986436, 40.320410724457894 ], [ -111.711353726189103, 40.320408925690714 ], [ -111.711349136646064, 40.320223750758629 ] ] ] } },
{ "type": "Feature", "properties": { "type": "Feature", "properties": { "height": 3.8230540752410889, "confidence": 0.99919998645782404 }, "id": 1011 }, "geometry": { "type": "Polygon", "coordinates": [ [ [ -111.713036760187819, 40.316799166633025 ], [ -111.712995150616663, 40.316799490825069 ], [ -111.712994378023453, 40.316742233260946 ], [ -111.712880440968888, 40.31674312097779 ], [ -111.712883017032254, 40.316935342743015 ], [ -111.71299697172924, 40.316934454891253 ], [ -111.712996419876944, 40.316893556717865 ], [ -111.713038020814579, 40.316893232593557 ], [ -111.713036760187819, 40.316799166633025 ] ] ] } },
{ "type": "Feature", "properties": { "type": "Feature", "properties": { "height": 5.1390104293823242, "confidence": 0.99889999628067005 }, "id": 1012 }, "geometry": { "type": "Polygon", "coordinates": [ [ [ -111.714795476099113, 40.32138507973329 ], [ -111.714901771937136, 40.321383661711096 ], [ -111.714899463821794, 40.321283488002898 ], [ -111.714978192955726, 40.321282437728229 ], [ -111.714976410117885, 40.321204751796706 ], [ -111.714791394338832, 40.321207219975861 ], [ -111.714795476099113, 40.32138507973329 ] ] ] } },
{ "type": "Feature", "properties": { "type": "Feature", "properties": { "height": 5.1641578674316406, "confidence": 0.97780001163482611 }, "id": 1013 }, "geometry": { "type": "Polygon", "coordinates": [ [ [ -111.718879235714112, 40.324816077713031 ], [ -111.719045491809993, 40.324818064861283 ], [ -111.719046316601393, 40.324777955681448 ], [ -111.719133390983373, 40.324778991777876 ], [ -111.719135332032806, 40.324684176169868 ], [ -111.719099215897174, 40.324683744496916 ], [ -111.719098485266656, 40.324719274732139 ], [ -111.718881279483782, 40.324716690202266 ], [ -111.718879235714112, 40.324816077713031 ] ] ] } },
{ "type": "Feature", "properties": { "type": "Feature", "properties": { "height": 5.3643722534179688, "confidence": 0.99500000476837103 }, "id": 1014 }, "geometry": { "type": "Polygon", "coordinates": [ [ [ -111.720885427568547, 40.323495679977441 ], [ -111.720887604280236, 40.323577443332383 ], [ -111.72103659233494, 40.32357514579838 ], [ -111.721034423126085, 40.323493382324948 ], [ -111.720885427568547, 40.323495679977441 ] ] ] } },
{ "type": "Feature", "properties": { "type": "Feature", "properties": { "height": 4.1981620788574219, "confidence": 0.9689999818801881 }, "id": 1015 }, "geometry": { "type": "Polygon", "coordinates": [ [ [ -111.720940242693587, 40.317771532279139 ], [ -111.72093656396703, 40.317605926475494 ], [ -111.720821261919639, 40.317607409352433 ], [ -111.720824940646153, 40.317773015152476 ], [ -111.720940242693587, 40.317771532279139 ] ] ] } },
{ "type": "Feature", "properties": { "type": "Feature", "properties": { "height": 7.9126458168029776, "confidence": 0.97619998455047607 }, "id": 1016 }, "geometry": { "type": "Polygon", "coordinates": [ [ [ -111.72557421273963, 40.322729238139082 ], [ -111.725575434251525, 40.322869304752373 ], [ -111.725722949157301, 40.322868549096007 ], [ -111.725723190023999, 40.322896168428336 ], [ -111.725784878104236, 40.322895855718244 ], [ -111.725784637208804, 40.322868233094248 ], [ -111.725924105847, 40.322867518655492 ], [ -111.725922875367246, 40.322726423722592 ], [ -111.72578340672905, 40.322727138162847 ], [ -111.725783192732592, 40.322702599883812 ], [ -111.725708094235088, 40.322702984582534 ], [ -111.725708317261848, 40.322728558332862 ], [ -111.72557421273963, 40.322729238139082 ] ] ] } },
{ "type": "Feature", "properties": { "type": "Feature", "properties": { "height": 4.2763190269470206, "confidence": 0.95609998703002907 }, "id": 1017 }, "geometry": { "type": "Polygon", "coordinates": [ [ [ -111.712706990265531, 40.319977379004598 ], [ -111.712705241273611, 40.320066412296462 ], [ -111.712652689836005, 40.320065812182676 ], [ -111.712651138218874, 40.320144430542058 ], [ -111.712817397531694, 40.320146338018425 ], [ -111.712820706367097, 40.319978683661219 ], [ -111.712706990265531, 40.319977379004598 ] ] ] } },
{ "type": "Feature", "properties": { "type": "Feature", "properties": { "height": 2.0, "confidence": 0.91909998655319203 }, "id": 1018 }, "geometry": { "type": "Polygon", "coordinates": [ [ [ -111.720697908779954, 40.318834753163536 ], [ -111.720676462897202, 40.318834369781385 ], [ -111.720675433672994, 40.318867839427519 ], [ -111.720696879520574, 40.318868223953274 ], [ -111.720697908779954, 40.318834753163536 ] ] ] } },
{ "type": "Feature", "properties": { "type": "Feature", "properties": { "height": 4.303987979888916, "confidence": 0.98589998483657804 }, "id": 1019 }, "geometry": { "type": "Polygon", "coordinates": [ [ [ -111.723550822240128, 40.323346815065982 ], [ -111.72355168362165, 40.323383612053661 ], [ -111.72355704633155, 40.323383539084659 ], [ -111.723558912658177, 40.323463265822575 ], [ -111.723585726207659, 40.323462900978008 ], [ -111.723587044550797, 40.323519218608041 ], [ -111.723675529153596, 40.323518009901989 ], [ -111.723671483212797, 40.323345173262631 ], [ -111.723550822240128, 40.323346815065982 ] ] ] } },
{ "type": "Feature", "properties": { "type": "Feature", "properties": { "height": 3.368115901947021, "confidence": 0.95859998464584306 }, "id": 1020 }, "geometry": { "type": "Polygon", "coordinates": [ [ [ -111.706306015870354, 40.314839545780075 ], [ -111.706392896195297, 40.314837640178432 ], [ -111.706390429282663, 40.314772248285841 ], [ -111.706303554955014, 40.314774153757796 ], [ -111.706306015870354, 40.314839545780075 ] ] ] } },
{ "type": "Feature", "properties": { "type": "Feature", "properties": { "height": 3.9741322994232169, "confidence": 0.97829997539520208 }, "id": 1021 }, "geometry": { "type": "Polygon", "coordinates": [ [ [ -111.707040392452626, 40.314079513922415 ], [ -111.707143405515339, 40.314033461263968 ], [ -111.707068506970856, 40.313936051588279 ], [ -111.706858919349358, 40.314029749197225 ], [ -111.706919774416718, 40.314108894459622 ], [ -111.707026347728004, 40.314061250189106 ], [ -111.707040392452626, 40.314079513922415 ] ] ] } },
{ "type": "Feature", "properties": { "type": "Feature", "properties": { "height": 2.3485424518585201, "confidence": 0.93029999732971103 }, "id": 1022 }, "geometry": { "type": "Polygon", "coordinates": [ [ [ -111.70928730352874, 40.325048617671804 ], [ -111.709239735487671, 40.325058305815638 ], [ -111.709299245302233, 40.325228179336101 ], [ -111.709346813343302, 40.325218491216646 ], [ -111.70928730352874, 40.325048617671804 ] ] ] } },
{ "type": "Feature", "properties": { "type": "Feature", "properties": { "height": 4.4664998054504395, "confidence": 0.99419999122619607 }, "id": 1023 }, "geometry": { "type": "Polygon", "coordinates": [ [ [ -111.710116175490683, 40.316748609662127 ], [ -111.70998210413957, 40.31675035541344 ], [ -111.709984851626388, 40.316873027243268 ], [ -111.710017028750656, 40.316872608263708 ], [ -111.710018494076948, 40.316938033148908 ], [ -111.710163291136155, 40.316936147742695 ], [ -111.710161642644053, 40.31686254474036 ], [ -111.710118739811705, 40.316863103379845 ], [ -111.710116175490683, 40.316748609662127 ] ] ] } },
{ "type": "Feature", "properties": { "type": "Feature", "properties": { "height": 4.9450573921203613, "confidence": 0.98849999904632513 }, "id": 1024 }, "geometry": { "type": "Polygon", "coordinates": [ [ [ -111.710988805050306, 40.313909513558826 ], [ -111.711243551171179, 40.313906441066088 ], [ -111.711242236301644, 40.313843055237918 ], [ -111.711212739382376, 40.31384341100059 ], [ -111.711211831071111, 40.313799624065531 ], [ -111.711053620497452, 40.313801540689425 ], [ -111.71105412947864, 40.313826077134024 ], [ -111.710987091099952, 40.313826889262486 ], [ -111.710988805050306, 40.313909513558826 ] ] ] } },
{ "type": "Feature", "properties": { "type": "Feature", "properties": { "height": 3.7398829460144039, "confidence": 0.99849998950958208 }, "id": 1025 }, "geometry": { "type": "Polygon", "coordinates": [ [ [ -111.712611567973937, 40.320928535131635 ], [ -111.712479166302757, 40.320930011753966 ], [ -111.712478028747384, 40.320870719356471 ], [ -111.712381489879121, 40.320871796016391 ], [ -111.71238288025981, 40.320944266330251 ], [ -111.712432149895704, 40.320943719475146 ], [ -111.712433516241205, 40.321015279327476 ], [ -111.712613186168511, 40.321013285131386 ], [ -111.712611567973937, 40.320928535131635 ] ] ] } },
{ "type": "Feature", "properties": { "type": "Feature", "properties": { "height": 5.1910829544067383, "confidence": 0.99739998579025213 }, "id": 1026 }, "geometry": { "type": "Polygon", "coordinates": [ [ [ -111.713395257087441, 40.318992254302557 ], [ -111.713393931640951, 40.318927792949161 ], [ -111.713199675131904, 40.318930114970193 ], [ -111.713201406463867, 40.319013941788825 ], [ -111.713316712984522, 40.319012563488393 ], [ -111.713316313101771, 40.318993202161501 ], [ -111.713395257087441, 40.318992254302557 ] ] ] } },
{ "type": "Feature", "properties": { "type": "Feature", "properties": { "height": 4.8822007179260254, "confidence": 0.99250000715255704 }, "id": 1027 }, "geometry": { "type": "Polygon", "coordinates": [ [ [ -111.713447740541866, 40.31721820889905 ], [ -111.71341980453461, 40.31706784251768 ], [ -111.713309367866572, 40.317079770810359 ], [ -111.713337303873828, 40.31723013716519 ], [ -111.713447740541866, 40.31721820889905 ] ] ] } },
{ "type": "Feature", "properties": { "type": "Feature", "properties": { "height": 5.4438924789428711, "confidence": 0.9936000108718871 }, "id": 1028 }, "geometry": { "type": "Polygon", "coordinates": [ [ [ -111.713613406237002, 40.323156544415937 ], [ -111.713644160942522, 40.32317283366811 ], [ -111.713703833474241, 40.323107346149172 ], [ -111.713577192298317, 40.323040277225424 ], [ -111.713476049585708, 40.323151276197073 ], [ -111.713571931902976, 40.323202060327183 ], [ -111.713613406237002, 40.323156544415937 ] ] ] } },
{ "type": "Feature", "properties": { "type": "Feature", "properties": { "height": 5.292168140411377, "confidence": 0.98030000925064009 }, "id": 1029 }, "geometry": { "type": "Polygon", "coordinates": [ [ [ -111.713820939437426, 40.324849612776042 ], [ -111.713823982501651, 40.324929295629111 ], [ -111.714024977793443, 40.324924834105651 ], [ -111.714019631991917, 40.324784853840939 ], [ -111.713884370114897, 40.324787849058531 ], [ -111.713886667596185, 40.324848153796289 ], [ -111.713820939437426, 40.324849612776042 ] ] ] } },
{ "type": "Feature", "properties": { "type": "Feature", "properties": { "height": 4.7599329948425293, "confidence": 0.99889999628067005 }, "id": 1030 }, "geometry": { "type": "Polygon", "coordinates": [ [ [ -111.716294197068365, 40.316668021950328 ], [ -111.716453721335796, 40.316666830126962 ], [ -111.716453933068678, 40.316683189592204 ], [ -111.716515617911384, 40.316682728738051 ], [ -111.716514321047569, 40.316582526950569 ], [ -111.716293119632624, 40.316584179572743 ], [ -111.716294197068365, 40.316668021950328 ] ] ] } },
{ "type": "Feature", "properties": { "type": "Feature", "properties": { "height": 5.131798267364502, "confidence": 0.96499997377395608 }, "id": 1031 }, "geometry": { "type": "Polygon", "coordinates": [ [ [ -111.716912412131748, 40.317621297446728 ], [ -111.716913971610495, 40.317748082514264 ], [ -111.717136575379357, 40.317746490718065 ], [ -111.717135720181318, 40.317676963450808 ], [ -111.717033805202817, 40.317677692225722 ], [ -111.717033100922066, 40.317620434423084 ], [ -111.716912412131748, 40.317621297446728 ] ] ] } },
{ "type": "Feature", "properties": { "type": "Feature", "properties": { "height": 1.537037014961242, "confidence": 0.9846000075340271 }, "id": 1032 }, "geometry": { "type": "Polygon", "coordinates": [ [ [ -111.719970474466024, 40.31599231871801 ], [ -111.719938311553648, 40.315991654473805 ], [ -111.719936351457335, 40.316046833063261 ], [ -111.719968514369739, 40.316047497306926 ], [ -111.719970474466024, 40.31599231871801 ] ] ] } },
{ "type": "Feature", "properties": { "type": "Feature", "properties": { "height": 5.379310131072998, "confidence": 0.97930002212524403 }, "id": 1033 }, "geometry": { "type": "Polygon", "coordinates": [ [ [ -111.720715988792804, 40.319337381431218 ], [ -111.720490735193053, 40.319334773047956 ], [ -111.720489187573008, 40.319412466994578 ], [ -111.720714441172774, 40.319415075374856 ], [ -111.720715988792804, 40.319337381431218 ] ] ] } },
{ "type": "Feature", "properties": { "type": "Feature", "properties": { "height": 3.8373680114746089, "confidence": 0.96289998292922907 }, "id": 1034 }, "geometry": { "type": "Polygon", "coordinates": [ [ [ -111.723571509729567, 40.317728982089413 ], [ -111.723461555654637, 40.31773000892202 ], [ -111.723464132420503, 40.31789041821979 ], [ -111.72357408658965, 40.317889397256366 ], [ -111.723571509729567, 40.317728982089413 ] ] ] } },
{ "type": "Feature", "properties": { "type": "Feature", "properties": { "height": 8.6236581802368164, "confidence": 0.9735000133514401 }, "id": 1035 }, "geometry": { "type": "Polygon", "coordinates": [ [ [ -111.725888285699995, 40.32480005532787 ], [ -111.725932465791573, 40.324799819588897 ], [ -111.725932740468707, 40.324829443927591 ], [ -111.726054846411216, 40.32482878587173 ], [ -111.726054883954305, 40.324832875437082 ], [ -111.726266767983688, 40.324831733547342 ], [ -111.726266458646549, 40.324798037448296 ], [ -111.726309371888718, 40.324797808469043 ], [ -111.726308602255571, 40.32471397224522 ], [ -111.726264265926346, 40.324714208818179 ], [ -111.726263990621447, 40.32468451672019 ], [ -111.725887243672148, 40.32468654709696 ], [ -111.725888285699995, 40.32480005532787 ] ] ] } },
{ "type": "Feature", "properties": { "type": "Feature", "properties": { "height": 3.6659202575683589, "confidence": 0.96060001850128107 }, "id": 1036 }, "geometry": { "type": "Polygon", "coordinates": [ [ [ -111.704458831983274, 40.317291461769678 ], [ -111.70441957836303, 40.317178747547231 ], [ -111.704296806767545, 40.317203604561136 ], [ -111.704360011749259, 40.317385093404134 ], [ -111.704491541877786, 40.317358463160588 ], [ -111.704467596413537, 40.31728968727743 ], [ -111.704458831983274, 40.317291461769678 ] ] ] } },
{ "type": "Feature", "properties": { "type": "Feature", "properties": { "height": 4.4591374397277832, "confidence": 0.99659997224807706 }, "id": 1037 }, "geometry": { "type": "Polygon", "coordinates": [ [ [ -111.704796619102538, 40.31666820900427 ], [ -111.706023780010753, 40.316667161203803 ], [ -111.706023546293906, 40.316497415306401 ], [ -111.704796369804598, 40.316498463122805 ], [ -111.704796619102538, 40.31666820900427 ] ] ] } },
{ "type": "Feature", "properties": { "type": "Feature", "properties": { "height": 4.9962062835693359, "confidence": 0.97899997234344405 }, "id": 1038 }, "geometry": { "type": "Polygon", "coordinates": [ [ [ -111.70678812038831, 40.31627440044582 ], [ -111.706790619860698, 40.316415489423697 ], [ -111.706924705845893, 40.316414108405425 ], [ -111.706923655343004, 40.316354810174069 ], [ -111.706957257350055, 40.31635446408999 ], [ -111.706955815886829, 40.316272673262858 ], [ -111.70678812038831, 40.31627440044582 ] ] ] } },
{ "type": "Feature", "properties": { "type": "Feature", "properties": { "height": 4.9596104621887207, "confidence": 0.99970000982284513 }, "id": 1039 }, "geometry": { "type": "Polygon", "coordinates": [ [ [ -111.7080754166128, 40.318046156143346 ], [ -111.70818264245689, 40.318044182053995 ], [ -111.708178604920846, 40.317916688316338 ], [ -111.707996320678035, 40.317920034552756 ], [ -111.707998610886278, 40.317992352746714 ], [ -111.70807366897715, 40.317990970883073 ], [ -111.7080754166128, 40.318046156143346 ] ] ] } },
{ "type": "Feature", "properties": { "type": "Feature", "properties": { "height": 4.5652360916137686, "confidence": 0.9801999926567071 }, "id": 1040 }, "geometry": { "type": "Polygon", "coordinates": [ [ [ -111.71157727860799, 40.313911120923777 ], [ -111.711807945644381, 40.313910493110427 ], [ -111.711807346612787, 40.313782526204939 ], [ -111.711705423943343, 40.31378279817207 ], [ -111.711705563456448, 40.313812601394318 ], [ -111.711576819064021, 40.313812951802255 ], [ -111.71157727860799, 40.313911120923777 ] ] ] } },
{ "type": "Feature", "properties": { "type": "Feature", "properties": { "height": 3.8260293006896973, "confidence": 0.99390000104904108 }, "id": 1041 }, "geometry": { "type": "Polygon", "coordinates": [ [ [ -111.717736522007215, 40.318171098383864 ], [ -111.717740670152949, 40.318351858962934 ], [ -111.717854526498911, 40.318350340012799 ], [ -111.717850395079566, 40.318169585283215 ], [ -111.717736522007215, 40.318171098383864 ] ] ] } },
{ "type": "Feature", "properties": { "type": "Feature", "properties": { "height": 4.0836167335510254, "confidence": 0.99559998512268011 }, "id": 1042 }, "geometry": { "type": "Polygon", "coordinates": [ [ [ -111.717920562981192, 40.318750764887561 ], [ -111.717917068981379, 40.318600315847931 ], [ -111.717738884019155, 40.318602731027497 ], [ -111.717740552363537, 40.318674285913765 ], [ -111.717794179596197, 40.318673559032824 ], [ -111.717796018902575, 40.318752446350487 ], [ -111.717920562981192, 40.318750764887561 ] ] ] } },
{ "type": "Feature", "properties": { "type": "Feature", "properties": { "height": 3.632796049118042, "confidence": 0.97439998388290405 }, "id": 1043 }, "geometry": { "type": "Polygon", "coordinates": [ [ [ -111.722648076109436, 40.318311677607063 ], [ -111.722760646302817, 40.318314002381882 ], [ -111.72276558284166, 40.318175038662474 ], [ -111.722653012648294, 40.31817271388288 ], [ -111.722648076109436, 40.318311677607063 ] ] ] } },
{ "type": "Feature", "properties": { "type": "Feature", "properties": { "height": 5.5454401969909668, "confidence": 0.99250000715255704 }, "id": 1044 }, "geometry": { "type": "Polygon", "coordinates": [ [ [ -111.724251958378531, 40.318287813365231 ], [ -111.724258355722768, 40.31846560144502 ], [ -111.724455237008328, 40.318461482973689 ], [ -111.724448855971602, 40.318283694541904 ], [ -111.724251958378531, 40.318287813365231 ] ] ] } },
{ "type": "Feature", "properties": { "type": "Feature", "properties": { "height": 4.4481329917907706, "confidence": 0.98360002040863004 }, "id": 1045 }, "geometry": { "type": "Polygon", "coordinates": [ [ [ -111.712014437039954, 40.321222296423933 ], [ -111.711907182574691, 40.321223750130976 ], [ -111.711908469583221, 40.321278947478426 ], [ -111.711860205073862, 40.32127960164604 ], [ -111.711862254754138, 40.321367508438726 ], [ -111.712095533216086, 40.321364346632599 ], [ -111.71209348353581, 40.321276439835813 ], [ -111.712015724048499, 40.32127749377257 ], [ -111.712014437039954, 40.321222296423933 ] ] ] } },
{ "type": "Feature", "properties": { "type": "Feature", "properties": { "height": 4.4426922798156738, "confidence": 1.0 }, "id": 1046 }, "geometry": { "type": "Polygon", "coordinates": [ [ [ -111.716266424399436, 40.323720051479356 ], [ -111.716492888557767, 40.32372115112458 ], [ -111.716493606012065, 40.323635268020588 ], [ -111.716267149737519, 40.323634168412241 ], [ -111.716266424399436, 40.323720051479356 ] ] ] } },
{ "type": "Feature", "properties": { "type": "Feature", "properties": { "height": 4.4323530197143555, "confidence": 0.91119998693466109 }, "id": 1047 }, "geometry": { "type": "Polygon", "coordinates": [ [ [ -111.716279367305702, 40.317098398800134 ], [ -111.716306015261296, 40.317100041280554 ], [ -111.716309461889381, 40.317067531821756 ], [ -111.716317456276045, 40.317068024566105 ], [ -111.716320472075623, 40.31703957877702 ], [ -111.716285829733337, 40.317037443550561 ], [ -111.716279367305702, 40.317098398800134 ] ] ] } },
{ "type": "Feature", "properties": { "type": "Feature", "properties": { "height": 4.6560444831848145, "confidence": 0.93910002708435003 }, "id": 1048 }, "geometry": { "type": "Polygon", "coordinates": [ [ [ -111.718363022488859, 40.320570923911831 ], [ -111.718226243054986, 40.320571945746941 ], [ -111.718228212227075, 40.320724084178536 ], [ -111.718364991566489, 40.320723055047644 ], [ -111.718363022488859, 40.320570923911831 ] ] ] } },
{ "type": "Feature", "properties": { "type": "Feature", "properties": { "height": 3.8074162006378169, "confidence": 0.97659999132156305 }, "id": 1049 }, "geometry": { "type": "Polygon", "coordinates": [ [ [ -111.725150221530015, 40.325161877746311 ], [ -111.725083182855201, 40.325162679010781 ], [ -111.725085062401206, 40.325253673580491 ], [ -111.725201742215475, 40.325252272767642 ], [ -111.725200481017566, 40.325190941749078 ], [ -111.725150834175253, 40.325191537790467 ], [ -111.725150221530015, 40.325161877746311 ] ] ] } },
{ "type": "Feature", "properties": { "type": "Feature", "properties": { "height": 3.242496013641357, "confidence": 0.97100001573562611 }, "id": 1050 }, "geometry": { "type": "Polygon", "coordinates": [ [ [ -111.708163745806488, 40.323948258417765 ], [ -111.708110014928209, 40.323806745198951 ], [ -111.708013494732285, 40.323828041531115 ], [ -111.708023524496241, 40.323854457346158 ], [ -111.707983926467136, 40.323863194297559 ], [ -111.707996379453149, 40.323895992236807 ], [ -111.707945789495284, 40.323907157151503 ], [ -111.707916148296746, 40.323829071020214 ], [ -111.707820714853796, 40.323850127562984 ], [ -111.707841767670629, 40.323905575230206 ], [ -111.707823350299677, 40.323909639838405 ], [ -111.707843404977595, 40.323962471394282 ], [ -111.707826080839851, 40.323966294728947 ], [ -111.70784227752452, 40.324008962848652 ], [ -111.708063643552038, 40.32396012050291 ], [ -111.708067225610563, 40.323969554705293 ], [ -111.708163745806488, 40.323948258417765 ] ] ] } },
{ "type": "Feature", "properties": { "type": "Feature", "properties": { "height": 2.5160892009735099, "confidence": 0.99879997968673706 }, "id": 1051 }, "geometry": { "type": "Polygon", "coordinates": [ [ [ -111.70822303607855, 40.324316102637063 ], [ -111.708210246308624, 40.324276319640127 ], [ -111.708102826041468, 40.324296392555617 ], [ -111.708086470674743, 40.324245504103168 ], [ -111.708014240577967, 40.324258997416763 ], [ -111.708029361208347, 40.324306030640756 ], [ -111.7079902550974, 40.324313338138765 ], [ -111.708004277861036, 40.324356968836497 ], [ -111.70822303607855, 40.324316102637063 ] ] ] } },
{ "type": "Feature", "properties": { "type": "Feature", "properties": { "height": 4.0818438529968262, "confidence": 0.9912999868392941 }, "id": 1052 }, "geometry": { "type": "Polygon", "coordinates": [ [ [ -111.710797192035585, 40.314879808288524 ], [ -111.71085861912789, 40.314989481075706 ], [ -111.710891687588543, 40.314978714367875 ], [ -111.710917842129163, 40.315025418656724 ], [ -111.711058493975784, 40.314979624056768 ], [ -111.711023621254952, 40.314917351622228 ], [ -111.710994129738737, 40.314926953727188 ], [ -111.710941425695182, 40.314832839693153 ], [ -111.710797192035585, 40.314879808288524 ] ] ] } },
{ "type": "Feature", "properties": { "type": "Feature", "properties": { "height": 3.6016905307769771, "confidence": 0.99900001287460305 }, "id": 1053 }, "geometry": { "type": "Polygon", "coordinates": [ [ [ -111.715986709060786, 40.323734344639277 ], [ -111.716211924380502, 40.32373090767031 ], [ -111.716209426405712, 40.323635764663834 ], [ -111.715984211401349, 40.32363921365021 ], [ -111.715986709060786, 40.323734344639277 ] ] ] } },
{ "type": "Feature", "properties": { "type": "Feature", "properties": { "height": 4.8115901947021484, "confidence": 0.98799997568130404 }, "id": 1054 }, "geometry": { "type": "Polygon", "coordinates": [ [ [ -111.716717204758396, 40.318383602345747 ], [ -111.716697173880945, 40.318321941631382 ], [ -111.716735081991089, 40.31831478454199 ], [ -111.716718806903145, 40.318264685164792 ], [ -111.716677017961715, 40.318272574964837 ], [ -111.716663876198197, 40.318232109400086 ], [ -111.716557731756552, 40.31825214960022 ], [ -111.716607169819341, 40.318404377029822 ], [ -111.716717204758396, 40.318383602345747 ] ] ] } },
{ "type": "Feature", "properties": { "type": "Feature", "properties": { "height": 5.3238697052001953, "confidence": 0.94779998064041104 }, "id": 1055 }, "geometry": { "type": "Polygon", "coordinates": [ [ [ -111.720170361391553, 40.324627251771012 ], [ -111.719999300389361, 40.324672542938885 ], [ -111.72003420605985, 40.32474918638011 ], [ -111.720119106139038, 40.324726707739913 ], [ -111.720130743455471, 40.324752254988674 ], [ -111.720190581790035, 40.324736411843659 ], [ -111.720167307157197, 40.324685317324452 ], [ -111.720193636024405, 40.324678346334196 ], [ -111.720170361391553, 40.324627251771012 ] ] ] } },
{ "type": "Feature", "properties": { "type": "Feature", "properties": { "height": 4.5703377723693848, "confidence": 0.99709999561309803 }, "id": 1056 }, "geometry": { "type": "Polygon", "coordinates": [ [ [ -111.721402679891128, 40.322107333402819 ], [ -111.721171043358751, 40.322104663577058 ], [ -111.721169439210499, 40.322185192059422 ], [ -111.721401082888519, 40.322187874325024 ], [ -111.721402679891128, 40.322107333402819 ] ] ] } },
{ "type": "Feature", "properties": { "type": "Feature", "properties": { "height": 1.9920254945755, "confidence": 0.98879998922348011 }, "id": 1057 }, "geometry": { "type": "Polygon", "coordinates": [ [ [ -111.722881968256488, 40.315683878119316 ], [ -111.722970391484154, 40.315681731074086 ], [ -111.722968770249125, 40.315642912370357 ], [ -111.722880347021459, 40.315645059416809 ], [ -111.722881968256488, 40.315683878119316 ] ] ] } },
{ "type": "Feature", "properties": { "type": "Feature", "properties": { "height": 2.1129326820373531, "confidence": 0.80510002374649003 }, "id": 1058 }, "geometry": { "type": "Polygon", "coordinates": [ [ [ -111.725152378140507, 40.325094086910177 ], [ -111.725085431715286, 40.32509614447136 ], [ -111.725087806701566, 40.325141058730175 ], [ -111.725154753126787, 40.325139001170342 ], [ -111.725152378140507, 40.325094086910177 ] ] ] } },
{ "type": "Feature", "properties": { "type": "Feature", "properties": { "height": 5.0257487297058097, "confidence": 0.99830001592636108 }, "id": 1059 }, "geometry": { "type": "Polygon", "coordinates": [ [ [ -111.707850940903384, 40.317270553762647 ], [ -111.707683390972491, 40.317273423898783 ], [ -111.707687463037971, 40.317411623045608 ], [ -111.707789335721586, 40.317409883402966 ], [ -111.707787709530763, 40.31735469321724 ], [ -111.707853379424847, 40.3173535717955 ], [ -111.707850940903384, 40.317270553762647 ] ] ] } },
{ "type": "Feature", "properties": { "type": "Feature", "properties": { "height": 5.4669966697692871, "confidence": 0.98790001869201605 }, "id": 1060 }, "geometry": { "type": "Polygon", "coordinates": [ [ [ -111.713445622088145, 40.323187016359157 ], [ -111.713268640572593, 40.323189150639678 ], [ -111.713269107139212, 40.323211639278732 ], [ -111.713202068686343, 40.323212447718035 ], [ -111.713203425971031, 40.323277869170084 ], [ -111.713447445939465, 40.323274926453813 ], [ -111.713445622088145, 40.323187016359157 ] ] ] } },
{ "type": "Feature", "properties": { "type": "Feature", "properties": { "height": 3.6882386207580562, "confidence": 0.98470002412796009 }, "id": 1061 }, "geometry": { "type": "Polygon", "coordinates": [ [ [ -111.718058312640309, 40.324753913880002 ], [ -111.718058460140156, 40.324785418141531 ], [ -111.717971364950202, 40.324785655152915 ], [ -111.717971862414174, 40.324894032628173 ], [ -111.718206487169596, 40.324893394146869 ], [ -111.718205975900972, 40.324784193209901 ], [ -111.718146968039733, 40.324784350638929 ], [ -111.71814682443221, 40.324753677736375 ], [ -111.718058312640309, 40.324753913880002 ] ] ] } },
{ "type": "Feature", "properties": { "type": "Feature", "properties": { "height": 2.6969470977783199, "confidence": 0.98930001258850109 }, "id": 1062 }, "geometry": { "type": "Polygon", "coordinates": [ [ [ -111.718621569003375, 40.316977495101213 ], [ -111.71862572660325, 40.316865102947951 ], [ -111.718502443309916, 40.316862445030871 ], [ -111.718499540923375, 40.316940905098399 ], [ -111.718471426845838, 40.316940300476006 ], [ -111.718470168575905, 40.31697423100028 ], [ -111.718621569003375, 40.316977495101213 ] ] ] } },
{ "type": "Feature", "properties": { "type": "Feature", "properties": { "height": 4.4027667045593262, "confidence": 0.9936000108718871 }, "id": 1063 }, "geometry": { "type": "Polygon", "coordinates": [ [ [ -111.719486641016118, 40.325349184731955 ], [ -111.719484277232056, 40.325461623502626 ], [ -111.719634442362661, 40.325463458371793 ], [ -111.719634872141583, 40.325443014973423 ], [ -111.719704591666513, 40.325443866877194 ], [ -111.719706095892761, 40.325372314935066 ], [ -111.719574701403459, 40.325370709422387 ], [ -111.719575131182381, 40.32535026599593 ], [ -111.719486641016118, 40.325349184731955 ] ] ] } },
{ "type": "Feature", "properties": { "type": "Feature", "properties": { "height": 4.7636404037475595, "confidence": 0.98280000686645508 }, "id": 1064 }, "geometry": { "type": "Polygon", "coordinates": [ [ [ -111.721204471730204, 40.317076434452787 ], [ -111.721187704246418, 40.316984130617314 ], [ -111.720920567350987, 40.317012356922618 ], [ -111.720937343147824, 40.317104659841128 ], [ -111.721204471730204, 40.317076434452787 ] ] ] } },
{ "type": "Feature", "properties": { "type": "Feature", "properties": { "height": 3.011787891387939, "confidence": 0.91799998283386208 }, "id": 1065 }, "geometry": { "type": "Polygon", "coordinates": [ [ [ -111.722172609571942, 40.318714246676087 ], [ -111.722119578266586, 40.318718593454001 ], [ -111.722125446636994, 40.318760214496741 ], [ -111.722159916729083, 40.318757387274452 ], [ -111.722164192457612, 40.318787712591437 ], [ -111.722182753276456, 40.318786190241589 ], [ -111.722172609571942, 40.318714246676087 ] ] ] } },
{ "type": "Feature", "properties": { "type": "Feature", "properties": { "height": 4.7917904853820801, "confidence": 0.97409999370574907 }, "id": 1066 }, "geometry": { "type": "Polygon", "coordinates": [ [ [ -111.722595301480709, 40.323167139075302 ], [ -111.722375371549845, 40.323165942059738 ], [ -111.722374586525603, 40.323249780040264 ], [ -111.722594516456468, 40.323250977054336 ], [ -111.722595301480709, 40.323167139075302 ] ] ] } },
{ "type": "Feature", "properties": { "type": "Feature", "properties": { "height": 4.5422062873840332, "confidence": 0.99870002269744806 }, "id": 1067 }, "geometry": { "type": "Polygon", "coordinates": [ [ [ -111.723573751419195, 40.321847702761318 ], [ -111.723723919521547, 40.32184946564697 ], [ -111.723725571106428, 40.321767686019939 ], [ -111.723575403004077, 40.321765923132162 ], [ -111.723573751419195, 40.321847702761318 ] ] ] } },
{ "type": "Feature", "properties": { "type": "Feature", "properties": { "height": 4.6200881004333496, "confidence": 0.97630000114440907 }, "id": 1068 }, "geometry": { "type": "Polygon", "coordinates": [ [ [ -111.723863569796578, 40.31941156425934 ], [ -111.724019073858287, 40.319413970722259 ], [ -111.724020488718878, 40.319360821350529 ], [ -111.72418671719862, 40.319363393778339 ], [ -111.724188922926416, 40.319280535323806 ], [ -111.723867190841844, 40.31927553926355 ], [ -111.723863569796578, 40.31941156425934 ] ] ] } },
{ "type": "Feature", "properties": { "type": "Feature", "properties": { "height": 5.730626106262207, "confidence": 0.96719998121261608 }, "id": 1069 }, "geometry": { "type": "Polygon", "coordinates": [ [ [ -111.708234980844907, 40.323096295511725 ], [ -111.708144283750556, 40.323184390750775 ], [ -111.708185774180166, 40.323209222140626 ], [ -111.708092789401135, 40.323299539284285 ], [ -111.708224860093026, 40.323378574366934 ], [ -111.708349927952028, 40.323257105518252 ], [ -111.70833568718588, 40.323248583403696 ], [ -111.708394309510496, 40.323191642862952 ], [ -111.708234980844907, 40.323096295511725 ] ] ] } },
{ "type": "Feature", "properties": { "type": "Feature", "properties": { "height": 2.5158979892730708, "confidence": 0.98479998111724809 }, "id": 1070 }, "geometry": { "type": "Polygon", "coordinates": [ [ [ -111.708568946248278, 40.325063460500104 ], [ -111.708634274777523, 40.325241766743055 ], [ -111.708686524505751, 40.325230640008208 ], [ -111.708642740491484, 40.325111136920299 ], [ -111.708677573643627, 40.325103719082911 ], [ -111.708656029128662, 40.325044915892036 ], [ -111.708568946248278, 40.325063460500104 ] ] ] } },
{ "type": "Feature", "properties": { "type": "Feature", "properties": { "height": 5.1995625495910645, "confidence": 1.0 }, "id": 1071 }, "geometry": { "type": "Polygon", "coordinates": [ [ [ -111.709086844592775, 40.321915128385626 ], [ -111.709305007183644, 40.321911601054232 ], [ -111.709302440269383, 40.321819618742161 ], [ -111.709084286118497, 40.321823145941899 ], [ -111.709086844592775, 40.321915128385626 ] ] ] } },
{ "type": "Feature", "properties": { "type": "Feature", "properties": { "height": 5.4273505210876456, "confidence": 0.97539997100830012 }, "id": 1072 }, "geometry": { "type": "Polygon", "coordinates": [ [ [ -111.710825149088791, 40.321160835360658 ], [ -111.710706148567056, 40.32114342987478 ], [ -111.710649849582467, 40.32136709773404 ], [ -111.710768848562623, 40.321384509286702 ], [ -111.710825149088791, 40.321160835360658 ] ] ] } },
{ "type": "Feature", "properties": { "type": "Feature", "properties": { "height": 4.3008794784545898, "confidence": 0.98729997873306208 }, "id": 1073 }, "geometry": { "type": "Polygon", "coordinates": [ [ [ -111.711867806067147, 40.314176551183422 ], [ -111.71174713398527, 40.314177935764455 ], [ -111.71174826383151, 40.314235188559017 ], [ -111.711651726165996, 40.314236296222887 ], [ -111.711652066180037, 40.314253525772827 ], [ -111.711603797296448, 40.314254077029219 ], [ -111.711605273157545, 40.314328863370697 ], [ -111.711653541990316, 40.314328309539512 ], [ -111.711653945506811, 40.314348756926194 ], [ -111.711817523217803, 40.314346880054408 ], [ -111.711818532009076, 40.314397998495423 ], [ -111.711831940018186, 40.314397844653591 ], [ -111.71183149615004, 40.314375352544253 ], [ -111.711871720177314, 40.314374891018595 ], [ -111.711867806067147, 40.314176551183422 ] ] ] } },
{ "type": "Feature", "properties": { "type": "Feature", "properties": { "height": 4.2523107528686523, "confidence": 1.0 }, "id": 1074 }, "geometry": { "type": "Polygon", "coordinates": [ [ [ -111.712383322280431, 40.316780336543054 ], [ -111.712497339702736, 40.3167792474108 ], [ -111.712494181544358, 40.316587035298127 ], [ -111.712380146481522, 40.316588124601999 ], [ -111.712383322280431, 40.316780336543054 ] ] ] } },
{ "type": "Feature", "properties": { "type": "Feature", "properties": { "height": 3.1649694442749019, "confidence": 0.98979997634887706 }, "id": 1075 }, "geometry": { "type": "Polygon", "coordinates": [ [ [ -111.712886319581045, 40.317480479674771 ], [ -111.713000278418704, 40.317482437868883 ], [ -111.713005869277509, 40.317293282793678 ], [ -111.71289192797407, 40.317291318814931 ], [ -111.712886319581045, 40.317480479674771 ] ] ] } },
{ "type": "Feature", "properties": { "type": "Feature", "properties": { "height": 5.1417193412780762, "confidence": 0.99819999933242809 }, "id": 1076 }, "geometry": { "type": "Polygon", "coordinates": [ [ [ -111.713017094475362, 40.322727359186175 ], [ -111.713110949941978, 40.322726267408562 ], [ -111.713109804337748, 40.322669022177962 ], [ -111.713138230746765, 40.322668691506301 ], [ -111.71313558350478, 40.322535800462759 ], [ -111.713021334186976, 40.322537129476437 ], [ -111.713021925892306, 40.322566696737923 ], [ -111.712949523026481, 40.322567535105833 ], [ -111.712951222606932, 40.322652462342148 ], [ -111.713015580641184, 40.322651713693809 ], [ -111.713017094475362, 40.322727359186175 ] ] ] } },
{ "type": "Feature", "properties": { "type": "Feature", "properties": { "height": 5.4021620750427246, "confidence": 0.96030002832412709 }, "id": 1077 }, "geometry": { "type": "Polygon", "coordinates": [ [ [ -111.713422399762607, 40.315964589572765 ], [ -111.7134243310404, 40.316048414900408 ], [ -111.71366029261452, 40.316045254252664 ], [ -111.713658361336726, 40.315961428921092 ], [ -111.713422399762607, 40.315964589572765 ] ] ] } },
{ "type": "Feature", "properties": { "type": "Feature", "properties": { "height": 4.0612144470214844, "confidence": 0.98390001058578402 }, "id": 1078 }, "geometry": { "type": "Polygon", "coordinates": [ [ [ -111.713474789926053, 40.317260893784216 ], [ -111.713401650100906, 40.317327987165093 ], [ -111.713594365555849, 40.317450132182913 ], [ -111.713667515653796, 40.317383035149703 ], [ -111.713474789926053, 40.317260893784216 ] ] ] } },
{ "type": "Feature", "properties": { "type": "Feature", "properties": { "height": 5.1812424659729004, "confidence": 0.99489998817443803 }, "id": 1079 }, "geometry": { "type": "Polygon", "coordinates": [ [ [ -111.715984560889453, 40.318498729655325 ], [ -111.715901343847108, 40.318551463695222 ], [ -111.71600885275906, 40.318650091278933 ], [ -111.716092067309361, 40.318597363335883 ], [ -111.715984560889453, 40.318498729655325 ] ] ] } },
{ "type": "Feature", "properties": { "type": "Feature", "properties": { "height": 3.8361046314239502, "confidence": 0.99040001630783003 }, "id": 1080 }, "geometry": { "type": "Polygon", "coordinates": [ [ [ -111.717841115748158, 40.317653017919419 ], [ -111.717839966273004, 40.317601905396927 ], [ -111.717911057802567, 40.317600975927668 ], [ -111.717909303470989, 40.317523284911509 ], [ -111.71772023656429, 40.317525756824558 ], [ -111.717723133241719, 40.317654560452389 ], [ -111.717841115748158, 40.317653017919419 ] ] ] } },
{ "type": "Feature", "properties": { "type": "Feature", "properties": { "height": 1.421853065490722, "confidence": 0.98339998722076405 }, "id": 1081 }, "geometry": { "type": "Polygon", "coordinates": [ [ [ -111.721360136309301, 40.31508544498805 ], [ -111.721368262258096, 40.315298766893633 ], [ -111.721562380824608, 40.315294467758591 ], [ -111.721558916553818, 40.315203742627574 ], [ -111.721569636302718, 40.315203504645375 ], [ -111.721567373511391, 40.315144244765825 ], [ -111.721570053448602, 40.315144185270213 ], [ -111.721567634602692, 40.315080838444835 ], [ -111.721360136309301, 40.31508544498805 ] ] ] } },
{ "type": "Feature", "properties": { "type": "Feature", "properties": { "height": 2.4116349220275879, "confidence": 1.0 }, "id": 1082 }, "geometry": { "type": "Polygon", "coordinates": [ [ [ -111.704802569484258, 40.313974296881966 ], [ -111.705161969603779, 40.313972474765016 ], [ -111.70516118494966, 40.313882489322417 ], [ -111.704801784830153, 40.313884311441797 ], [ -111.704802569484258, 40.313974296881966 ] ] ] } },
{ "type": "Feature", "properties": { "type": "Feature", "properties": { "height": 4.5772624015808097, "confidence": 0.99910002946853604 }, "id": 1083 }, "geometry": { "type": "Polygon", "coordinates": [ [ [ -111.711717552585583, 40.321216465906467 ], [ -111.711528916950343, 40.321219676920826 ], [ -111.711531413302751, 40.321304658802347 ], [ -111.711663742607783, 40.321302399193392 ], [ -111.711665683478202, 40.321368678173222 ], [ -111.711764875767443, 40.321366989695015 ], [ -111.711762242177798, 40.321277054958983 ], [ -111.711719348214899, 40.321277785112692 ], [ -111.711717552585583, 40.321216465906467 ] ] ] } },
{ "type": "Feature", "properties": { "type": "Feature", "properties": { "height": 4.8971843719482422, "confidence": 0.99690002202987604 }, "id": 1084 }, "geometry": { "type": "Polygon", "coordinates": [ [ [ -111.71236194808786, 40.321810560526202 ], [ -111.712577385805758, 40.321806502447444 ], [ -111.712574501670545, 40.321717498735325 ], [ -111.712501142596778, 40.321718876646145 ], [ -111.712500680323956, 40.321704570480776 ], [ -111.712358609473995, 40.321707239012255 ], [ -111.71236194808786, 40.321810560526202 ] ] ] } },
{ "type": "Feature", "properties": { "type": "Feature", "properties": { "height": 4.5088143348693848, "confidence": 1.0 }, "id": 1085 }, "geometry": { "type": "Polygon", "coordinates": [ [ [ -111.713370743014323, 40.318415418581949 ], [ -111.713484830702939, 40.318416410948785 ], [ -111.71348752307415, 40.318236467251332 ], [ -111.713373451900978, 40.318235475025524 ], [ -111.713370743014323, 40.318415418581949 ] ] ] } },
{ "type": "Feature", "properties": { "type": "Feature", "properties": { "height": 4.2959866523742685, "confidence": 0.95800000429153409 }, "id": 1086 }, "geometry": { "type": "Polygon", "coordinates": [ [ [ -111.717937372491377, 40.321609995794987 ], [ -111.718150193124771, 40.32161243741168 ], [ -111.718151662961745, 40.321537616358953 ], [ -111.718063169915766, 40.321536605830175 ], [ -111.718063748536096, 40.321507151533076 ], [ -111.717939430425574, 40.32150572527263 ], [ -111.717937372491377, 40.321609995794987 ] ] ] } },
{ "type": "Feature", "properties": { "type": "Feature", "properties": { "height": 5.2049236297607422, "confidence": 0.97289997339248613 }, "id": 1087 }, "geometry": { "type": "Polygon", "coordinates": [ [ [ -111.720938021411257, 40.32544054919758 ], [ -111.720794570673746, 40.325523161620005 ], [ -111.720900351775782, 40.325629921623339 ], [ -111.721043802513293, 40.325547309331583 ], [ -111.720938021411257, 40.32544054919758 ] ] ] } },
{ "type": "Feature", "properties": { "type": "Feature", "properties": { "height": 0.033027522265911005, "confidence": 0.96509999036788907 }, "id": 1088 }, "geometry": { "type": "Polygon", "coordinates": [ [ [ -111.722668981894344, 40.315627947606245 ], [ -111.72254843607395, 40.315624666758097 ], [ -111.722546865659581, 40.315658213524635 ], [ -111.722592405078089, 40.315659455382701 ], [ -111.722591202692257, 40.315685140411659 ], [ -111.722666208980485, 40.315687181826469 ], [ -111.722668981894344, 40.315627947606245 ] ] ] } },
{ "type": "Feature", "properties": { "type": "Feature", "properties": { "height": 7.9742016792297363, "confidence": 0.98329997062683105 }, "id": 1089 }, "geometry": { "type": "Polygon", "coordinates": [ [ [ -111.725842464599225, 40.32392589901756 ], [ -111.725848467059933, 40.323967334794162 ], [ -111.725806068544216, 40.32397090252821 ], [ -111.72581733332909, 40.32404866474868 ], [ -111.725858548317461, 40.324045194410431 ], [ -111.725863812893806, 40.324081559456161 ], [ -111.726070505657972, 40.324064155750406 ], [ -111.726069335752129, 40.324056074628736 ], [ -111.726189764857352, 40.324045934392835 ], [ -111.726185374961986, 40.324015630404837 ], [ -111.72622924285362, 40.324011936687981 ], [ -111.726217695786403, 40.323932175246775 ], [ -111.726173820325741, 40.323935867264161 ], [ -111.726169430396837, 40.323905562995328 ], [ -111.726043713248743, 40.323916141802869 ], [ -111.726042685155861, 40.323909040238355 ], [ -111.725842464599225, 40.32392589901756 ] ] ] } },
{ "type": "Feature", "properties": { "type": "Feature", "properties": { "height": 5.5683550834655762, "confidence": 0.98839998245239202 }, "id": 1090 }, "geometry": { "type": "Polygon", "coordinates": [ [ [ -111.705685751883024, 40.315778326837929 ], [ -111.705572902850449, 40.315683346143395 ], [ -111.705524288577294, 40.315716927297686 ], [ -111.705571738872038, 40.3157568643839 ], [ -111.705478926573008, 40.315820971055636 ], [ -111.705449564634506, 40.315796258268705 ], [ -111.70539880945563, 40.315831315523255 ], [ -111.705510913918033, 40.315925676625312 ], [ -111.705651539731051, 40.315828544659475 ], [ -111.705634189494674, 40.315813941651747 ], [ -111.705685751883024, 40.315778326837929 ] ] ] } },
{ "type": "Feature", "properties": { "type": "Feature", "properties": { "height": 3.3835959434509268, "confidence": 0.98970001935958807 }, "id": 1091 }, "geometry": { "type": "Polygon", "coordinates": [ [ [ -111.705929041646357, 40.315077885382607 ], [ -111.705930915915914, 40.314976799336094 ], [ -111.705857376993336, 40.314976002660927 ], [ -111.705857969902553, 40.314944182444812 ], [ -111.705749152212817, 40.31494300938796 ], [ -111.70574668788143, 40.315075919609306 ], [ -111.705929041646357, 40.315077885382607 ] ] ] } },
{ "type": "Feature", "properties": { "type": "Feature", "properties": { "height": 6.4255518913269043, "confidence": 0.99669998884201005 }, "id": 1092 }, "geometry": { "type": "Polygon", "coordinates": [ [ [ -111.707751899714111, 40.316551116858804 ], [ -111.707749966381797, 40.316485705740149 ], [ -111.707664179263674, 40.316487179871608 ], [ -111.707666572303154, 40.316568144415953 ], [ -111.707709465929838, 40.316567409638985 ], [ -111.707712691569753, 40.316676543691898 ], [ -111.707848125514744, 40.316674216455773 ], [ -111.707844451539614, 40.31654952648686 ], [ -111.707751899714111, 40.316551116858804 ] ] ] } },
{ "type": "Feature", "properties": { "type": "Feature", "properties": { "height": 3.4210195541381831, "confidence": 0.99390000104904108 }, "id": 1093 }, "geometry": { "type": "Polygon", "coordinates": [ [ [ -111.709804559531165, 40.314618994478337 ], [ -111.709600728780458, 40.314620419466536 ], [ -111.709601638605093, 40.314696085208965 ], [ -111.70962041249004, 40.314695953960189 ], [ -111.70962151903349, 40.314787979749042 ], [ -111.70973952631023, 40.314787154757923 ], [ -111.709738395176899, 40.314693083948981 ], [ -111.709805444765934, 40.314692615203363 ], [ -111.709804559531165, 40.314618994478337 ] ] ] } },
{ "type": "Feature", "properties": { "type": "Feature", "properties": { "height": 1.9183673858642571, "confidence": 0.9980999827384941 }, "id": 1094 }, "geometry": { "type": "Polygon", "coordinates": [ [ [ -111.709950141743761, 40.324279077878323 ], [ -111.70985810129315, 40.324283551973643 ], [ -111.709863440170622, 40.324347460579276 ], [ -111.70995548687344, 40.324342991095783 ], [ -111.709950141743761, 40.324279077878323 ] ] ] } },
{ "type": "Feature", "properties": { "type": "Feature", "properties": { "height": 4.9629049301147461, "confidence": 0.97460001707077004 }, "id": 1095 }, "geometry": { "type": "Polygon", "coordinates": [ [ [ -111.710943693580987, 40.322446578939818 ], [ -111.711176954899955, 40.322443068902203 ], [ -111.71117462652019, 40.322353125807403 ], [ -111.710941365201208, 40.322356635849687 ], [ -111.710943693580987, 40.322446578939818 ] ] ] } },
{ "type": "Feature", "properties": { "type": "Feature", "properties": { "height": 3.7989873886108398, "confidence": 0.99879997968673706 }, "id": 1096 }, "geometry": { "type": "Polygon", "coordinates": [ [ [ -111.712670374323082, 40.324023860289955 ], [ -111.712667647908077, 40.323938024423306 ], [ -111.71245319694539, 40.323941983686865 ], [ -111.71245592336038, 40.324027819548483 ], [ -111.712670374323082, 40.324023860289955 ] ] ] } },
{ "type": "Feature", "properties": { "type": "Feature", "properties": { "height": 3.791672945022583, "confidence": 0.98940002918243408 }, "id": 1097 }, "geometry": { "type": "Polygon", "coordinates": [ [ [ -111.713810927401909, 40.318767144277196 ], [ -111.713971757274066, 40.318764046019616 ], [ -111.713964036584727, 40.318531056642463 ], [ -111.713848775176345, 40.318533277068077 ], [ -111.713849791056518, 40.318563933609994 ], [ -111.713804222592756, 40.318564811452255 ], [ -111.713810927401909, 40.318767144277196 ] ] ] } },
{ "type": "Feature", "properties": { "type": "Feature", "properties": { "height": 4.1409506797790527, "confidence": 0.99769997596740712 }, "id": 1098 }, "geometry": { "type": "Polygon", "coordinates": [ [ [ -111.714354359326535, 40.321028931328797 ], [ -111.714395426651649, 40.320957852243197 ], [ -111.714304169167818, 40.320927197772406 ], [ -111.714272000913823, 40.320982865584902 ], [ -111.714149865136193, 40.320941845258567 ], [ -111.714104347077679, 40.321020627661582 ], [ -111.714281805939748, 40.321080228632567 ], [ -111.714318418291157, 40.321016860241151 ], [ -111.714354359326535, 40.321028931328797 ] ] ] } },
{ "type": "Feature", "properties": { "type": "Feature", "properties": { "height": 5.1854896545410156, "confidence": 0.97820001840591408 }, "id": 1099 }, "geometry": { "type": "Polygon", "coordinates": [ [ [ -111.715452179102158, 40.314633137234765 ], [ -111.715451578703863, 40.314587072951127 ], [ -111.715464988415107, 40.314586970615714 ], [ -111.715462177077455, 40.314371276291702 ], [ -111.715472904853925, 40.314371194995545 ], [ -111.715471918646315, 40.31429553000202 ], [ -111.715297592278915, 40.314296851065762 ], [ -111.715301990231779, 40.314634275376292 ], [ -111.715452179102158, 40.314633137234765 ] ] ] } },
{ "type": "Feature", "properties": { "type": "Feature", "properties": { "height": 4.859959602355957, "confidence": 1.0 }, "id": 1100 }, "geometry": { "type": "Polygon", "coordinates": [ [ [ -111.715565227401058, 40.323179573281102 ], [ -111.715441850681614, 40.323180165784613 ], [ -111.715443303612332, 40.323356022888525 ], [ -111.715566680331747, 40.323355430386563 ], [ -111.715565227401058, 40.323179573281102 ] ] ] } },
{ "type": "Feature", "properties": { "type": "Feature", "properties": { "height": 4.6140389442443848, "confidence": 0.99930000305175704 }, "id": 1101 }, "geometry": { "type": "Polygon", "coordinates": [ [ [ -111.717260160352765, 40.322346965243568 ], [ -111.717332559992073, 40.322346049644551 ], [ -111.71733307032423, 40.322369407843588 ], [ -111.717416195739133, 40.322368352166229 ], [ -111.717415730169989, 40.322347042795471 ], [ -111.717498855681782, 40.322345991552162 ], [ -111.717496819854688, 40.322252810483654 ], [ -111.717258169469915, 40.322255841304425 ], [ -111.717260160352765, 40.322346965243568 ] ] ] } },
{ "type": "Feature", "properties": { "type": "Feature", "properties": { "height": 3.5097827911376949, "confidence": 0.99760001897811812 }, "id": 1102 }, "geometry": { "type": "Polygon", "coordinates": [ [ [ -111.720683662014807, 40.321149158783783 ], [ -111.720685137589314, 40.321215857124514 ], [ -111.720769968558244, 40.321214761661693 ], [ -111.720766653166635, 40.321065519793265 ], [ -111.720587985390026, 40.321067827020649 ], [ -111.720589811400345, 40.32115036571475 ], [ -111.720683662014807, 40.321149158783783 ] ] ] } },
{ "type": "Feature", "properties": { "type": "Feature", "properties": { "height": 0.105074375867843, "confidence": 0.99550002813339211 }, "id": 1103 }, "geometry": { "type": "Polygon", "coordinates": [ [ [ -111.723612452951258, 40.314842280436416 ], [ -111.723613143803561, 40.314712511917229 ], [ -111.723233848825203, 40.314711337899205 ], [ -111.723233173215704, 40.314836092305093 ], [ -111.723188697603774, 40.314835954641595 ], [ -111.72318840363188, 40.314891173747078 ], [ -111.723239364763415, 40.314891331484787 ], [ -111.723239632147596, 40.314841106563748 ], [ -111.723612452951258, 40.314842280436416 ] ] ] } },
{ "type": "Feature", "properties": { "type": "Feature", "properties": { "height": 4.7902050018310547, "confidence": 0.97530001401901212 }, "id": 1104 }, "geometry": { "type": "Polygon", "coordinates": [ [ [ -111.704144723242734, 40.314653394525031 ], [ -111.704364582343061, 40.314650156176469 ], [ -111.704362717807214, 40.314576556679597 ], [ -111.70433590572182, 40.314576951600593 ], [ -111.704333885807984, 40.314497218722266 ], [ -111.704140838793052, 40.314500062156711 ], [ -111.704144723242734, 40.314653394525031 ] ] ] } },
{ "type": "Feature", "properties": { "type": "Feature", "properties": { "height": 5.2565112113952637, "confidence": 0.98860001564025812 }, "id": 1105 }, "geometry": { "type": "Polygon", "coordinates": [ [ [ -111.706996987857991, 40.318546481773978 ], [ -111.706993559546831, 40.318417695213867 ], [ -111.706832693504538, 40.318420193275784 ], [ -111.706834108363111, 40.318473343312512 ], [ -111.706832881738109, 40.318473362360557 ], [ -111.706834902130751, 40.318548998771377 ], [ -111.706996987857991, 40.318546481773978 ] ] ] } },
{ "type": "Feature", "properties": { "type": "Feature", "properties": { "height": 5.7986578941345215, "confidence": 0.99040001630783003 }, "id": 1106 }, "geometry": { "type": "Polygon", "coordinates": [ [ [ -111.709374289229558, 40.321264195783449 ], [ -111.709372972426834, 40.321139459244037 ], [ -111.709273737121919, 40.321140068209104 ], [ -111.709274082512806, 40.321172786011935 ], [ -111.709204349595836, 40.321173213933115 ], [ -111.709205321007687, 40.321265232667983 ], [ -111.709374289229558, 40.321264195783449 ] ] ] } },
{ "type": "Feature", "properties": { "type": "Feature", "properties": { "height": 5.2463903427124023, "confidence": 0.96850001811981212 }, "id": 1107 }, "geometry": { "type": "Polygon", "coordinates": [ [ [ -111.710165846989128, 40.322104148138536 ], [ -111.7101727466124, 40.322341247487536 ], [ -111.710296067715163, 40.322339168053794 ], [ -111.71028916809189, 40.322102068697468 ], [ -111.710165846989128, 40.322104148138536 ] ] ] } },
{ "type": "Feature", "properties": { "type": "Feature", "properties": { "height": 5.3354735374450684, "confidence": 0.98769998550415006 }, "id": 1108 }, "geometry": { "type": "Polygon", "coordinates": [ [ [ -111.712455674488709, 40.314361601563085 ], [ -111.712461001079262, 40.314535348476987 ], [ -111.712578953820682, 40.314533246028688 ], [ -111.712573627230142, 40.314359499109393 ], [ -111.712455674488709, 40.314361601563085 ] ] ] } },
{ "type": "Feature", "properties": { "type": "Feature", "properties": { "height": 0.46551725268363903, "confidence": 0.98949998617172208 }, "id": 1109 }, "geometry": { "type": "Polygon", "coordinates": [ [ [ -111.713550314466119, 40.313044611280667 ], [ -111.713747043565235, 40.313042794949183 ], [ -111.713745913627861, 40.312971221912029 ], [ -111.713549177960303, 40.31297303830609 ], [ -111.713550314466119, 40.313044611280667 ] ] ] } },
{ "type": "Feature", "properties": { "type": "Feature", "properties": { "height": 4.8731245994567871, "confidence": 0.98919999599456709 }, "id": 1110 }, "geometry": { "type": "Polygon", "coordinates": [ [ [ -111.713962576471204, 40.325447227993607 ], [ -111.71384195470776, 40.325449564316749 ], [ -111.713847692205405, 40.325622210459429 ], [ -111.713968314182594, 40.325619880574294 ], [ -111.713962576471204, 40.325447227993607 ] ] ] } },
{ "type": "Feature", "properties": { "type": "Feature", "properties": { "height": 5.6170578002929688, "confidence": 0.99309998750686612 }, "id": 1111 }, "geometry": { "type": "Polygon", "coordinates": [ [ [ -111.717517844255468, 40.32119204192005 ], [ -111.717405235967007, 40.321190335379171 ], [ -111.717401558768657, 40.321331384099366 ], [ -111.717514167057118, 40.321333090636671 ], [ -111.717517844255468, 40.32119204192005 ] ] ] } },
{ "type": "Feature", "properties": { "type": "Feature", "properties": { "height": 6.4680852890014648, "confidence": 0.95260000228881803 }, "id": 1112 }, "geometry": { "type": "Polygon", "coordinates": [ [ [ -111.718586883584521, 40.315369565187126 ], [ -111.718621617740752, 40.315394509432551 ], [ -111.71866527007235, 40.315359166730566 ], [ -111.718630536421912, 40.315334224688925 ], [ -111.718586883584521, 40.315369565187126 ] ] ] } },
{ "type": "Feature", "properties": { "type": "Feature", "properties": { "height": 5.4891390800476074, "confidence": 0.9980000257492061 }, "id": 1113 }, "geometry": { "type": "Polygon", "coordinates": [ [ [ -111.718888847534672, 40.32399599088739 ], [ -111.719002951909758, 40.323994413958822 ], [ -111.719000102799015, 40.323874584719725 ], [ -111.718885987572406, 40.323876167890162 ], [ -111.718888847534672, 40.32399599088739 ] ] ] } },
{ "type": "Feature", "properties": { "type": "Feature", "properties": { "height": 0.51711922883987405, "confidence": 0.97839999198913508 }, "id": 1114 }, "geometry": { "type": "Polygon", "coordinates": [ [ [ -111.723489580118269, 40.3152874708735 ], [ -111.723553933589983, 40.315286615733335 ], [ -111.723547505983873, 40.315005387010473 ], [ -111.723495422956063, 40.315006076322241 ], [ -111.7234964003313, 40.315049012183373 ], [ -111.723451956973676, 40.315049600384782 ], [ -111.723452657913015, 40.315080268802788 ], [ -111.723484834688108, 40.315079842948037 ], [ -111.723489580118269, 40.3152874708735 ] ] ] } },
{ "type": "Feature", "properties": { "type": "Feature", "properties": { "height": 4.5778698921203613, "confidence": 0.99699997901916504 }, "id": 1115 }, "geometry": { "type": "Polygon", "coordinates": [ [ [ -111.707498285139437, 40.313848913301499 ], [ -111.707499466183449, 40.313938893690768 ], [ -111.707731151481994, 40.313937113216824 ], [ -111.707730151386954, 40.313861447948881 ], [ -111.707675480973236, 40.313861868084985 ], [ -111.707674853118633, 40.313814033584471 ], [ -111.707565920932737, 40.313814864903463 ], [ -111.707566364047182, 40.313848390122523 ], [ -111.707498285139437, 40.313848913301499 ] ] ] } },
{ "type": "Feature", "properties": { "type": "Feature", "properties": { "height": 4.7492828369140625, "confidence": 0.99519997835159313 }, "id": 1116 }, "geometry": { "type": "Polygon", "coordinates": [ [ [ -111.707844290221772, 40.317127214345149 ], [ -111.707843108615478, 40.317044164583706 ], [ -111.707676831351122, 40.317045548826073 ], [ -111.707678827460057, 40.317185846231261 ], [ -111.707772693728955, 40.3171850698143 ], [ -111.707771879100079, 40.317127813295912 ], [ -111.707844290221772, 40.317127214345149 ] ] ] } },
{ "type": "Feature", "properties": { "type": "Feature", "properties": { "height": 4.8619799613952637, "confidence": 0.9555000066757201 }, "id": 1117 }, "geometry": { "type": "Polygon", "coordinates": [ [ [ -111.710125151353822, 40.320098432447594 ], [ -111.710122518867436, 40.320272236356949 ], [ -111.710232474773335, 40.320273204493034 ], [ -111.71023510725972, 40.320099400586187 ], [ -111.710125151353822, 40.320098432447594 ] ] ] } },
{ "type": "Feature", "properties": { "type": "Feature", "properties": { "height": 2.880357027053833, "confidence": 0.99760001897811812 }, "id": 1118 }, "geometry": { "type": "Polygon", "coordinates": [ [ [ -111.713173082087266, 40.325752668445169 ], [ -111.713323264780911, 40.325754022715117 ], [ -111.713324216411479, 40.325692685592408 ], [ -111.71317403371782, 40.32569133132121 ], [ -111.713173082087266, 40.325752668445169 ] ] ] } },
{ "type": "Feature", "properties": { "type": "Feature", "properties": { "height": 4.0555119514465332, "confidence": 0.97649997472763006 }, "id": 1119 }, "geometry": { "type": "Polygon", "coordinates": [ [ [ -111.715681992670312, 40.316504929892709 ], [ -111.71568585626116, 40.316697127253356 ], [ -111.715794411034494, 40.316695858579621 ], [ -111.715790529805844, 40.3165036614215 ], [ -111.715681992670312, 40.316504929892709 ] ] ] } },
{ "type": "Feature", "properties": { "type": "Feature", "properties": { "height": 3.8516814708709712, "confidence": 0.99080002307891812 }, "id": 1120 }, "geometry": { "type": "Polygon", "coordinates": [ [ [ -111.717245399102751, 40.317782944367465 ], [ -111.717352658447993, 40.31778159927255 ], [ -111.717348821456611, 40.317603723684989 ], [ -111.717241562111383, 40.31760506878345 ], [ -111.717245399102751, 40.317782944367465 ] ] ] } },
{ "type": "Feature", "properties": { "type": "Feature", "properties": { "height": 4.6303572654724121, "confidence": 0.99309998750686612 }, "id": 1121 }, "geometry": { "type": "Polygon", "coordinates": [ [ [ -111.719393061379421, 40.32154285545851 ], [ -111.719412626434377, 40.321461754760563 ], [ -111.719280310096536, 40.321443199581466 ], [ -111.719235930825519, 40.321627159611609 ], [ -111.719407163733322, 40.321651172129933 ], [ -111.71943197794937, 40.321548312856599 ], [ -111.719393061379421, 40.32154285545851 ] ] ] } },
{ "type": "Feature", "properties": { "type": "Feature", "properties": { "height": 0.10284819453954601, "confidence": 0.98949998617172208 }, "id": 1122 }, "geometry": { "type": "Polygon", "coordinates": [ [ [ -111.720045439760355, 40.316181738512434 ], [ -111.720219310998729, 40.316187704727746 ], [ -111.720243149890507, 40.316198748462455 ], [ -111.72032912805517, 40.316201698715368 ], [ -111.720333891409965, 40.316120867122237 ], [ -111.720329951633161, 40.316111413041803 ], [ -111.720303832673082, 40.316099314408348 ], [ -111.720261231808252, 40.31610963572227 ], [ -111.720298487476995, 40.316062875522569 ], [ -111.720325291963348, 40.316063793862554 ], [ -111.720336089575099, 40.315880848592322 ], [ -111.720274920986327, 40.315895668531574 ], [ -111.720287775080408, 40.315879536958683 ], [ -111.720271562082061, 40.315883465913132 ], [ -111.720269316919129, 40.315921506025319 ], [ -111.720302656848276, 40.31592265005564 ], [ -111.720300392338629, 40.315961077703008 ], [ -111.720270460694522, 40.315968329540162 ], [ -111.720268600932741, 40.315999888789534 ], [ -111.720250472298034, 40.315991490395 ], [ -111.720223420206338, 40.315926574726291 ], [ -111.720223087453036, 40.315932212610292 ], [ -111.720196274516624, 40.315867870775421 ], [ -111.720054192664008, 40.315862995357605 ], [ -111.720016379419548, 40.315910450052804 ], [ -111.720013711235353, 40.315955727870119 ], [ -111.720005021919263, 40.315966633993192 ], [ -111.719999588373227, 40.316058838577824 ], [ -111.720020737555075, 40.316109589209312 ], [ -111.720020072955222, 40.316120867122237 ], [ -111.720045439760355, 40.316181738512434 ] ] ] } },
{ "type": "Feature", "properties": { "type": "Feature", "properties": { "height": 4.3466706275939941, "confidence": 0.99190002679824807 }, "id": 1123 }, "geometry": { "type": "Polygon", "coordinates": [ [ [ -111.721349861331362, 40.323246944044115 ], [ -111.721571223286418, 40.323251137249109 ], [ -111.721573935004329, 40.32316816126567 ], [ -111.721352565821491, 40.323163956106349 ], [ -111.721349861331362, 40.323246944044115 ] ] ] } },
{ "type": "Feature", "properties": { "type": "Feature", "properties": { "height": 2.795518159866333, "confidence": 1.0 }, "id": 1124 }, "geometry": { "type": "Polygon", "coordinates": [ [ [ -111.722457921099192, 40.319475783951525 ], [ -111.72235871310707, 40.319474386329858 ], [ -111.722356808946529, 40.319553259534629 ], [ -111.722456017066406, 40.31955465186244 ], [ -111.722457921099192, 40.319475783951525 ] ] ] } },
{ "type": "Feature", "properties": { "type": "Feature", "properties": { "height": 5.7547521591186523, "confidence": 0.9713000059127801 }, "id": 1125 }, "geometry": { "type": "Polygon", "coordinates": [ [ [ -111.723083088214167, 40.317996270238076 ], [ -111.723086098859781, 40.318120978412338 ], [ -111.72320407608342, 40.318119322635994 ], [ -111.723201065437806, 40.317994614458662 ], [ -111.723083088214167, 40.317996270238076 ] ] ] } },
{ "type": "Feature", "properties": { "type": "Feature", "properties": { "height": 5.7341022491455078, "confidence": 0.96950000524520807 }, "id": 1126 }, "geometry": { "type": "Polygon", "coordinates": [ [ [ -111.723899807969175, 40.319483973054353 ], [ -111.723895586020873, 40.319637283952567 ], [ -111.724004388652332, 40.319639019947985 ], [ -111.724008596533636, 40.319485708829276 ], [ -111.723899807969175, 40.319483973054353 ] ] ] } },
{ "type": "Feature", "properties": { "type": "Feature", "properties": { "height": 4.6056427955627441, "confidence": 0.96259999275207508 }, "id": 1127 }, "geometry": { "type": "Polygon", "coordinates": [ [ [ -111.723992546265919, 40.318777997915205 ], [ -111.723939080545705, 40.318880380375909 ], [ -111.724050208718339, 40.318914117096305 ], [ -111.724127641830336, 40.318765839073443 ], [ -111.724046610871156, 40.318741239329135 ], [ -111.72402264347933, 40.318787134959152 ], [ -111.723992546265919, 40.318777997915205 ] ] ] } },
{ "type": "Feature", "properties": { "type": "Feature", "properties": { "height": 4.0006747245788574, "confidence": 0.93040001392364502 }, "id": 1128 }, "geometry": { "type": "Polygon", "coordinates": [ [ [ -111.724422249546805, 40.321468127461237 ], [ -111.724602842669682, 40.321470951008322 ], [ -111.724605261797834, 40.321381009403879 ], [ -111.724424676927896, 40.321378185982049 ], [ -111.724422249546805, 40.321468127461237 ] ] ] } },
{ "type": "Feature", "properties": { "type": "Feature", "properties": { "height": 5.213111400604248, "confidence": 0.99510002136230413 }, "id": 1129 }, "geometry": { "type": "Polygon", "coordinates": [ [ [ -111.705972428407421, 40.315470345468526 ], [ -111.705971515524212, 40.315420116082358 ], [ -111.706014422628641, 40.315419662705324 ], [ -111.706013403110262, 40.315363565909102 ], [ -111.705973177660837, 40.315363988804165 ], [ -111.705972785049582, 40.315342386205067 ], [ -111.705789262221401, 40.31534432539744 ], [ -111.705791924398412, 40.315491549433041 ], [ -111.705868192976453, 40.315490743543549 ], [ -111.705867842238945, 40.315471444993932 ], [ -111.705972428407421, 40.315470345468526 ] ] ] } },
{ "type": "Feature", "properties": { "type": "Feature", "properties": { "height": 4.5723180770874023, "confidence": 1.0 }, "id": 1130 }, "geometry": { "type": "Polygon", "coordinates": [ [ [ -111.708127537874233, 40.321859543771595 ], [ -111.708010579120142, 40.321861584589136 ], [ -111.708015563968218, 40.322027140282017 ], [ -111.708132507532554, 40.322025099734532 ], [ -111.708127537874233, 40.321859543771595 ] ] ] } },
{ "type": "Feature", "properties": { "type": "Feature", "properties": { "height": 2.9170598983764653, "confidence": 0.99599999189376809 }, "id": 1131 }, "geometry": { "type": "Polygon", "coordinates": [ [ [ -111.708271291114059, 40.325141316997723 ], [ -111.708302675345919, 40.325231045766337 ], [ -111.708357766616913, 40.325219845978062 ], [ -111.708327050134699, 40.325132026318876 ], [ -111.708347083324171, 40.325127953662829 ], [ -111.708331725083056, 40.325084043787726 ], [ -111.708304179447524, 40.325089643693353 ], [ -111.70829015670563, 40.325049552046643 ], [ -111.708179974163613, 40.325071951677828 ], [ -111.708208687397004, 40.32515404404451 ], [ -111.708271291114059, 40.325141316997723 ] ] ] } },
{ "type": "Feature", "properties": { "type": "Feature", "properties": { "height": 5.2488317489624023, "confidence": 0.98949998617172208 }, "id": 1132 }, "geometry": { "type": "Polygon", "coordinates": [ [ [ -111.70849028353382, 40.317242030702133 ], [ -111.708497713808413, 40.31734062633393 ], [ -111.708592609293859, 40.317336468745559 ], [ -111.708585188419775, 40.317237877760377 ], [ -111.70849028353382, 40.317242030702133 ] ] ] } },
{ "type": "Feature", "properties": { "type": "Feature", "properties": { "height": 4.7608447074890137, "confidence": 0.84509998559951705 }, "id": 1133 }, "geometry": { "type": "Polygon", "coordinates": [ [ [ -111.708986565468024, 40.321915893595744 ], [ -111.708986822975064, 40.321922752140701 ], [ -111.709047461419402, 40.321921428729965 ], [ -111.709044553314413, 40.32184378321859 ], [ -111.70902678795575, 40.321844170941169 ], [ -111.709024333027841, 40.321778785309377 ], [ -111.708986812846248, 40.321779604174665 ], [ -111.708988500609181, 40.32182455680276 ], [ -111.708798219688077, 40.321828709616611 ], [ -111.708801644202708, 40.321919919563967 ], [ -111.708986565468024, 40.321915893595744 ] ] ] } },
{ "type": "Feature", "properties": { "type": "Feature", "properties": { "height": 4.5089287757873526, "confidence": 0.99500000476837103 }, "id": 1134 }, "geometry": { "type": "Polygon", "coordinates": [ [ [ -111.710629943416208, 40.324402939951931 ], [ -111.7107050190519, 40.324404009542619 ], [ -111.710706822830801, 40.324330418916979 ], [ -111.710631747195137, 40.324329349325119 ], [ -111.710629943416208, 40.324402939951931 ] ] ] } },
{ "type": "Feature", "properties": { "type": "Feature", "properties": { "height": 4.1118011474609366, "confidence": 0.98040002584457409 }, "id": 1135 }, "geometry": { "type": "Polygon", "coordinates": [ [ [ -111.712172513252241, 40.318982548730901 ], [ -111.712224646103195, 40.318982011809155 ], [ -111.712225298139458, 40.319018816181952 ], [ -111.712360888868147, 40.319017419719444 ], [ -111.712359270551502, 40.31892654419579 ], [ -111.712243956822803, 40.318927737978576 ], [ -111.712243135433027, 40.318881613321373 ], [ -111.712170729069456, 40.318882359043279 ], [ -111.712172513252241, 40.318982548730901 ] ] ] } },
{ "type": "Feature", "properties": { "type": "Feature", "properties": { "height": 5.6208791732788095, "confidence": 0.95300000905990612 }, "id": 1136 }, "geometry": { "type": "Polygon", "coordinates": [ [ [ -111.715024610243333, 40.322445874868123 ], [ -111.715023116245376, 40.322364092439486 ], [ -111.714779082563368, 40.322366683772891 ], [ -111.714780576561338, 40.322448466198388 ], [ -111.715024610243333, 40.322445874868123 ] ] ] } },
{ "type": "Feature", "properties": { "type": "Feature", "properties": { "height": 3.284276962280273, "confidence": 0.99370002746582009 }, "id": 1137 }, "geometry": { "type": "Polygon", "coordinates": [ [ [ -111.715822305773273, 40.318893976071173 ], [ -111.715669447175202, 40.318895534066002 ], [ -111.715671418869732, 40.319007992375781 ], [ -111.715837686116771, 40.319006297717557 ], [ -111.715836574798004, 40.318942912146227 ], [ -111.715900936312991, 40.318942256148873 ], [ -111.715899717447272, 40.318872736420886 ], [ -111.715821947283345, 40.318873529085167 ], [ -111.715822305773273, 40.318893976071173 ] ] ] } },
{ "type": "Feature", "properties": { "type": "Feature", "properties": { "height": 4.5367670059204102, "confidence": 0.94969999790191606 }, "id": 1138 }, "geometry": { "type": "Polygon", "coordinates": [ [ [ -111.718783393501866, 40.320351536531199 ], [ -111.718890623266816, 40.320353447683132 ], [ -111.718895887191579, 40.320181759648058 ], [ -111.718788657426643, 40.320179848491271 ], [ -111.718783393501866, 40.320351536531199 ] ] ] } },
{ "type": "Feature", "properties": { "type": "Feature", "properties": { "height": 4.1838335990905762, "confidence": 1.0 }, "id": 1139 }, "geometry": { "type": "Polygon", "coordinates": [ [ [ -111.719955325403163, 40.322498951788901 ], [ -111.719848106438931, 40.322501028603902 ], [ -111.719853115995562, 40.322650948709395 ], [ -111.719960334768743, 40.322648866181481 ], [ -111.719955325403163, 40.322498951788901 ] ] ] } },
{ "type": "Feature", "properties": { "type": "Feature", "properties": { "height": 3.5778863430023189, "confidence": 0.96700000762939409 }, "id": 1140 }, "geometry": { "type": "Polygon", "coordinates": [ [ [ -111.721438145060731, 40.318350798296294 ], [ -111.721433164535227, 40.318179095333242 ], [ -111.721328609525457, 40.318180858442801 ], [ -111.721333590050961, 40.318352561401348 ], [ -111.721438145060731, 40.318350798296294 ] ] ] } },
{ "type": "Feature", "properties": { "type": "Feature", "properties": { "height": 3.2694222927093501, "confidence": 0.97089999914169312 }, "id": 1141 }, "geometry": { "type": "Polygon", "coordinates": [ [ [ -111.722647186155811, 40.31935405338502 ], [ -111.72285638560453, 40.319355303696938 ], [ -111.72285723850095, 40.319272345133008 ], [ -111.722605126483103, 40.319270824892357 ], [ -111.722604000138162, 40.319380380918808 ], [ -111.72264691284559, 40.319380637392953 ], [ -111.722647186155811, 40.31935405338502 ] ] ] } },
{ "type": "Feature", "properties": { "type": "Feature", "properties": { "height": 3.335080623626709, "confidence": 0.99370002746582009 }, "id": 1142 }, "geometry": { "type": "Polygon", "coordinates": [ [ [ -111.704829212277787, 40.315991441117887 ], [ -111.705185893785426, 40.315994734090602 ], [ -111.705187387478759, 40.315900670846489 ], [ -111.705021114896255, 40.315899135774387 ], [ -111.705020497935976, 40.31593798800067 ], [ -111.704830089010855, 40.315936230096483 ], [ -111.704829212277787, 40.315991441117887 ] ] ] } },
{ "type": "Feature", "properties": { "type": "Feature", "properties": { "height": 5.784888744354248, "confidence": 0.96420001983642512 }, "id": 1143 }, "geometry": { "type": "Polygon", "coordinates": [ [ [ -111.70589567478153, 40.313913531239145 ], [ -111.705829584998924, 40.314042200230602 ], [ -111.705960724441084, 40.314081364036937 ], [ -111.706026807099974, 40.313952685994494 ], [ -111.70589567478153, 40.313913531239145 ] ] ] } },
{ "type": "Feature", "properties": { "type": "Feature", "properties": { "height": 6.2936854362487793, "confidence": 0.99099999666213912 }, "id": 1144 }, "geometry": { "type": "Polygon", "coordinates": [ [ [ -111.706818626264734, 40.316771714232004 ], [ -111.706648285529454, 40.316770241614471 ], [ -111.706647832232477, 40.316800914608784 ], [ -111.706612967969576, 40.316800613202894 ], [ -111.70661124544101, 40.316917170454673 ], [ -111.706816436926502, 40.316918944357553 ], [ -111.706818626264734, 40.316771714232004 ] ] ] } },
{ "type": "Feature", "properties": { "type": "Feature", "properties": { "height": 4.6289081573486328, "confidence": 0.98600000143051103 }, "id": 1145 }, "geometry": { "type": "Polygon", "coordinates": [ [ [ -111.708086776724059, 40.316040731389734 ], [ -111.708219396307854, 40.316038969137203 ], [ -111.7082154552931, 40.315867228674122 ], [ -111.708082851468575, 40.315868990721725 ], [ -111.708086776724059, 40.316040731389734 ] ] ] } },
{ "type": "Feature", "properties": { "type": "Feature", "properties": { "height": 4.7034130096435547, "confidence": 0.9577999711036681 }, "id": 1146 }, "geometry": { "type": "Polygon", "coordinates": [ [ [ -111.708247556656701, 40.315776989017074 ], [ -111.708246056105978, 40.315697244140409 ], [ -111.708011551473419, 40.315699797105765 ], [ -111.708013236145973, 40.315789765764237 ], [ -111.70816609089988, 40.315788101693194 ], [ -111.708165899459843, 40.315777877987784 ], [ -111.708247556656701, 40.315776989017074 ] ] ] } },
{ "type": "Feature", "properties": { "type": "Feature", "properties": { "height": 5.6886844635009775, "confidence": 0.9890999794006341 }, "id": 1147 }, "geometry": { "type": "Polygon", "coordinates": [ [ [ -111.710709444860953, 40.318119373179918 ], [ -111.710707800779772, 40.318037588858616 ], [ -111.710533498143363, 40.318039625883578 ], [ -111.710536210877336, 40.318174569956511 ], [ -111.710638110880154, 40.318173379082779 ], [ -111.71063704222739, 40.318120219327731 ], [ -111.710709444860953, 40.318119373179918 ] ] ] } },
{ "type": "Feature", "properties": { "type": "Feature", "properties": { "height": 5.1023406982421866, "confidence": 0.97960001230239813 }, "id": 1148 }, "geometry": { "type": "Polygon", "coordinates": [ [ [ -111.710873822972118, 40.316482460741689 ], [ -111.710976705246537, 40.316492612370325 ], [ -111.710986471028519, 40.316435103268361 ], [ -111.711015488847295, 40.31643796807343 ], [ -111.71103339027205, 40.316332549371367 ], [ -111.710901489920218, 40.316319534431727 ], [ -111.710873822972118, 40.316482460741689 ] ] ] } },
{ "type": "Feature", "properties": { "type": "Feature", "properties": { "height": 3.482599020004272, "confidence": 0.98940002918243408 }, "id": 1149 }, "geometry": { "type": "Polygon", "coordinates": [ [ [ -111.712164431690752, 40.317736992347058 ], [ -111.712011731282061, 40.317741050419045 ], [ -111.712017707180649, 40.317871777791119 ], [ -111.712076644180513, 40.317870211520784 ], [ -111.712077017674147, 40.31787838197333 ], [ -111.712267223446389, 40.317873327192139 ], [ -111.712263021642698, 40.317781409537162 ], [ -111.712166579279327, 40.317783972528353 ], [ -111.712164431690752, 40.317736992347058 ] ] ] } },
{ "type": "Feature", "properties": { "type": "Feature", "properties": { "height": 3.2662415504455562, "confidence": 0.99309998750686612 }, "id": 1150 }, "geometry": { "type": "Polygon", "coordinates": [ [ [ -111.712397699514995, 40.320209560146502 ], [ -111.712279687426218, 40.320210152101474 ], [ -111.712281230382914, 40.320388966508524 ], [ -111.712436791844311, 40.320388194507061 ], [ -111.712436342827544, 40.320336157668258 ], [ -111.712398793526575, 40.320336346017214 ], [ -111.712397699514995, 40.320209560146502 ] ] ] } },
{ "type": "Feature", "properties": { "type": "Feature", "properties": { "height": 4.2582573890686026, "confidence": 0.97750002145767212 }, "id": 1151 }, "geometry": { "type": "Polygon", "coordinates": [ [ [ -111.712486625181967, 40.316046643612012 ], [ -111.712368641274438, 40.316045132505373 ], [ -111.712364362360958, 40.31623936666977 ], [ -111.712482346268473, 40.316240877772053 ], [ -111.712486625181967, 40.316046643612012 ] ] ] } },
{ "type": "Feature", "properties": { "type": "Feature", "properties": { "height": 4.6428394317626953, "confidence": 0.98629999160766613 }, "id": 1152 }, "geometry": { "type": "Polygon", "coordinates": [ [ [ -111.714789295562312, 40.317265183732118 ], [ -111.714792897277405, 40.317459430363805 ], [ -111.714908209217, 40.317458187345132 ], [ -111.714904607501907, 40.317263940709857 ], [ -111.714789295562312, 40.317265183732118 ] ] ] } },
{ "type": "Feature", "properties": { "type": "Feature", "properties": { "height": 4.2112469673156738, "confidence": 0.98830002546310403 }, "id": 1153 }, "geometry": { "type": "Polygon", "coordinates": [ [ [ -111.715308788280424, 40.316497293745705 ], [ -111.71531370962856, 40.316687417090087 ], [ -111.715431680870367, 40.316685641747242 ], [ -111.715426759522217, 40.316495518397865 ], [ -111.715308788280424, 40.316497293745705 ] ] ] } },
{ "type": "Feature", "properties": { "type": "Feature", "properties": { "height": 5.1016850471496582, "confidence": 0.96189999580383312 }, "id": 1154 }, "geometry": { "type": "Polygon", "coordinates": [ [ [ -111.715699826864508, 40.323649358358757 ], [ -111.715702557510298, 40.323733148285946 ], [ -111.715927724066617, 40.323728883041767 ], [ -111.715924993420828, 40.323645093109292 ], [ -111.715699826864508, 40.323649358358757 ] ] ] } },
{ "type": "Feature", "properties": { "type": "Feature", "properties": { "height": 4.0733776092529297, "confidence": 0.99169999361038208 }, "id": 1155 }, "geometry": { "type": "Polygon", "coordinates": [ [ [ -111.716851221691201, 40.316321319540194 ], [ -111.717095203582801, 40.316325069351322 ], [ -111.717097797633656, 40.316226942357076 ], [ -111.716995915085505, 40.316225376499631 ], [ -111.716996995940022, 40.31618449020899 ], [ -111.716929967947834, 40.316183460038985 ], [ -111.716928833050588, 40.316226390644154 ], [ -111.71685376169934, 40.316225236854443 ], [ -111.716851221691201, 40.316321319540194 ] ] ] } },
{ "type": "Feature", "properties": { "type": "Feature", "properties": { "height": 4.2745018005371094, "confidence": 0.99550002813339211 }, "id": 1156 }, "geometry": { "type": "Polygon", "coordinates": [ [ [ -111.718946541685, 40.313212649946514 ], [ -111.718945931245472, 40.313318215921335 ], [ -111.719060282052396, 40.313318606490419 ], [ -111.719060097269917, 40.31335006239577 ], [ -111.719015485393484, 40.313349912403304 ], [ -111.719015206072328, 40.313398216554305 ], [ -111.719438986726814, 40.313399663989813 ], [ -111.719439230699493, 40.313357472799176 ], [ -111.719503602464329, 40.31335768922763 ], [ -111.719504430313705, 40.313214525663767 ], [ -111.718946541685, 40.313212649946514 ] ] ] } },
{ "type": "Feature", "properties": { "type": "Feature", "properties": { "height": 4.1240935325622559, "confidence": 0.99959999322891213 }, "id": 1157 }, "geometry": { "type": "Polygon", "coordinates": [ [ [ -111.721158615619473, 40.320379067961866 ], [ -111.721156597125841, 40.320446518538972 ], [ -111.7212225722093, 40.320447662723552 ], [ -111.721220498925206, 40.320517157296436 ], [ -111.72138134824317, 40.32051994685132 ], [ -111.721385433832367, 40.320383001600824 ], [ -111.721158615619473, 40.320379067961866 ] ] ] } },
{ "type": "Feature", "properties": { "type": "Feature", "properties": { "height": 5.7853827476501465, "confidence": 0.96439999341964711 }, "id": 1158 }, "geometry": { "type": "Polygon", "coordinates": [ [ [ -111.72370472870989, 40.325570891006194 ], [ -111.723562626009908, 40.325573014055976 ], [ -111.723570712290794, 40.325888722570973 ], [ -111.723712815184911, 40.325886607110519 ], [ -111.72370472870989, 40.325570891006194 ] ] ] } },
{ "type": "Feature", "properties": { "type": "Feature", "properties": { "height": 5.5856399536132812, "confidence": 0.99830001592636108 }, "id": 1159 }, "geometry": { "type": "Polygon", "coordinates": [ [ [ -111.707638491358026, 40.320825395440792 ], [ -111.707814488786283, 40.320824071234071 ], [ -111.707812662591536, 40.320682979467144 ], [ -111.707718794417431, 40.320683685733883 ], [ -111.707719561948565, 40.320742985207453 ], [ -111.70763744020195, 40.320743603093185 ], [ -111.707638491358026, 40.320825395440792 ] ] ] } },
{ "type": "Feature", "properties": { "type": "Feature", "properties": { "height": 2.939708948135376, "confidence": 0.99169999361038208 }, "id": 1160 }, "geometry": { "type": "Polygon", "coordinates": [ [ [ -111.708201280968893, 40.315219669679578 ], [ -111.708131546617352, 40.315219316141025 ], [ -111.708130886794564, 40.315294984227741 ], [ -111.708200621146105, 40.315295337765896 ], [ -111.708201280968893, 40.315219669679578 ] ] ] } },
{ "type": "Feature", "properties": { "type": "Feature", "properties": { "height": 5.1582217216491699, "confidence": 0.99650001525878906 }, "id": 1161 }, "geometry": { "type": "Polygon", "coordinates": [ [ [ -111.709564493030527, 40.321284819017613 ], [ -111.709677126205236, 40.321285948947683 ], [ -111.709679538421867, 40.321146913600565 ], [ -111.709486452979547, 40.321144976573571 ], [ -111.709485056386711, 40.321225473430488 ], [ -111.709565508579871, 40.321226284816397 ], [ -111.709564493030527, 40.321284819017613 ] ] ] } },
{ "type": "Feature", "properties": { "type": "Feature", "properties": { "height": 4.6995244026184082, "confidence": 0.99889999628067005 }, "id": 1162 }, "geometry": { "type": "Polygon", "coordinates": [ [ [ -111.716816994955153, 40.318968981394697 ], [ -111.717047621087644, 40.318966556923399 ], [ -111.71704599420012, 40.318876591261109 ], [ -111.716815368067628, 40.318879015735597 ], [ -111.716816994955153, 40.318968981394697 ] ] ] } },
{ "type": "Feature", "properties": { "type": "Feature", "properties": { "height": 3.8550920486450191, "confidence": 0.99639999866485607 }, "id": 1163 }, "geometry": { "type": "Polygon", "coordinates": [ [ [ -111.720130112421117, 40.317092181465611 ], [ -111.720133035987118, 40.317165738128061 ], [ -111.72029918035868, 40.317161899045644 ], [ -111.720296256792707, 40.31708834237903 ], [ -111.720130112421117, 40.317092181465611 ] ] ] } },
{ "type": "Feature", "properties": { "type": "Feature", "properties": { "height": 2.0772922039031978, "confidence": 0.99839997291564908 }, "id": 1164 }, "geometry": { "type": "Polygon", "coordinates": [ [ [ -111.706443870529199, 40.321155992081316 ], [ -111.70619714222785, 40.321158230266981 ], [ -111.706197794101925, 40.321200002312587 ], [ -111.706444522197842, 40.321197750964416 ], [ -111.706443870529199, 40.321155992081316 ] ] ] } },
{ "type": "Feature", "properties": { "type": "Feature", "properties": { "height": 4.8274025917053223, "confidence": 0.97479999065399103 }, "id": 1165 }, "geometry": { "type": "Polygon", "coordinates": [ [ [ -111.708173376457921, 40.322240389237457 ], [ -111.708125035822789, 40.3220782601325 ], [ -111.708010265467649, 40.322098145528415 ], [ -111.708058607839064, 40.322260280408912 ], [ -111.708173376457921, 40.322240389237457 ] ] ] } },
{ "type": "Feature", "properties": { "type": "Feature", "properties": { "height": 4.132103443145752, "confidence": 0.98570001125335605 }, "id": 1166 }, "geometry": { "type": "Polygon", "coordinates": [ [ [ -111.711372521084442, 40.324024545661082 ], [ -111.711482472820066, 40.324023448542761 ], [ -111.711479594744105, 40.32385579457214 ], [ -111.71136964300851, 40.323856891693183 ], [ -111.711372521084442, 40.324024545661082 ] ] ] } },
{ "type": "Feature", "properties": { "type": "Feature", "properties": { "height": 4.9418911933898935, "confidence": 1.0 }, "id": 1167 }, "geometry": { "type": "Polygon", "coordinates": [ [ [ -111.713320972047384, 40.324877700364731 ], [ -111.713489937654828, 40.324876546346772 ], [ -111.713488183696981, 40.324727281741936 ], [ -111.71339431391506, 40.324727922864454 ], [ -111.713395010692835, 40.324787219801202 ], [ -111.713319914867313, 40.324787732698752 ], [ -111.713320972047384, 40.324877700364731 ] ] ] } },
{ "type": "Feature", "properties": { "type": "Feature", "properties": { "height": 4.7227115631103525, "confidence": 0.99489998817443803 }, "id": 1168 }, "geometry": { "type": "Polygon", "coordinates": [ [ [ -111.713664924261735, 40.320929440785207 ], [ -111.713661791277332, 40.320800649838027 ], [ -111.713694979910628, 40.320800180521587 ], [ -111.713693741352742, 40.320749072868097 ], [ -111.71354525270263, 40.320751172629592 ], [ -111.7135496289348, 40.320931071159279 ], [ -111.713664924261735, 40.320929440785207 ] ] ] } },
{ "type": "Feature", "properties": { "type": "Feature", "properties": { "height": 4.3981285095214844, "confidence": 0.99970000982284513 }, "id": 1169 }, "geometry": { "type": "Polygon", "coordinates": [ [ [ -111.715979643939619, 40.323357920388801 ], [ -111.716207606914892, 40.323356107944569 ], [ -111.716206376326284, 40.323266140813956 ], [ -111.71597841335101, 40.323267953260597 ], [ -111.715979643939619, 40.323357920388801 ] ] ] } },
{ "type": "Feature", "properties": { "type": "Feature", "properties": { "height": 5.6073336601257324, "confidence": 0.99159997701644909 }, "id": 1170 }, "geometry": { "type": "Polygon", "coordinates": [ [ [ -111.716828683912851, 40.317969159157926 ], [ -111.716736316893915, 40.318018001369836 ], [ -111.716831776300538, 40.31812295074522 ], [ -111.716924143319474, 40.318074108609231 ], [ -111.716828683912851, 40.317969159157926 ] ] ] } },
{ "type": "Feature", "properties": { "type": "Feature", "properties": { "height": 4.6648349761962891, "confidence": 0.9733999967575071 }, "id": 1171 }, "geometry": { "type": "Polygon", "coordinates": [ [ [ -111.718815700204459, 40.320563433341448 ], [ -111.719008791757801, 40.320561671400171 ], [ -111.719007503229676, 40.320479101802199 ], [ -111.718814411515581, 40.320480853443328 ], [ -111.718815700204459, 40.320563433341448 ] ] ] } },
{ "type": "Feature", "properties": { "type": "Feature", "properties": { "height": 10.005328178405762, "confidence": 0.94590002298355103 }, "id": 1172 }, "geometry": { "type": "Polygon", "coordinates": [ [ [ -111.718855839035754, 40.315573361663276 ], [ -111.719116970047864, 40.31581886431858 ], [ -111.719304653645565, 40.315702800264766 ], [ -111.719144563276345, 40.315552290946357 ], [ -111.719110586073299, 40.315573302603944 ], [ -111.719009545430424, 40.315478308874603 ], [ -111.718855839035754, 40.315573361663276 ] ] ] } },
{ "type": "Feature", "properties": { "type": "Feature", "properties": { "height": 4.4522929191589347, "confidence": 0.98379999399185103 }, "id": 1173 }, "geometry": { "type": "Polygon", "coordinates": [ [ [ -111.719728531476648, 40.319960883167617 ], [ -111.719560983419512, 40.319949072398913 ], [ -111.719548116791316, 40.320055258909825 ], [ -111.719686411312395, 40.320065000148432 ], [ -111.719682078205253, 40.320100760642298 ], [ -111.719784206901053, 40.320107959864764 ], [ -111.719791986293941, 40.320043806277695 ], [ -111.719719105714418, 40.320038672688128 ], [ -111.719728531476648, 40.319960883167617 ] ] ] } },
{ "type": "Feature", "properties": { "type": "Feature", "properties": { "height": 6.982668399810791, "confidence": 0.97780001163482611 }, "id": 1174 }, "geometry": { "type": "Polygon", "coordinates": [ [ [ -111.722543330540958, 40.314830649674079 ], [ -111.722102333394815, 40.31483187346727 ], [ -111.722102944347768, 40.314959875180975 ], [ -111.722178045186311, 40.314959662764238 ], [ -111.722178377078933, 40.315029198006435 ], [ -111.722170330560502, 40.315029220765339 ], [ -111.722170681976195, 40.315102846237828 ], [ -111.722387937973451, 40.315102231747829 ], [ -111.722387684173199, 40.315049057803066 ], [ -111.722209119382427, 40.315049562858682 ], [ -111.722208974273059, 40.31501973444901 ], [ -111.722218564917398, 40.31501970783448 ], [ -111.722218258255282, 40.314955458658964 ], [ -111.722543933229801, 40.314954537513167 ], [ -111.722543330540958, 40.314830649674079 ] ] ] } },
{ "type": "Feature", "properties": { "type": "Feature", "properties": { "height": 4.2285141944885254, "confidence": 0.98650002479553212 }, "id": 1175 }, "geometry": { "type": "Polygon", "coordinates": [ [ [ -111.708816483834184, 40.319005080941281 ], [ -111.708849840430858, 40.31900547966476 ], [ -111.708851022803898, 40.318948232085383 ], [ -111.708636499044559, 40.318945667802993 ], [ -111.708633796477585, 40.319076519346602 ], [ -111.70874373990425, 40.319077833538799 ], [ -111.70874399326992, 40.319065566217596 ], [ -111.708815222634883, 40.319066417647235 ], [ -111.708816483834184, 40.319005080941281 ] ] ] } },
{ "type": "Feature", "properties": { "type": "Feature", "properties": { "height": 5.5181927680969238, "confidence": 0.98269999027252208 }, "id": 1176 }, "geometry": { "type": "Polygon", "coordinates": [ [ [ -111.711468117776988, 40.318825793739173 ], [ -111.71146166708391, 40.319033090306853 ], [ -111.711573081576176, 40.319035105808986 ], [ -111.711579513435666, 40.318827802962318 ], [ -111.711468117776988, 40.318825793739173 ] ] ] } },
{ "type": "Feature", "properties": { "type": "Feature", "properties": { "height": 3.710663795471191, "confidence": 0.98119997978210405 }, "id": 1177 }, "geometry": { "type": "Polygon", "coordinates": [ [ [ -111.711782701000743, 40.320710800993332 ], [ -111.71190065527594, 40.320708723887044 ], [ -111.711895268576299, 40.320530902751891 ], [ -111.711777314301088, 40.320532979863657 ], [ -111.711782701000743, 40.320710800993332 ] ] ] } },
{ "type": "Feature", "properties": { "type": "Feature", "properties": { "height": 4.7169952392578116, "confidence": 0.99049997329711903 }, "id": 1178 }, "geometry": { "type": "Polygon", "coordinates": [ [ [ -111.712243771439745, 40.319361492904555 ], [ -111.712245638472993, 40.31945031048437 ], [ -111.712492338330421, 40.319447295787931 ], [ -111.712490471020516, 40.319358465042924 ], [ -111.712243771439745, 40.319361492904555 ] ] ] } },
{ "type": "Feature", "properties": { "type": "Feature", "properties": { "height": 3.8029272556304932, "confidence": 0.98409998416900613 }, "id": 1179 }, "geometry": { "type": "Polygon", "coordinates": [ [ [ -111.712704132861234, 40.320196823645659 ], [ -111.712708850890465, 40.320374667758045 ], [ -111.712826819823448, 40.320372848481362 ], [ -111.712822101794188, 40.320195004364194 ], [ -111.712704132861234, 40.320196823645659 ] ] ] } },
{ "type": "Feature", "properties": { "type": "Feature", "properties": { "height": 4.5033597946166992, "confidence": 0.99449998140335005 }, "id": 1180 }, "geometry": { "type": "Polygon", "coordinates": [ [ [ -111.714433762741294, 40.324820292453829 ], [ -111.714435448313409, 40.324892865293563 ], [ -111.714558791101879, 40.324891193619244 ], [ -111.714557105682587, 40.324818627357054 ], [ -111.714433762741294, 40.324820292453829 ] ] ] } },
{ "type": "Feature", "properties": { "type": "Feature", "properties": { "height": 5.3123874664306641, "confidence": 0.96909999847412109 }, "id": 1181 }, "geometry": { "type": "Polygon", "coordinates": [ [ [ -111.714807911661211, 40.323560887264776 ], [ -111.714880325673164, 40.323560400402734 ], [ -111.714880514884854, 40.323576758507222 ], [ -111.715062890914936, 40.323575532336449 ], [ -111.715061731993416, 40.323475338882446 ], [ -111.71480694195138, 40.323477051917656 ], [ -111.714807911661211, 40.323560887264776 ] ] ] } },
{ "type": "Feature", "properties": { "type": "Feature", "properties": { "height": 4.5860252380371094, "confidence": 0.88590002059936512 }, "id": 1182 }, "geometry": { "type": "Polygon", "coordinates": [ [ [ -111.717597400568593, 40.321526959675765 ], [ -111.71751053827002, 40.321414699854444 ], [ -111.717498599867, 40.321420069539734 ], [ -111.717462211606772, 40.321373041725018 ], [ -111.717374663317941, 40.321412419431546 ], [ -111.717389922910925, 40.321432140765694 ], [ -111.717361355270853, 40.321444989987526 ], [ -111.71745290477071, 40.321563321473278 ], [ -111.7175245373829, 40.321531102436623 ], [ -111.717540969344412, 40.321552341409422 ], [ -111.717597400568593, 40.321526959675765 ] ] ] } },
{ "type": "Feature", "properties": { "type": "Feature", "properties": { "height": 3.970954418182373, "confidence": 0.99830001592636108 }, "id": 1183 }, "geometry": { "type": "Polygon", "coordinates": [ [ [ -111.717935209577163, 40.321952056396384 ], [ -111.717983984341998, 40.321996844894166 ], [ -111.718071308229312, 40.321941567115267 ], [ -111.718022533464492, 40.3218967785808 ], [ -111.717935209577163, 40.321952056396384 ] ] ] } },
{ "type": "Feature", "properties": { "type": "Feature", "properties": { "height": 3.486054420471191, "confidence": 0.98930001258850109 }, "id": 1184 }, "geometry": { "type": "Polygon", "coordinates": [ [ [ -111.718986820700664, 40.318982560238609 ], [ -111.719212072854219, 40.318979915797804 ], [ -111.719210503848586, 40.318902221852241 ], [ -111.718985251695045, 40.318904866296073 ], [ -111.718986820700664, 40.318982560238609 ] ] ] } },
{ "type": "Feature", "properties": { "type": "Feature", "properties": { "height": 3.4012432098388672, "confidence": 0.9824000000953671 }, "id": 1185 }, "geometry": { "type": "Polygon", "coordinates": [ [ [ -111.719234305727213, 40.314538120336032 ], [ -111.719354726352165, 40.314798167753985 ], [ -111.719542145866924, 40.314747717986407 ], [ -111.719505099897461, 40.314667701685259 ], [ -111.71951225483599, 40.314665775708917 ], [ -111.719467631281873, 40.314569392308428 ], [ -111.719441396507307, 40.314576454231521 ], [ -111.719423715476424, 40.314538264548204 ], [ -111.719441382598589, 40.314533508878363 ], [ -111.719420330041771, 40.314488045937111 ], [ -111.719234305727213, 40.314538120336032 ] ] ] } },
{ "type": "Feature", "properties": { "type": "Feature", "properties": { "height": 4.6143884658813477, "confidence": 0.99250000715255704 }, "id": 1186 }, "geometry": { "type": "Polygon", "coordinates": [ [ [ -111.721118422593065, 40.320613302613758 ], [ -111.721120780309732, 40.320774838332639 ], [ -111.721238782893266, 40.32077383713613 ], [ -111.721236425176613, 40.320612301414862 ], [ -111.721118422593065, 40.320613302613758 ] ] ] } },
{ "type": "Feature", "properties": { "type": "Feature", "properties": { "height": 4.1473779678344727, "confidence": 0.96079999208450306 }, "id": 1187 }, "geometry": { "type": "Polygon", "coordinates": [ [ [ -111.721717099118194, 40.324326715965391 ], [ -111.721715027414504, 40.324408481259582 ], [ -111.721937567422628, 40.324411770496525 ], [ -111.721939639126319, 40.324330005206306 ], [ -111.721717099118194, 40.324326715965391 ] ] ] } },
{ "type": "Feature", "properties": { "type": "Feature", "properties": { "height": 3.6249666213989262, "confidence": 0.98960000276565507 }, "id": 1188 }, "geometry": { "type": "Polygon", "coordinates": [ [ [ -111.711456149980179, 40.323491575026829 ], [ -111.711344696819097, 40.323493424576391 ], [ -111.711349973157283, 40.323678235531425 ], [ -111.71146140952979, 40.323676392211709 ], [ -111.711456149980179, 40.323491575026829 ] ] ] } },
{ "type": "Feature", "properties": { "type": "Feature", "properties": { "height": 4.9477877616882324, "confidence": 0.99309998750686612 }, "id": 1189 }, "geometry": { "type": "Polygon", "coordinates": [ [ [ -111.711592397038231, 40.317111903877439 ], [ -111.711544345014488, 40.317071520427852 ], [ -111.711600251050427, 40.317032846450061 ], [ -111.711526838236367, 40.316971149431232 ], [ -111.711397371626788, 40.317060710269992 ], [ -111.71151883646462, 40.317162790626142 ], [ -111.711592397038231, 40.317111903877439 ] ] ] } },
{ "type": "Feature", "properties": { "type": "Feature", "properties": { "height": 4.1051621437072754, "confidence": 0.97699999809265103 }, "id": 1190 }, "geometry": { "type": "Polygon", "coordinates": [ [ [ -111.712516854231851, 40.320495827307205 ], [ -111.712314720329914, 40.320492893439372 ], [ -111.712312604945822, 40.32057761528992 ], [ -111.712514730803207, 40.320580559823135 ], [ -111.712516854231851, 40.320495827307205 ] ] ] } },
{ "type": "Feature", "properties": { "type": "Feature", "properties": { "height": 4.8946137428283691, "confidence": 0.97740000486373912 }, "id": 1191 }, "geometry": { "type": "Polygon", "coordinates": [ [ [ -111.713388821921157, 40.316526228221313 ], [ -111.713367948462164, 40.316492933551231 ], [ -111.713405064711779, 40.316479405256572 ], [ -111.713304318321406, 40.316318707246758 ], [ -111.713175499593959, 40.316365652891406 ], [ -111.71325224501463, 40.316488067513319 ], [ -111.71318456244181, 40.316512736751328 ], [ -111.713229440378655, 40.316584320250712 ], [ -111.713388821921157, 40.316526228221313 ] ] ] } },
{ "type": "Feature", "properties": { "type": "Feature", "properties": { "height": 4.1684646606445312, "confidence": 0.99150002002716009 }, "id": 1192 }, "geometry": { "type": "Polygon", "coordinates": [ [ [ -111.716175913387715, 40.321858366025609 ], [ -111.716176744652756, 40.321896096714951 ], [ -111.716117752768312, 40.32189685534977 ], [ -111.716119734578555, 40.321986808603377 ], [ -111.716370117458268, 40.321983588687218 ], [ -111.716368127392826, 40.321893635535481 ], [ -111.716279639670617, 40.32189477348642 ], [ -111.716278805064391, 40.321857048329704 ], [ -111.716175913387715, 40.321858366025609 ] ] ] } },
{ "type": "Feature", "properties": { "type": "Feature", "properties": { "height": 3.9615023136138912, "confidence": 1.0 }, "id": 1193 }, "geometry": { "type": "Polygon", "coordinates": [ [ [ -111.716398590395386, 40.325302632119069 ], [ -111.71666808738027, 40.325298807069146 ], [ -111.716665451698404, 40.325190466299119 ], [ -111.716395944770994, 40.325194291496295 ], [ -111.716398590395386, 40.325302632119069 ] ] ] } },
{ "type": "Feature", "properties": { "type": "Feature", "properties": { "height": 4.2659549713134775, "confidence": 0.99099999666213912 }, "id": 1194 }, "geometry": { "type": "Polygon", "coordinates": [ [ [ -111.716733831495347, 40.318497991832309 ], [ -111.716656181961511, 40.318463106344694 ], [ -111.716613431486891, 40.318518431198136 ], [ -111.716589538591279, 40.318507698153574 ], [ -111.716494519682669, 40.318630665234863 ], [ -111.716596064488911, 40.318676280579432 ], [ -111.716733831495347, 40.318497991832309 ] ] ] } },
{ "type": "Feature", "properties": { "type": "Feature", "properties": { "height": 5.0565142631530762, "confidence": 0.9309999942779541 }, "id": 1195 }, "geometry": { "type": "Polygon", "coordinates": [ [ [ -111.718005092861247, 40.320428934700182 ], [ -111.717858832965291, 40.320341568439943 ], [ -111.717830185966491, 40.320369446983733 ], [ -111.717801931213856, 40.320352569404662 ], [ -111.717745939352596, 40.320407059266081 ], [ -111.71792045400116, 40.320511302985182 ], [ -111.718005092861247, 40.320428934700182 ] ] ] } },
{ "type": "Feature", "properties": { "type": "Feature", "properties": { "height": 4.5057649612426758, "confidence": 0.99470001459121704 }, "id": 1196 }, "geometry": { "type": "Polygon", "coordinates": [ [ [ -111.719074604240987, 40.32116602758412 ], [ -111.719314249033189, 40.321163342144075 ], [ -111.719312568980442, 40.321076190624993 ], [ -111.719072916437383, 40.321078888943596 ], [ -111.719074604240987, 40.32116602758412 ] ] ] } },
{ "type": "Feature", "properties": { "type": "Feature", "properties": { "height": 4.7197074890136719, "confidence": 0.98400002717971813 }, "id": 1197 }, "geometry": { "type": "Polygon", "coordinates": [ [ [ -111.720808426309603, 40.320370020034588 ], [ -111.720636765175655, 40.320370175758114 ], [ -111.720636793897484, 40.320388580900222 ], [ -111.720556327740937, 40.320388653895591 ], [ -111.72055645220216, 40.320468409453312 ], [ -111.720808579492655, 40.32046818073475 ], [ -111.720808426309603, 40.320370020034588 ] ] ] } },
{ "type": "Feature", "properties": { "type": "Feature", "properties": { "height": 4.5801377296447754, "confidence": 0.97469997406005804 }, "id": 1198 }, "geometry": { "type": "Polygon", "coordinates": [ [ [ -111.721684068111287, 40.321053381503646 ], [ -111.721685637426972, 40.32113843374237 ], [ -111.721919925967057, 40.321135920840959 ], [ -111.721918364686871, 40.321050881015339 ], [ -111.721684068111287, 40.321053381503646 ] ] ] } },
{ "type": "Feature", "properties": { "type": "Feature", "properties": { "height": 1.3981707096099851, "confidence": 0.97740000486373912 }, "id": 1199 }, "geometry": { "type": "Polygon", "coordinates": [ [ [ -111.708043656307296, 40.324730137338236 ], [ -111.708098877247963, 40.324879844128994 ], [ -111.70814859004669, 40.324869185963756 ], [ -111.708112242085747, 40.324770644806819 ], [ -111.708129641565336, 40.324766914443138 ], [ -111.708110768585584, 40.324715748782879 ], [ -111.708043656307296, 40.324730137338236 ] ] ] } },
{ "type": "Feature", "properties": { "type": "Feature", "properties": { "height": 4.9951868057250977, "confidence": 0.99930000305175704 }, "id": 1200 }, "geometry": { "type": "Polygon", "coordinates": [ [ [ -111.708642623012466, 40.316974697289382 ], [ -111.708735093522307, 40.31697250629454 ], [ -111.708729847555716, 40.316843787791335 ], [ -111.708597171008137, 40.316846931433361 ], [ -111.708600122594362, 40.316919190784745 ], [ -111.708640316740798, 40.316918236279541 ], [ -111.708642623012466, 40.316974697289382 ] ] ] } },
{ "type": "Feature", "properties": { "type": "Feature", "properties": { "height": 4.8688488006591797, "confidence": 0.99550002813339211 }, "id": 1201 }, "geometry": { "type": "Polygon", "coordinates": [ [ [ -111.710316228624947, 40.322826007506144 ], [ -111.710193947582837, 40.322827031921925 ], [ -111.710195282142564, 40.322919043183198 ], [ -111.710141644479791, 40.322919492534886 ], [ -111.710142830755089, 40.323001280216864 ], [ -111.710318733507208, 40.322999806586211 ], [ -111.710316228624947, 40.322826007506144 ] ] ] } },
{ "type": "Feature", "properties": { "type": "Feature", "properties": { "height": 4.2461891174316406, "confidence": 0.9958000183105461 }, "id": 1202 }, "geometry": { "type": "Polygon", "coordinates": [ [ [ -111.710461844715695, 40.324447679498995 ], [ -111.710290109941411, 40.324415066301164 ], [ -111.710264317661455, 40.324494008938878 ], [ -111.710436052435739, 40.324526622098567 ], [ -111.710461844715695, 40.324447679498995 ] ] ] } },
{ "type": "Feature", "properties": { "type": "Feature", "properties": { "height": 3.9338912963867179, "confidence": 0.97630000114440907 }, "id": 1203 }, "geometry": { "type": "Polygon", "coordinates": [ [ [ -111.717678641259141, 40.325298258463235 ], [ -111.717915949776739, 40.325294624363778 ], [ -111.717913051723315, 40.325184245685186 ], [ -111.71767573307676, 40.325187879945723 ], [ -111.717678641259141, 40.325298258463235 ] ] ] } },
{ "type": "Feature", "properties": { "type": "Feature", "properties": { "height": 4.2119550704956046, "confidence": 0.96310001611709606 }, "id": 1204 }, "geometry": { "type": "Polygon", "coordinates": [ [ [ -111.723550140452076, 40.318541060195024 ], [ -111.723440230302998, 40.31854302503708 ], [ -111.723445258557987, 40.318706540894652 ], [ -111.723555168707065, 40.318704576057364 ], [ -111.723550140452076, 40.318541060195024 ] ] ] } },
{ "type": "Feature", "properties": { "type": "Feature", "properties": { "height": 5.8861289024353027, "confidence": 0.9176999926567071 }, "id": 1205 }, "geometry": { "type": "Polygon", "coordinates": [ [ [ -111.706324641218586, 40.316745996560783 ], [ -111.706278781995763, 40.316821924222985 ], [ -111.706492351186512, 40.316896917159298 ], [ -111.706538216159188, 40.316820991600437 ], [ -111.706324641218586, 40.316745996560783 ] ] ] } },
{ "type": "Feature", "properties": { "type": "Feature", "properties": { "height": 5.0250391960144043, "confidence": 0.97960001230239813 }, "id": 1206 }, "geometry": { "type": "Polygon", "coordinates": [ [ [ -111.710472632311195, 40.3157455826572 ], [ -111.710550406558767, 40.315744914429118 ], [ -111.710551169301581, 40.315796849877934 ], [ -111.710661126082613, 40.315795911009573 ], [ -111.710659432257145, 40.315680577730326 ], [ -111.710471701314674, 40.315682190696201 ], [ -111.710472632311195, 40.3157455826572 ] ] ] } },
{ "type": "Feature", "properties": { "type": "Feature", "properties": { "height": 3.9201481342315669, "confidence": 0.95910000801086404 }, "id": 1207 }, "geometry": { "type": "Polygon", "coordinates": [ [ [ -111.711082780342792, 40.318477959501749 ], [ -111.711040624520294, 40.31851680954977 ], [ -111.711144124000739, 40.318582098153257 ], [ -111.711260052512586, 40.3184752605707 ], [ -111.711086491845393, 40.318365776395765 ], [ -111.711012719156031, 40.318433764078115 ], [ -111.711082780342792, 40.318477959501749 ] ] ] } },
{ "type": "Feature", "properties": { "type": "Feature", "properties": { "height": 4.9773249626159668, "confidence": 0.95429998636245705 }, "id": 1208 }, "geometry": { "type": "Polygon", "coordinates": [ [ [ -111.712047673625207, 40.323068712304632 ], [ -111.712275542037517, 40.323064736291471 ], [ -111.712273026531463, 40.322980937700912 ], [ -111.712045158119111, 40.322984913718997 ], [ -111.712047673625207, 40.323068712304632 ] ] ] } },
{ "type": "Feature", "properties": { "type": "Feature", "properties": { "height": 3.7997148036956783, "confidence": 0.98570001125335605 }, "id": 1209 }, "geometry": { "type": "Polygon", "coordinates": [ [ [ -111.718142219400136, 40.32221714757604 ], [ -111.718139526962801, 40.322137446842063 ], [ -111.718043031450037, 40.322139341700819 ], [ -111.718045723887343, 40.322219042432565 ], [ -111.718142219400136, 40.32221714757604 ] ] ] } },
{ "type": "Feature", "properties": { "type": "Feature", "properties": { "height": 3.7708673477172852, "confidence": 0.98129999637603704 }, "id": 1210 }, "geometry": { "type": "Polygon", "coordinates": [ [ [ -111.718963656773937, 40.323149368703838 ], [ -111.718834924553562, 40.323150385337236 ], [ -111.718836369127075, 40.323256710452064 ], [ -111.718847096812084, 40.323256625732753 ], [ -111.718848013560645, 40.323324101199624 ], [ -111.718968700017228, 40.323323148108273 ], [ -111.718967894389706, 40.323263851488633 ], [ -111.719005441287294, 40.323263554971042 ], [ -111.719004896290414, 40.32322344152329 ], [ -111.718964667500714, 40.323223761367259 ], [ -111.718963656773937, 40.323149368703838 ] ] ] } },
{ "type": "Feature", "properties": { "type": "Feature", "properties": { "height": 3.1721944808959961, "confidence": 0.94599997997283902 }, "id": 1211 }, "geometry": { "type": "Polygon", "coordinates": [ [ [ -111.721769807529711, 40.320402855859058 ], [ -111.721741546499771, 40.320341746747232 ], [ -111.721565942687391, 40.32038894644333 ], [ -111.72159420258167, 40.320450065188325 ], [ -111.721769807529711, 40.320402855859058 ] ] ] } },
{ "type": "Feature", "properties": { "type": "Feature", "properties": { "height": 0.85225957632064808, "confidence": 1.0 }, "id": 1212 }, "geometry": { "type": "Polygon", "coordinates": [ [ [ -111.703519484884779, 40.313747943090846 ], [ -111.70309839911063, 40.313745673394145 ], [ -111.703097982007449, 40.313790665962422 ], [ -111.703519067781571, 40.313792935657609 ], [ -111.703519484884779, 40.313747943090846 ] ] ] } },
{ "type": "Feature", "properties": { "type": "Feature", "properties": { "height": 4.6262407302856436, "confidence": 0.99040001630783003 }, "id": 1213 }, "geometry": { "type": "Polygon", "coordinates": [ [ [ -111.705376998501023, 40.316290850142359 ], [ -111.7055923742235, 40.316377259009364 ], [ -111.705634870845444, 40.316315685150791 ], [ -111.705576056674474, 40.316292085721479 ], [ -111.705588215882145, 40.316274468085041 ], [ -111.705431654849491, 40.316211647266705 ], [ -111.705376998501023, 40.316290850142359 ] ] ] } },
{ "type": "Feature", "properties": { "type": "Feature", "properties": { "height": 4.963564395904541, "confidence": 0.96509999036788907 }, "id": 1214 }, "geometry": { "type": "Polygon", "coordinates": [ [ [ -111.706824356615328, 40.318941344942623 ], [ -111.706822154081891, 40.319050907811288 ], [ -111.70694969617054, 40.319052398336758 ], [ -111.706951455489474, 40.318964481308043 ], [ -111.706877553049623, 40.318963617643234 ], [ -111.706877988253268, 40.31894196884987 ], [ -111.706824356615328, 40.318941344942623 ] ] ] } },
{ "type": "Feature", "properties": { "type": "Feature", "properties": { "height": 3.5923275947570801, "confidence": 0.99430000782012906 }, "id": 1215 }, "geometry": { "type": "Polygon", "coordinates": [ [ [ -111.707135878853364, 40.319500184315331 ], [ -111.707259222857104, 40.319498538818941 ], [ -111.707257353690082, 40.3194167618908 ], [ -111.707044383845485, 40.319419603062798 ], [ -111.707046710579121, 40.319520991542099 ], [ -111.707136327225172, 40.319519800775112 ], [ -111.707135878853364, 40.319500184315331 ] ] ] } },
{ "type": "Feature", "properties": { "type": "Feature", "properties": { "height": 2.7205708026885982, "confidence": 0.97920000553131104 }, "id": 1216 }, "geometry": { "type": "Polygon", "coordinates": [ [ [ -111.708032274719983, 40.324376791672385 ], [ -111.708039746790192, 40.324406367901808 ], [ -111.70799060779207, 40.324413583660785 ], [ -111.708001566828372, 40.324456962102538 ], [ -111.708265365660409, 40.324418224886017 ], [ -111.708246934553912, 40.324345270176117 ], [ -111.708032274719983, 40.324376791672385 ] ] ] } },
{ "type": "Feature", "properties": { "type": "Feature", "properties": { "height": 4.6628174781799316, "confidence": 0.95609998703002907 }, "id": 1217 }, "geometry": { "type": "Polygon", "coordinates": [ [ [ -111.70870545242397, 40.317261604449151 ], [ -111.708614368413947, 40.317264029919414 ], [ -111.708619139997197, 40.317368203542372 ], [ -111.708710224007206, 40.317365778075839 ], [ -111.70870545242397, 40.317261604449151 ] ] ] } },
{ "type": "Feature", "properties": { "type": "Feature", "properties": { "height": 4.8807187080383301, "confidence": 0.98290002346038807 }, "id": 1218 }, "geometry": { "type": "Polygon", "coordinates": [ [ [ -111.708708805339072, 40.313837057336109 ], [ -111.708710967232392, 40.31392906249561 ], [ -111.708952288573883, 40.313925765560384 ], [ -111.708950414933, 40.313846027758821 ], [ -111.708923601450607, 40.313846394085395 ], [ -111.708922640609146, 40.313805502868789 ], [ -111.708769803759537, 40.313807590931525 ], [ -111.708770476348576, 40.313836214784857 ], [ -111.708708805339072, 40.313837057336109 ] ] ] } },
{ "type": "Feature", "properties": { "type": "Feature", "properties": { "height": 5.0694947242736816, "confidence": 0.90140002965927102 }, "id": 1219 }, "geometry": { "type": "Polygon", "coordinates": [ [ [ -111.708867339340401, 40.316871657063004 ], [ -111.708865946876699, 40.316950666881731 ], [ -111.708986624377431, 40.316951909789466 ], [ -111.708986359270313, 40.316966952228363 ], [ -111.709052085765308, 40.316967625665207 ], [ -111.709054331670174, 40.316840850992179 ], [ -111.708936335891664, 40.316839641999472 ], [ -111.708935756303333, 40.316872358067485 ], [ -111.708867339340401, 40.316871657063004 ] ] ] } },
{ "type": "Feature", "properties": { "type": "Feature", "properties": { "height": 3.9925925731658931, "confidence": 0.99760001897811812 }, "id": 1220 }, "geometry": { "type": "Polygon", "coordinates": [ [ [ -111.709880141185593, 40.314285737549433 ], [ -111.710100037717936, 40.314288131531853 ], [ -111.710101690733396, 40.314199416656912 ], [ -111.709954199010184, 40.314197818804502 ], [ -111.709954503813407, 40.314181460457256 ], [ -111.709882098785627, 40.314180676056772 ], [ -111.709880141185593, 40.314285737549433 ] ] ] } },
{ "type": "Feature", "properties": { "type": "Feature", "properties": { "height": 4.7158908843994141, "confidence": 0.9979000091552731 }, "id": 1221 }, "geometry": { "type": "Polygon", "coordinates": [ [ [ -111.710916046150402, 40.324315372847906 ], [ -111.710912934347022, 40.324405285599831 ], [ -111.71114076307606, 40.324409880833414 ], [ -111.71114387487944, 40.324319968087615 ], [ -111.710916046150402, 40.324315372847906 ] ] ] } },
{ "type": "Feature", "properties": { "type": "Feature", "properties": { "height": 4.0964870452880859, "confidence": 0.99900001287460305 }, "id": 1222 }, "geometry": { "type": "Polygon", "coordinates": [ [ [ -111.711974259889274, 40.323971411410547 ], [ -111.711858937275196, 40.323972322133535 ], [ -111.711861548619567, 40.324164522763226 ], [ -111.711976871233645, 40.324163612042824 ], [ -111.711974259889274, 40.323971411410547 ] ] ] } },
{ "type": "Feature", "properties": { "type": "Feature", "properties": { "height": 5.5343976020812988, "confidence": 0.98470002412796009 }, "id": 1223 }, "geometry": { "type": "Polygon", "coordinates": [ [ [ -111.715763409215896, 40.325215929952684 ], [ -111.715766270712052, 40.325318126915136 ], [ -111.716004878586332, 40.325314243748117 ], [ -111.716002017090176, 40.325212046779754 ], [ -111.715763409215896, 40.325215929952684 ] ] ] } },
{ "type": "Feature", "properties": { "type": "Feature", "properties": { "height": 1.8955695629119871, "confidence": 1.0 }, "id": 1224 }, "geometry": { "type": "Polygon", "coordinates": [ [ [ -111.71911782548257, 40.322623241381848 ], [ -111.719115899676737, 40.322667406603323 ], [ -111.719194668020705, 40.322669403078059 ], [ -111.719196589959324, 40.322625233556977 ], [ -111.71911782548257, 40.322623241381848 ] ] ] } },
{ "type": "Feature", "properties": { "type": "Feature", "properties": { "height": 5.1337518692016602, "confidence": 0.9824000000953671 }, "id": 1225 }, "geometry": { "type": "Polygon", "coordinates": [ [ [ -111.709303913461852, 40.317333854681209 ], [ -111.709302078936076, 40.317223436320141 ], [ -111.709143853995727, 40.317224964614574 ], [ -111.709145688521545, 40.317335382973155 ], [ -111.709303913461852, 40.317333854681209 ] ] ] } },
{ "type": "Feature", "properties": { "type": "Feature", "properties": { "height": 4.3234052658081055, "confidence": 0.99900001287460305 }, "id": 1226 }, "geometry": { "type": "Polygon", "coordinates": [ [ [ -111.711857951341713, 40.324432992180597 ], [ -111.71196667637048, 40.324432110359943 ], [ -111.711965820443183, 40.324370770396598 ], [ -111.712036777318318, 40.324370194896211 ], [ -111.712035743449036, 40.324296586920767 ], [ -111.711975520952421, 40.324297075359809 ], [ -111.711974509968584, 40.324224623129524 ], [ -111.71185503836989, 40.324225598488731 ], [ -111.711857951341713, 40.324432992180597 ] ] ] } },
{ "type": "Feature", "properties": { "type": "Feature", "properties": { "height": 3.7173421382904053, "confidence": 0.98320001363754206 }, "id": 1227 }, "geometry": { "type": "Polygon", "coordinates": [ [ [ -111.711874697073796, 40.316337341706415 ], [ -111.711867838278962, 40.316526511683676 ], [ -111.711983085408747, 40.316528934856201 ], [ -111.711989943980782, 40.316339771031224 ], [ -111.711874697073796, 40.316337341706415 ] ] ] } },
{ "type": "Feature", "properties": { "type": "Feature", "properties": { "height": 5.171870231628418, "confidence": 0.99760001897811812 }, "id": 1228 }, "geometry": { "type": "Polygon", "coordinates": [ [ [ -111.711997353308931, 40.322064650106761 ], [ -111.712158247704295, 40.322062761306725 ], [ -111.712155976775094, 40.3219503146493 ], [ -111.71199508237973, 40.321952203452483 ], [ -111.711997353308931, 40.322064650106761 ] ] ] } },
{ "type": "Feature", "properties": { "type": "Feature", "properties": { "height": 4.3046956062316895, "confidence": 0.99150002002716009 }, "id": 1229 }, "geometry": { "type": "Polygon", "coordinates": [ [ [ -111.713659621966414, 40.321170968828717 ], [ -111.713656422864304, 40.320994066539221 ], [ -111.713540114355879, 40.320995289202791 ], [ -111.71354332980674, 40.321172197522763 ], [ -111.713659621966414, 40.321170968828717 ] ] ] } },
{ "type": "Feature", "properties": { "type": "Feature", "properties": { "height": 3.5438981056213379, "confidence": 0.99930000305175704 }, "id": 1230 }, "geometry": { "type": "Polygon", "coordinates": [ [ [ -111.714327704615854, 40.318190894715869 ], [ -111.714334493439793, 40.318382992953218 ], [ -111.714445829743113, 40.318380705545422 ], [ -111.714444671199388, 40.318348008072221 ], [ -111.714534357616998, 40.318346165461044 ], [ -111.714530963205036, 40.318250116358293 ], [ -111.714442514527462, 40.318251933542619 ], [ -111.71444027566001, 40.318188581933697 ], [ -111.714327704615854, 40.318190894715869 ] ] ] } },
{ "type": "Feature", "properties": { "type": "Feature", "properties": { "height": 4.3397183418273935, "confidence": 0.99159997701644909 }, "id": 1231 }, "geometry": { "type": "Polygon", "coordinates": [ [ [ -111.717224461765682, 40.317109272227043 ], [ -111.717343826728268, 40.317108705307874 ], [ -111.717342207853477, 40.316908291159365 ], [ -111.717222824495281, 40.316908858167587 ], [ -111.717224461765682, 40.317109272227043 ] ] ] } },
{ "type": "Feature", "properties": { "type": "Feature", "properties": { "height": 4.5273971557617188, "confidence": 0.96710002422332708 }, "id": 1232 }, "geometry": { "type": "Polygon", "coordinates": [ [ [ -111.717926034964222, 40.320749857805531 ], [ -111.718033295530688, 40.320748541372517 ], [ -111.718029514551162, 40.320569459843391 ], [ -111.717922254105517, 40.320570782002051 ], [ -111.717926034964222, 40.320749857805531 ] ] ] } },
{ "type": "Feature", "properties": { "type": "Feature", "properties": { "height": 4.3161544799804688, "confidence": 0.99239999055862405 }, "id": 1233 }, "geometry": { "type": "Polygon", "coordinates": [ [ [ -111.718225035484721, 40.325486756676462 ], [ -111.718105748148517, 40.325488793459058 ], [ -111.718104667396943, 40.325452004352101 ], [ -111.717994751960873, 40.325453881114306 ], [ -111.71799835446609, 40.325576511389421 ], [ -111.718227565114901, 40.325572597716132 ], [ -111.718225035484721, 40.325486756676462 ] ] ] } },
{ "type": "Feature", "properties": { "type": "Feature", "properties": { "height": 8.5865974426269531, "confidence": 0.99690002202987604 }, "id": 1234 }, "geometry": { "type": "Polygon", "coordinates": [ [ [ -111.718922526081485, 40.31620282962254 ], [ -111.718644887933081, 40.316199584856776 ], [ -111.718641082894507, 40.316389738631365 ], [ -111.718918703592678, 40.316392983184045 ], [ -111.718922526081485, 40.31620282962254 ] ] ] } },
{ "type": "Feature", "properties": { "type": "Feature", "properties": { "height": 3.5669093132019039, "confidence": 0.9958000183105461 }, "id": 1235 }, "geometry": { "type": "Polygon", "coordinates": [ [ [ -111.72024978067914, 40.323283106891559 ], [ -111.720456190080355, 40.323279296056739 ], [ -111.720452977623793, 40.323177863833635 ], [ -111.720359155010215, 40.323179591030474 ], [ -111.720359543373718, 40.323191853483067 ], [ -111.720246956237432, 40.32319392611884 ], [ -111.72024978067914, 40.323283106891559 ] ] ] } },
{ "type": "Feature", "properties": { "type": "Feature", "properties": { "height": 4.4920463562011719, "confidence": 0.98350000381469704 }, "id": 1236 }, "geometry": { "type": "Polygon", "coordinates": [ [ [ -111.721369244835884, 40.323798933601992 ], [ -111.721364871729918, 40.323930527306089 ], [ -111.72138363511533, 40.323930890742311 ], [ -111.721382031936102, 40.323979132887281 ], [ -111.72148121000626, 40.323981048617199 ], [ -111.721487186324694, 40.323801211773372 ], [ -111.721369244835884, 40.323798933601992 ] ] ] } },
{ "type": "Feature", "properties": { "type": "Feature", "properties": { "height": 4.1098484992980957, "confidence": 0.99620002508163408 }, "id": 1237 }, "geometry": { "type": "Polygon", "coordinates": [ [ [ -111.723431784496469, 40.323870968659591 ], [ -111.723429261601211, 40.32391587434131 ], [ -111.723461389165635, 40.323916923496398 ], [ -111.723463912060893, 40.32387201781539 ], [ -111.723431784496469, 40.323870968659591 ] ] ] } },
{ "type": "Feature", "properties": { "type": "Feature", "properties": { "height": 6.965362548828125, "confidence": 0.98659998178482011 }, "id": 1238 }, "geometry": { "type": "Polygon", "coordinates": [ [ [ -111.703405493227606, 40.314632343283677 ], [ -111.703032728886299, 40.314712393454407 ], [ -111.703091176986035, 40.314870636440695 ], [ -111.703463934519775, 40.314790568026673 ], [ -111.703405493227606, 40.314632343283677 ] ] ] } },
{ "type": "Feature", "properties": { "type": "Feature", "properties": { "height": 2.9397320747375493, "confidence": 0.94849997758865312 }, "id": 1239 }, "geometry": { "type": "Polygon", "coordinates": [ [ [ -111.710671912805452, 40.321116018806904 ], [ -111.710714802266239, 40.321115215491325 ], [ -111.710712958421681, 40.32105799010305 ], [ -111.71067006896088, 40.321058793419311 ], [ -111.710671912805452, 40.321116018806904 ] ] ] } },
{ "type": "Feature", "properties": { "type": "Feature", "properties": { "height": 4.0067892074584961, "confidence": 0.99720001220703103 }, "id": 1240 }, "geometry": { "type": "Polygon", "coordinates": [ [ [ -111.710912631871253, 40.324578506005288 ], [ -111.710898520154018, 40.32465886115731 ], [ -111.7111356678204, 40.324683068071877 ], [ -111.711149779537635, 40.324602712948654 ], [ -111.710912631871253, 40.324578506005288 ] ] ] } },
{ "type": "Feature", "properties": { "type": "Feature", "properties": { "height": 5.0465517044067383, "confidence": 0.96179997920989913 }, "id": 1241 }, "geometry": { "type": "Polygon", "coordinates": [ [ [ -111.71111401539055, 40.31826662243413 ], [ -111.711116988374329, 40.318103047192807 ], [ -111.711000254946427, 40.318101807551088 ], [ -111.7109972669505, 40.318265382636007 ], [ -111.71111401539055, 40.31826662243413 ] ] ] } },
{ "type": "Feature", "properties": { "type": "Feature", "properties": { "height": 4.1817097663879395, "confidence": 0.99070000648498513 }, "id": 1242 }, "geometry": { "type": "Polygon", "coordinates": [ [ [ -111.711294140093571, 40.325414766944711 ], [ -111.711496559882164, 40.325418277187389 ], [ -111.711500218618752, 40.325295648561053 ], [ -111.711395666562083, 40.325293835478668 ], [ -111.711396520267286, 40.325265222099695 ], [ -111.711298638658064, 40.32526352469165 ], [ -111.711294140093571, 40.325414766944711 ] ] ] } },
{ "type": "Feature", "properties": { "type": "Feature", "properties": { "height": 4.394594669342041, "confidence": 0.99500000476837103 }, "id": 1243 }, "geometry": { "type": "Polygon", "coordinates": [ [ [ -111.713581940035127, 40.322388570448318 ], [ -111.713581112341345, 40.322356933971683 ], [ -111.713488911137034, 40.322358336145804 ], [ -111.713490535190502, 40.32242062999326 ], [ -111.713517346687752, 40.322420223681412 ], [ -111.713519265226012, 40.322493813014134 ], [ -111.713736438353735, 40.322490521891574 ], [ -111.713733720424543, 40.322386270308129 ], [ -111.713581940035127, 40.322388570448318 ] ] ] } },
{ "type": "Feature", "properties": { "type": "Feature", "properties": { "height": 4.7167148590087891, "confidence": 0.98489999771118109 }, "id": 1244 }, "geometry": { "type": "Polygon", "coordinates": [ [ [ -111.715683422576021, 40.317051006937056 ], [ -111.715687561357669, 40.317132689750146 ], [ -111.715896461861803, 40.317126536101583 ], [ -111.715892323080155, 40.31704485328104 ], [ -111.715683422576021, 40.317051006937056 ] ] ] } },
{ "type": "Feature", "properties": { "type": "Feature", "properties": { "height": 6.0885334014892578, "confidence": 0.97070002555847112 }, "id": 1245 }, "geometry": { "type": "Polygon", "coordinates": [ [ [ -111.716052869672936, 40.31446496644481 ], [ -111.716418588652402, 40.314459345474795 ], [ -111.716419320967447, 40.314487048013383 ], [ -111.716489030177655, 40.314485980328286 ], [ -111.716485379457083, 40.314347878140047 ], [ -111.716423713704259, 40.314348825922231 ], [ -111.716423065191535, 40.314324293469063 ], [ -111.71632815207353, 40.314325752252728 ], [ -111.716328020036116, 40.314320740031278 ], [ -111.71604918280353, 40.314325010788039 ], [ -111.716052869672936, 40.31446496644481 ] ] ] } },
{ "type": "Feature", "properties": { "type": "Feature", "properties": { "height": 4.5316319465637207, "confidence": 0.98409998416900613 }, "id": 1246 }, "geometry": { "type": "Polygon", "coordinates": [ [ [ -111.716262652973185, 40.31782913325393 ], [ -111.716265883936089, 40.317987684986889 ], [ -111.71637991955599, 40.317986334028085 ], [ -111.716378663982908, 40.317924996139631 ], [ -111.716409438320994, 40.317924631561425 ], [ -111.71640793838813, 40.317851025941323 ], [ -111.716373078086718, 40.317851438925665 ], [ -111.716372596881214, 40.317827824898728 ], [ -111.716262652973185, 40.31782913325393 ] ] ] } },
{ "type": "Feature", "properties": { "type": "Feature", "properties": { "height": 4.6763424873352051, "confidence": 0.97049999237060502 }, "id": 1247 }, "geometry": { "type": "Polygon", "coordinates": [ [ [ -111.717289441614099, 40.320660218465704 ], [ -111.717407453593651, 40.320660816713506 ], [ -111.71740912990019, 40.320468593982703 ], [ -111.717291117920638, 40.320467995733189 ], [ -111.717289441614099, 40.320660218465704 ] ] ] } },
{ "type": "Feature", "properties": { "type": "Feature", "properties": { "height": 4.754490852355957, "confidence": 1.0 }, "id": 1248 }, "geometry": { "type": "Polygon", "coordinates": [ [ [ -111.720224807816294, 40.322193906637864 ], [ -111.720373920913275, 40.32219623797431 ], [ -111.720376237958874, 40.322110385672737 ], [ -111.720227116984105, 40.322108054210176 ], [ -111.720224807816294, 40.322193906637864 ] ] ] } },
{ "type": "Feature", "properties": { "type": "Feature", "properties": { "height": 4.5463104248046866, "confidence": 0.98000001907348611 }, "id": 1249 }, "geometry": { "type": "Polygon", "coordinates": [ [ [ -111.720592220655647, 40.316936787953395 ], [ -111.720556929264191, 40.316766440353611 ], [ -111.720453601888536, 40.316778885596555 ], [ -111.720488876909826, 40.316949229621706 ], [ -111.720592220655647, 40.316936787953395 ] ] ] } },
{ "type": "Feature", "properties": { "type": "Feature", "properties": { "height": 3.8878095149993892, "confidence": 0.99680000543594305 }, "id": 1250 }, "geometry": { "type": "Polygon", "coordinates": [ [ [ -111.721286722786886, 40.319287338105028 ], [ -111.7212882742582, 40.319374459509447 ], [ -111.721547255877269, 40.319371764605755 ], [ -111.721545696657515, 40.319284657098116 ], [ -111.721286722786886, 40.319287338105028 ] ] ] } },
{ "type": "Feature", "properties": { "type": "Feature", "properties": { "height": 4.3206453323364258, "confidence": 0.98129999637603704 }, "id": 1251 }, "geometry": { "type": "Polygon", "coordinates": [ [ [ -111.72218584751576, 40.319566168071788 ], [ -111.722187031968247, 40.319535519024669 ], [ -111.72212807455692, 40.319534194502722 ], [ -111.722123573637518, 40.31965066081009 ], [ -111.722300445871483, 40.319654634368966 ], [ -111.722303762338427, 40.319568817114401 ], [ -111.72218584751576, 40.319566168071788 ] ] ] } },
{ "type": "Feature", "properties": { "type": "Feature", "properties": { "height": 3.7741379737853999, "confidence": 0.9868000149726861 }, "id": 1252 }, "geometry": { "type": "Polygon", "coordinates": [ [ [ -111.723288620565427, 40.32036863996278 ], [ -111.723281618015307, 40.320534114411075 ], [ -111.723396833321715, 40.320536942546674 ], [ -111.723403835871849, 40.3203714681053 ], [ -111.723288620565427, 40.32036863996278 ] ] ] } },
{ "type": "Feature", "properties": { "type": "Feature", "properties": { "height": 8.1289920806884766, "confidence": 0.9800999760627741 }, "id": 1253 }, "geometry": { "type": "Polygon", "coordinates": [ [ [ -111.727046035169607, 40.323960628255264 ], [ -111.727057802299484, 40.324054948268049 ], [ -111.727116282229602, 40.324050710704697 ], [ -111.72711982187873, 40.324079082913826 ], [ -111.72738032338566, 40.324060206499972 ], [ -111.727375886210012, 40.324024640116917 ], [ -111.727430522925602, 40.324020678122814 ], [ -111.727418648561795, 40.323925428433959 ], [ -111.727360168631677, 40.323929669125611 ], [ -111.727356378941096, 40.323899270262366 ], [ -111.727095877434166, 40.323918160621417 ], [ -111.727100677708904, 40.323956665835119 ], [ -111.727046035169607, 40.323960628255264 ] ] ] } },
{ "type": "Feature", "properties": { "type": "Feature", "properties": { "height": 2.9112904071807861, "confidence": 0.99889999628067005 }, "id": 1254 }, "geometry": { "type": "Polygon", "coordinates": [ [ [ -111.710789884108323, 40.323328673489293 ], [ -111.710868726948604, 40.323326843427431 ], [ -111.710864729304305, 40.323226734603985 ], [ -111.710761778067706, 40.3232291242618 ], [ -111.710764496987579, 40.323297368223535 ], [ -111.71078861461659, 40.32329680970345 ], [ -111.710789884108323, 40.323328673489293 ] ] ] } },
{ "type": "Feature", "properties": { "type": "Feature", "properties": { "height": 4.9685988426208496, "confidence": 0.99860000610351507 }, "id": 1255 }, "geometry": { "type": "Polygon", "coordinates": [ [ [ -111.711342675971352, 40.316785773014317 ], [ -111.711340017091885, 40.316692931209559 ], [ -111.711168437529736, 40.316695787991385 ], [ -111.711171096147098, 40.31678862064021 ], [ -111.711342675971352, 40.316785773014317 ] ] ] } },
{ "type": "Feature", "properties": { "type": "Feature", "properties": { "height": 4.3671970367431641, "confidence": 0.99709999561309803 }, "id": 1256 }, "geometry": { "type": "Polygon", "coordinates": [ [ [ -111.714598839535569, 40.3207035408943 ], [ -111.714964515157263, 40.320698330885904 ], [ -111.714961869536324, 40.320589983014543 ], [ -111.714596183972162, 40.320595193172935 ], [ -111.714598839535569, 40.3207035408943 ] ] ] } },
{ "type": "Feature", "properties": { "type": "Feature", "properties": { "height": 4.2136092185974121, "confidence": 0.99930000305175704 }, "id": 1257 }, "geometry": { "type": "Polygon", "coordinates": [ [ [ -111.716338957580859, 40.317369981968987 ], [ -111.716214329604043, 40.317372775267856 ], [ -111.716219166390431, 40.317498533934426 ], [ -111.716343806157127, 40.317495747027841 ], [ -111.716338957580859, 40.317369981968987 ] ] ] } },
{ "type": "Feature", "properties": { "type": "Feature", "properties": { "height": 9.9218883514404297, "confidence": 0.96439999341964711 }, "id": 1258 }, "geometry": { "type": "Polygon", "coordinates": [ [ [ -111.718526197068613, 40.31584794195723 ], [ -111.718616067383067, 40.316157975290992 ], [ -111.718825764425475, 40.316122635423312 ], [ -111.718735894111035, 40.315812601927284 ], [ -111.718526197068613, 40.31584794195723 ] ] ] } },
{ "type": "Feature", "properties": { "type": "Feature", "properties": { "height": 4.0674543380737296, "confidence": 0.98350000381469704 }, "id": 1259 }, "geometry": { "type": "Polygon", "coordinates": [ [ [ -111.7216227911034, 40.321055444450877 ], [ -111.721378808524875, 40.321051707911217 ], [ -111.721376406223143, 40.321142891597567 ], [ -111.721620389144533, 40.321146615118153 ], [ -111.7216227911034, 40.321055444450877 ] ] ] } },
{ "type": "Feature", "properties": { "type": "Feature", "properties": { "height": 5.0836734771728516, "confidence": 0.98600000143051103 }, "id": 1260 }, "geometry": { "type": "Polygon", "coordinates": [ [ [ -111.723880783636616, 40.320227628801916 ], [ -111.724046877191157, 40.320250814738372 ], [ -111.724069429961972, 40.320156898778848 ], [ -111.723903334348066, 40.320133721385893 ], [ -111.723880783636616, 40.320227628801916 ] ] ] } },
{ "type": "Feature", "properties": { "type": "Feature", "properties": { "height": 4.4974031448364258, "confidence": 0.99089998006820612 }, "id": 1261 }, "geometry": { "type": "Polygon", "coordinates": [ [ [ -111.707789950240098, 40.313858733265555 ], [ -111.707790901729226, 40.313934399316281 ], [ -111.708032278510714, 40.313932647417218 ], [ -111.708031121294184, 40.313840621125763 ], [ -111.70795499650248, 40.313841173635964 ], [ -111.707954648898138, 40.313813327525722 ], [ -111.707867171374303, 40.313813967102227 ], [ -111.707867727203009, 40.313858168764106 ], [ -111.707789950240098, 40.313858733265555 ] ] ] } },
{ "type": "Feature", "properties": { "type": "Feature", "properties": { "height": 3.823161125183105, "confidence": 0.9735000133514401 }, "id": 1262 }, "geometry": { "type": "Polygon", "coordinates": [ [ [ -111.709811962236103, 40.314287485171072 ], [ -111.709813710005307, 40.314189333440957 ], [ -111.709498888045815, 40.314186074024953 ], [ -111.709497021470611, 40.314290360139402 ], [ -111.709594634116215, 40.314291370741508 ], [ -111.709594743351801, 40.314285236262911 ], [ -111.709811962236103, 40.314287485171072 ] ] ] } },
{ "type": "Feature", "properties": { "type": "Feature", "properties": { "height": 2.6019759178161621, "confidence": 0.99000000953674305 }, "id": 1263 }, "geometry": { "type": "Polygon", "coordinates": [ [ [ -111.71801983077134, 40.316077223964527 ], [ -111.718021438608616, 40.31614757108116 ], [ -111.718131375655432, 40.316146104370254 ], [ -111.718129767952178, 40.316075763117162 ], [ -111.71801983077134, 40.316077223964527 ] ] ] } },
{ "type": "Feature", "properties": { "type": "Feature", "properties": { "height": 4.9567112922668457, "confidence": 0.98739999532699507 }, "id": 1264 }, "geometry": { "type": "Polygon", "coordinates": [ [ [ -111.721006609656399, 40.323970439302244 ], [ -111.721009065844086, 40.323842421998435 ], [ -111.720891074014745, 40.323841099844039 ], [ -111.720887597829076, 40.324022279708792 ], [ -111.720981455062102, 40.324023326412615 ], [ -111.720982474939333, 40.323970170149614 ], [ -111.721006609656399, 40.323970439302244 ] ] ] } },
{ "type": "Feature", "properties": { "type": "Feature", "properties": { "height": 2.6762151718139648, "confidence": 0.97649997472763006 }, "id": 1265 }, "geometry": { "type": "Polygon", "coordinates": [ [ [ -111.723340923489786, 40.325243183995724 ], [ -111.723339993794738, 40.325285205166637 ], [ -111.723490154777892, 40.325287136137852 ], [ -111.723491084295716, 40.325245122978181 ], [ -111.723340923489786, 40.325243183995724 ] ] ] } },
{ "type": "Feature", "properties": { "type": "Feature", "properties": { "height": 3.5312156677246089, "confidence": 0.97990000247955311 }, "id": 1266 }, "geometry": { "type": "Polygon", "coordinates": [ [ [ -111.724594789294002, 40.323800636919572 ], [ -111.724447271648955, 40.323801211536008 ], [ -111.724447778679846, 40.323876871374694 ], [ -111.724431685845857, 40.323876934060053 ], [ -111.724432549168711, 40.324005760076652 ], [ -111.724552051482036, 40.324005294588048 ], [ -111.724551713586493, 40.323954173163671 ], [ -111.724595817059338, 40.32395400137051 ], [ -111.724594789294002, 40.323800636919572 ] ] ] } },
{ "type": "Feature", "properties": { "type": "Feature", "properties": { "height": 4.343256950378418, "confidence": 0.99220001697540205 }, "id": 1267 }, "geometry": { "type": "Polygon", "coordinates": [ [ [ -111.708952698105008, 40.32359294208711 ], [ -111.708653481800042, 40.323590467347508 ], [ -111.708651891958624, 40.323702924782431 ], [ -111.708951097941167, 40.323705399432548 ], [ -111.708952698105008, 40.32359294208711 ] ] ] } },
{ "type": "Feature", "properties": { "type": "Feature", "properties": { "height": 4.0230183601379386, "confidence": 0.95679998397827104 }, "id": 1268 }, "geometry": { "type": "Polygon", "coordinates": [ [ [ -111.712459906631651, 40.314983356535983 ], [ -111.712591322256273, 40.31498433838108 ], [ -111.712593582243429, 40.314808469376707 ], [ -111.712462166618806, 40.31480748752908 ], [ -111.712459906631651, 40.314983356535983 ] ] ] } },
{ "type": "Feature", "properties": { "type": "Feature", "properties": { "height": 3.9204428195953369, "confidence": 0.99769997596740712 }, "id": 1269 }, "geometry": { "type": "Polygon", "coordinates": [ [ [ -111.712675153492683, 40.319496223385663 ], [ -111.712813456099994, 40.319494452133 ], [ -111.712810413860012, 40.319356361420901 ], [ -111.712646845068704, 40.3193584475354 ], [ -111.712648781842319, 40.319446359910259 ], [ -111.712674052469296, 40.319446037615556 ], [ -111.712675153492683, 40.319496223385663 ] ] ] } },
{ "type": "Feature", "properties": { "type": "Feature", "properties": { "height": 5.4538865089416504, "confidence": 0.99639999866485607 }, "id": 1270 }, "geometry": { "type": "Polygon", "coordinates": [ [ [ -111.706354200993843, 40.313329166618658 ], [ -111.70629529261835, 40.313285492864068 ], [ -111.706295128278015, 40.313253520258293 ], [ -111.706215642964764, 40.313194595250934 ], [ -111.706175607564205, 40.313194714900639 ], [ -111.706109501681837, 40.313145704926676 ], [ -111.706108987199741, 40.313045611587597 ], [ -111.705811266572525, 40.313046501356737 ], [ -111.705812320117317, 40.313251470074441 ], [ -111.706193202598072, 40.313533829746184 ], [ -111.706225950955186, 40.313508144944102 ], [ -111.706304744351783, 40.313566560945539 ], [ -111.70747152694689, 40.313563073920861 ], [ -111.707471306186164, 40.313520124838952 ], [ -111.707589783368988, 40.313519770760017 ], [ -111.707812743943947, 40.313344900743076 ], [ -111.707811517118344, 40.313101880600371 ], [ -111.707769210474652, 40.31310200703809 ], [ -111.707741734562404, 40.313081636758497 ], [ -111.707642813969954, 40.313081932392841 ], [ -111.70761663550978, 40.313102463023895 ], [ -111.707573766198038, 40.313102591143199 ], [ -111.707574271492547, 40.313200896945261 ], [ -111.707419992534895, 40.313321890937992 ], [ -111.706989196116538, 40.313323178412766 ], [ -111.706989433584553, 40.313370218032084 ], [ -111.706785572816159, 40.313370827288338 ], [ -111.706780204264234, 40.313366847130943 ], [ -111.70678000761913, 40.313327894056478 ], [ -111.706681164349604, 40.313328189458659 ], [ -111.706681164349604, 40.313328189458659 ], [ -111.706354200993843, 40.313329166618658 ] ] ] } },
{ "type": "Feature", "properties": { "type": "Feature", "properties": { "height": 3.56903076171875, "confidence": 0.98919999599456709 }, "id": 1271 }, "geometry": { "type": "Polygon", "coordinates": [ [ [ -111.706867813187898, 40.319558828570287 ], [ -111.706976218258305, 40.319558001344369 ], [ -111.706974512386864, 40.319427131446673 ], [ -111.706794822256199, 40.319428502642879 ], [ -111.706795941734356, 40.319514386040119 ], [ -111.70686722266548, 40.319513842103625 ], [ -111.706867813187898, 40.319558828570287 ] ] ] } },
{ "type": "Feature", "properties": { "type": "Feature", "properties": { "height": 4.6550359725952148, "confidence": 0.96960002183914107 }, "id": 1272 }, "geometry": { "type": "Polygon", "coordinates": [ [ [ -111.707799110676874, 40.320428769798596 ], [ -111.707683798737278, 40.320430012762579 ], [ -111.707687362539573, 40.320622205686455 ], [ -111.707802674479169, 40.32062096272599 ], [ -111.707799110676874, 40.320428769798596 ] ] ] } },
{ "type": "Feature", "properties": { "type": "Feature", "properties": { "height": 3.7728025913238521, "confidence": 0.9980999827384941 }, "id": 1273 }, "geometry": { "type": "Polygon", "coordinates": [ [ [ -111.709237139846678, 40.315139777768067 ], [ -111.709400683931491, 40.315137185629467 ], [ -111.70940023809051, 40.315120831274228 ], [ -111.709469945405345, 40.315119726427966 ], [ -111.70946793912087, 40.315046131779155 ], [ -111.709234687721192, 40.3150498287687 ], [ -111.709237139846678, 40.315139777768067 ] ] ] } },
{ "type": "Feature", "properties": { "type": "Feature", "properties": { "height": 5.1808533668518066, "confidence": 0.98449999094009411 }, "id": 1274 }, "geometry": { "type": "Polygon", "coordinates": [ [ [ -111.709729697253621, 40.323285502857779 ], [ -111.709595620944086, 40.323287134035986 ], [ -111.709599814394608, 40.323487485920062 ], [ -111.709733890704143, 40.323485854746671 ], [ -111.709729697253621, 40.323285502857779 ] ] ] } },
{ "type": "Feature", "properties": { "type": "Feature", "properties": { "height": 4.6071567535400391, "confidence": 0.98799997568130404 }, "id": 1275 }, "geometry": { "type": "Polygon", "coordinates": [ [ [ -111.710529729700681, 40.317549721820392 ], [ -111.7106235937284, 40.317550573349543 ], [ -111.710624199992992, 40.317511721855347 ], [ -111.710696609385792, 40.317512378749647 ], [ -111.710698606823684, 40.317384375993079 ], [ -111.710505515270341, 40.317382613968846 ], [ -111.710503453854344, 40.317514716663581 ], [ -111.710530272147977, 40.317514959957762 ], [ -111.710529729700681, 40.317549721820392 ] ] ] } },
{ "type": "Feature", "properties": { "type": "Feature", "properties": { "height": 4.5397143363952637, "confidence": 1.0 }, "id": 1276 }, "geometry": { "type": "Polygon", "coordinates": [ [ [ -111.715358283930115, 40.318303848538619 ], [ -111.715361986275468, 40.318480749814896 ], [ -111.715470702586188, 40.318479427073363 ], [ -111.71546698388471, 40.318302520191985 ], [ -111.715358283930115, 40.318303848538619 ] ] ] } },
{ "type": "Feature", "properties": { "type": "Feature", "properties": { "height": 4.609379768371582, "confidence": 0.9779000282287591 }, "id": 1277 }, "geometry": { "type": "Polygon", "coordinates": [ [ [ -111.719046831021942, 40.318164605068105 ], [ -111.71905028942011, 40.318335084708671 ], [ -111.719154870438047, 40.318333845763142 ], [ -111.719151412153082, 40.318163371698951 ], [ -111.719046831021942, 40.318164605068105 ] ] ] } },
{ "type": "Feature", "properties": { "type": "Feature", "properties": { "height": 3.5559940338134761, "confidence": 1.0 }, "id": 1278 }, "geometry": { "type": "Polygon", "coordinates": [ [ [ -111.719384910614139, 40.32325325350979 ], [ -111.719611710515778, 40.323256133788696 ], [ -111.719613452492126, 40.323176403533971 ], [ -111.719386645273275, 40.323173523158736 ], [ -111.719384910614139, 40.32325325350979 ] ] ] } },
{ "type": "Feature", "properties": { "type": "Feature", "properties": { "height": 4.2456846237182617, "confidence": 0.99140000343322709 }, "id": 1279 }, "geometry": { "type": "Polygon", "coordinates": [ [ [ -111.719525522323082, 40.318314451920564 ], [ -111.719634180070074, 40.318312335509269 ], [ -111.719631570903815, 40.318234673196109 ], [ -111.719646221430168, 40.318234387836078 ], [ -111.719644397616264, 40.318179952897729 ], [ -111.719620273521485, 40.318180424069737 ], [ -111.719618947451892, 40.318140845160116 ], [ -111.719519770440641, 40.31814277691268 ], [ -111.719525522323082, 40.318314451920564 ] ] ] } },
{ "type": "Feature", "properties": { "type": "Feature", "properties": { "height": 2.7388889789581299, "confidence": 0.98610001802444402 }, "id": 1280 }, "geometry": { "type": "Polygon", "coordinates": [ [ [ -111.720830202884159, 40.322567011913769 ], [ -111.720749746452313, 40.322566333590053 ], [ -111.720749390570006, 40.32259087001443 ], [ -111.720829847001866, 40.32259154833789 ], [ -111.720830202884159, 40.322567011913769 ] ] ] } },
{ "type": "Feature", "properties": { "type": "Feature", "properties": { "height": 5.0941743850708008, "confidence": 0.99610000848770108 }, "id": 1281 }, "geometry": { "type": "Polygon", "coordinates": [ [ [ -111.721082077441295, 40.322106020522163 ], [ -111.720934589031373, 40.322107704722612 ], [ -111.720936260584622, 40.322192793280465 ], [ -111.721083748840016, 40.322191101213853 ], [ -111.721082077441295, 40.322106020522163 ] ] ] } },
{ "type": "Feature", "properties": { "type": "Feature", "properties": { "height": 3.2429835796356201, "confidence": 0.98079997301101607 }, "id": 1282 }, "geometry": { "type": "Polygon", "coordinates": [ [ [ -111.724273740703381, 40.316414608518869 ], [ -111.724274731609654, 40.316459588865783 ], [ -111.724293501776756, 40.316459348463916 ], [ -111.724295753836486, 40.316561576414017 ], [ -111.724386923219583, 40.316560408749623 ], [ -111.724383680253581, 40.316413200449894 ], [ -111.724273740703381, 40.316414608518869 ] ] ] } },
{ "type": "Feature", "properties": { "type": "Feature", "properties": { "height": 5.8409161567687988, "confidence": 0.99870002269744806 }, "id": 1283 }, "geometry": { "type": "Polygon", "coordinates": [ [ [ -111.706368063915264, 40.315350713293 ], [ -111.706370385692097, 40.315420204094039 ], [ -111.70644275849294, 40.315418802096893 ], [ -111.706444494563186, 40.315470762648772 ], [ -111.706545173877998, 40.315468806929864 ], [ -111.706541127350548, 40.315347360725568 ], [ -111.706368063915264, 40.315350713293 ] ] ] } },
{ "type": "Feature", "properties": { "type": "Feature", "properties": { "height": 5.5200262069702148, "confidence": 0.97979998588562012 }, "id": 1284 }, "geometry": { "type": "Polygon", "coordinates": [ [ [ -111.708050751680702, 40.316970105432205 ], [ -111.708054559531845, 40.317090697617033 ], [ -111.708204676219907, 40.317087941854432 ], [ -111.708202740024419, 40.317026623818762 ], [ -111.708181294783273, 40.317027017499498 ], [ -111.708179423127618, 40.316967743345778 ], [ -111.708050751680702, 40.316970105432205 ] ] ] } },
{ "type": "Feature", "properties": { "type": "Feature", "properties": { "height": 4.6035752296447754, "confidence": 0.97930002212524403 }, "id": 1285 }, "geometry": { "type": "Polygon", "coordinates": [ [ [ -111.71268882784176, 40.321964920518745 ], [ -111.7126877079493, 40.321933150966132 ], [ -111.712602942397723, 40.32193488786222 ], [ -111.712604025722754, 40.321965540230792 ], [ -111.712546733991118, 40.321966714171552 ], [ -111.712550015170919, 40.322059795890866 ], [ -111.712785878755525, 40.322054950330021 ], [ -111.712782637221977, 40.321962993304389 ], [ -111.71268882784176, 40.321964920518745 ] ] ] } },
{ "type": "Feature", "properties": { "type": "Feature", "properties": { "height": 4.703392505645752, "confidence": 0.97269999980926503 }, "id": 1286 }, "geometry": { "type": "Polygon", "coordinates": [ [ [ -111.718484705951866, 40.317229594368484 ], [ -111.71848259302142, 40.317144966591158 ], [ -111.71828150022246, 40.317147885492659 ], [ -111.718283613420738, 40.317232523993667 ], [ -111.718484705951866, 40.317229594368484 ] ] ] } },
{ "type": "Feature", "properties": { "type": "Feature", "properties": { "height": 4.1274533271789551, "confidence": 0.96200001239776611 }, "id": 1287 }, "geometry": { "type": "Polygon", "coordinates": [ [ [ -111.719382535422298, 40.320783630506043 ], [ -111.719597057517547, 40.320781020524073 ], [ -111.719594746840741, 40.320670618194647 ], [ -111.71946871510977, 40.320672151561567 ], [ -111.719469228593496, 40.320696685427599 ], [ -111.719380738229205, 40.320697762046521 ], [ -111.719382535422298, 40.320783630506043 ] ] ] } },
{ "type": "Feature", "properties": { "type": "Feature", "properties": { "height": 4.2116432189941406, "confidence": 0.98710000514984109 }, "id": 1288 }, "geometry": { "type": "Polygon", "coordinates": [ [ [ -111.720415927845536, 40.317502994435756 ], [ -111.72064638908742, 40.317497706111283 ], [ -111.720643112677038, 40.317414697194479 ], [ -111.720412650950152, 40.317419973238117 ], [ -111.720415927845536, 40.317502994435756 ] ] ] } },
{ "type": "Feature", "properties": { "type": "Feature", "properties": { "height": 4.9550561904907227, "confidence": 0.98519998788833607 }, "id": 1289 }, "geometry": { "type": "Polygon", "coordinates": [ [ [ -111.724003107353127, 40.324897182375246 ], [ -111.724002758936706, 40.32513438795317 ], [ -111.724152962453189, 40.325134516187035 ], [ -111.724153310869596, 40.324897310609551 ], [ -111.724003107353127, 40.324897182375246 ] ] ] } },
{ "type": "Feature", "properties": { "type": "Feature", "properties": { "height": 5.0568718910217276, "confidence": 0.9824000000953671 }, "id": 1290 }, "geometry": { "type": "Polygon", "coordinates": [ [ [ -111.707369295028045, 40.318481652664488 ], [ -111.707236706093042, 40.318479402678378 ], [ -111.707232947080513, 40.318608178569335 ], [ -111.707252927372082, 40.318608517627005 ], [ -111.707251335357725, 40.318662885659414 ], [ -111.70734127603707, 40.318664416715507 ], [ -111.70734292287014, 40.318607999742731 ], [ -111.707365584054983, 40.318608384294095 ], [ -111.707369295028045, 40.318481652664488 ] ] ] } },
{ "type": "Feature", "properties": { "type": "Feature", "properties": { "height": 1.440711498260498, "confidence": 0.99680000543594305 }, "id": 1291 }, "geometry": { "type": "Polygon", "coordinates": [ [ [ -111.707998864371689, 40.324494040535889 ], [ -111.708000963268688, 40.324561484151324 ], [ -111.708234184552353, 40.324557277938808 ], [ -111.708233063631184, 40.324521259513403 ], [ -111.708174088232042, 40.324522326299032 ], [ -111.708173110158356, 40.324490897960203 ], [ -111.707998864371689, 40.324494040535889 ] ] ] } },
{ "type": "Feature", "properties": { "type": "Feature", "properties": { "height": 2.4100418090820312, "confidence": 0.95950001478195113 }, "id": 1292 }, "geometry": { "type": "Polygon", "coordinates": [ [ [ -111.708300749242454, 40.324492579674498 ], [ -111.708399896094733, 40.324490241332839 ], [ -111.708393896816091, 40.324342389437177 ], [ -111.708339079938597, 40.32434367935074 ], [ -111.708340485970425, 40.324378409532152 ], [ -111.708296158966434, 40.324379452604568 ], [ -111.708300749242454, 40.324492579674498 ] ] ] } },
{ "type": "Feature", "properties": { "type": "Feature", "properties": { "height": 5.0520200729370117, "confidence": 0.98669999837875311 }, "id": 1293 }, "geometry": { "type": "Polygon", "coordinates": [ [ [ -111.708302390784425, 40.317505710378711 ], [ -111.708305842729274, 40.317634498311399 ], [ -111.708484098716724, 40.317631730171712 ], [ -111.708482153120542, 40.317558892889565 ], [ -111.708425850166179, 40.317559770224442 ], [ -111.708424355554143, 40.317503816382526 ], [ -111.708302390784425, 40.317505710378711 ] ] ] } },
{ "type": "Feature", "properties": { "type": "Feature", "properties": { "height": 5.8937697410583496, "confidence": 0.99070000648498513 }, "id": 1294 }, "geometry": { "type": "Polygon", "coordinates": [ [ [ -111.71397645169229, 40.319676587825214 ], [ -111.713825359108995, 40.319535435372146 ], [ -111.713737753107367, 40.319589954057015 ], [ -111.713888853467083, 40.319731101556719 ], [ -111.71397645169229, 40.319676587825214 ] ] ] } },
{ "type": "Feature", "properties": { "type": "Feature", "properties": { "height": 5.0782513618469238, "confidence": 1.0 }, "id": 1295 }, "geometry": { "type": "Polygon", "coordinates": [ [ [ -111.718928747294299, 40.319694464736799 ], [ -111.718925468068477, 40.319522717778661 ], [ -111.718758076118746, 40.319524584672308 ], [ -111.718759370578326, 40.319592056672761 ], [ -111.718794231836313, 40.319591667871535 ], [ -111.71879623236471, 40.319695942649275 ], [ -111.718928747294299, 40.319694464736799 ] ] ] } },
{ "type": "Feature", "properties": { "type": "Feature", "properties": { "height": 5.040398120880127, "confidence": 0.99830001592636108 }, "id": 1296 }, "geometry": { "type": "Polygon", "coordinates": [ [ [ -111.719689661735956, 40.32107278637217 ], [ -111.719692331357564, 40.321157326448748 ], [ -111.719920186661071, 40.321153131695048 ], [ -111.719917517423198, 40.321068603764886 ], [ -111.719689661735956, 40.32107278637217 ] ] ] } },
{ "type": "Feature", "properties": { "type": "Feature", "properties": { "height": 4.3668398857116699, "confidence": 0.99370002746582009 }, "id": 1297 }, "geometry": { "type": "Polygon", "coordinates": [ [ [ -111.720283577417192, 40.321144103851964 ], [ -111.720355007111991, 40.321144679403275 ], [ -111.720354798316208, 40.321159742557725 ], [ -111.720507667043208, 40.321160982468491 ], [ -111.720508914145213, 40.321071012743346 ], [ -111.720284622652017, 40.321069193523577 ], [ -111.720283577417192, 40.321144103851964 ] ] ] } },
{ "type": "Feature", "properties": { "type": "Feature", "properties": { "height": 3.886290311813354, "confidence": 0.99029999971389704 }, "id": 1298 }, "geometry": { "type": "Polygon", "coordinates": [ [ [ -111.721412224389155, 40.317583636686273 ], [ -111.72141032242115, 40.317520271641726 ], [ -111.721303090227124, 40.317522142860433 ], [ -111.721304992195115, 40.317585507903232 ], [ -111.721412224389155, 40.317583636686273 ] ] ] } },
{ "type": "Feature", "properties": { "type": "Feature", "properties": { "height": 4.8029160499572754, "confidence": 0.96609997749328602 }, "id": 1299 }, "geometry": { "type": "Polygon", "coordinates": [ [ [ -111.72275750686326, 40.325512973406546 ], [ -111.722858266343408, 40.325521231452647 ], [ -111.722874390967974, 40.325406879973109 ], [ -111.722773632237249, 40.325398616598171 ], [ -111.72275750686326, 40.325512973406546 ] ] ] } },
{ "type": "Feature", "properties": { "type": "Feature", "properties": { "height": 4.0118460655212402, "confidence": 0.95829999446868908 }, "id": 1300 }, "geometry": { "type": "Polygon", "coordinates": [ [ [ -111.724409083066718, 40.323155792668175 ], [ -111.724411232366776, 40.323238523728513 ], [ -111.724640253551129, 40.323235065314918 ], [ -111.724638096340882, 40.323152322149646 ], [ -111.724409083066718, 40.323155792668175 ] ] ] } },
{ "type": "Feature", "properties": { "type": "Feature", "properties": { "height": 4.0924468040466309, "confidence": 0.9980000257492061 }, "id": 1301 }, "geometry": { "type": "Polygon", "coordinates": [ [ [ -111.724512671572185, 40.319699152645796 ], [ -111.724402718843052, 40.319700220507457 ], [ -111.724404836783734, 40.319826992252914 ], [ -111.724514789512895, 40.31982592439325 ], [ -111.724512671572185, 40.319699152645796 ] ] ] } },
{ "type": "Feature", "properties": { "type": "Feature", "properties": { "height": 4.8727273941040039, "confidence": 0.95249998569488503 }, "id": 1302 }, "geometry": { "type": "Polygon", "coordinates": [ [ [ -111.710951182728124, 40.319859394080375 ], [ -111.710877959976145, 40.319740391422968 ], [ -111.710781234116737, 40.319774994428563 ], [ -111.710768242967703, 40.319753881017434 ], [ -111.710719878736498, 40.319771180403741 ], [ -111.710806093938999, 40.319911298490624 ], [ -111.710951182728124, 40.319859394080375 ] ] ] } },
{ "type": "Feature", "properties": { "type": "Feature", "properties": { "height": 5.0065603256225586, "confidence": 1.0 }, "id": 1303 }, "geometry": { "type": "Polygon", "coordinates": [ [ [ -111.71189005559421, 40.325651583086675 ], [ -111.711893915113123, 40.325849890457505 ], [ -111.712011906333387, 40.32584855575773 ], [ -111.712008046814503, 40.325650248382992 ], [ -111.71189005559421, 40.325651583086675 ] ] ] } },
{ "type": "Feature", "properties": { "type": "Feature", "properties": { "height": 3.154363632202148, "confidence": 0.99510002136230413 }, "id": 1304 }, "geometry": { "type": "Polygon", "coordinates": [ [ [ -111.713418602612848, 40.319580682640549 ], [ -111.713334841112513, 40.319450439165337 ], [ -111.71320293998734, 40.319499751739208 ], [ -111.713262315228093, 40.31959207618646 ], [ -111.713190958881711, 40.319618753429026 ], [ -111.713232309495794, 40.319683050711951 ], [ -111.713325288977472, 40.319648289487503 ], [ -111.713308324623, 40.319621911108847 ], [ -111.713418602612848, 40.319580682640549 ] ] ] } },
{ "type": "Feature", "properties": { "type": "Feature", "properties": { "height": 4.3524184226989746, "confidence": 1.0 }, "id": 1305 }, "geometry": { "type": "Polygon", "coordinates": [ [ [ -111.715902770904009, 40.322983632723776 ], [ -111.7159006427691, 40.322891638986711 ], [ -111.715672725900944, 40.322894703729688 ], [ -111.715674854035854, 40.322986697462575 ], [ -111.715902770904009, 40.322983632723776 ] ] ] } },
{ "type": "Feature", "properties": { "type": "Feature", "properties": { "height": 3.7125611305236812, "confidence": 0.9957000017166131 }, "id": 1306 }, "geometry": { "type": "Polygon", "coordinates": [ [ [ -111.723112739015363, 40.321127919682816 ], [ -111.723110209894799, 40.321046165273664 ], [ -111.722876987454498, 40.321050359280704 ], [ -111.722879516575063, 40.321132113684754 ], [ -111.723112739015363, 40.321127919682816 ] ] ] } },
{ "type": "Feature", "properties": { "type": "Feature", "properties": { "height": 4.2190580368041992, "confidence": 0.98250001668930009 }, "id": 1307 }, "geometry": { "type": "Polygon", "coordinates": [ [ [ -111.723211212675608, 40.318179791431675 ], [ -111.723066429787977, 40.318181970213303 ], [ -111.723068387743695, 40.318257608860492 ], [ -111.723101996385637, 40.318257103097608 ], [ -111.723102952281039, 40.31829390019616 ], [ -111.723214123150342, 40.318292227231552 ], [ -111.723211212675608, 40.318179791431675 ] ] ] } },
{ "type": "Feature", "properties": { "type": "Feature", "properties": { "height": 5.1534605026245117, "confidence": 0.98430001735687211 }, "id": 1308 }, "geometry": { "type": "Polygon", "coordinates": [ [ [ -111.706569423012013, 40.31410103429824 ], [ -111.706438111499395, 40.314098049011754 ], [ -111.706431273949548, 40.314272915604903 ], [ -111.706562585188436, 40.314275907885147 ], [ -111.706569423012013, 40.31410103429824 ] ] ] } },
{ "type": "Feature", "properties": { "type": "Feature", "properties": { "height": 5.0158653259277344, "confidence": 0.99229997396469105 }, "id": 1309 }, "geometry": { "type": "Polygon", "coordinates": [ [ [ -111.708192545513455, 40.318619210985382 ], [ -111.708123823586433, 40.31852012981571 ], [ -111.708005497646852, 40.318567846956348 ], [ -111.708085312008819, 40.318682905536654 ], [ -111.708170094324316, 40.318648715549365 ], [ -111.708203346869624, 40.318696657977654 ], [ -111.708277856397217, 40.318666610683138 ], [ -111.708233515084999, 40.318602689258412 ], [ -111.708192545513455, 40.318619210985382 ] ] ] } },
{ "type": "Feature", "properties": { "type": "Feature", "properties": { "height": 8.6800642013549805, "confidence": 0.97460001707077004 }, "id": 1310 }, "geometry": { "type": "Polygon", "coordinates": [ [ [ -111.71686732271742, 40.313048857630783 ], [ -111.716868323022112, 40.313178598216247 ], [ -111.71693537590231, 40.313178294046573 ], [ -111.716935495176017, 40.31319376395551 ], [ -111.71710178638736, 40.313193018489208 ], [ -111.717101549862548, 40.313162340997287 ], [ -111.717141781607239, 40.313162160642442 ], [ -111.717140898581249, 40.313047631215831 ], [ -111.71686732271742, 40.313048857630783 ] ] ] } },
{ "type": "Feature", "properties": { "type": "Feature", "properties": { "height": 3.4166939258575439, "confidence": 0.93029999732971103 }, "id": 1311 }, "geometry": { "type": "Polygon", "coordinates": [ [ [ -111.719971287434959, 40.322889828254937 ], [ -111.719971352536987, 40.322891871992113 ], [ -111.720023375496382, 40.322890908736433 ], [ -111.720020437467099, 40.322798940656988 ], [ -111.719969505622785, 40.322799883710928 ], [ -111.719969636201853, 40.322803971183724 ], [ -111.719829160496587, 40.322806572231393 ], [ -111.719831894782104, 40.322892409245526 ], [ -111.719971287434959, 40.322889828254937 ] ] ] } },
{ "type": "Feature", "properties": { "type": "Feature", "properties": { "height": 5.324592113494873, "confidence": 0.97719997167587203 }, "id": 1312 }, "geometry": { "type": "Polygon", "coordinates": [ [ [ -111.720418543351656, 40.320103909976616 ], [ -111.720416493671379, 40.320016001538598 ], [ -111.720169808401266, 40.320019345124464 ], [ -111.720171476745691, 40.320090898509378 ], [ -111.72024495191144, 40.32008990262397 ], [ -111.72024533174644, 40.320106257693311 ], [ -111.720418543351656, 40.320103909976616 ] ] ] } },
{ "type": "Feature", "properties": { "type": "Feature", "properties": { "height": 4.7645974159240723, "confidence": 1.0 }, "id": 1313 }, "geometry": { "type": "Polygon", "coordinates": [ [ [ -111.720525379689235, 40.323252786683092 ], [ -111.720702360812183, 40.323254930400495 ], [ -111.720704107524085, 40.323171109311119 ], [ -111.720527126401137, 40.323168965591066 ], [ -111.720525379689235, 40.323252786683092 ] ] ] } },
{ "type": "Feature", "properties": { "type": "Feature", "properties": { "height": 4.3463349342346191, "confidence": 0.99500000476837103 }, "id": 1314 }, "geometry": { "type": "Polygon", "coordinates": [ [ [ -111.721281099384143, 40.324791727136891 ], [ -111.721393675028992, 40.324789480562067 ], [ -111.72138925489061, 40.324660740887403 ], [ -111.721204309188423, 40.324664431695915 ], [ -111.721206834981757, 40.324737997250324 ], [ -111.721279205039139, 40.324736553022497 ], [ -111.721281099384143, 40.324791727136891 ] ] ] } },
{ "type": "Feature", "properties": { "type": "Feature", "properties": { "height": 5.2896275520324707, "confidence": 0.98320001363754206 }, "id": 1315 }, "geometry": { "type": "Polygon", "coordinates": [ [ [ -111.721286721196336, 40.320299418358694 ], [ -111.721466409131125, 40.32030086622877 ], [ -111.721467542861078, 40.320219074471972 ], [ -111.721395131305243, 40.320218491001242 ], [ -111.721395896572957, 40.320163281508883 ], [ -111.72128862019396, 40.320162417107085 ], [ -111.721286721196336, 40.320299418358694 ] ] ] } },
{ "type": "Feature", "properties": { "type": "Feature", "properties": { "height": 5.1220669746398926, "confidence": 0.98519998788833607 }, "id": 1316 }, "geometry": { "type": "Polygon", "coordinates": [ [ [ -111.711889398018982, 40.320233087250948 ], [ -111.711881762815992, 40.320055360683945 ], [ -111.711764952587544, 40.320058277855843 ], [ -111.711772571493441, 40.320236004822164 ], [ -111.711889398018982, 40.320233087250948 ] ] ] } },
{ "type": "Feature", "properties": { "type": "Feature", "properties": { "height": 4.2384376525878906, "confidence": 0.99819999933242809 }, "id": 1317 }, "geometry": { "type": "Polygon", "coordinates": [ [ [ -111.71259137942431, 40.32127576205248 ], [ -111.712558833242596, 40.32110555338955 ], [ -111.712451150242273, 40.321117516838044 ], [ -111.712462848707233, 40.321178697020329 ], [ -111.712439211211631, 40.321181324375601 ], [ -111.71246005869223, 40.32129035158674 ], [ -111.71259137942431, 40.32127576205248 ] ] ] } },
{ "type": "Feature", "properties": { "type": "Feature", "properties": { "height": 3.8439586162567139, "confidence": 0.99159997701644909 }, "id": 1318 }, "geometry": { "type": "Polygon", "coordinates": [ [ [ -111.714899349304815, 40.316718461381484 ], [ -111.714735736002325, 40.316718836824322 ], [ -111.714736583624656, 40.316938699773189 ], [ -111.714900196960826, 40.316938333062694 ], [ -111.714899349304815, 40.316718461381484 ] ] ] } },
{ "type": "Feature", "properties": { "type": "Feature", "properties": { "height": 3.6871299743652339, "confidence": 0.99980002641677812 }, "id": 1319 }, "geometry": { "type": "Polygon", "coordinates": [ [ [ -111.716354089971603, 40.325966915184054 ], [ -111.716352224307855, 40.325871950951239 ], [ -111.716089426501981, 40.325874937703581 ], [ -111.716091292441149, 40.32596991595134 ], [ -111.716354089971603, 40.325966915184054 ] ] ] } },
{ "type": "Feature", "properties": { "type": "Feature", "properties": { "height": 3.9067060947418213, "confidence": 0.97780001163482611 }, "id": 1320 }, "geometry": { "type": "Polygon", "coordinates": [ [ [ -111.716468816745845, 40.322972674165591 ], [ -111.71647090540209, 40.322886816160064 ], [ -111.716234952174915, 40.322883479677202 ], [ -111.716232067840082, 40.323002045471497 ], [ -111.716296418720233, 40.323002955419774 ], [ -111.716296319260394, 40.323007043891685 ], [ -111.7163928455806, 40.323008408813998 ], [ -111.716393740719013, 40.322971612558781 ], [ -111.716468816745845, 40.322972674165591 ] ] ] } },
{ "type": "Feature", "properties": { "type": "Feature", "properties": { "height": 3.9485981464385982, "confidence": 0.9822999835014341 }, "id": 1321 }, "geometry": { "type": "Polygon", "coordinates": [ [ [ -111.717379723334616, 40.325298498141017 ], [ -111.717537912045216, 40.325296117871268 ], [ -111.717538811646492, 40.325330867111632 ], [ -111.717619246584078, 40.325329656805579 ], [ -111.717615595261236, 40.325188615657552 ], [ -111.717376971613078, 40.325192206239628 ], [ -111.717379723334616, 40.325298498141017 ] ] ] } },
{ "type": "Feature", "properties": { "type": "Feature", "properties": { "height": 3.4862411022186279, "confidence": 0.99889999628067005 }, "id": 1322 }, "geometry": { "type": "Polygon", "coordinates": [ [ [ -111.71768241078621, 40.323341046956052 ], [ -111.717913006734719, 40.323344196921553 ], [ -111.717915092255637, 40.323255454372756 ], [ -111.717684496596192, 40.323252292102531 ], [ -111.71768241078621, 40.323341046956052 ] ] ] } },
{ "type": "Feature", "properties": { "type": "Feature", "properties": { "height": 3.9811241626739502, "confidence": 0.94950002431869507 }, "id": 1323 }, "geometry": { "type": "Polygon", "coordinates": [ [ [ -111.722398898503812, 40.318316000988624 ], [ -111.722374634072608, 40.318254037074901 ], [ -111.722415182797519, 40.318244806155157 ], [ -111.722392393843791, 40.318186596453543 ], [ -111.722341989520601, 40.318198071010571 ], [ -111.72231435587571, 40.318127503030965 ], [ -111.722208458900781, 40.318151604872043 ], [ -111.722283152868286, 40.318342350458629 ], [ -111.722398898503812, 40.318316000988624 ] ] ] } },
{ "type": "Feature", "properties": { "type": "Feature", "properties": { "height": 6.4092483520507812, "confidence": 0.96649998426437311 }, "id": 1324 }, "geometry": { "type": "Polygon", "coordinates": [ [ [ -111.725234229900238, 40.322158357577216 ], [ -111.725230938367901, 40.322054124711791 ], [ -111.725268467539919, 40.322053435821815 ], [ -111.725266918583529, 40.322004385005428 ], [ -111.725224028101223, 40.322005172308856 ], [ -111.725220510269608, 40.321893772970689 ], [ -111.725027502774196, 40.32189730554871 ], [ -111.725032407811028, 40.322052633519611 ], [ -111.725045811109311, 40.322052388202266 ], [ -111.725049264695301, 40.32216175281539 ], [ -111.725234229900238, 40.322158357577216 ] ] ] } },
{ "type": "Feature", "properties": { "type": "Feature", "properties": { "height": 6.6073513031005859, "confidence": 0.97860002517700206 }, "id": 1325 }, "geometry": { "type": "Polygon", "coordinates": [ [ [ -111.704813468749663, 40.315831022829357 ], [ -111.704183171416332, 40.315833848276746 ], [ -111.704183439477788, 40.315868614724387 ], [ -111.704105658104751, 40.315868963396433 ], [ -111.704105957702836, 40.315907819993022 ], [ -111.703953077073052, 40.315908505313523 ], [ -111.703953928562399, 40.316018939727968 ], [ -111.7036871691991, 40.316020135532561 ], [ -111.703688181938688, 40.31615306565903 ], [ -111.703853033083391, 40.316152326680758 ], [ -111.703852859631866, 40.316129830840623 ], [ -111.704845242667318, 40.316125382283346 ], [ -111.704844343873006, 40.316008812802117 ], [ -111.704814840593585, 40.316008945056758 ], [ -111.704813468749663, 40.315831022829357 ] ] ] } },
{ "type": "Feature", "properties": { "type": "Feature", "properties": { "height": 5.3012542724609366, "confidence": 0.99839997291564908 }, "id": 1326 }, "geometry": { "type": "Polygon", "coordinates": [ [ [ -111.709774848577879, 40.317899155395949 ], [ -111.709675703882297, 40.317901520368885 ], [ -111.709681488210563, 40.318042493711822 ], [ -111.709855661324454, 40.318038339038267 ], [ -111.709852308090674, 40.317956615392028 ], [ -111.70977727967238, 40.317958405099752 ], [ -111.709774848577879, 40.317899155395949 ] ] ] } },
{ "type": "Feature", "properties": { "type": "Feature", "properties": { "height": 3.7241473197937012, "confidence": 0.98729997873306208 }, "id": 1327 }, "geometry": { "type": "Polygon", "coordinates": [ [ [ -111.710000646519376, 40.314833193587489 ], [ -111.709996154179962, 40.315004920723773 ], [ -111.710114124439158, 40.315006714982964 ], [ -111.710118616778573, 40.314834987851242 ], [ -111.710000646519376, 40.314833193587489 ] ] ] } },
{ "type": "Feature", "properties": { "type": "Feature", "properties": { "height": 4.3720474243164062, "confidence": 0.97939997911453203 }, "id": 1328 }, "geometry": { "type": "Polygon", "coordinates": [ [ [ -111.711875192202115, 40.313905260560595 ], [ -111.712017341892761, 40.313904479188295 ], [ -111.712017457900515, 40.313916749838342 ], [ -111.71210328412883, 40.313916278066458 ], [ -111.712101930704833, 40.313773120343036 ], [ -111.711873954785887, 40.3137743734897 ], [ -111.711875192202115, 40.313905260560595 ] ] ] } },
{ "type": "Feature", "properties": { "type": "Feature", "properties": { "height": 4.8240799903869629, "confidence": 0.99870002269744806 }, "id": 1329 }, "geometry": { "type": "Polygon", "coordinates": [ [ [ -111.712455520138946, 40.322031535532901 ], [ -111.712452504381645, 40.321935476974339 ], [ -111.71228630264639, 40.321938510061294 ], [ -111.712289154327038, 40.322029342414233 ], [ -111.712356171267999, 40.322028122970984 ], [ -111.712357041047966, 40.322055827368317 ], [ -111.712416015857229, 40.322054751113527 ], [ -111.712415310041706, 40.322032269343211 ], [ -111.712455520138946, 40.322031535532901 ] ] ] } },
{ "type": "Feature", "properties": { "type": "Feature", "properties": { "height": 4.4844264984130859, "confidence": 0.98729997873306208 }, "id": 1330 }, "geometry": { "type": "Polygon", "coordinates": [ [ [ -111.717377117988406, 40.318786217304009 ], [ -111.717253751747137, 40.318785163985318 ], [ -111.717250993291515, 40.318974160862886 ], [ -111.717374359628849, 40.31897520759621 ], [ -111.717377117988406, 40.318786217304009 ] ] ] } },
{ "type": "Feature", "properties": { "type": "Feature", "properties": { "height": 5.1402616500854492, "confidence": 0.99730002880096402 }, "id": 1331 }, "geometry": { "type": "Polygon", "coordinates": [ [ [ -111.719377311081374, 40.317200556266862 ], [ -111.719375633587674, 40.317116725926574 ], [ -111.719110156412953, 40.317119800190284 ], [ -111.71911212030804, 40.317217943012821 ], [ -111.719286423503547, 40.317215924559797 ], [ -111.719286137102173, 40.317201612073305 ], [ -111.719377311081374, 40.317200556266862 ] ] ] } },
{ "type": "Feature", "properties": { "type": "Feature", "properties": { "height": 4.1631665229797363, "confidence": 0.99479997158050504 }, "id": 1332 }, "geometry": { "type": "Polygon", "coordinates": [ [ [ -111.723109043659406, 40.320673231619473 ], [ -111.722950829821499, 40.320675063661888 ], [ -111.722952540348899, 40.320760934208742 ], [ -111.723110754186806, 40.320759102168658 ], [ -111.723109043659406, 40.320673231619473 ] ] ] } },
{ "type": "Feature", "properties": { "type": "Feature", "properties": { "height": 4.8863611221313477, "confidence": 0.97289997339248613 }, "id": 1333 }, "geometry": { "type": "Polygon", "coordinates": [ [ [ -111.724166024162528, 40.325315079045467 ], [ -111.724131155679146, 40.32531514788473 ], [ -111.724131051492705, 40.325284475045933 ], [ -111.724013035087467, 40.325284708040492 ], [ -111.724014118626556, 40.325603704881466 ], [ -111.724138840926273, 40.325603458648921 ], [ -111.724138729184887, 40.325569647957195 ], [ -111.724166888675015, 40.325569593865936 ], [ -111.724166024162528, 40.325315079045467 ] ] ] } },
{ "type": "Feature", "properties": { "type": "Feature", "properties": { "height": 4.9646358489990234, "confidence": 0.99550002813339211 }, "id": 1334 }, "geometry": { "type": "Polygon", "coordinates": [ [ [ -111.706005183945152, 40.314212177284041 ], [ -111.706008341065996, 40.314134534070348 ], [ -111.705873303907396, 40.31413134157394 ], [ -111.70586814119892, 40.314258022292172 ], [ -111.705973714010526, 40.314260518199177 ], [ -111.705975707981594, 40.314211480425506 ], [ -111.706005183945152, 40.314212177284041 ] ] ] } },
{ "type": "Feature", "properties": { "type": "Feature", "properties": { "height": 1.7232120037078851, "confidence": 0.9689999818801881 }, "id": 1335 }, "geometry": { "type": "Polygon", "coordinates": [ [ [ -111.706332109691601, 40.312641634540491 ], [ -111.705801567965594, 40.312628779944568 ], [ -111.705799902586932, 40.312668745234888 ], [ -111.706330443134249, 40.312681628108678 ], [ -111.706332109691601, 40.312641634540491 ] ] ] } },
{ "type": "Feature", "properties": { "type": "Feature", "properties": { "height": 5.1024250984191886, "confidence": 0.99510002136230413 }, "id": 1336 }, "geometry": { "type": "Polygon", "coordinates": [ [ [ -111.708355534428918, 40.318043044102915 ], [ -111.708464175024844, 40.318041043967071 ], [ -111.708460097208274, 40.31791227827987 ], [ -111.708279090858269, 40.317915610717172 ], [ -111.708281349749186, 40.317987147357663 ], [ -111.70835372731618, 40.317985814843937 ], [ -111.708355534428918, 40.318043044102915 ] ] ] } },
{ "type": "Feature", "properties": { "type": "Feature", "properties": { "height": 5.1212224960327148, "confidence": 0.97189998626708907 }, "id": 1337 }, "geometry": { "type": "Polygon", "coordinates": [ [ [ -111.711837137701423, 40.315750421576439 ], [ -111.711835373567453, 40.315668637295069 ], [ -111.711642306746015, 40.315671058541668 ], [ -111.71164407087997, 40.315752842820096 ], [ -111.711837137701423, 40.315750421576439 ] ] ] } },
{ "type": "Feature", "properties": { "type": "Feature", "properties": { "height": 3.6416571140289302, "confidence": 0.99629998207092207 }, "id": 1338 }, "geometry": { "type": "Polygon", "coordinates": [ [ [ -111.712638286491767, 40.319592459259724 ], [ -111.712688093999176, 40.319591526348738 ], [ -111.7126920749525, 40.319715081468047 ], [ -111.712810021172373, 40.319712878594466 ], [ -111.712804262023369, 40.319534134310182 ], [ -111.712636513561236, 40.319537276296664 ], [ -111.712638286491767, 40.319592459259724 ] ] ] } },
{ "type": "Feature", "properties": { "type": "Feature", "properties": { "height": 8.8896389007568359, "confidence": 0.97890001535415605 }, "id": 1339 }, "geometry": { "type": "Polygon", "coordinates": [ [ [ -111.715273683041602, 40.312476737532307 ], [ -111.71538464709063, 40.312475748562974 ], [ -111.715384975478543, 40.312497172414183 ], [ -111.715451014810867, 40.312496580313073 ], [ -111.715450684511211, 40.312475160003117 ], [ -111.715671604253345, 40.31247319105141 ], [ -111.71567191771058, 40.312493640836131 ], [ -111.71573360009134, 40.312493091090822 ], [ -111.715733255288384, 40.312470596327103 ], [ -111.715851256364616, 40.312469544640024 ], [ -111.715848529286532, 40.312291631241941 ], [ -111.715573956073229, 40.312294078387879 ], [ -111.715574586741198, 40.312334978026179 ], [ -111.715548789825135, 40.312335207942198 ], [ -111.715548194256357, 40.312296353254759 ], [ -111.715270939635943, 40.312298824298679 ], [ -111.715273683041602, 40.312476737532307 ] ] ] } },
{ "type": "Feature", "properties": { "type": "Feature", "properties": { "height": 4.5044093132019043, "confidence": 1.0 }, "id": 1340 }, "geometry": { "type": "Polygon", "coordinates": [ [ [ -111.715344303127935, 40.317584312034462 ], [ -111.715456945550372, 40.317583488515226 ], [ -111.715454862562069, 40.317417850167409 ], [ -111.715342220139618, 40.317418673688664 ], [ -111.715344303127935, 40.317584312034462 ] ] ] } },
{ "type": "Feature", "properties": { "type": "Feature", "properties": { "height": 7.8510932922363281, "confidence": 0.97949999570846502 }, "id": 1341 }, "geometry": { "type": "Polygon", "coordinates": [ [ [ -111.716012445347175, 40.313385318245828 ], [ -111.716015156223776, 40.313560078865635 ], [ -111.716594432327881, 40.313554854309281 ], [ -111.71659172193074, 40.31338012458626 ], [ -111.716464688101112, 40.313381263542169 ], [ -111.716464372767376, 40.313360814059784 ], [ -111.716410736002544, 40.313361294954717 ], [ -111.716411097045366, 40.313384708683557 ], [ -111.716259220369224, 40.31338607847988 ], [ -111.716259142541347, 40.313381061185382 ], [ -111.71618306355235, 40.313381743291991 ], [ -111.716182762582207, 40.313362225292742 ], [ -111.716127429860038, 40.313362724346234 ], [ -111.716127764296687, 40.313384284322879 ], [ -111.716012445347175, 40.313385318245828 ] ] ] } },
{ "type": "Feature", "properties": { "type": "Feature", "properties": { "height": 6.2734684944152832, "confidence": 0.97280001640319802 }, "id": 1342 }, "geometry": { "type": "Polygon", "coordinates": [ [ [ -111.719136321749332, 40.313999723665923 ], [ -111.718944615936081, 40.313981277533394 ], [ -111.718930835945869, 40.314064590214713 ], [ -111.718920275092941, 40.314063574603168 ], [ -111.718899758201303, 40.314187617844901 ], [ -111.719102006041311, 40.314207078282571 ], [ -111.719136321749332, 40.313999723665923 ] ] ] } },
{ "type": "Feature", "properties": { "type": "Feature", "properties": { "height": 4.3564977645874023, "confidence": 0.97780001163482611 }, "id": 1343 }, "geometry": { "type": "Polygon", "coordinates": [ [ [ -111.72034971110574, 40.31813086327147 ], [ -111.720131853431184, 40.31816668216215 ], [ -111.720156724056693, 40.318254621879341 ], [ -111.720374581731278, 40.318218803035329 ], [ -111.72034971110574, 40.31813086327147 ] ] ] } },
{ "type": "Feature", "properties": { "type": "Feature", "properties": { "height": 0.0, "confidence": 0.98379999399185103 }, "id": 1344 }, "geometry": { "type": "Polygon", "coordinates": [ [ [ -111.721397419691485, 40.315716578661174 ], [ -111.721608081292118, 40.315718523549613 ], [ -111.721608925553554, 40.315665357166765 ], [ -111.721587471026794, 40.315665159092255 ], [ -111.721588087987087, 40.315626306708985 ], [ -111.72160954251386, 40.315626504783602 ], [ -111.721610549133288, 40.31556311400518 ], [ -111.721618594580818, 40.315563188283242 ], [ -111.72161950378549, 40.315505932045191 ], [ -111.721400777219642, 40.315503912692343 ], [ -111.721397419691485, 40.315716578661174 ] ] ] } },
{ "type": "Feature", "properties": { "type": "Feature", "properties": { "height": 2.4911503791809082, "confidence": 1.0 }, "id": 1345 }, "geometry": { "type": "Polygon", "coordinates": [ [ [ -111.721406553565501, 40.317610076988636 ], [ -111.721404908307477, 40.317647652892383 ], [ -111.721437058907554, 40.317648472994193 ], [ -111.721438704240626, 40.317610895377108 ], [ -111.721406553565501, 40.317610076988636 ] ] ] } },
{ "type": "Feature", "properties": { "type": "Feature", "properties": { "height": 3.374679327011108, "confidence": 0.9735000133514401 }, "id": 1346 }, "geometry": { "type": "Polygon", "coordinates": [ [ [ -111.704442995769568, 40.316906688323513 ], [ -111.704436487543006, 40.317041483679098 ], [ -111.704531594285058, 40.317044153313141 ], [ -111.70453811486793, 40.316909358309729 ], [ -111.704442995769568, 40.316906688323513 ] ] ] } },
{ "type": "Feature", "properties": { "type": "Feature", "properties": { "height": 4.5264902114868164, "confidence": 0.99119997024536111 }, "id": 1347 }, "geometry": { "type": "Polygon", "coordinates": [ [ [ -111.710031327118642, 40.324268707653552 ], [ -111.710101123241927, 40.324434928576331 ], [ -111.710227633074894, 40.324404052104235 ], [ -111.710157839522708, 40.324237837228523 ], [ -111.710031327118642, 40.324268707653552 ] ] ] } },
{ "type": "Feature", "properties": { "type": "Feature", "properties": { "height": 3.6850371360778809, "confidence": 0.96469998359680109 }, "id": 1348 }, "geometry": { "type": "Polygon", "coordinates": [ [ [ -111.717790746625269, 40.316273759732873 ], [ -111.717786708848692, 40.316438512609473 ], [ -111.717907365962546, 40.316440238233952 ], [ -111.717911403896892, 40.316275478924894 ], [ -111.717790746625269, 40.316273759732873 ] ] ] } },
{ "type": "Feature", "properties": { "type": "Feature", "properties": { "height": 6.4370770454406738, "confidence": 0.98409998416900613 }, "id": 1349 }, "geometry": { "type": "Polygon", "coordinates": [ [ [ -111.719117647452435, 40.313806020112658 ], [ -111.719479727035775, 40.313808010404458 ], [ -111.719481117687565, 40.313659472572567 ], [ -111.719381881011458, 40.313658932379717 ], [ -111.719381868987711, 40.313660216656963 ], [ -111.71911902603091, 40.313658771849369 ], [ -111.719117647452435, 40.313806020112658 ] ] ] } },
{ "type": "Feature", "properties": { "type": "Feature", "properties": { "height": 3.1058964729309082, "confidence": 0.98809999227523804 }, "id": 1350 }, "geometry": { "type": "Polygon", "coordinates": [ [ [ -111.719127428579654, 40.314590774277974 ], [ -111.719086550898254, 40.314250813049775 ], [ -111.718900361413219, 40.314263829694326 ], [ -111.718941237909803, 40.314603781003434 ], [ -111.719127428579654, 40.314590774277974 ] ] ] } },
{ "type": "Feature", "properties": { "type": "Feature", "properties": { "height": 4.5401725769042969, "confidence": 0.95279997587203913 }, "id": 1351 }, "geometry": { "type": "Polygon", "coordinates": [ [ [ -111.720636424462214, 40.316491074131569 ], [ -111.720655233948605, 40.316563920530108 ], [ -111.720873485247125, 40.316531157471609 ], [ -111.720854682197938, 40.31645831007139 ], [ -111.720636424462214, 40.316491074131569 ] ] ] } },
{ "type": "Feature", "properties": { "type": "Feature", "properties": { "height": 4.033144474029541, "confidence": 0.97170001268386808 }, "id": 1352 }, "geometry": { "type": "Polygon", "coordinates": [ [ [ -111.721380557668994, 40.324206890329179 ], [ -111.721479783654459, 40.324207843359062 ], [ -111.721482756740201, 40.324027920236084 ], [ -111.72136475827098, 40.324026786900227 ], [ -111.721362562241737, 40.324159684710047 ], [ -111.721381334725493, 40.324159865013115 ], [ -111.721380557668994, 40.324206890329179 ] ] ] } },
{ "type": "Feature", "properties": { "type": "Feature", "properties": { "height": 3.9742105007171631, "confidence": 0.99540001153945912 }, "id": 1353 }, "geometry": { "type": "Polygon", "coordinates": [ [ [ -111.722395957499472, 40.320100504571734 ], [ -111.722505921610647, 40.320101144177656 ], [ -111.722506128095574, 40.320080695104458 ], [ -111.72249432035899, 40.320080626424769 ], [ -111.722494606810045, 40.320051997696567 ], [ -111.722552012049832, 40.320052331594219 ], [ -111.72255223042778, 40.320030704688826 ], [ -111.722638056029297, 40.320031208473559 ], [ -111.722638964562478, 40.319941232460408 ], [ -111.722487677353314, 40.319940344423657 ], [ -111.722487800118003, 40.31992807495125 ], [ -111.722397703949156, 40.31992754609805 ], [ -111.722395957499472, 40.320100504571734 ] ] ] } },
{ "type": "Feature", "properties": { "type": "Feature", "properties": { "height": 5.9371070861816415, "confidence": 0.99839997291564908 }, "id": 1354 }, "geometry": { "type": "Polygon", "coordinates": [ [ [ -111.723200808422078, 40.324962353193044 ], [ -111.723140405884266, 40.324961876190564 ], [ -111.723140847365457, 40.324929161591129 ], [ -111.723084526978226, 40.324928716825426 ], [ -111.723084140682161, 40.32495734210098 ], [ -111.72304659375736, 40.324957045590629 ], [ -111.723045490054346, 40.325038832025697 ], [ -111.723199752772231, 40.325040050246272 ], [ -111.723200808422078, 40.324962353193044 ] ] ] } },
{ "type": "Feature", "properties": { "type": "Feature", "properties": { "height": 4.1447076797485352, "confidence": 0.99110001325607311 }, "id": 1355 }, "geometry": { "type": "Polygon", "coordinates": [ [ [ -111.724449824772321, 40.321111144421749 ], [ -111.72460000746598, 40.321109790058657 ], [ -111.724598738625232, 40.321028001589269 ], [ -111.724448555931573, 40.32102935595401 ], [ -111.724449824772321, 40.321111144421749 ] ] ] } },
{ "type": "Feature", "properties": { "type": "Feature", "properties": { "height": 6.1592264175415039, "confidence": 0.98290002346038807 }, "id": 1356 }, "geometry": { "type": "Polygon", "coordinates": [ [ [ -111.710478497468785, 40.320503018800949 ], [ -111.710482364133398, 40.320633833191067 ], [ -111.710779938199451, 40.3206287201115 ], [ -111.710779334033091, 40.320608280378217 ], [ -111.710849036066577, 40.320607082719512 ], [ -111.710846679817834, 40.320527367699107 ], [ -111.710583956768517, 40.320531881956349 ], [ -111.710583050519006, 40.320501222310092 ], [ -111.710478497468785, 40.320503018800949 ] ] ] } },
{ "type": "Feature", "properties": { "type": "Feature", "properties": { "height": 4.2467217445373526, "confidence": 0.97829997539520208 }, "id": 1357 }, "geometry": { "type": "Polygon", "coordinates": [ [ [ -111.712245693676195, 40.32234633013568 ], [ -111.71224792409572, 40.322432184681723 ], [ -111.712486547083742, 40.322428581229701 ], [ -111.712484316664202, 40.322342726679089 ], [ -111.712245693676195, 40.32234633013568 ] ] ] } },
{ "type": "Feature", "properties": { "type": "Feature", "properties": { "height": 4.3154349327087402, "confidence": 0.95359998941421509 }, "id": 1358 }, "geometry": { "type": "Polygon", "coordinates": [ [ [ -111.71442599110982, 40.316732137470396 ], [ -111.714305306649365, 40.316733161482645 ], [ -111.714308335735865, 40.316940707038754 ], [ -111.714425024272458, 40.316939723162179 ], [ -111.714423778684392, 40.316853838449276 ], [ -111.714459949367523, 40.316853533470457 ], [ -111.714458934653251, 40.316784007723982 ], [ -111.714426752105382, 40.316784279076501 ], [ -111.71442599110982, 40.316732137470396 ] ] ] } },
{ "type": "Feature", "properties": { "type": "Feature", "properties": { "height": 3.5112152099609371, "confidence": 0.99409997463226307 }, "id": 1359 }, "geometry": { "type": "Polygon", "coordinates": [ [ [ -111.715490972903964, 40.317732347409105 ], [ -111.715456130013578, 40.317731624116504 ], [ -111.715459889879156, 40.317626327069249 ], [ -111.715351376655562, 40.317624080264515 ], [ -111.715344933671119, 40.317804984445502 ], [ -111.715488272985141, 40.317807959977969 ], [ -111.715490972903964, 40.317732347409105 ] ] ] } },
{ "type": "Feature", "properties": { "type": "Feature", "properties": { "height": 9.4012947082519531, "confidence": 0.97939997911453203 }, "id": 1360 }, "geometry": { "type": "Polygon", "coordinates": [ [ [ -111.715519794026278, 40.312591696932088 ], [ -111.715287440789325, 40.312592044140359 ], [ -111.715287955353858, 40.31279967963988 ], [ -111.715332573744803, 40.312799615347473 ], [ -111.715332642076291, 40.312826203471246 ], [ -111.715290703444396, 40.312826263902252 ], [ -111.715291220436086, 40.313034878075889 ], [ -111.715524571787086, 40.31303454183189 ], [ -111.715524346098348, 40.312943472998533 ], [ -111.715548485890082, 40.312943436926339 ], [ -111.715548371989428, 40.312897476241133 ], [ -111.715525944379621, 40.312897508557917 ], [ -111.715525783919659, 40.312835072835789 ], [ -111.715517737323509, 40.31283508485987 ], [ -111.715517445743231, 40.312721629478972 ], [ -111.715542571695607, 40.312721593273963 ], [ -111.715542465256149, 40.312678643150463 ], [ -111.715520017560664, 40.312678675496279 ], [ -111.715519794026278, 40.312591696932088 ] ] ] } },
{ "type": "Feature", "properties": { "type": "Feature", "properties": { "height": 6.8369736671447754, "confidence": 0.97909998893737704 }, "id": 1361 }, "geometry": { "type": "Polygon", "coordinates": [ [ [ -111.718304792266224, 40.314486773880546 ], [ -111.718503243533476, 40.314484846371641 ], [ -111.718499738514026, 40.314275032721532 ], [ -111.718306650966639, 40.314276918444264 ], [ -111.7183080378733, 40.314359940013262 ], [ -111.718302674325543, 40.314359992108209 ], [ -111.718304792266224, 40.314486773880546 ] ] ] } },
{ "type": "Feature", "properties": { "type": "Feature", "properties": { "height": 4.5957932472229004, "confidence": 0.9868999719619751 }, "id": 1362 }, "geometry": { "type": "Polygon", "coordinates": [ [ [ -111.724069732977071, 40.323289001456196 ], [ -111.724166272628281, 40.32328794543146 ], [ -111.724165272262113, 40.32323478815826 ], [ -111.724237677000517, 40.323233996139081 ], [ -111.724236099500047, 40.323150171122244 ], [ -111.724067155110419, 40.323152019169299 ], [ -111.724069732977071, 40.323289001456196 ] ] ] } },
{ "type": "Feature", "properties": { "type": "Feature", "properties": { "height": 4.2618980407714844, "confidence": 0.8730000257492061 }, "id": 1363 }, "geometry": { "type": "Polygon", "coordinates": [ [ [ -111.724085925046069, 40.321379434230103 ], [ -111.724087927759726, 40.321470336975267 ], [ -111.724310488312568, 40.321467486707618 ], [ -111.724308620460732, 40.321382705313297 ], [ -111.724223767134887, 40.321383796534192 ], [ -111.724223631448638, 40.321377663314074 ], [ -111.724085925046069, 40.321379434230103 ] ] ] } },
{ "type": "Feature", "properties": { "type": "Feature", "properties": { "height": 4.9849395751953125, "confidence": 0.97479999065399103 }, "id": 1364 }, "geometry": { "type": "Polygon", "coordinates": [ [ [ -111.710488004219258, 40.316103694387174 ], [ -111.71049038786056, 40.316273422011733 ], [ -111.710608391526051, 40.316272458523159 ], [ -111.710606007884735, 40.316102730896191 ], [ -111.710488004219258, 40.316103694387174 ] ] ] } },
{ "type": "Feature", "properties": { "type": "Feature", "properties": { "height": 2.5882353782653809, "confidence": 0.91750001907348611 }, "id": 1365 }, "geometry": { "type": "Polygon", "coordinates": [ [ [ -111.714164072349377, 40.323493148685763 ], [ -111.714121833349083, 40.323497223663438 ], [ -111.714126176090616, 40.323523388710562 ], [ -111.714168415090938, 40.323519313734472 ], [ -111.714164072349377, 40.323493148685763 ] ] ] } },
{ "type": "Feature", "properties": { "type": "Feature", "properties": { "height": 9.5611944198608398, "confidence": 0.98960000276565507 }, "id": 1366 }, "geometry": { "type": "Polygon", "coordinates": [ [ [ -111.716187478817588, 40.313047425459644 ], [ -111.716187343832871, 40.313089443878795 ], [ -111.716167607606778, 40.313089405960675 ], [ -111.716167188608139, 40.313216209884978 ], [ -111.716208394012682, 40.313216289050459 ], [ -111.716208338461698, 40.313233581075579 ], [ -111.716282465738544, 40.313233719535873 ], [ -111.716282407976877, 40.313251200246093 ], [ -111.716339709747785, 40.313251310336518 ], [ -111.716339779055431, 40.313229736119489 ], [ -111.716429999839931, 40.313229904640423 ], [ -111.716430070455061, 40.313208534001262 ], [ -111.716494443062771, 40.313208657676554 ], [ -111.716494375482355, 40.313229109902402 ], [ -111.716570450572917, 40.313229256060936 ], [ -111.716570395083991, 40.313246528760672 ], [ -111.716629403328241, 40.31324663898053 ], [ -111.71662946903146, 40.313226186752885 ], [ -111.716715299204893, 40.313226347072728 ], [ -111.716715367809613, 40.313204991654374 ], [ -111.716752918504042, 40.313205063798314 ], [ -111.716753319293602, 40.313080305057902 ], [ -111.716728219522338, 40.3130802568351 ], [ -111.716728327651026, 40.313047533198656 ], [ -111.716473519412219, 40.313047043649441 ], [ -111.71647337446629, 40.313090909519715 ], [ -111.716446552541669, 40.313090859419681 ], [ -111.7164466944606, 40.313047909642748 ], [ -111.716187478817588, 40.313047425459644 ] ] ] } },
{ "type": "Feature", "properties": { "type": "Feature", "properties": { "height": 4.5367259979248047, "confidence": 0.97170001268386808 }, "id": 1367 }, "geometry": { "type": "Polygon", "coordinates": [ [ [ -111.71798815758099, 40.324606158117916 ], [ -111.718194637377849, 40.324603701212347 ], [ -111.718193339953757, 40.324540325008357 ], [ -111.718110211723854, 40.324541314153088 ], [ -111.718108914299776, 40.324477937890528 ], [ -111.717985562732807, 40.324479405655019 ], [ -111.71798815758099, 40.324606158117916 ] ] ] } },
{ "type": "Feature", "properties": { "type": "Feature", "properties": { "height": 4.8924121856689453, "confidence": 0.98360002040863004 }, "id": 1368 }, "geometry": { "type": "Polygon", "coordinates": [ [ [ -111.72107944806794, 40.324788769203664 ], [ -111.721084731940834, 40.324663372010043 ], [ -111.720898597643824, 40.32465881327068 ], [ -111.720895492136407, 40.324732353177353 ], [ -111.720971775981326, 40.324734221493941 ], [ -111.720969591118433, 40.324786072766969 ], [ -111.72107944806794, 40.324788769203664 ] ] ] } },
{ "type": "Feature", "properties": { "type": "Feature", "properties": { "height": 3.5724208354949951, "confidence": 0.99949997663497903 }, "id": 1369 }, "geometry": { "type": "Polygon", "coordinates": [ [ [ -111.721312342222163, 40.317743006619835 ], [ -111.721316080641316, 40.317912701706028 ], [ -111.721426020191501, 40.317911293668303 ], [ -111.721424713996868, 40.31785200266134 ], [ -111.721448847068842, 40.317851693579613 ], [ -111.721446414844337, 40.317741289496354 ], [ -111.721312342222163, 40.317743006619835 ] ] ] } },
{ "type": "Feature", "properties": { "type": "Feature", "properties": { "height": 4.1710138320922852, "confidence": 0.96840000152587813 }, "id": 1370 }, "geometry": { "type": "Polygon", "coordinates": [ [ [ -111.722749503094761, 40.323519229957093 ], [ -111.722871713746684, 40.323520468969591 ], [ -111.722874617738697, 40.323353975099302 ], [ -111.722752391692168, 40.32335274244965 ], [ -111.722749503094761, 40.323519229957093 ] ] ] } },
{ "type": "Feature", "properties": { "type": "Feature", "properties": { "height": 6.2927770614624023, "confidence": 0.98640000820159912 }, "id": 1371 }, "geometry": { "type": "Polygon", "coordinates": [ [ [ -111.723126755182662, 40.325324613775258 ], [ -111.723129889515548, 40.325572019376921 ], [ -111.723257279170895, 40.32557108135483 ], [ -111.723256913893152, 40.325542455978656 ], [ -111.723305189119401, 40.325542100508279 ], [ -111.723302658266476, 40.325343767210313 ], [ -111.7232584302009, 40.325344092880748 ], [ -111.723258171165128, 40.325323646102134 ], [ -111.723126755182662, 40.325324613775258 ] ] ] } },
{ "type": "Feature", "properties": { "type": "Feature", "properties": { "height": 5.2103252410888672, "confidence": 0.99150002002716009 }, "id": 1372 }, "geometry": { "type": "Polygon", "coordinates": [ [ [ -111.723745705587419, 40.324700213742965 ], [ -111.723531197191576, 40.324697295039932 ], [ -111.723528878663132, 40.32479633723414 ], [ -111.723697803813934, 40.324798644720168 ], [ -111.723698399790266, 40.324773185999064 ], [ -111.723743982824374, 40.324773806222765 ], [ -111.723745705587419, 40.324700213742965 ] ] ] } },
{ "type": "Feature", "properties": { "type": "Feature", "properties": { "height": 2.7270073890686031, "confidence": 0.99199998378753607 }, "id": 1373 }, "geometry": { "type": "Polygon", "coordinates": [ [ [ -111.707719164391278, 40.321197812341424 ], [ -111.707745208323615, 40.321246111915357 ], [ -111.707878284576466, 40.321204399793245 ], [ -111.707852237368783, 40.321156094115146 ], [ -111.707719164391278, 40.321197812341424 ] ] ] } },
{ "type": "Feature", "properties": { "type": "Feature", "properties": { "height": 4.5222158432006845, "confidence": 0.90560001134872403 }, "id": 1374 }, "geometry": { "type": "Polygon", "coordinates": [ [ [ -111.709149644424912, 40.32220454831031 ], [ -111.708985063091646, 40.322206989754747 ], [ -111.708984387350284, 40.322180415250443 ], [ -111.708914676211535, 40.322181449364898 ], [ -111.708918626699557, 40.322336807854832 ], [ -111.70905372681149, 40.322334803746756 ], [ -111.709052683457713, 40.322293920022709 ], [ -111.709151887635485, 40.322292448402763 ], [ -111.709149644424912, 40.32220454831031 ] ] ] } },
{ "type": "Feature", "properties": { "type": "Feature", "properties": { "height": 5.716212272644043, "confidence": 0.99140000343322709 }, "id": 1375 }, "geometry": { "type": "Polygon", "coordinates": [ [ [ -111.711079621793942, 40.31627494159396 ], [ -111.711082381879464, 40.316101129696328 ], [ -111.710972427429766, 40.316100114571022 ], [ -111.710969667344244, 40.316273926471261 ], [ -111.711079621793942, 40.31627494159396 ] ] ] } },
{ "type": "Feature", "properties": { "type": "Feature", "properties": { "height": 4.8366284370422363, "confidence": 0.99180001020431507 }, "id": 1376 }, "geometry": { "type": "Polygon", "coordinates": [ [ [ -111.711465283568657, 40.31871956595166 ], [ -111.711567087777908, 40.318716903965942 ], [ -111.711558267586511, 40.318520807684315 ], [ -111.711456463377246, 40.318523469677757 ], [ -111.711465283568657, 40.31871956595166 ] ] ] } },
{ "type": "Feature", "properties": { "type": "Feature", "properties": { "height": 5.8390803337097168, "confidence": 0.99180001020431507 }, "id": 1377 }, "geometry": { "type": "Polygon", "coordinates": [ [ [ -111.71370521310034, 40.321988539786503 ], [ -111.713552444536063, 40.321985311648703 ], [ -111.713548507596428, 40.322093611782769 ], [ -111.713615511352685, 40.322095027630418 ], [ -111.713614842815787, 40.322113418201589 ], [ -111.713700607623792, 40.322115230486048 ], [ -111.71370521310034, 40.321988539786503 ] ] ] } },
{ "type": "Feature", "properties": { "type": "Feature", "properties": { "height": 4.9036979675292969, "confidence": 0.99959999322891213 }, "id": 1378 }, "geometry": { "type": "Polygon", "coordinates": [ [ [ -111.724600604834578, 40.321847066105711 ], [ -111.724599555911766, 40.321757094232233 ], [ -111.724441317983334, 40.321758158143709 ], [ -111.724442366906132, 40.321848130015773 ], [ -111.724600604834578, 40.321847066105711 ] ] ] } },
{ "type": "Feature", "properties": { "type": "Feature", "properties": { "height": 8.5603246688842773, "confidence": 0.96630001068115212 }, "id": 1379 }, "geometry": { "type": "Polygon", "coordinates": [ [ [ -111.725760924532338, 40.323487274342966 ], [ -111.725807732744215, 40.323749294367182 ], [ -111.726001455876968, 40.323729188968223 ], [ -111.725980479885067, 40.323611710619637 ], [ -111.726007950242987, 40.323608858159453 ], [ -111.725999342428054, 40.323560673857862 ], [ -111.725954575302836, 40.323565322378705 ], [ -111.725937359672955, 40.323468953678955 ], [ -111.725760924532338, 40.323487274342966 ] ] ] } },
{ "type": "Feature", "properties": { "type": "Feature", "properties": { "height": 5.5828170776367188, "confidence": 0.99059998989105202 }, "id": 1380 }, "geometry": { "type": "Polygon", "coordinates": [ [ [ -111.707858132665521, 40.322703048349489 ], [ -111.7078566742899, 40.322617174863005 ], [ -111.707891537162382, 40.322616830708299 ], [ -111.707890148233218, 40.322535046333478 ], [ -111.70785528536075, 40.322535390488603 ], [ -111.707853722815457, 40.322443382948968 ], [ -111.707687453731367, 40.322445024306418 ], [ -111.707691863581431, 40.322704689700622 ], [ -111.707858132665521, 40.322703048349489 ] ] ] } },
{ "type": "Feature", "properties": { "type": "Feature", "properties": { "height": 4.4688968658447275, "confidence": 0.9890000224113461 }, "id": 1381 }, "geometry": { "type": "Polygon", "coordinates": [ [ [ -111.711574213313725, 40.316110133487996 ], [ -111.711458928475054, 40.31611196685386 ], [ -111.711463905141883, 40.316293905632165 ], [ -111.711579189980583, 40.316292072271253 ], [ -111.711574213313725, 40.316110133487996 ] ] ] } },
{ "type": "Feature", "properties": { "type": "Feature", "properties": { "height": 4.8976783752441415, "confidence": 0.9621999859809871 }, "id": 1382 }, "geometry": { "type": "Polygon", "coordinates": [ [ [ -111.716340626291299, 40.318066568147408 ], [ -111.716409149271598, 40.318234357454173 ], [ -111.716513149324456, 40.318209666204893 ], [ -111.716444612303874, 40.318041880170142 ], [ -111.716340626291299, 40.318066568147408 ] ] ] } },
{ "type": "Feature", "properties": { "type": "Feature", "properties": { "height": 4.3532648086547852, "confidence": 0.99900001287460305 }, "id": 1383 }, "geometry": { "type": "Polygon", "coordinates": [ [ [ -111.722127187097513, 40.32280106174511 ], [ -111.722130264738269, 40.322883637423814 ], [ -111.722323228364928, 40.322879467312958 ], [ -111.722320150340735, 40.322796881340878 ], [ -111.722127187097513, 40.32280106174511 ] ] ] } },
{ "type": "Feature", "properties": { "type": "Feature", "properties": { "height": 4.270514965057373, "confidence": 0.97539997100830012 }, "id": 1384 }, "geometry": { "type": "Polygon", "coordinates": [ [ [ -111.708811719583522, 40.319377270140549 ], [ -111.70865731786445, 40.319378687304962 ], [ -111.708657863501244, 40.319413448120876 ], [ -111.708597722780439, 40.319414000117604 ], [ -111.708598723582952, 40.319477387387785 ], [ -111.708687223655431, 40.319476575097802 ], [ -111.708686824482868, 40.319451292934197 ], [ -111.708751188226174, 40.31945070561175 ], [ -111.708751651912436, 40.319480073840793 ], [ -111.708813333781137, 40.319479507699313 ], [ -111.708811719583522, 40.319377270140549 ] ] ] } },
{ "type": "Feature", "properties": { "type": "Feature", "properties": { "height": 4.4862532615661621, "confidence": 0.99140000343322709 }, "id": 1385 }, "geometry": { "type": "Polygon", "coordinates": [ [ [ -111.720753977368062, 40.325022107025447 ], [ -111.720539414427805, 40.324956150745621 ], [ -111.720496278531613, 40.325037712648147 ], [ -111.720710836263819, 40.325103678695797 ], [ -111.720753977368062, 40.325022107025447 ] ] ] } },
{ "type": "Feature", "properties": { "type": "Feature", "properties": { "height": 4.6944332122802734, "confidence": 0.98849999904632513 }, "id": 1386 }, "geometry": { "type": "Polygon", "coordinates": [ [ [ -111.724307184590941, 40.321761422962396 ], [ -111.724160708342993, 40.321759210998778 ], [ -111.724158009542876, 40.321863463984478 ], [ -111.724208951599692, 40.321864233268265 ], [ -111.724209480776153, 40.321843791519292 ], [ -111.724305007276641, 40.321845234079987 ], [ -111.724307184590941, 40.321761422962396 ] ] ] } },
{ "type": "Feature", "properties": { "type": "Feature", "properties": { "height": 6.1045174598693848, "confidence": 0.97589999437332109 }, "id": 1387 }, "geometry": { "type": "Polygon", "coordinates": [ [ [ -111.706229248441105, 40.31723711181467 ], [ -111.706312557487408, 40.317289887360246 ], [ -111.706471322167815, 40.317144186191932 ], [ -111.706388023899322, 40.317091412914962 ], [ -111.706229248441105, 40.31723711181467 ] ] ] } },
{ "type": "Feature", "properties": { "type": "Feature", "properties": { "height": 5.7056407928466797, "confidence": 0.99180001020431507 }, "id": 1388 }, "geometry": { "type": "Polygon", "coordinates": [ [ [ -111.710152637166885, 40.320889521542995 ], [ -111.710324190541314, 40.32089279881297 ], [ -111.710326547816834, 40.320821268697642 ], [ -111.710290690005323, 40.320820583687222 ], [ -111.710292570576073, 40.320763359439546 ], [ -111.710156880262787, 40.320760767274614 ], [ -111.710152637166885, 40.320889521542995 ] ] ] } },
{ "type": "Feature", "properties": { "type": "Feature", "properties": { "height": 4.4754142761230469, "confidence": 0.97390002012252808 }, "id": 1389 }, "geometry": { "type": "Polygon", "coordinates": [ [ [ -111.71092124133969, 40.313919319542222 ], [ -111.710919764909491, 40.31382525309003 ], [ -111.710694491619279, 40.313827308891561 ], [ -111.710695968049478, 40.31392137534089 ], [ -111.71092124133969, 40.313919319542222 ] ] ] } },
{ "type": "Feature", "properties": { "type": "Feature", "properties": { "height": 5.1457352638244629, "confidence": 0.97460001707077004 }, "id": 1390 }, "geometry": { "type": "Polygon", "coordinates": [ [ [ -111.713152791246699, 40.325514634221094 ], [ -111.713185092165617, 40.325480142464883 ], [ -111.713104266783333, 40.325436148706828 ], [ -111.712999664077785, 40.325547835240137 ], [ -111.713143560099311, 40.325626166267739 ], [ -111.71321586246394, 40.325548967604639 ], [ -111.713152791246699, 40.325514634221094 ] ] ] } },
{ "type": "Feature", "properties": { "type": "Feature", "properties": { "height": 5.454810619354248, "confidence": 0.98100000619888306 }, "id": 1391 }, "geometry": { "type": "Polygon", "coordinates": [ [ [ -111.713685173875078, 40.321952512416523 ], [ -111.713553828322759, 40.32195502153688 ], [ -111.713554771232978, 40.321983633111586 ], [ -111.713686116785269, 40.321981123992309 ], [ -111.713685173875078, 40.321952512416523 ] ] ] } },
{ "type": "Feature", "properties": { "type": "Feature", "properties": { "height": 3.6957259178161621, "confidence": 0.99959999322891213 }, "id": 1392 }, "geometry": { "type": "Polygon", "coordinates": [ [ [ -111.714340918734564, 40.318650663716248 ], [ -111.714502952884914, 40.318647455786738 ], [ -111.714496828181765, 40.318467610542406 ], [ -111.714334777533921, 40.318470818807093 ], [ -111.714340918734564, 40.318650663716248 ] ] ] } },
{ "type": "Feature", "properties": { "type": "Feature", "properties": { "height": 5.1728529930114746, "confidence": 0.96119999885559004 }, "id": 1393 }, "geometry": { "type": "Polygon", "coordinates": [ [ [ -111.716210123821838, 40.317109521948723 ], [ -111.71620815331444, 40.317023653133241 ], [ -111.715977553655321, 40.317026717302895 ], [ -111.715979524162719, 40.317112586114469 ], [ -111.716210123821838, 40.317109521948723 ] ] ] } },
{ "type": "Feature", "properties": { "type": "Feature", "properties": { "height": 5.4279098510742188, "confidence": 0.97280001640319802 }, "id": 1394 }, "geometry": { "type": "Polygon", "coordinates": [ [ [ -111.72001767048296, 40.324001111925135 ], [ -111.72016243805929, 40.323998655472721 ], [ -111.72015885804737, 40.323876021564963 ], [ -111.720014090471054, 40.323878478021818 ], [ -111.72001767048296, 40.324001111925135 ] ] ] } },
{ "type": "Feature", "properties": { "type": "Feature", "properties": { "height": 4.5436620712280273, "confidence": 0.98479998111724809 }, "id": 1395 }, "geometry": { "type": "Polygon", "coordinates": [ [ [ -111.723230607769352, 40.32455455645492 ], [ -111.72334999155072, 40.324552333262133 ], [ -111.72334580103437, 40.324421538066531 ], [ -111.723415496885849, 40.324420240171492 ], [ -111.723413859965405, 40.324369148228399 ], [ -111.723224763645007, 40.324372669633966 ], [ -111.723230607769352, 40.32455455645492 ] ] ] } },
{ "type": "Feature", "properties": { "type": "Feature", "properties": { "height": 5.5343108177185059, "confidence": 0.97149997949600209 }, "id": 1396 }, "geometry": { "type": "Polygon", "coordinates": [ [ [ -111.724199576994081, 40.325730720857131 ], [ -111.723783881642419, 40.325734092313446 ], [ -111.723785450842428, 40.325846546599074 ], [ -111.72420114619409, 40.325843175148364 ], [ -111.724199576994081, 40.325730720857131 ] ] ] } },
{ "type": "Feature", "properties": { "type": "Feature", "properties": { "height": 3.8481152057647701, "confidence": 1.0 }, "id": 1397 }, "geometry": { "type": "Polygon", "coordinates": [ [ [ -111.724983299561032, 40.319544707293439 ], [ -111.724873350426847, 40.319545874864914 ], [ -111.724875002081262, 40.319635839198746 ], [ -111.724984951215461, 40.319634671628826 ], [ -111.724983299561032, 40.319544707293439 ] ] ] } },
{ "type": "Feature", "properties": { "type": "Feature", "properties": { "height": 0.38418862223625105, "confidence": 0.93309998512268011 }, "id": 1398 }, "geometry": { "type": "Polygon", "coordinates": [ [ [ -111.705247181053011, 40.317469782076088 ], [ -111.705245784339823, 40.317513632362996 ], [ -111.705426753200584, 40.317516973787065 ], [ -111.705428145584492, 40.317473133079453 ], [ -111.705247181053011, 40.317469782076088 ] ] ] } },
{ "type": "Feature", "properties": { "type": "Feature", "properties": { "height": 6.1194233894348145, "confidence": 0.99860000610351507 }, "id": 1399 }, "geometry": { "type": "Polygon", "coordinates": [ [ [ -111.707108222066907, 40.320284908818365 ], [ -111.706743702880871, 40.320292339310178 ], [ -111.706752138793362, 40.320532282918009 ], [ -111.707116657296027, 40.320524833015092 ], [ -111.707108222066907, 40.320284908818365 ] ] ] } },
{ "type": "Feature", "properties": { "type": "Feature", "properties": { "height": 4.7713465690612793, "confidence": 0.96100002527236905 }, "id": 1400 }, "geometry": { "type": "Polygon", "coordinates": [ [ [ -111.707406585012052, 40.313954629593226 ], [ -111.707380673433491, 40.313852086735096 ], [ -111.707200638395861, 40.313878547115877 ], [ -111.70722655904936, 40.313981088600066 ], [ -111.707406585012052, 40.313954629593226 ] ] ] } },
{ "type": "Feature", "properties": { "type": "Feature", "properties": { "height": 2.0155875682830811, "confidence": 0.97729998826980513 }, "id": 1401 }, "geometry": { "type": "Polygon", "coordinates": [ [ [ -111.708741452379741, 40.324093479964631 ], [ -111.708900887903724, 40.324092229383815 ], [ -111.708901356977819, 40.324126989101181 ], [ -111.708994019407157, 40.324126262275719 ], [ -111.708992995657354, 40.324049879888939 ], [ -111.708740894333118, 40.324051843871295 ], [ -111.708741452379741, 40.324093479964631 ] ] ] } },
{ "type": "Feature", "properties": { "type": "Feature", "properties": { "height": 2.0135440826416011, "confidence": 0.99059998989105202 }, "id": 1402 }, "geometry": { "type": "Polygon", "coordinates": [ [ [ -111.708752160886377, 40.32385989917907 ], [ -111.708772046702734, 40.323915032598762 ], [ -111.708840767694994, 40.323900625319567 ], [ -111.708856974236738, 40.32394556936697 ], [ -111.708907953010907, 40.323934884449294 ], [ -111.708843055757058, 40.323754956719391 ], [ -111.708784612178874, 40.32376720937684 ], [ -111.708813405511719, 40.323847059301521 ], [ -111.708752160886377, 40.32385989917907 ] ] ] } },
{ "type": "Feature", "properties": { "type": "Feature", "properties": { "height": 2.572115421295166, "confidence": 0.99830001592636108 }, "id": 1403 }, "geometry": { "type": "Polygon", "coordinates": [ [ [ -111.709660160093023, 40.324384556820604 ], [ -111.709651930762263, 40.324344644660499 ], [ -111.709518435335241, 40.324360636204375 ], [ -111.709513086270221, 40.324334693293821 ], [ -111.709441216745518, 40.324343302614118 ], [ -111.709446823119933, 40.324370505580845 ], [ -111.709415412431227, 40.32437426997199 ], [ -111.709431452481439, 40.32445209862815 ], [ -111.709541389891925, 40.324438923273398 ], [ -111.709533316805874, 40.32439975148943 ], [ -111.709660160093023, 40.324384556820604 ] ] ] } },
{ "type": "Feature", "properties": { "type": "Feature", "properties": { "height": 3.9655582904815669, "confidence": 0.97640001773834206 }, "id": 1404 }, "geometry": { "type": "Polygon", "coordinates": [ [ [ -111.710631298094256, 40.325042019078666 ], [ -111.710658274850246, 40.325026863234783 ], [ -111.71070387461441, 40.325074039279258 ], [ -111.710815953344834, 40.325011066219552 ], [ -111.710672996530562, 40.324863181509961 ], [ -111.710562661115702, 40.324925169311484 ], [ -111.710607494272665, 40.324971552319042 ], [ -111.710578776020768, 40.324987686567944 ], [ -111.710631298094256, 40.325042019078666 ] ] ] } },
{ "type": "Feature", "properties": { "type": "Feature", "properties": { "height": 4.1227908134460449, "confidence": 0.95859998464584306 }, "id": 1405 }, "geometry": { "type": "Polygon", "coordinates": [ [ [ -111.718252974031273, 40.321946020406564 ], [ -111.718387042942695, 40.321947816070015 ], [ -111.718389076496337, 40.321859909488872 ], [ -111.718255007584915, 40.321858113823076 ], [ -111.718252974031273, 40.321946020406564 ] ] ] } },
{ "type": "Feature", "properties": { "type": "Feature", "properties": { "height": 4.81878662109375, "confidence": 0.98640000820159912 }, "id": 1406 }, "geometry": { "type": "Polygon", "coordinates": [ [ [ -111.720863965749103, 40.319278110903184 ], [ -111.720862767620375, 40.319335357758767 ], [ -111.720782321834633, 40.319334378994533 ], [ -111.720780824173744, 40.319405937496789 ], [ -111.720976575585681, 40.319408319153844 ], [ -111.720979271375313, 40.319279513799735 ], [ -111.720863965749103, 40.319278110903184 ] ] ] } },
{ "type": "Feature", "properties": { "type": "Feature", "properties": { "height": 6.0945835113525391, "confidence": 0.99229997396469105 }, "id": 1407 }, "geometry": { "type": "Polygon", "coordinates": [ [ [ -111.721753319247441, 40.325650257235786 ], [ -111.721903393275781, 40.325646894024501 ], [ -111.721899533239011, 40.32554678235828 ], [ -111.722052287160722, 40.325543359084406 ], [ -111.72205535943489, 40.325623039814431 ], [ -111.722195964767266, 40.325619888798649 ], [ -111.722212893246393, 40.325604456563909 ], [ -111.722208589015153, 40.32549282444915 ], [ -111.722278266242611, 40.325491262954564 ], [ -111.722276218059818, 40.32543814237463 ], [ -111.722391453474458, 40.325435559900733 ], [ -111.722390133071627, 40.325401314611589 ], [ -111.722400497600859, 40.32539186613382 ], [ -111.722398804679614, 40.325347959366788 ], [ -111.722332991762642, 40.325305998534624 ], [ -111.722283418277442, 40.325307109499342 ], [ -111.722254358157016, 40.325288581413709 ], [ -111.722252891283659, 40.325250537256174 ], [ -111.722210012989862, 40.325251498179348 ], [ -111.722206885477405, 40.325170384373934 ], [ -111.722187636821218, 40.325158111835123 ], [ -111.722186133279365, 40.325119116584119 ], [ -111.722049458717819, 40.325122179532642 ], [ -111.722052452215749, 40.325199817652631 ], [ -111.721899698294038, 40.325203240943935 ], [ -111.721898043992539, 40.325160335680316 ], [ -111.72179352815138, 40.325162677933655 ], [ -111.721794896700601, 40.325198172047912 ], [ -111.721756029715962, 40.325233603934421 ], [ -111.721759080417968, 40.325312725544542 ], [ -111.721740321164418, 40.32531314594803 ], [ -111.721753319247441, 40.325650257235786 ] ] ] } },
{ "type": "Feature", "properties": { "type": "Feature", "properties": { "height": 7.9027352333068848, "confidence": 0.95469999313354403 }, "id": 1408 }, "geometry": { "type": "Polygon", "coordinates": [ [ [ -111.726761525092655, 40.322975351242754 ], [ -111.726599599550696, 40.323040145277616 ], [ -111.726762949220742, 40.323277431832921 ], [ -111.726933286479181, 40.323209272112052 ], [ -111.726862648784007, 40.323106661708515 ], [ -111.726889986862531, 40.323095722471002 ], [ -111.726862394012869, 40.323055640233271 ], [ -111.72682664421788, 40.323069945398139 ], [ -111.726761525092655, 40.322975351242754 ] ] ] } },
{ "type": "Feature", "properties": { "type": "Feature", "properties": { "height": 5.3000001907348633, "confidence": 0.97460001707077004 }, "id": 1409 }, "geometry": { "type": "Polygon", "coordinates": [ [ [ -111.709918267, 40.321738822510746 ], [ -111.709823178300056, 40.321747839068806 ], [ -111.709833690470006, 40.321812281518227 ], [ -111.70979935288392, 40.321815537494118 ], [ -111.70981577814949, 40.321916228693318 ], [ -111.709945204435499, 40.321903956186247 ], [ -111.709918267, 40.321738822510746 ] ] ] } },
{ "type": "Feature", "properties": { "type": "Feature", "properties": { "height": 3.521641731262207, "confidence": 0.93500000238418512 }, "id": 1410 }, "geometry": { "type": "Polygon", "coordinates": [ [ [ -111.710875148681765, 40.325205353395319 ], [ -111.710876083266399, 40.325164468350188 ], [ -111.710760783296266, 40.325162936448187 ], [ -111.710759101043891, 40.325236529513276 ], [ -111.710839542883534, 40.32523759828095 ], [ -111.710840290551246, 40.325204890262448 ], [ -111.710875148681765, 40.325205353395319 ] ] ] } },
{ "type": "Feature", "properties": { "type": "Feature", "properties": { "height": 4.1360945701599121, "confidence": 0.99970000982284513 }, "id": 1411 }, "geometry": { "type": "Polygon", "coordinates": [ [ [ -111.711305452653193, 40.315383636279584 ], [ -111.711303244667008, 40.315294872540285 ], [ -111.711074175683947, 40.31529818538818 ], [ -111.71107637522266, 40.3153869370203 ], [ -111.711305452653193, 40.315383636279584 ] ] ] } },
{ "type": "Feature", "properties": { "type": "Feature", "properties": { "height": 4.0159978866577148, "confidence": 0.99750000238418512 }, "id": 1412 }, "geometry": { "type": "Polygon", "coordinates": [ [ [ -111.711582454905894, 40.322570480690509 ], [ -111.711482885102214, 40.322603156156291 ], [ -111.711511694786225, 40.322654186091071 ], [ -111.711446070901729, 40.322675725122949 ], [ -111.711485031678052, 40.322744735372119 ], [ -111.711650222835601, 40.322690516472129 ], [ -111.711582454905894, 40.322570480690509 ] ] ] } },
{ "type": "Feature", "properties": { "type": "Feature", "properties": { "height": 4.6102094650268555, "confidence": 0.99919998645782404 }, "id": 1413 }, "geometry": { "type": "Polygon", "coordinates": [ [ [ -111.715433263334745, 40.322614405219582 ], [ -111.715674510690349, 40.322609796668083 ], [ -111.7156716583454, 40.322523004396665 ], [ -111.715430410566995, 40.322527600089082 ], [ -111.715433263334745, 40.322614405219582 ] ] ] } },
{ "type": "Feature", "properties": { "type": "Feature", "properties": { "height": 4.4003705978393555, "confidence": 0.9980999827384941 }, "id": 1414 }, "geometry": { "type": "Polygon", "coordinates": [ [ [ -111.718216782558898, 40.323340705051486 ], [ -111.718214561593683, 40.323248714471418 ], [ -111.717989332638595, 40.323251887272903 ], [ -111.71799155360381, 40.323343877848643 ], [ -111.718216782558898, 40.323340705051486 ] ] ] } },
{ "type": "Feature", "properties": { "type": "Feature", "properties": { "height": 3.8495316505432129, "confidence": 0.97359997034072809 }, "id": 1415 }, "geometry": { "type": "Polygon", "coordinates": [ [ [ -111.706255482902989, 40.3145510706835 ], [ -111.706016800089714, 40.314548905270257 ], [ -111.70601507702186, 40.314659330093122 ], [ -111.706253759835135, 40.314661495502811 ], [ -111.706255482902989, 40.3145510706835 ] ] ] } },
{ "type": "Feature", "properties": { "type": "Feature", "properties": { "height": 4.6929717063903809, "confidence": 0.99589997529983509 }, "id": 1416 }, "geometry": { "type": "Polygon", "coordinates": [ [ [ -111.717886295753274, 40.316682089372463 ], [ -111.717985481487219, 40.316683889010349 ], [ -111.717987007952701, 40.316634833553991 ], [ -111.718020571349953, 40.316635442532743 ], [ -111.718023059169326, 40.316555727473578 ], [ -111.717801839773244, 40.316551713634588 ], [ -111.717799232061395, 40.316635516787429 ], [ -111.717887695013289, 40.316637121870983 ], [ -111.717886295753274, 40.316682089372463 ] ] ] } },
{ "type": "Feature", "properties": { "type": "Feature", "properties": { "height": 3.3505232334136958, "confidence": 0.96380001306533802 }, "id": 1417 }, "geometry": { "type": "Polygon", "coordinates": [ [ [ -111.709334765093544, 40.324136101931508 ], [ -111.709341338359195, 40.324238100876407 ], [ -111.709421610854477, 40.324235094022818 ], [ -111.709419029928071, 40.324195045183259 ], [ -111.709552817879171, 40.32419004087896 ], [ -111.709550271199419, 40.324150523426624 ], [ -111.709468794026947, 40.324153575408928 ], [ -111.709467349963546, 40.324131135549202 ], [ -111.709334765093544, 40.324136101931508 ] ] ] } },
{ "type": "Feature", "properties": { "type": "Feature", "properties": { "height": 4.108828067779541, "confidence": 0.99659997224807706 }, "id": 1418 }, "geometry": { "type": "Polygon", "coordinates": [ [ [ -111.712025264682936, 40.325165149529361 ], [ -111.712022767662233, 40.325055912855959 ], [ -111.711991881031452, 40.325056324871582 ], [ -111.711989910526484, 40.324970466268418 ], [ -111.711873328510691, 40.324972021429033 ], [ -111.711877787976931, 40.325167108938814 ], [ -111.712025264682936, 40.325165149529361 ] ] ] } },
{ "type": "Feature", "properties": { "type": "Feature", "properties": { "height": 3.7869691848754883, "confidence": 0.99900001287460305 }, "id": 1419 }, "geometry": { "type": "Polygon", "coordinates": [ [ [ -111.714427072245854, 40.320067662880952 ], [ -111.714537745927259, 40.320086880388899 ], [ -111.714565337557858, 40.319994537244945 ], [ -111.71464948337065, 40.32000915292921 ], [ -111.714670976509566, 40.319937220029189 ], [ -111.714578140827072, 40.319921094942984 ], [ -111.714569721697146, 40.31994928062997 ], [ -111.714467723680897, 40.319931569538817 ], [ -111.714427072245854, 40.320067662880952 ] ] ] } },
{ "type": "Feature", "properties": { "type": "Feature", "properties": { "height": 4.4972620010375977, "confidence": 1.0 }, "id": 1420 }, "geometry": { "type": "Polygon", "coordinates": [ [ [ -111.718266618497466, 40.318163615239996 ], [ -111.718154059764018, 40.318166095954098 ], [ -111.718160799265462, 40.318343869644416 ], [ -111.71827335799891, 40.318341388936837 ], [ -111.718266618497466, 40.318163615239996 ] ] ] } },
{ "type": "Feature", "properties": { "type": "Feature", "properties": { "height": 4.6611437797546387, "confidence": 0.97990000247955311 }, "id": 1421 }, "geometry": { "type": "Polygon", "coordinates": [ [ [ -111.719909345966471, 40.32415276104031 ], [ -111.719874480270335, 40.324152513606577 ], [ -111.719875004539702, 40.324109574321376 ], [ -111.719762361521404, 40.32410877491953 ], [ -111.71976173739121, 40.324159893113695 ], [ -111.719742963554836, 40.32415975988016 ], [ -111.71974136578153, 40.32429062228104 ], [ -111.719907648332338, 40.324291802347247 ], [ -111.719909345966471, 40.32415276104031 ] ] ] } },
{ "type": "Feature", "properties": { "type": "Feature", "properties": { "height": 3.6552624702453609, "confidence": 0.94489997625350908 }, "id": 1422 }, "geometry": { "type": "Polygon", "coordinates": [ [ [ -111.719979725973872, 40.320696330162598 ], [ -111.71998162241789, 40.32078424171447 ], [ -111.72013446698486, 40.32078232503941 ], [ -111.720134202364747, 40.320770058317777 ], [ -111.720206602422778, 40.320769150418869 ], [ -111.720204970598857, 40.320693505585133 ], [ -111.719979725973872, 40.320696330162598 ] ] ] } },
{ "type": "Feature", "properties": { "type": "Feature", "properties": { "height": 3.944411993026733, "confidence": 0.91449999809265103 }, "id": 1423 }, "geometry": { "type": "Polygon", "coordinates": [ [ [ -111.721938974928619, 40.32149069060457 ], [ -111.721937179944064, 40.32142035340074 ], [ -111.721988122560603, 40.321419594976888 ], [ -111.721987100559346, 40.32137954740562 ], [ -111.721700212801949, 40.32138380322889 ], [ -111.721703029857139, 40.32149419071515 ], [ -111.721938974928619, 40.32149069060457 ] ] ] } },
{ "type": "Feature", "properties": { "type": "Feature", "properties": { "height": 4.9951906204223633, "confidence": 0.99479997158050504 }, "id": 1424 }, "geometry": { "type": "Polygon", "coordinates": [ [ [ -111.723328741885823, 40.322498525698954 ], [ -111.723218803377918, 40.322497094304751 ], [ -111.723215552185181, 40.32264224359033 ], [ -111.723325490693099, 40.322643674981457 ], [ -111.723328741885823, 40.322498525698954 ] ] ] } },
{ "type": "Feature", "properties": { "type": "Feature", "properties": { "height": 5.1790671348571777, "confidence": 0.98119997978210405 }, "id": 1425 }, "geometry": { "type": "Polygon", "coordinates": [ [ [ -111.70819961828407, 40.314255077490522 ], [ -111.708046804073831, 40.314257597457356 ], [ -111.708049676437895, 40.314358544347357 ], [ -111.708202490416156, 40.314356016232892 ], [ -111.70819961828407, 40.314255077490522 ] ] ] } },
{ "type": "Feature", "properties": { "type": "Feature", "properties": { "height": 4.2475357055664062, "confidence": 0.99510002136230413 }, "id": 1426 }, "geometry": { "type": "Polygon", "coordinates": [ [ [ -111.717039065174887, 40.321976922850766 ], [ -111.717272274203367, 40.321972517590403 ], [ -111.71726948482636, 40.321886681468598 ], [ -111.717036275797867, 40.321891086734539 ], [ -111.717039065174887, 40.321976922850766 ] ] ] } },
{ "type": "Feature", "properties": { "type": "Feature", "properties": { "height": 4.9846625328063965, "confidence": 0.96780002117156905 }, "id": 1427 }, "geometry": { "type": "Polygon", "coordinates": [ [ [ -111.717673963973823, 40.324599217222783 ], [ -111.717883152758105, 40.324600913856329 ], [ -111.717884739978842, 40.324486412747412 ], [ -111.717797681002963, 40.324485706651082 ], [ -111.717797195977496, 40.32452046591132 ], [ -111.717675069359672, 40.324519475397587 ], [ -111.717673963973823, 40.324599217222783 ] ] ] } },
{ "type": "Feature", "properties": { "type": "Feature", "properties": { "height": 3.4609260559082031, "confidence": 0.99849998950958208 }, "id": 1428 }, "geometry": { "type": "Polygon", "coordinates": [ [ [ -111.718600880511062, 40.317217961620251 ], [ -111.718803194601861, 40.31721322199261 ], [ -111.718799646209959, 40.317125365136611 ], [ -111.718725964783204, 40.31712709127931 ], [ -111.718725141449482, 40.317106659392593 ], [ -111.718652790107967, 40.317108354375698 ], [ -111.718654107441921, 40.317141045390684 ], [ -111.718597834176322, 40.317142363710225 ], [ -111.718600880511062, 40.317217961620251 ] ] ] } },
{ "type": "Feature", "properties": { "type": "Feature", "properties": { "height": 4.2012195587158203, "confidence": 0.98439997434616011 }, "id": 1429 }, "geometry": { "type": "Polygon", "coordinates": [ [ [ -111.722005247379627, 40.322101265478985 ], [ -111.721785426002043, 40.322105183245263 ], [ -111.721787925132077, 40.322186937311301 ], [ -111.722007746509647, 40.322183019549762 ], [ -111.722005247379627, 40.322101265478985 ] ] ] } },
{ "type": "Feature", "properties": { "type": "Feature", "properties": { "height": 3.477832555770874, "confidence": 1.0 }, "id": 1430 }, "geometry": { "type": "Polygon", "coordinates": [ [ [ -111.724490591758865, 40.322566789871921 ], [ -111.724458536425303, 40.32256522648796 ], [ -111.72445563144808, 40.322599848991246 ], [ -111.724487686781657, 40.322601412374397 ], [ -111.724490591758865, 40.322566789871921 ] ] ] } },
{ "type": "Feature", "properties": { "type": "Feature", "properties": { "height": 5.0187993049621582, "confidence": 0.99519997835159313 }, "id": 1431 }, "geometry": { "type": "Polygon", "coordinates": [ [ [ -111.710669555909334, 40.322464748838257 ], [ -111.710841191685574, 40.322463146088651 ], [ -111.710839134155435, 40.322334332978649 ], [ -111.710737225413297, 40.32233528461304 ], [ -111.710737826421678, 40.322372911186584 ], [ -111.71066809932816, 40.322373558584367 ], [ -111.710669555909334, 40.322464748838257 ] ] ] } },
{ "type": "Feature", "properties": { "type": "Feature", "properties": { "height": 4.278437614440918, "confidence": 0.94830000400543213 }, "id": 1432 }, "geometry": { "type": "Polygon", "coordinates": [ [ [ -111.710769851155888, 40.325422896093187 ], [ -111.710696649040869, 40.325547099028192 ], [ -111.710792612443399, 40.325579966998276 ], [ -111.710865814558431, 40.325455764123745 ], [ -111.710769851155888, 40.325422896093187 ] ] ] } },
{ "type": "Feature", "properties": { "type": "Feature", "properties": { "height": 4.9569482803344727, "confidence": 0.96499997377395608 }, "id": 1433 }, "geometry": { "type": "Polygon", "coordinates": [ [ [ -111.711111108275446, 40.319752727529568 ], [ -111.711063048215109, 40.319841980381241 ], [ -111.711292580361771, 40.319913829595635 ], [ -111.711346294546829, 40.319814076506866 ], [ -111.711293502153111, 40.319797551169898 ], [ -111.711287848028363, 40.319808051504552 ], [ -111.711111108275446, 40.319752727529568 ] ] ] } },
{ "type": "Feature", "properties": { "type": "Feature", "properties": { "height": 3.6018362045288081, "confidence": 0.99690002202987604 }, "id": 1434 }, "geometry": { "type": "Polygon", "coordinates": [ [ [ -111.71187431841102, 40.319577897169282 ], [ -111.711753624799798, 40.319578534783282 ], [ -111.711755334513327, 40.319766669439645 ], [ -111.71187602812455, 40.319766031827399 ], [ -111.71187431841102, 40.319577897169282 ] ] ] } },
{ "type": "Feature", "properties": { "type": "Feature", "properties": { "height": 3.5555014610290518, "confidence": 0.99510002136230413 }, "id": 1435 }, "geometry": { "type": "Polygon", "coordinates": [ [ [ -111.714072262505752, 40.318988644014404 ], [ -111.714012786876367, 40.318811081696992 ], [ -111.713904515663543, 40.318832170362953 ], [ -111.71393312240005, 40.31891757476069 ], [ -111.713900388693418, 40.318923948754716 ], [ -111.713921609808253, 40.318987303564946 ], [ -111.713959379469742, 40.318979948963296 ], [ -111.713969025431012, 40.319008746587777 ], [ -111.714072262505752, 40.318988644014404 ] ] ] } },
{ "type": "Feature", "properties": { "type": "Feature", "properties": { "height": 4.4634618759155273, "confidence": 0.99099999666213912 }, "id": 1436 }, "geometry": { "type": "Polygon", "coordinates": [ [ [ -111.715424152196022, 40.322448480428349 ], [ -111.715535743355872, 40.322449308112233 ], [ -111.715538326389563, 40.322246876325067 ], [ -111.715426716648494, 40.322246048500872 ], [ -111.715424152196022, 40.322448480428349 ] ] ] } },
{ "type": "Feature", "properties": { "type": "Feature", "properties": { "height": 2.9076175689697261, "confidence": 0.88059997558593706 }, "id": 1437 }, "geometry": { "type": "Polygon", "coordinates": [ [ [ -111.719358365649995, 40.324614565527028 ], [ -111.71935261906539, 40.324559703329939 ], [ -111.719168719403868, 40.324570899587137 ], [ -111.719174465988502, 40.324625761775124 ], [ -111.719358365649995, 40.324614565527028 ] ] ] } },
{ "type": "Feature", "properties": { "type": "Feature", "properties": { "height": 4.9307661056518555, "confidence": 0.9556999802589411 }, "id": 1438 }, "geometry": { "type": "Polygon", "coordinates": [ [ [ -111.720430435416034, 40.3176951617925 ], [ -111.720423083529013, 40.317657131124776 ], [ -111.720362704498598, 40.31766391683346 ], [ -111.720387855691044, 40.317794021647629 ], [ -111.720463985772895, 40.317785465770442 ], [ -111.720464759655741, 40.317789468992025 ], [ -111.720640646396532, 40.317769701962419 ], [ -111.720622073208247, 40.3176736245508 ], [ -111.720430435416034, 40.3176951617925 ] ] ] } },
{ "type": "Feature", "properties": { "type": "Feature", "properties": { "height": 3.0701358318328849, "confidence": 0.89840000867843606 }, "id": 1439 }, "geometry": { "type": "Polygon", "coordinates": [ [ [ -111.721206527987007, 40.324955547660871 ], [ -111.721157045906011, 40.3249570552668 ], [ -111.721159609890762, 40.325006054250629 ], [ -111.7212090964628, 40.32500454650895 ], [ -111.721206527987007, 40.324955547660871 ] ] ] } },
{ "type": "Feature", "properties": { "type": "Feature", "properties": { "height": 4.6954097747802734, "confidence": 0.96569997072219804 }, "id": 1440 }, "geometry": { "type": "Polygon", "coordinates": [ [ [ -111.723189205983331, 40.317589548598704 ], [ -111.723143612032317, 40.317589239596117 ], [ -111.723144027774211, 40.31755357689503 ], [ -111.723039429821512, 40.317552873587715 ], [ -111.723037559957135, 40.317713272033593 ], [ -111.723168977815945, 40.317714162686478 ], [ -111.723169584286865, 40.317662139174246 ], [ -111.723188358278364, 40.317662265408678 ], [ -111.723189205983331, 40.317589548598704 ] ] ] } },
{ "type": "Feature", "properties": { "type": "Feature", "properties": { "height": 3.4164044857025142, "confidence": 0.98549997806549006 }, "id": 1441 }, "geometry": { "type": "Polygon", "coordinates": [ [ [ -111.723431426476012, 40.318496146675564 ], [ -111.723562714163535, 40.31849287487951 ], [ -111.723555829282304, 40.318332609633501 ], [ -111.723440617901986, 40.318335486949834 ], [ -111.723442324611241, 40.318375215508887 ], [ -111.723388737799993, 40.31837655093819 ], [ -111.72339133150021, 40.318436926713041 ], [ -111.723428842182173, 40.318435989913802 ], [ -111.723431426476012, 40.318496146675564 ] ] ] } },
{ "type": "Feature", "properties": { "type": "Feature", "properties": { "height": 5.207648754119873, "confidence": 0.97530001401901212 }, "id": 1442 }, "geometry": { "type": "Polygon", "coordinates": [ [ [ -111.723994160645915, 40.321860072276777 ], [ -111.723997594836405, 40.321766076532505 ], [ -111.723823386763556, 40.321762367458611 ], [ -111.723821595012012, 40.32181140873552 ], [ -111.723826955260392, 40.321811522860806 ], [ -111.723824491601974, 40.321878954558258 ], [ -111.723878094085947, 40.32188009580981 ], [ -111.723878915305406, 40.321857618585184 ], [ -111.723994160645915, 40.321860072276777 ] ] ] } },
{ "type": "Feature", "properties": { "type": "Feature", "properties": { "height": 1.358606576919555, "confidence": 0.93440002202987604 }, "id": 1443 }, "geometry": { "type": "Polygon", "coordinates": [ [ [ -111.726147815876502, 40.322244438364571 ], [ -111.726130471673585, 40.322203745346698 ], [ -111.726011593943753, 40.322233191395597 ], [ -111.726028938146669, 40.32227388439572 ], [ -111.726147815876502, 40.322244438364571 ] ] ] } },
{ "type": "Feature", "properties": { "type": "Feature", "properties": { "height": 4.2933182716369629, "confidence": 0.92690002918243408 }, "id": 1444 }, "geometry": { "type": "Polygon", "coordinates": [ [ [ -111.709281739876218, 40.323680507566344 ], [ -111.709244896580472, 40.323549521530168 ], [ -111.7089628251926, 40.323595638469321 ], [ -111.708987020789834, 40.323681659119671 ], [ -111.708993600664314, 40.323680583352342 ], [ -111.709006244416443, 40.323725549294601 ], [ -111.709281739876218, 40.323680507566344 ] ] ] } },
{ "type": "Feature", "properties": { "type": "Feature", "properties": { "height": 5.0435614585876456, "confidence": 0.99830001592636108 }, "id": 1445 }, "geometry": { "type": "Polygon", "coordinates": [ [ [ -111.710126448223349, 40.322507156169848 ], [ -111.710128633245873, 40.322579945939211 ], [ -111.710336117123376, 40.322576314512567 ], [ -111.710331033312826, 40.322407473468964 ], [ -111.71022007356909, 40.322409409593838 ], [ -111.710222957197999, 40.322505472197349 ], [ -111.710126448223349, 40.322507156169848 ] ] ] } },
{ "type": "Feature", "properties": { "type": "Feature", "properties": { "height": 4.5221214294433594, "confidence": 0.99229997396469105 }, "id": 1446 }, "geometry": { "type": "Polygon", "coordinates": [ [ [ -111.710783483178091, 40.315299770899713 ], [ -111.710781426027523, 40.315385639438787 ], [ -111.711006656428509, 40.315388776571197 ], [ -111.711008713579091, 40.315302908036116 ], [ -111.710783483178091, 40.315299770899713 ] ] ] } },
{ "type": "Feature", "properties": { "type": "Feature", "properties": { "height": 4.4917764663696289, "confidence": 0.99769997596740712 }, "id": 1447 }, "geometry": { "type": "Polygon", "coordinates": [ [ [ -111.712857210054949, 40.316200799529653 ], [ -111.71286190651935, 40.316399113665724 ], [ -111.712970577115797, 40.316397617462492 ], [ -111.712967705557077, 40.316275890528544 ], [ -111.71299451897211, 40.316275522785155 ], [ -111.712992712230118, 40.31619893389724 ], [ -111.712857210054949, 40.316200799529653 ] ] ] } },
{ "type": "Feature", "properties": { "type": "Feature", "properties": { "height": 4.7951807975769043, "confidence": 0.99449998140335005 }, "id": 1448 }, "geometry": { "type": "Polygon", "coordinates": [ [ [ -111.718964655282761, 40.322121276862518 ], [ -111.718849434079388, 40.322124037445164 ], [ -111.718856591520392, 40.322297687832901 ], [ -111.718971812723765, 40.322294927257346 ], [ -111.718964655282761, 40.322121276862518 ] ] ] } },
{ "type": "Feature", "properties": { "type": "Feature", "properties": { "height": 0.25884434580802901, "confidence": 0.99119997024536111 }, "id": 1449 }, "geometry": { "type": "Polygon", "coordinates": [ [ [ -111.721431743020887, 40.312333083966685 ], [ -111.721345914890264, 40.312332726686243 ], [ -111.721344362829583, 40.312549517692538 ], [ -111.721430190960191, 40.312549874971822 ], [ -111.721431743020887, 40.312333083966685 ] ] ] } },
{ "type": "Feature", "properties": { "type": "Feature", "properties": { "height": 0.10191732645034701, "confidence": 0.97200000286102306 }, "id": 1450 }, "geometry": { "type": "Polygon", "coordinates": [ [ [ -111.722139772513543, 40.315856431841901 ], [ -111.721702586494672, 40.315858321632106 ], [ -111.721703641764407, 40.316000254570312 ], [ -111.721700959640543, 40.316000266020971 ], [ -111.721701370181179, 40.31605548333151 ], [ -111.721985675312382, 40.316054269563409 ], [ -111.72198514313007, 40.31598269155829 ], [ -111.722140706315059, 40.315982027420304 ], [ -111.722139772513543, 40.315856431841901 ] ] ] } },
{ "type": "Feature", "properties": { "type": "Feature", "properties": { "height": 5.7931652069091797, "confidence": 0.97829997539520208 }, "id": 1451 }, "geometry": { "type": "Polygon", "coordinates": [ [ [ -111.722374951353999, 40.313560309008295 ], [ -111.722258088818023, 40.313515417481646 ], [ -111.722273624356987, 40.31349189976509 ], [ -111.722034012122222, 40.313399867881657 ], [ -111.721945206312654, 40.31353430228971 ], [ -111.721981575004207, 40.313548272943265 ], [ -111.721961540866815, 40.313578600616303 ], [ -111.722149807622728, 40.313650911201016 ], [ -111.722155195789554, 40.313642754605276 ], [ -111.722287027633342, 40.3136933893025 ], [ -111.722374951353999, 40.313560309008295 ] ] ] } },
{ "type": "Feature", "properties": { "type": "Feature", "properties": { "height": 5.4453487396240234, "confidence": 0.96399998664855913 }, "id": 1452 }, "geometry": { "type": "Polygon", "coordinates": [ [ [ -111.722381172555117, 40.324034532646209 ], [ -111.72238969737883, 40.324208106239979 ], [ -111.722498303370386, 40.324205005851127 ], [ -111.722489794458667, 40.324031431795149 ], [ -111.722381172555117, 40.324034532646209 ] ] ] } },
{ "type": "Feature", "properties": { "type": "Feature", "properties": { "height": 3.8087267875671382, "confidence": 1.0 }, "id": 1453 }, "geometry": { "type": "Polygon", "coordinates": [ [ [ -111.723808318952791, 40.316410658594258 ], [ -111.723924864283063, 40.316412599069977 ], [ -111.72392710859566, 40.316333980556223 ], [ -111.723810570300373, 40.31633204641448 ], [ -111.723808318952791, 40.316410658594258 ] ] ] } },
{ "type": "Feature", "properties": { "type": "Feature", "properties": { "height": 1.904679417610168, "confidence": 0.9957000017166131 }, "id": 1454 }, "geometry": { "type": "Polygon", "coordinates": [ [ [ -111.704954733846378, 40.3176954009244 ], [ -111.704957274711958, 40.317766926912057 ], [ -111.705045722721039, 40.317765100288476 ], [ -111.705043181855473, 40.317693574298886 ], [ -111.704954733846378, 40.3176954009244 ] ] ] } },
{ "type": "Feature", "properties": { "type": "Feature", "properties": { "height": 1.7917088270187371, "confidence": 0.99900001287460305 }, "id": 1455 }, "geometry": { "type": "Polygon", "coordinates": [ [ [ -111.7064950158599, 40.321158026635736 ], [ -111.706495430336915, 40.321205059361247 ], [ -111.706609783678942, 40.32120446746103 ], [ -111.70660936488467, 40.321157434757431 ], [ -111.7064950158599, 40.321158026635736 ] ] ] } },
{ "type": "Feature", "properties": { "type": "Feature", "properties": { "height": 4.3496136665344238, "confidence": 0.99260002374649003 }, "id": 1456 }, "geometry": { "type": "Polygon", "coordinates": [ [ [ -111.711165018354251, 40.319042558413301 ], [ -111.711363289101755, 40.319037606804422 ], [ -111.711357847922599, 40.318910948895166 ], [ -111.711288185227531, 40.318912688652951 ], [ -111.711289940446605, 40.318953546067924 ], [ -111.71116133239417, 40.318956757926387 ], [ -111.711165018354251, 40.319042558413301 ] ] ] } },
{ "type": "Feature", "properties": { "type": "Feature", "properties": { "height": 4.3993477821350098, "confidence": 0.96109998226165705 }, "id": 1457 }, "geometry": { "type": "Polygon", "coordinates": [ [ [ -111.713776406050727, 40.320494838098043 ], [ -111.713595731607242, 40.320347923482764 ], [ -111.71350438197247, 40.32041322865603 ], [ -111.713685056415954, 40.3205601431292 ], [ -111.713776406050727, 40.320494838098043 ] ] ] } },
{ "type": "Feature", "properties": { "type": "Feature", "properties": { "height": 5.3087558746337891, "confidence": 0.98129999637603704 }, "id": 1458 }, "geometry": { "type": "Polygon", "coordinates": [ [ [ -111.716430500819413, 40.316093255700061 ], [ -111.716304530129648, 40.3160906406506 ], [ -111.716297470146429, 40.31628887321326 ], [ -111.716423440836209, 40.31629148825504 ], [ -111.716430500819413, 40.316093255700061 ] ] ] } },
{ "type": "Feature", "properties": { "type": "Feature", "properties": { "height": 4.2367072105407706, "confidence": 0.97949999570846502 }, "id": 1459 }, "geometry": { "type": "Polygon", "coordinates": [ [ [ -111.716520225712642, 40.322882809740129 ], [ -111.716521375912023, 40.322969819976699 ], [ -111.716756287858601, 40.322968027482737 ], [ -111.7167551454814, 40.322881004648806 ], [ -111.716520225712642, 40.322882809740129 ] ] ] } },
{ "type": "Feature", "properties": { "type": "Feature", "properties": { "height": 3.762886524200439, "confidence": 0.99540001153945912 }, "id": 1460 }, "geometry": { "type": "Polygon", "coordinates": [ [ [ -111.71767455148921, 40.316070301869949 ], [ -111.717672059496635, 40.316215482438992 ], [ -111.717752511986106, 40.316216285301337 ], [ -111.717753775531662, 40.316142672658337 ], [ -111.717850318519027, 40.316143636094189 ], [ -111.717850985390257, 40.316104784945267 ], [ -111.717754442402892, 40.316103821508833 ], [ -111.717755003978709, 40.316071104734036 ], [ -111.71767455148921, 40.316070301869949 ] ] ] } },
{ "type": "Feature", "properties": { "type": "Feature", "properties": { "height": 4.2073259353637686, "confidence": 1.0 }, "id": 1461 }, "geometry": { "type": "Polygon", "coordinates": [ [ [ -111.718088844360736, 40.3240325609801 ], [ -111.71808678728749, 40.323959807816863 ], [ -111.717983721285478, 40.323961501672244 ], [ -111.717985771528092, 40.324034249446029 ], [ -111.718088844360736, 40.3240325609801 ] ] ] } },
{ "type": "Feature", "properties": { "type": "Feature", "properties": { "height": 4.2582492828369141, "confidence": 0.9800999760627741 }, "id": 1462 }, "geometry": { "type": "Polygon", "coordinates": [ [ [ -111.72019562903904, 40.316598111652816 ], [ -111.720037184247161, 40.31663638090172 ], [ -111.720067298516241, 40.316708867500893 ], [ -111.720103862698991, 40.316700036147161 ], [ -111.720127027521386, 40.316755795023951 ], [ -111.720248908130515, 40.316726357194185 ], [ -111.72019562903904, 40.316598111652816 ] ] ] } },
{ "type": "Feature", "properties": { "type": "Feature", "properties": { "height": 6.1278281211853027, "confidence": 0.97829997539520208 }, "id": 1463 }, "geometry": { "type": "Polygon", "coordinates": [ [ [ -111.706425047795349, 40.318190409469523 ], [ -111.706430109911565, 40.318736417670372 ], [ -111.706523982536353, 40.31873591172441 ], [ -111.706523538494437, 40.318688016807144 ], [ -111.7065825441735, 40.318687701932333 ], [ -111.706582335621803, 40.318665207272296 ], [ -111.706529903531788, 40.318665487068245 ], [ -111.706529678273313, 40.318640947418658 ], [ -111.706583319826009, 40.318640661168487 ], [ -111.706582925623678, 40.31859771676006 ], [ -111.706525386363921, 40.318598023809948 ], [ -111.706525147872426, 40.318572299768057 ], [ -111.706581471447308, 40.318571996199751 ], [ -111.706581084311566, 40.318530239154718 ], [ -111.706524760708803, 40.318530539717734 ], [ -111.706524541176847, 40.318506860656754 ], [ -111.706580864751729, 40.318506557088163 ], [ -111.706580458656433, 40.318462754994734 ], [ -111.706526817129998, 40.318463041245522 ], [ -111.706526123616101, 40.318388237650204 ], [ -111.706577083040983, 40.318387962992411 ], [ -111.706576665937803, 40.318342973487368 ], [ -111.706525706512892, 40.318343248145339 ], [ -111.706525508942036, 40.31832193778456 ], [ -111.706573786315815, 40.318321680158327 ], [ -111.706572971068226, 40.318233745967959 ], [ -111.706524693694448, 40.318234003594554 ], [ -111.70652428457015, 40.318189874608038 ], [ -111.706425047795349, 40.318190409469523 ] ] ] } },
{ "type": "Feature", "properties": { "type": "Feature", "properties": { "height": 4.8079257011413574, "confidence": 0.99089998006820612 }, "id": 1464 }, "geometry": { "type": "Polygon", "coordinates": [ [ [ -111.709761021102906, 40.322831223787666 ], [ -111.709624278364558, 40.322833215764859 ], [ -111.709625968958235, 40.322900674267373 ], [ -111.709580388045438, 40.322901338259094 ], [ -111.709582181099336, 40.322972885081327 ], [ -111.709804723202964, 40.322969643242772 ], [ -111.709802827688847, 40.322894008024775 ], [ -111.709762609236378, 40.322894593899868 ], [ -111.709761021102906, 40.322831223787666 ] ] ] } },
{ "type": "Feature", "properties": { "type": "Feature", "properties": { "height": 5.0265822410583496, "confidence": 0.99470001459121704 }, "id": 1465 }, "geometry": { "type": "Polygon", "coordinates": [ [ [ -111.710659045875815, 40.318506460369782 ], [ -111.710546427300301, 40.318507956793681 ], [ -111.710550492743536, 40.318685824096924 ], [ -111.71069139922561, 40.318683951801219 ], [ -111.710690038637168, 40.318624662822856 ], [ -111.710661756171277, 40.318625038626621 ], [ -111.710659045875815, 40.318506460369782 ] ] ] } },
{ "type": "Feature", "properties": { "type": "Feature", "properties": { "height": 5.8043851852416992, "confidence": 0.98979997634887706 }, "id": 1466 }, "geometry": { "type": "Polygon", "coordinates": [ [ [ -111.712802180156459, 40.322395185445465 ], [ -111.712800055947412, 40.3223134191688 ], [ -111.712625780731429, 40.322316050907922 ], [ -111.712629155474673, 40.322445953412881 ], [ -111.71273372045934, 40.322444368794997 ], [ -111.712732470070065, 40.322396238139852 ], [ -111.712802180156459, 40.322395185445465 ] ] ] } },
{ "type": "Feature", "properties": { "type": "Feature", "properties": { "height": 4.4126238822937012, "confidence": 0.99190002679824807 }, "id": 1467 }, "geometry": { "type": "Polygon", "coordinates": [ [ [ -111.717247903480626, 40.318255415043218 ], [ -111.717357807156304, 40.318253350605566 ], [ -111.717351610014447, 40.318062098102537 ], [ -111.717241706528696, 40.318064168407346 ], [ -111.717247903480626, 40.318255415043218 ] ] ] } },
{ "type": "Feature", "properties": { "type": "Feature", "properties": { "height": 3.5113945007324219, "confidence": 0.98329997062683105 }, "id": 1468 }, "geometry": { "type": "Polygon", "coordinates": [ [ [ -111.719085520971404, 40.323464179997622 ], [ -111.719084106449642, 40.323366035364892 ], [ -111.718879147865337, 40.323367752402341 ], [ -111.718880553378483, 40.323465897108036 ], [ -111.719085520971404, 40.323464179997622 ] ] ] } },
{ "type": "Feature", "properties": { "type": "Feature", "properties": { "height": 3.9415385723114009, "confidence": 0.98849999904632513 }, "id": 1469 }, "geometry": { "type": "Polygon", "coordinates": [ [ [ -111.724006591480432, 40.320736817915744 ], [ -111.724180905526069, 40.320738548035813 ], [ -111.724182301960397, 40.32065676153411 ], [ -111.72400798791476, 40.320655031411945 ], [ -111.724006591480432, 40.320736817915744 ] ] ] } },
{ "type": "Feature", "properties": { "type": "Feature", "properties": { "height": 0.30698409676551802, "confidence": 0.99169999361038208 }, "id": 1470 }, "geometry": { "type": "Polygon", "coordinates": [ [ [ -111.72411728320067, 40.314957792360296 ], [ -111.724118006998651, 40.314750279307127 ], [ -111.723843310341508, 40.314749722241459 ], [ -111.723842607505716, 40.314946058694233 ], [ -111.723800823759106, 40.314945973959958 ], [ -111.723800499495198, 40.315038940308675 ], [ -111.724033849985489, 40.315039425978249 ], [ -111.7240341353248, 40.314957619305417 ], [ -111.72411728320067, 40.314957792360296 ] ] ] } },
{ "type": "Feature", "properties": { "type": "Feature", "properties": { "height": 6.2254881858825684, "confidence": 0.97920000553131104 }, "id": 1471 }, "geometry": { "type": "Polygon", "coordinates": [ [ [ -111.706593608422693, 40.318072973661209 ], [ -111.706332196059591, 40.317817285469381 ], [ -111.706277139605973, 40.317850009368371 ], [ -111.706261532897727, 40.317834744378459 ], [ -111.706194797802439, 40.317874409698284 ], [ -111.706362569916081, 40.318038508062521 ], [ -111.706334207500589, 40.318055365775422 ], [ -111.706371923712183, 40.318092256041247 ], [ -111.706405291259827, 40.318072423448243 ], [ -111.706476822005939, 40.318142387710687 ], [ -111.706593608422693, 40.318072973661209 ] ] ] } },
{ "type": "Feature", "properties": { "type": "Feature", "properties": { "height": 5.1296243667602539, "confidence": 0.98610001802444402 }, "id": 1472 }, "geometry": { "type": "Polygon", "coordinates": [ [ [ -111.709690408976428, 40.318835821615558 ], [ -111.709848639713442, 40.318834479063518 ], [ -111.709846759509006, 40.318705655768447 ], [ -111.709723393171672, 40.318706702505942 ], [ -111.709724169129075, 40.318759867704287 ], [ -111.709689304729395, 40.318760163521176 ], [ -111.709690408976428, 40.318835821615558 ] ] ] } },
{ "type": "Feature", "properties": { "type": "Feature", "properties": { "height": 5.0193819999694824, "confidence": 0.95139998197555509 }, "id": 1473 }, "geometry": { "type": "Polygon", "coordinates": [ [ [ -111.712583541509062, 40.324302601193473 ], [ -111.712575586110887, 40.324313558181203 ], [ -111.712521271076412, 40.324290636333643 ], [ -111.712440064929694, 40.324402467538029 ], [ -111.71264947046626, 40.324490851140361 ], [ -111.712738638991638, 40.324368054877482 ], [ -111.712583541509062, 40.324302601193473 ] ] ] } },
{ "type": "Feature", "properties": { "type": "Feature", "properties": { "height": 7.6111111640930185, "confidence": 1.0 }, "id": 1474 }, "geometry": { "type": "Polygon", "coordinates": [ [ [ -111.71528082674395, 40.312803464297033 ], [ -111.715280083923702, 40.312823901116481 ], [ -111.715327350787064, 40.312824897521004 ], [ -111.715328091732928, 40.312804460662349 ], [ -111.71528082674395, 40.312803464297033 ] ] ] } },
{ "type": "Feature", "properties": { "type": "Feature", "properties": { "height": 3.711667537689209, "confidence": 0.9713000059127801 }, "id": 1475 }, "geometry": { "type": "Polygon", "coordinates": [ [ [ -111.716409774700253, 40.325593797847716 ], [ -111.716672564852516, 40.325590614862449 ], [ -111.716669838277809, 40.325459776668048 ], [ -111.716534407450098, 40.325461417045986 ], [ -111.716535092095853, 40.325494126581205 ], [ -111.71640772976923, 40.325495669230314 ], [ -111.716409774700253, 40.325593797847716 ] ] ] } },
{ "type": "Feature", "properties": { "type": "Feature", "properties": { "height": 5.1269922256469727, "confidence": 0.99110001325607311 }, "id": 1476 }, "geometry": { "type": "Polygon", "coordinates": [ [ [ -111.720152217014345, 40.319688346166316 ], [ -111.720155146600987, 40.319780318483382 ], [ -111.72040601826545, 40.319775659749055 ], [ -111.720403561290951, 40.319698746414126 ], [ -111.720336545706303, 40.319699987331539 ], [ -111.720336064770734, 40.319684932074047 ], [ -111.720152217014345, 40.319688346166316 ] ] ] } },
{ "type": "Feature", "properties": { "type": "Feature", "properties": { "height": 5.1165266036987296, "confidence": 0.99940001964569003 }, "id": 1477 }, "geometry": { "type": "Polygon", "coordinates": [ [ [ -111.72207009438651, 40.320391917360141 ], [ -111.721921513300842, 40.320324524201752 ], [ -111.721845607793838, 40.320421805756673 ], [ -111.721994184310375, 40.320489204673841 ], [ -111.72207009438651, 40.320391917360141 ] ] ] } },
{ "type": "Feature", "properties": { "type": "Feature", "properties": { "height": 5.9600663185119629, "confidence": 0.99449998140335005 }, "id": 1478 }, "geometry": { "type": "Polygon", "coordinates": [ [ [ -111.706824531064413, 40.316680978594974 ], [ -111.706958627513487, 40.316682023380487 ], [ -111.706960518453613, 40.316540923949212 ], [ -111.706940340568266, 40.316540766736942 ], [ -111.706941020999352, 40.316489643645141 ], [ -111.706856608346584, 40.316488985959062 ], [ -111.706855868413498, 40.316544198857585 ], [ -111.706826367194708, 40.316543969004314 ], [ -111.706824531064413, 40.316680978594974 ] ] ] } },
{ "type": "Feature", "properties": { "type": "Feature", "properties": { "height": 5.0678720474243164, "confidence": 0.98890000581741311 }, "id": 1479 }, "geometry": { "type": "Polygon", "coordinates": [ [ [ -111.707180327494413, 40.317911896071884 ], [ -111.707258093286029, 40.317912804900111 ], [ -111.707257065735277, 40.317963920207006 ], [ -111.707348239422018, 40.317964985728914 ], [ -111.707351059050794, 40.317824723768844 ], [ -111.707182119391248, 40.317822758428505 ], [ -111.707180327494413, 40.317911896071884 ] ] ] } },
{ "type": "Feature", "properties": { "type": "Feature", "properties": { "height": 8.434504508972168, "confidence": 0.99980002641677812 }, "id": 1480 }, "geometry": { "type": "Polygon", "coordinates": [ [ [ -111.709220160772944, 40.312592372167721 ], [ -111.70922251634137, 40.312775685178025 ], [ -111.709292247080953, 40.312775164181957 ], [ -111.709292677127806, 40.312808630862698 ], [ -111.709440184562695, 40.312807536627616 ], [ -111.709441051767683, 40.312875023345683 ], [ -111.709529556228603, 40.312874366805289 ], [ -111.709531018101586, 40.312988131004452 ], [ -111.709576611277484, 40.312987790354256 ], [ -111.709577330587635, 40.313043767613081 ], [ -111.709818706390195, 40.313041977052833 ], [ -111.709815516696011, 40.312793752288243 ], [ -111.709751149859471, 40.312794233207548 ], [ -111.709750492886457, 40.312743106886067 ], [ -111.709695155961711, 40.312743520338351 ], [ -111.709694356922668, 40.312680890885744 ], [ -111.709612908515993, 40.312681495084917 ], [ -111.709612346854954, 40.312637785969294 ], [ -111.709545298066871, 40.312638286928056 ], [ -111.709544677129713, 40.312589964842822 ], [ -111.709220160772944, 40.312592372167721 ] ] ] } },
{ "type": "Feature", "properties": { "type": "Feature", "properties": { "height": 4.7620396614074707, "confidence": 0.99040001630783003 }, "id": 1481 }, "geometry": { "type": "Polygon", "coordinates": [ [ [ -111.713316976619552, 40.320367238259685 ], [ -111.713205451913126, 40.32036944020286 ], [ -111.713211351895126, 40.320543150103966 ], [ -111.713322892536752, 40.320540947851839 ], [ -111.713316976619552, 40.320367238259685 ] ] ] } },
{ "type": "Feature", "properties": { "type": "Feature", "properties": { "height": 4.8364043235778809, "confidence": 0.97689998149871804 }, "id": 1482 }, "geometry": { "type": "Polygon", "coordinates": [ [ [ -111.715602047970336, 40.325626338755754 ], [ -111.715595357191916, 40.325441359354855 ], [ -111.715504231378659, 40.325443275102451 ], [ -111.715506226875505, 40.325498444491075 ], [ -111.71548478550767, 40.325498895254839 ], [ -111.715489480572174, 40.325628699259184 ], [ -111.715602047970336, 40.325626338755754 ] ] ] } },
{ "type": "Feature", "properties": { "type": "Feature", "properties": { "height": 6.7493934631347656, "confidence": 0.99540001153945912 }, "id": 1483 }, "geometry": { "type": "Polygon", "coordinates": [ [ [ -111.716608282294914, 40.315282026660704 ], [ -111.716938193072906, 40.315281604114944 ], [ -111.716938017363177, 40.315201842542223 ], [ -111.716967521579107, 40.315201804753528 ], [ -111.71696727828872, 40.315091365497224 ], [ -111.71694045627423, 40.315091399850644 ], [ -111.716939764988254, 40.314777596452629 ], [ -111.716617900776768, 40.314777991518724 ], [ -111.716618603615757, 40.315097039284474 ], [ -111.716607874808716, 40.315097052453268 ], [ -111.716608282294914, 40.315282026660704 ] ] ] } },
{ "type": "Feature", "properties": { "type": "Feature", "properties": { "height": 1.231209278106689, "confidence": 0.92070001363754206 }, "id": 1484 }, "geometry": { "type": "Polygon", "coordinates": [ [ [ -111.72022869600282, 40.313172547468888 ], [ -111.72007942025661, 40.31310543744393 ], [ -111.72001999293056, 40.313182295690865 ], [ -111.719960998374319, 40.313155776617954 ], [ -111.719963345195168, 40.313152741079683 ], [ -111.719894954087437, 40.313121998080021 ], [ -111.719785817303674, 40.313263146208008 ], [ -111.719982867322415, 40.313351723416446 ], [ -111.720002817057093, 40.313325922201614 ], [ -111.720034663524771, 40.313340237704629 ], [ -111.720141029516427, 40.313202673241463 ], [ -111.720188797755213, 40.313224148425789 ], [ -111.72022869600282, 40.313172547468888 ] ] ] } },
{ "type": "Feature", "properties": { "type": "Feature", "properties": { "height": 4.5327548980712891, "confidence": 0.96829998493194502 }, "id": 1485 }, "geometry": { "type": "Polygon", "coordinates": [ [ [ -111.723808705607908, 40.322065023186326 ], [ -111.723813205879381, 40.322149838810368 ], [ -111.724043498982766, 40.32214273599336 ], [ -111.724038999362278, 40.322057932628994 ], [ -111.723808705607908, 40.322065023186326 ] ] ] } },
{ "type": "Feature", "properties": { "type": "Feature", "properties": { "height": 3.7044470310211182, "confidence": 0.99449998140335005 }, "id": 1486 }, "geometry": { "type": "Polygon", "coordinates": [ [ [ -111.723945110883733, 40.320353070112745 ], [ -111.723835156063529, 40.320354073442687 ], [ -111.72383714603464, 40.320480846371275 ], [ -111.723947100854886, 40.320479843043223 ], [ -111.723945110883733, 40.320353070112745 ] ] ] } },
{ "type": "Feature", "properties": { "type": "Feature", "properties": { "height": 4.3560304641723633, "confidence": 1.0 }, "id": 1487 }, "geometry": { "type": "Polygon", "coordinates": [ [ [ -111.71319204661549, 40.315752052586014 ], [ -111.713401247834881, 40.315750891510312 ], [ -111.713400427897284, 40.315664999333414 ], [ -111.713191226677907, 40.315666160410608 ], [ -111.71319204661549, 40.315752052586014 ] ] ] } },
{ "type": "Feature", "properties": { "type": "Feature", "properties": { "height": 4.6524543762207031, "confidence": 0.99489998817443803 }, "id": 1488 }, "geometry": { "type": "Polygon", "coordinates": [ [ [ -111.713784320936924, 40.317480063083487 ], [ -111.713947863587578, 40.317477444875351 ], [ -111.71394533042232, 40.317385455570644 ], [ -111.71389439090818, 40.317386271079222 ], [ -111.713892251790853, 40.317308591125247 ], [ -111.71377964865431, 40.317310393830439 ], [ -111.713784320936924, 40.317480063083487 ] ] ] } },
{ "type": "Feature", "properties": { "type": "Feature", "properties": { "height": 4.059877872467041, "confidence": 0.99010002613067605 }, "id": 1489 }, "geometry": { "type": "Polygon", "coordinates": [ [ [ -111.715318871059893, 40.316052540654262 ], [ -111.715313834944027, 40.316227271443985 ], [ -111.71549613711133, 40.316230326234248 ], [ -111.715499731052475, 40.316105632535979 ], [ -111.71547436572223, 40.316105207494935 ], [ -111.715475812245614, 40.31605517885918 ], [ -111.715318871059893, 40.316052540654262 ] ] ] } },
{ "type": "Feature", "properties": { "type": "Feature", "properties": { "height": 3.8016731739044189, "confidence": 0.99860000610351507 }, "id": 1490 }, "geometry": { "type": "Polygon", "coordinates": [ [ [ -111.719318991395099, 40.322891251886439 ], [ -111.71950665365155, 40.322888077547709 ], [ -111.719504214995396, 40.322804276095624 ], [ -111.719316552738945, 40.322807450438297 ], [ -111.719318991395099, 40.322891251886439 ] ] ] } },
{ "type": "Feature", "properties": { "type": "Feature", "properties": { "height": 5.6062374114990234, "confidence": 0.95420002937316906 }, "id": 1491 }, "geometry": { "type": "Polygon", "coordinates": [ [ [ -111.719459370273299, 40.319783636614041 ], [ -111.719237933438905, 40.319695615841724 ], [ -111.719178553580718, 40.319782444503318 ], [ -111.719399990415113, 40.319870465162417 ], [ -111.719459370273299, 40.319783636614041 ] ] ] } },
{ "type": "Feature", "properties": { "type": "Feature", "properties": { "height": 4.6081376075744629, "confidence": 0.96590000391006403 }, "id": 1492 }, "geometry": { "type": "Polygon", "coordinates": [ [ [ -111.722202348996262, 40.318069766218137 ], [ -111.722390022536231, 40.318066791761908 ], [ -111.722387849061363, 40.317987067701822 ], [ -111.722200175521394, 40.317990042161568 ], [ -111.722202348996262, 40.318069766218137 ] ] ] } },
{ "type": "Feature", "properties": { "type": "Feature", "properties": { "height": 2.9648382663726802, "confidence": 0.95959997177124012 }, "id": 1493 }, "geometry": { "type": "Polygon", "coordinates": [ [ [ -111.707628960732833, 40.324071067960972 ], [ -111.70762104506997, 40.324104750092701 ], [ -111.707675619491198, 40.324112204932838 ], [ -111.707666124858008, 40.324152605753383 ], [ -111.707845442992252, 40.324177090937006 ], [ -111.70786285110961, 40.324103017285999 ], [ -111.707628960732833, 40.324071067960972 ] ] ] } },
{ "type": "Feature", "properties": { "type": "Feature", "properties": { "height": 5.3816995620727539, "confidence": 0.98350000381469704 }, "id": 1494 }, "geometry": { "type": "Polygon", "coordinates": [ [ [ -111.714140194468925, 40.321386944966882 ], [ -111.71437889069847, 40.321388626270796 ], [ -111.714379956132319, 40.321300699229269 ], [ -111.714141259902789, 40.321299017923153 ], [ -111.714140194468925, 40.321386944966882 ] ] ] } },
{ "type": "Feature", "properties": { "type": "Feature", "properties": { "height": 3.9518778324127193, "confidence": 0.99709999561309803 }, "id": 1495 }, "geometry": { "type": "Polygon", "coordinates": [ [ [ -111.71480955372914, 40.318296646229378 ], [ -111.714918064499713, 40.318297792757335 ], [ -111.714921220141051, 40.318125040148665 ], [ -111.714812693621283, 40.318123887659951 ], [ -111.71480955372914, 40.318296646229378 ] ] ] } },
{ "type": "Feature", "properties": { "type": "Feature", "properties": { "height": 5.0461330413818359, "confidence": 0.99919998645782404 }, "id": 1496 }, "geometry": { "type": "Polygon", "coordinates": [ [ [ -111.716270896884183, 40.323359885994137 ], [ -111.716495043991358, 40.323358127809314 ], [ -111.716493829917184, 40.323268160420533 ], [ -111.716269674551867, 40.323269918672466 ], [ -111.716270896884183, 40.323359885994137 ] ] ] } },
{ "type": "Feature", "properties": { "type": "Feature", "properties": { "height": 3.8800303936004639, "confidence": 0.98400002717971813 }, "id": 1497 }, "geometry": { "type": "Polygon", "coordinates": [ [ [ -111.717611506155677, 40.32490202171779 ], [ -111.717608779547476, 40.324792827110677 ], [ -111.717473451510884, 40.324794783980288 ], [ -111.717472862702778, 40.324771116487305 ], [ -111.717366877028468, 40.324772654716433 ], [ -111.717370194796928, 40.324905523997131 ], [ -111.717611506155677, 40.32490202171779 ] ] ] } },
{ "type": "Feature", "properties": { "type": "Feature", "properties": { "height": 4.3317379951477051, "confidence": 0.9934999942779541 }, "id": 1498 }, "geometry": { "type": "Polygon", "coordinates": [ [ [ -111.72042593622362, 40.318084503316264 ], [ -111.720447457554414, 40.318169266554627 ], [ -111.720619302854601, 40.318143910579693 ], [ -111.720625807036072, 40.318169536998241 ], [ -111.72068406046462, 40.318160941637849 ], [ -111.720656032684985, 40.318050552269597 ], [ -111.72042593622362, 40.318084503316264 ] ] ] } },
{ "type": "Feature", "properties": { "type": "Feature", "properties": { "height": 5.5573410987854004, "confidence": 0.96039998531341508 }, "id": 1499 }, "geometry": { "type": "Polygon", "coordinates": [ [ [ -111.720463672097196, 40.319690860400343 ], [ -111.720465080654719, 40.319791811533314 ], [ -111.7207118159602, 40.31978981023471 ], [ -111.720710407219016, 40.319688845933797 ], [ -111.720463672097196, 40.319690860400343 ] ] ] } },
{ "type": "Feature", "properties": { "type": "Feature", "properties": { "height": 6.8998451232910165, "confidence": 0.98170000314712502 }, "id": 1500 }, "geometry": { "type": "Polygon", "coordinates": [ [ [ -111.720900039916799, 40.325105571687594 ], [ -111.720783332267601, 40.325114999870138 ], [ -111.7208083302028, 40.325294974077281 ], [ -111.720925037851998, 40.325285545919883 ], [ -111.720900039916799, 40.325105571687594 ] ] ] } },
{ "type": "Feature", "properties": { "type": "Feature", "properties": { "height": 4.8759331703186026, "confidence": 0.99860000610351507 }, "id": 1501 }, "geometry": { "type": "Polygon", "coordinates": [ [ [ -111.72128627058585, 40.322887039042435 ], [ -111.721465962784805, 40.32288832388852 ], [ -111.721467019205903, 40.322802443794863 ], [ -111.721287327006962, 40.322801158947151 ], [ -111.72128627058585, 40.322887039042435 ] ] ] } },
{ "type": "Feature", "properties": { "type": "Feature", "properties": { "height": 4.4608078002929688, "confidence": 0.99430000782012906 }, "id": 1502 }, "geometry": { "type": "Polygon", "coordinates": [ [ [ -111.722547246983353, 40.322803226916058 ], [ -111.722400874286862, 40.32280557787039 ], [ -111.722403060515177, 40.322884436425525 ], [ -111.722549425760008, 40.322882077783575 ], [ -111.722547246983353, 40.322803226916058 ] ] ] } },
{ "type": "Feature", "properties": { "type": "Feature", "properties": { "height": 4.8092641830444345, "confidence": 0.94040000438690108 }, "id": 1503 }, "geometry": { "type": "Polygon", "coordinates": [ [ [ -111.706678685979128, 40.314941581682831 ], [ -111.706631666319225, 40.314943461127264 ], [ -111.706634610947461, 40.314986292262645 ], [ -111.706681626686731, 40.314984412976095 ], [ -111.706678685979128, 40.314941581682831 ] ] ] } },
{ "type": "Feature", "properties": { "type": "Feature", "properties": { "height": 4.0545454025268546, "confidence": 0.98000001907348611 }, "id": 1504 }, "geometry": { "type": "Polygon", "coordinates": [ [ [ -111.712540924464292, 40.318343609021241 ], [ -111.712425804150612, 40.318347399407173 ], [ -111.712429503686209, 40.318412720134276 ], [ -111.712402731520243, 40.318413601618481 ], [ -111.71240643105584, 40.318478922281535 ], [ -111.712441234871591, 40.318477776353156 ], [ -111.712443662691811, 40.318520643004668 ], [ -111.712550751355693, 40.318517117073306 ], [ -111.712540924464292, 40.318343609021241 ] ] ] } },
{ "type": "Feature", "properties": { "type": "Feature", "properties": { "height": 4.838986873626709, "confidence": 0.96869999170303311 }, "id": 1505 }, "geometry": { "type": "Polygon", "coordinates": [ [ [ -111.71333684393808, 40.323875860162353 ], [ -111.713338051783808, 40.323955601014532 ], [ -111.713368741351417, 40.323955329177217 ], [ -111.713369551461426, 40.324008489650005 ], [ -111.713499767966056, 40.324007336239241 ], [ -111.713498745942772, 40.323939863268308 ], [ -111.713569661771075, 40.323939235120882 ], [ -111.713568664712625, 40.323873806773605 ], [ -111.71333684393808, 40.323875860162353 ] ] ] } },
{ "type": "Feature", "properties": { "type": "Feature", "properties": { "height": 4.4171872138977051, "confidence": 0.96579998731613104 }, "id": 1506 }, "geometry": { "type": "Polygon", "coordinates": [ [ [ -111.713671838462986, 40.318041663162525 ], [ -111.713443362265124, 40.318109245604873 ], [ -111.713485864114219, 40.318192792774546 ], [ -111.713714340312109, 40.318125210415808 ], [ -111.713671838462986, 40.318041663162525 ] ] ] } },
{ "type": "Feature", "properties": { "type": "Feature", "properties": { "height": 4.5840177536010742, "confidence": 0.99629998207092207 }, "id": 1507 }, "geometry": { "type": "Polygon", "coordinates": [ [ [ -111.71443542683312, 40.317213007135322 ], [ -111.714429935687136, 40.317021882909927 ], [ -111.714314656198226, 40.317023814595785 ], [ -111.714320147167541, 40.317214932666829 ], [ -111.71443542683312, 40.317213007135322 ] ] ] } },
{ "type": "Feature", "properties": { "type": "Feature", "properties": { "height": 3.3932609558105469, "confidence": 0.99830001592636108 }, "id": 1508 }, "geometry": { "type": "Polygon", "coordinates": [ [ [ -111.714436106678491, 40.317782807635766 ], [ -111.714477593454276, 40.317781864510877 ], [ -111.714474677122993, 40.317707284865996 ], [ -111.714434479804979, 40.317708200823574 ], [ -111.714432602073416, 40.317660181354981 ], [ -111.714318748965553, 40.317662769598833 ], [ -111.714326437321546, 40.317858924226329 ], [ -111.71443898981201, 40.317856365557084 ], [ -111.714436106678491, 40.317782807635766 ] ] ] } },
{ "type": "Feature", "properties": { "type": "Feature", "properties": { "height": 7.6344785690307617, "confidence": 0.9890999794006341 }, "id": 1509 }, "geometry": { "type": "Polygon", "coordinates": [ [ [ -111.71687776829755, 40.313838017203075 ], [ -111.71687971307766, 40.314140701348393 ], [ -111.71706478105763, 40.314140009990901 ], [ -111.717061982151094, 40.313704389807981 ], [ -111.716353895966876, 40.313707035018908 ], [ -111.716354750093274, 40.313839971048203 ], [ -111.716373525105752, 40.313839900910182 ], [ -111.716375462664899, 40.314141461183596 ], [ -111.716557848437702, 40.31414077011263 ], [ -111.716555910941054, 40.31383921956931 ], [ -111.71687776829755, 40.313838017203075 ] ] ] } },
{ "type": "Feature", "properties": { "type": "Feature", "properties": { "height": 4.8840847015380859, "confidence": 0.9957000017166131 }, "id": 1510 }, "geometry": { "type": "Polygon", "coordinates": [ [ [ -111.719782330703552, 40.321949734160242 ], [ -111.719778357129343, 40.321864692873994 ], [ -111.719707025834595, 40.321866634090362 ], [ -111.719705556803987, 40.321835255942155 ], [ -111.719618841400759, 40.321837611196834 ], [ -111.71962552155037, 40.32198057782351 ], [ -111.719689812975076, 40.321978831624421 ], [ -111.719688572375873, 40.321952280701673 ], [ -111.719782330703552, 40.321949734160242 ] ] ] } },
{ "type": "Feature", "properties": { "type": "Feature", "properties": { "height": 3.6504623889923091, "confidence": 0.96410000324249212 }, "id": 1511 }, "geometry": { "type": "Polygon", "coordinates": [ [ [ -111.720104844797163, 40.318976744265775 ], [ -111.720106191685488, 40.318897000057866 ], [ -111.719875559958496, 40.318894735519734 ], [ -111.71987421307017, 40.318974479730308 ], [ -111.720104844797163, 40.318976744265775 ] ] ] } },
{ "type": "Feature", "properties": { "type": "Feature", "properties": { "height": 0.0, "confidence": 0.99279999732971103 }, "id": 1512 }, "geometry": { "type": "Polygon", "coordinates": [ [ [ -111.720796718643939, 40.315718578187131 ], [ -111.721005924632422, 40.315717696195605 ], [ -111.721005543938446, 40.315664523622623 ], [ -111.720984086913958, 40.31566461408336 ], [ -111.720983814323887, 40.315626540652325 ], [ -111.721009147203262, 40.3156264352032 ], [ -111.721008726278072, 40.315568387547451 ], [ -111.72100753788888, 40.315568392557594 ], [ -111.721007089602779, 40.315505779063933 ], [ -111.720795201405309, 40.315506661058549 ], [ -111.720796718643939, 40.315718578187131 ] ] ] } },
{ "type": "Feature", "properties": { "type": "Feature", "properties": { "height": 0.0, "confidence": 0.98790001869201605 }, "id": 1513 }, "geometry": { "type": "Polygon", "coordinates": [ [ [ -111.721403268332367, 40.316168920504062 ], [ -111.721597616875883, 40.316167665552491 ], [ -111.721592981788206, 40.315753758668336 ], [ -111.721398671349647, 40.315755023751073 ], [ -111.721403268332367, 40.316168920504062 ] ] ] } },
{ "type": "Feature", "properties": { "type": "Feature", "properties": { "height": 3.9355652332305913, "confidence": 0.98919999599456709 }, "id": 1514 }, "geometry": { "type": "Polygon", "coordinates": [ [ [ -111.72207390384186, 40.321135074986074 ], [ -111.722235802393385, 40.321136327663687 ], [ -111.72223702422113, 40.3210451625555 ], [ -111.721998332541801, 40.321043302957463 ], [ -111.721996743055911, 40.321161900387189 ], [ -111.722073538816616, 40.321162498686206 ], [ -111.72207390384186, 40.321135074986074 ] ] ] } },
{ "type": "Feature", "properties": { "type": "Feature", "properties": { "height": 0.008920934051275, "confidence": 0.98989999294281006 }, "id": 1515 }, "geometry": { "type": "Polygon", "coordinates": [ [ [ -111.722378465543486, 40.31561685293525 ], [ -111.722379522048371, 40.315890901845044 ], [ -111.722544353368647, 40.315890532398917 ], [ -111.7225432717091, 40.315616483544005 ], [ -111.722378465543486, 40.31561685293525 ] ] ] } },
{ "type": "Feature", "properties": { "type": "Feature", "properties": { "height": 4.2850146293640137, "confidence": 1.0 }, "id": 1516 }, "geometry": { "type": "Polygon", "coordinates": [ [ [ -111.722616898235415, 40.318964518376511 ], [ -111.722770948761848, 40.318963268839568 ], [ -111.722769436623636, 40.318854892754153 ], [ -111.72261537615006, 40.318856142373789 ], [ -111.722616898235415, 40.318964518376511 ] ] ] } },
{ "type": "Feature", "properties": { "type": "Feature", "properties": { "height": 4.8207731246948242, "confidence": 0.97680002450942904 }, "id": 1517 }, "geometry": { "type": "Polygon", "coordinates": [ [ [ -111.723567850854963, 40.319931443955895 ], [ -111.723412313055377, 40.319929783978949 ], [ -111.723410163433869, 40.320047459882751 ], [ -111.723514749297578, 40.320048570492339 ], [ -111.723515292770912, 40.320018819360165 ], [ -111.723566244808708, 40.320019363145001 ], [ -111.723567850854963, 40.319931443955895 ] ] ] } },
{ "type": "Feature", "properties": { "type": "Feature", "properties": { "height": 3.775346994400024, "confidence": 0.98150002956390303 }, "id": 1518 }, "geometry": { "type": "Polygon", "coordinates": [ [ [ -111.724513399803328, 40.324820086700917 ], [ -111.724617956735855, 40.324818357206418 ], [ -111.724614408534038, 40.324693677845467 ], [ -111.72450985160151, 40.324695407343171 ], [ -111.724513399803328, 40.324820086700917 ] ] ] } },
{ "type": "Feature", "properties": { "type": "Feature", "properties": { "height": 4.3667683601379395, "confidence": 0.98600000143051103 }, "id": 1519 }, "geometry": { "type": "Polygon", "coordinates": [ [ [ -111.708620212605567, 40.316247351861271 ], [ -111.708706011741, 40.316248606426569 ], [ -111.708710485074818, 40.316070744090908 ], [ -111.708603236155511, 40.316069175880145 ], [ -111.70860004826244, 40.316195928400148 ], [ -111.708621498046313, 40.31619624204172 ], [ -111.708620212605567, 40.316247351861271 ] ] ] } },
{ "type": "Feature", "properties": { "type": "Feature", "properties": { "height": 5.6171951293945312, "confidence": 0.97949999570846502 }, "id": 1520 }, "geometry": { "type": "Polygon", "coordinates": [ [ [ -111.709686731522808, 40.323624075724283 ], [ -111.709914687268977, 40.323698480554917 ], [ -111.709971951205034, 40.32359652126484 ], [ -111.709743987548762, 40.323522113739969 ], [ -111.709686731522808, 40.323624075724283 ] ] ] } },
{ "type": "Feature", "properties": { "type": "Feature", "properties": { "height": 2.3706953525543208, "confidence": 0.9623000025749201 }, "id": 1521 }, "geometry": { "type": "Polygon", "coordinates": [ [ [ -111.709713232765822, 40.32451500639764 ], [ -111.709709591709327, 40.324443542917464 ], [ -111.709656028347553, 40.324445129153737 ], [ -111.709657484770162, 40.324473714554223 ], [ -111.709566427055137, 40.32447641115467 ], [ -111.709565490783447, 40.324458034827927 ], [ -111.709474433068451, 40.324460731428992 ], [ -111.709479426517333, 40.324558738443308 ], [ -111.709575840568547, 40.324555883222772 ], [ -111.709573968025197, 40.324519130607534 ], [ -111.709713232765822, 40.32451500639764 ] ] ] } },
{ "type": "Feature", "properties": { "type": "Feature", "properties": { "height": 4.7253036499023438, "confidence": 0.98470002412796009 }, "id": 1522 }, "geometry": { "type": "Polygon", "coordinates": [ [ [ -111.711302716815084, 40.314555348966472 ], [ -111.711269738377197, 40.314466327903823 ], [ -111.711053629921992, 40.314512875153099 ], [ -111.711086608359864, 40.3146018961544 ], [ -111.711302716815084, 40.314555348966472 ] ] ] } },
{ "type": "Feature", "properties": { "type": "Feature", "properties": { "height": 5.3377137184143066, "confidence": 0.96090000867843606 }, "id": 1523 }, "geometry": { "type": "Polygon", "coordinates": [ [ [ -111.71145915524302, 40.320761638275783 ], [ -111.711337138042424, 40.320744696490799 ], [ -111.711303097886102, 40.32088721049724 ], [ -111.711425115086683, 40.320904152246463 ], [ -111.71145915524302, 40.320761638275783 ] ] ] } },
{ "type": "Feature", "properties": { "type": "Feature", "properties": { "height": 4.8628926277160645, "confidence": 0.99620002508163408 }, "id": 1524 }, "geometry": { "type": "Polygon", "coordinates": [ [ [ -111.711540106142635, 40.3163288630059 ], [ -111.711542132672662, 40.316449506448393 ], [ -111.711563586825349, 40.316449296930593 ], [ -111.711564582916367, 40.316508596170934 ], [ -111.71166380837262, 40.316507627151893 ], [ -111.711660785751576, 40.316327684466081 ], [ -111.711540106142635, 40.3163288630059 ] ] ] } },
{ "type": "Feature", "properties": { "type": "Feature", "properties": { "height": 5.6628952026367188, "confidence": 0.99169999361038208 }, "id": 1525 }, "geometry": { "type": "Polygon", "coordinates": [ [ [ -111.71364617428496, 40.322566864787035 ], [ -111.713474514122211, 40.322567212861578 ], [ -111.713475134735333, 40.322745122228497 ], [ -111.713646794898082, 40.322744774154877 ], [ -111.71364617428496, 40.322566864787035 ] ] ] } },
{ "type": "Feature", "properties": { "type": "Feature", "properties": { "height": 4.3142375946044922, "confidence": 0.99970000982284513 }, "id": 1526 }, "geometry": { "type": "Polygon", "coordinates": [ [ [ -111.716245569700916, 40.317783049117764 ], [ -111.716355413182697, 40.317780200327405 ], [ -111.716347484984212, 40.317602482236261 ], [ -111.716237641502431, 40.317605331034123 ], [ -111.716245569700916, 40.317783049117764 ] ] ] } },
{ "type": "Feature", "properties": { "type": "Feature", "properties": { "height": 5.1795053482055664, "confidence": 0.96990001201629605 }, "id": 1527 }, "geometry": { "type": "Polygon", "coordinates": [ [ [ -111.717177330911454, 40.324409869464908 ], [ -111.717310205710902, 40.324409273899846 ], [ -111.717309364358002, 40.324298853163704 ], [ -111.717334724284513, 40.324298739496456 ], [ -111.717333951636789, 40.324198542787286 ], [ -111.717175706774398, 40.324199252067025 ], [ -111.717177330911454, 40.324409869464908 ] ] ] } },
{ "type": "Feature", "properties": { "type": "Feature", "properties": { "height": 6.4467296600341797, "confidence": 0.83120000362396207 }, "id": 1528 }, "geometry": { "type": "Polygon", "coordinates": [ [ [ -111.720335022202164, 40.315716787468219 ], [ -111.720329074416782, 40.315487818996367 ], [ -111.720259364330374, 40.315488871798458 ], [ -111.720264056124492, 40.31566948915863 ], [ -111.719997138384144, 40.315673534538249 ], [ -111.719998238562212, 40.3157157382728 ], [ -111.719610950450942, 40.315721587302157 ], [ -111.719611554046807, 40.315744823538765 ], [ -111.719569859795513, 40.315745455452124 ], [ -111.719572950773824, 40.3158640277261 ], [ -111.719609271838763, 40.315863477249088 ], [ -111.719610048975653, 40.315893394118625 ], [ -111.719985410979248, 40.315887725218076 ], [ -111.719981659433657, 40.315743304581275 ], [ -111.720257818239361, 40.315739119149264 ], [ -111.720257268644275, 40.315717961743495 ], [ -111.720335022202164, 40.315716787468219 ] ] ] } },
{ "type": "Feature", "properties": { "type": "Feature", "properties": { "height": 5.6592240333557129, "confidence": 0.98830002546310403 }, "id": 1529 }, "geometry": { "type": "Polygon", "coordinates": [ [ [ -111.72075977184025, 40.324241911123082 ], [ -111.720760926043141, 40.324153989100573 ], [ -111.720522233350209, 40.324152167789585 ], [ -111.720521320724629, 40.324221687539676 ], [ -111.72059373311464, 40.324222240071663 ], [ -111.720593491537286, 40.324240642346311 ], [ -111.72075977184025, 40.324241911123082 ] ] ] } },
{ "type": "Feature", "properties": { "type": "Feature", "properties": { "height": 4.2807016372680664, "confidence": 0.99229997396469105 }, "id": 1530 }, "geometry": { "type": "Polygon", "coordinates": [ [ [ -111.721453513748088, 40.322479764838079 ], [ -111.721213764937957, 40.322481504701145 ], [ -111.721214760539027, 40.322561250674241 ], [ -111.72145451666907, 40.322559510760108 ], [ -111.721453513748088, 40.322479764838079 ] ] ] } },
{ "type": "Feature", "properties": { "type": "Feature", "properties": { "height": 4.3375039100646973, "confidence": 0.9890000224113461 }, "id": 1531 }, "geometry": { "type": "Polygon", "coordinates": [ [ [ -111.72150985938832, 40.32248834712555 ], [ -111.721507969925099, 40.322573399284813 ], [ -111.721725166547699, 40.322576203992035 ], [ -111.721727055753561, 40.322491163422676 ], [ -111.72150985938832, 40.32248834712555 ] ] ] } },
{ "type": "Feature", "properties": { "type": "Feature", "properties": { "height": 4.0596723556518546, "confidence": 0.98040002584457409 }, "id": 1532 }, "geometry": { "type": "Polygon", "coordinates": [ [ [ -111.722140338497923, 40.321780087762185 ], [ -111.722141550890186, 40.32191215947892 ], [ -111.722254198150864, 40.321911558382702 ], [ -111.722253879034696, 40.321876795547944 ], [ -111.722363844217739, 40.321876208763236 ], [ -111.72236295105067, 40.321778911757491 ], [ -111.722140338497923, 40.321780087762185 ] ] ] } },
{ "type": "Feature", "properties": { "type": "Feature", "properties": { "height": 3.9317126274108882, "confidence": 0.99510002136230413 }, "id": 1533 }, "geometry": { "type": "Polygon", "coordinates": [ [ [ -111.722894413806358, 40.323835641624932 ], [ -111.722720221454708, 40.323831728513852 ], [ -111.722716983951287, 40.323915497211893 ], [ -111.722792020656598, 40.323917182857699 ], [ -111.722789888642154, 40.323972347551923 ], [ -111.722889044288493, 40.323974575010546 ], [ -111.722894413806358, 40.323835641624932 ] ] ] } },
{ "type": "Feature", "properties": { "type": "Feature", "properties": { "height": 3.4130809307098389, "confidence": 0.97500002384185702 }, "id": 1534 }, "geometry": { "type": "Polygon", "coordinates": [ [ [ -111.723169708168825, 40.317016246441682 ], [ -111.723169364892456, 40.316931252245581 ], [ -111.722948112234178, 40.316931759951643 ], [ -111.722948447755513, 40.317016765972426 ], [ -111.723169708168825, 40.317016246441682 ] ] ] } },
{ "type": "Feature", "properties": { "type": "Feature", "properties": { "height": 6.8618593215942383, "confidence": 0.97100001573562611 }, "id": 1535 }, "geometry": { "type": "Polygon", "coordinates": [ [ [ -111.724588526408098, 40.324882152911428 ], [ -111.724434251028086, 40.324883428858243 ], [ -111.72443785266104, 40.325134919118383 ], [ -111.724578695489384, 40.325133754270887 ], [ -111.724575698818882, 40.32492315663626 ], [ -111.724589108285869, 40.32492304573227 ], [ -111.724588526408098, 40.324882152911428 ] ] ] } },
{ "type": "Feature", "properties": { "type": "Feature", "properties": { "height": 5.2708625793457031, "confidence": 0.99290001392364513 }, "id": 1536 }, "geometry": { "type": "Polygon", "coordinates": [ [ [ -111.707156719606459, 40.316772046620898 ], [ -111.70715854866468, 40.316825183421443 ], [ -111.707208172848041, 40.316824192997657 ], [ -111.707210768802298, 40.31689981081972 ], [ -111.707309942584644, 40.316897831462924 ], [ -111.707308118400562, 40.316844694622269 ], [ -111.707326881008015, 40.316844320149045 ], [ -111.707322320547831, 40.316711477863741 ], [ -111.707209744903011, 40.316713724707391 ], [ -111.707211709408938, 40.316770949106598 ], [ -111.707156719606459, 40.316772046620898 ] ] ] } },
{ "type": "Feature", "properties": { "type": "Feature", "properties": { "height": 2.4627127647399902, "confidence": 0.94770002365112305 }, "id": 1537 }, "geometry": { "type": "Polygon", "coordinates": [ [ [ -111.708724470676572, 40.325215665325736 ], [ -111.708800112339787, 40.32520322602835 ], [ -111.708756638127838, 40.325049571753006 ], [ -111.70870537971669, 40.32505800397076 ], [ -111.708736690621151, 40.325168668547526 ], [ -111.708712304337723, 40.325172678882488 ], [ -111.708724470676572, 40.325215665325736 ] ] ] } },
{ "type": "Feature", "properties": { "type": "Feature", "properties": { "height": 4.4671807289123526, "confidence": 0.96469998359680109 }, "id": 1538 }, "geometry": { "type": "Polygon", "coordinates": [ [ [ -111.70873043565085, 40.314806586488778 ], [ -111.708726407647575, 40.314606204679741 ], [ -111.708601954897219, 40.314607652555651 ], [ -111.70860596451206, 40.314808034574327 ], [ -111.70873043565085, 40.314806586488778 ] ] ] } },
{ "type": "Feature", "properties": { "type": "Feature", "properties": { "height": 3.5368697643280029, "confidence": 0.99529999494552612 }, "id": 1539 }, "geometry": { "type": "Polygon", "coordinates": [ [ [ -111.712976680431836, 40.316663598500256 ], [ -111.712971957671542, 40.316483698792602 ], [ -111.712867393415934, 40.316485294699511 ], [ -111.712872116176271, 40.31666519440293 ], [ -111.712976680431836, 40.316663598500256 ] ] ] } },
{ "type": "Feature", "properties": { "type": "Feature", "properties": { "height": 4.9626827239990234, "confidence": 0.99949997663497903 }, "id": 1540 }, "geometry": { "type": "Polygon", "coordinates": [ [ [ -111.713662686381667, 40.321404952088649 ], [ -111.713656076467359, 40.321216948055351 ], [ -111.713544478951121, 40.321219228823452 ], [ -111.71355107161952, 40.321407233202848 ], [ -111.713662686381667, 40.321404952088649 ] ] ] } },
{ "type": "Feature", "properties": { "type": "Feature", "properties": { "height": 4.7368288040161133, "confidence": 0.98220002651214611 }, "id": 1541 }, "geometry": { "type": "Polygon", "coordinates": [ [ [ -111.714088937515243, 40.323494933813421 ], [ -111.71384219550491, 40.323493195891686 ], [ -111.713841259723509, 40.323569839968883 ], [ -111.713921719022281, 40.323570410974767 ], [ -111.713921544265816, 40.323584724187178 ], [ -111.714087826816623, 40.323585904265727 ], [ -111.714088937515243, 40.323494933813421 ] ] ] } },
{ "type": "Feature", "properties": { "type": "Feature", "properties": { "height": 9.4300260543823242, "confidence": 0.97920000553131104 }, "id": 1542 }, "geometry": { "type": "Polygon", "coordinates": [ [ [ -111.716397737124893, 40.312803462404716 ], [ -111.716391390075771, 40.312761064649088 ], [ -111.716423162568688, 40.312758299061088 ], [ -111.716404423661743, 40.312633124574489 ], [ -111.716372651168825, 40.312635890167627 ], [ -111.716368585836832, 40.312608734026746 ], [ -111.716151472089493, 40.312627620813117 ], [ -111.716151005527223, 40.312624504209232 ], [ -111.716083146866694, 40.312630410874007 ], [ -111.716080730406645, 40.312614259182418 ], [ -111.716000315970049, 40.312621258748663 ], [ -111.715996689084832, 40.312597031397623 ], [ -111.715943734929937, 40.312601640721908 ], [ -111.715946152853419, 40.312617792289139 ], [ -111.715819062881678, 40.312628854663515 ], [ -111.715839010750372, 40.312762104923884 ], [ -111.715846953873609, 40.312761413526914 ], [ -111.715855880836813, 40.312821044884302 ], [ -111.716004153639886, 40.312808146628676 ], [ -111.716003688239468, 40.312805037794071 ], [ -111.716232358827696, 40.312785133523221 ], [ -111.716237191747823, 40.312817436820794 ], [ -111.716397737124893, 40.312803462404716 ] ] ] } },
{ "type": "Feature", "properties": { "type": "Feature", "properties": { "height": 4.1994333267211914, "confidence": 0.94510000944137507 }, "id": 1543 }, "geometry": { "type": "Polygon", "coordinates": [ [ [ -111.720062210252578, 40.321500011487501 ], [ -111.720292758360202, 40.321504058955831 ], [ -111.720296042512331, 40.321394985608393 ], [ -111.720065494034486, 40.321390950429411 ], [ -111.720062210252578, 40.321500011487501 ] ] ] } },
{ "type": "Feature", "properties": { "type": "Feature", "properties": { "height": 3.7956702709197998, "confidence": 0.97680002450942904 }, "id": 1544 }, "geometry": { "type": "Polygon", "coordinates": [ [ [ -111.722660785493005, 40.31760326426469 ], [ -111.722656234400603, 40.317741370956362 ], [ -111.722760774554416, 40.317743373711089 ], [ -111.722765325463101, 40.317605272598705 ], [ -111.722660785493005, 40.31760326426469 ] ] ] } },
{ "type": "Feature", "properties": { "type": "Feature", "properties": { "height": 6.2115602493286133, "confidence": 0.97460001707077004 }, "id": 1545 }, "geometry": { "type": "Polygon", "coordinates": [ [ [ -111.706603788261418, 40.318869891448024 ], [ -111.706490788819337, 40.31879200757912 ], [ -111.706202580139021, 40.319035096157478 ], [ -111.706271953792836, 40.31908291117503 ], [ -111.706295971182882, 40.319062653841279 ], [ -111.706339608227779, 40.319092730179733 ], [ -111.706603788261418, 40.318869891448024 ] ] ] } },
{ "type": "Feature", "properties": { "type": "Feature", "properties": { "height": 5.4581551551818848, "confidence": 0.95939999818801802 }, "id": 1546 }, "geometry": { "type": "Polygon", "coordinates": [ [ [ -111.707950253593452, 40.321104957229267 ], [ -111.707897243721661, 40.320972052989028 ], [ -111.707867781783605, 40.320978883929165 ], [ -111.707843143392481, 40.320917111452992 ], [ -111.707754757578343, 40.320937604287998 ], [ -111.707832405841259, 40.321132280931863 ], [ -111.707950253593452, 40.321104957229267 ] ] ] } },
{ "type": "Feature", "properties": { "type": "Feature", "properties": { "height": 4.7859587669372559, "confidence": 0.98259997367858809 }, "id": 1547 }, "geometry": { "type": "Polygon", "coordinates": [ [ [ -111.71288519950491, 40.323459306240082 ], [ -111.712890443435256, 40.323585965298889 ], [ -111.713067293026867, 40.323581709381301 ], [ -111.713062049096507, 40.3234550503145 ], [ -111.71288519950491, 40.323459306240082 ] ] ] } },
{ "type": "Feature", "properties": { "type": "Feature", "properties": { "height": 4.4621057510375977, "confidence": 0.99199998378753607 }, "id": 1548 }, "geometry": { "type": "Polygon", "coordinates": [ [ [ -111.71576213967758, 40.316266857670598 ], [ -111.715705985327773, 40.316435994002518 ], [ -111.715809334623273, 40.316455937185061 ], [ -111.71586548897308, 40.316286800903107 ], [ -111.71576213967758, 40.316266857670598 ] ] ] } },
{ "type": "Feature", "properties": { "type": "Feature", "properties": { "height": 4.5651097297668457, "confidence": 0.9868000149726861 }, "id": 1549 }, "geometry": { "type": "Polygon", "coordinates": [ [ [ -111.715904358026577, 40.322210827284259 ], [ -111.715898118360769, 40.322039182338962 ], [ -111.715781204910158, 40.322041659062435 ], [ -111.715783215577773, 40.322096830590354 ], [ -111.715743013480079, 40.322097682240823 ], [ -111.715744691498713, 40.322143726043116 ], [ -111.715782213529508, 40.322142933170532 ], [ -111.715784780180698, 40.322213360444501 ], [ -111.715904358026577, 40.322210827284259 ] ] ] } },
{ "type": "Feature", "properties": { "type": "Feature", "properties": { "height": 5.6692819595336914, "confidence": 0.97860002517700206 }, "id": 1550 }, "geometry": { "type": "Polygon", "coordinates": [ [ [ -111.720167680123254, 40.319340430409568 ], [ -111.720169195305886, 40.319420170581601 ], [ -111.720397135229163, 40.319417652729932 ], [ -111.720395620046531, 40.319337912554921 ], [ -111.720167680123254, 40.319340430409568 ] ] ] } },
{ "type": "Feature", "properties": { "type": "Feature", "properties": { "height": 4.4412727355957031, "confidence": 0.99019998311996404 }, "id": 1551 }, "geometry": { "type": "Polygon", "coordinates": [ [ [ -111.72408946579371, 40.317030561180111 ], [ -111.724255687999147, 40.31703324891496 ], [ -111.724254637975918, 40.317071002116485 ], [ -111.724364558948707, 40.317072785351748 ], [ -111.724368451884189, 40.316932816177228 ], [ -111.724285340781449, 40.316931472307807 ], [ -111.724285738766341, 40.316917162879676 ], [ -111.72409270652777, 40.316914041633844 ], [ -111.72408946579371, 40.317030561180111 ] ] ] } },
{ "type": "Feature", "properties": { "type": "Feature", "properties": { "height": 4.8970589637756348, "confidence": 0.96590000391006403 }, "id": 1552 }, "geometry": { "type": "Polygon", "coordinates": [ [ [ -111.705643087273842, 40.314547079033304 ], [ -111.705439351387739, 40.314543436671471 ], [ -111.705437214379373, 40.314612935075907 ], [ -111.70564095026549, 40.314616577434002 ], [ -111.705643087273842, 40.314547079033304 ] ] ] } },
{ "type": "Feature", "properties": { "type": "Feature", "properties": { "height": 4.348876953125, "confidence": 0.99320000410079912 }, "id": 1553 }, "geometry": { "type": "Polygon", "coordinates": [ [ [ -111.709782122787303, 40.320759206749223 ], [ -111.709613196167382, 40.320761478336365 ], [ -111.709615087842849, 40.320843253133553 ], [ -111.709684803590761, 40.320842315654296 ], [ -111.709686080471712, 40.320897513587155 ], [ -111.709785291343721, 40.320896179483121 ], [ -111.709782122787303, 40.320759206749223 ] ] ] } },
{ "type": "Feature", "properties": { "type": "Feature", "properties": { "height": 1.883073449134826, "confidence": 0.99889999628067005 }, "id": 1554 }, "geometry": { "type": "Polygon", "coordinates": [ [ [ -111.710428067932156, 40.319462025026503 ], [ -111.710430721515138, 40.319521262246035 ], [ -111.71051377311224, 40.319519099494855 ], [ -111.710511119529244, 40.319459862273412 ], [ -111.710428067932156, 40.319462025026503 ] ] ] } },
{ "type": "Feature", "properties": { "type": "Feature", "properties": { "height": 4.8998990058898935, "confidence": 0.95410001277923506 }, "id": 1555 }, "geometry": { "type": "Polygon", "coordinates": [ [ [ -111.711338204320342, 40.320087978623789 ], [ -111.7114282196018, 40.320128048813253 ], [ -111.71153683350542, 40.319986210546986 ], [ -111.711408811771761, 40.319929221706204 ], [ -111.711397132857385, 40.31994447315985 ], [ -111.711353125386438, 40.319924883239153 ], [ -111.711288891357427, 40.320008766197013 ], [ -111.71137090528056, 40.320045274635667 ], [ -111.711338204320342, 40.320087978623789 ] ] ] } },
{ "type": "Feature", "properties": { "type": "Feature", "properties": { "height": 4.3163590431213379, "confidence": 0.99159997701644909 }, "id": 1556 }, "geometry": { "type": "Polygon", "coordinates": [ [ [ -111.712000161063159, 40.31438365390845 ], [ -111.712121903174705, 40.314385271660505 ], [ -111.71212608830821, 40.314202156114554 ], [ -111.712004363148296, 40.314200532087256 ], [ -111.712000161063159, 40.31438365390845 ] ] ] } },
{ "type": "Feature", "properties": { "type": "Feature", "properties": { "height": 3.5022408962249751, "confidence": 1.0 }, "id": 1557 }, "geometry": { "type": "Polygon", "coordinates": [ [ [ -111.712022351835415, 40.315205033109237 ], [ -111.712025094013541, 40.315379739332855 ], [ -111.712137730658625, 40.315378711455736 ], [ -111.712134988386182, 40.315203999219314 ], [ -111.712022351835415, 40.315205033109237 ] ] ] } },
{ "type": "Feature", "properties": { "type": "Feature", "properties": { "height": 4.2283492088317871, "confidence": 0.97310000658035212 }, "id": 1558 }, "geometry": { "type": "Polygon", "coordinates": [ [ [ -111.713523698861792, 40.319467959513517 ], [ -111.713668474535709, 40.319465641820344 ], [ -111.713664910678403, 40.319335794940578 ], [ -111.713406384240841, 40.319339919865712 ], [ -111.713408834540658, 40.319428897422931 ], [ -111.713522576761747, 40.319427076538844 ], [ -111.713523698861792, 40.319467959513517 ] ] ] } },
{ "type": "Feature", "properties": { "type": "Feature", "properties": { "height": 4.1061410903930664, "confidence": 0.98430001735687211 }, "id": 1559 }, "geometry": { "type": "Polygon", "coordinates": [ [ [ -111.714771319838121, 40.316107150836785 ], [ -111.714891935714817, 40.31610473062689 ], [ -111.714885728581962, 40.315924881897857 ], [ -111.714765112705294, 40.315927302114204 ], [ -111.714771319838121, 40.316107150836785 ] ] ] } },
{ "type": "Feature", "properties": { "type": "Feature", "properties": { "height": 5.1771788597106934, "confidence": 0.88349997997283902 }, "id": 1560 }, "geometry": { "type": "Polygon", "coordinates": [ [ [ -111.719867780750818, 40.31933874902635 ], [ -111.719870180413807, 40.319427969627498 ], [ -111.72010497588974, 40.319424285994039 ], [ -111.720102568378223, 40.319335078040119 ], [ -111.719867780750818, 40.31933874902635 ] ] ] } },
{ "type": "Feature", "properties": { "type": "Feature", "properties": { "height": 7.8595829010009775, "confidence": 0.98379999399185103 }, "id": 1561 }, "geometry": { "type": "Polygon", "coordinates": [ [ [ -111.726600390674605, 40.324062167219971 ], [ -111.726932670195794, 40.324069968497987 ], [ -111.72693398752692, 40.32403728090825 ], [ -111.726976862303857, 40.324038287525198 ], [ -111.726980073298478, 40.323958611460043 ], [ -111.726938689721479, 40.323957639852445 ], [ -111.726940054489418, 40.323923852098005 ], [ -111.726815294938973, 40.323920929636856 ], [ -111.726815871272564, 40.323906628755971 ], [ -111.726732801213799, 40.323904682860203 ], [ -111.726732307213553, 40.323916940758622 ], [ -111.726610537162514, 40.323914088325445 ], [ -111.726609299351381, 40.323944732997226 ], [ -111.72656225241613, 40.323943630934913 ], [ -111.726559080228384, 40.324022344083737 ], [ -111.726601955005307, 40.324023350700884 ], [ -111.726600390674605, 40.324062167219971 ] ] ] } },
{ "type": "Feature", "properties": { "type": "Feature", "properties": { "height": 4.701880931854248, "confidence": 0.97060000896453813 }, "id": 1562 }, "geometry": { "type": "Polygon", "coordinates": [ [ [ -111.709320990542565, 40.320412810858073 ], [ -111.7091350820765, 40.320288060854018 ], [ -111.709060588532651, 40.320352594637164 ], [ -111.709246496998702, 40.32047734452199 ], [ -111.709320990542565, 40.320412810858073 ] ] ] } },
{ "type": "Feature", "properties": { "type": "Feature", "properties": { "height": 2.7601077556610099, "confidence": 0.99180001020431507 }, "id": 1563 }, "geometry": { "type": "Polygon", "coordinates": [ [ [ -111.710884520518334, 40.322657972818881 ], [ -111.710886001933318, 40.322699671957501 ], [ -111.710934246301946, 40.322698675690177 ], [ -111.710932764795544, 40.322656973978482 ], [ -111.710884520518334, 40.322657972818881 ] ] ] } },
{ "type": "Feature", "properties": { "type": "Feature", "properties": { "height": 5.0149669647216797, "confidence": 0.99940001964569003 }, "id": 1564 }, "geometry": { "type": "Polygon", "coordinates": [ [ [ -111.712453646862286, 40.313899387622811 ], [ -111.712673577865033, 40.313898249122651 ], [ -111.712672776693395, 40.31380826375041 ], [ -111.712452845690635, 40.313809402252076 ], [ -111.712453646862286, 40.313899387622811 ] ] ] } },
{ "type": "Feature", "properties": { "type": "Feature", "properties": { "height": 4.7381324768066406, "confidence": 0.98610001802444402 }, "id": 1565 }, "geometry": { "type": "Polygon", "coordinates": [ [ [ -111.713839356570688, 40.325176768599846 ], [ -111.71396671598022, 40.325176109418166 ], [ -111.713965216939613, 40.32500948712746 ], [ -111.713837872886216, 40.325010153026163 ], [ -111.713839356570688, 40.325176768599846 ] ] ] } },
{ "type": "Feature", "properties": { "type": "Feature", "properties": { "height": 4.607121467590332, "confidence": 0.99849998950958208 }, "id": 1566 }, "geometry": { "type": "Polygon", "coordinates": [ [ [ -111.71705326839097, 40.317383434629882 ], [ -111.716817373132272, 40.317387802816299 ], [ -111.71681984700966, 40.31746547111505 ], [ -111.717055742268343, 40.317461102933649 ], [ -111.71705326839097, 40.317383434629882 ] ] ] } },
{ "type": "Feature", "properties": { "type": "Feature", "properties": { "height": 4.670283317565918, "confidence": 0.99970000982284513 }, "id": 1567 }, "geometry": { "type": "Polygon", "coordinates": [ [ [ -111.718109407511989, 40.31897901377566 ], [ -111.718350698524972, 40.318975125201995 ], [ -111.71834831848949, 40.31888927093209 ], [ -111.71810702747652, 40.318893159510708 ], [ -111.718109407511989, 40.31897901377566 ] ] ] } },
{ "type": "Feature", "properties": { "type": "Feature", "properties": { "height": 4.1698055267333984, "confidence": 0.96359997987747104 }, "id": 1568 }, "geometry": { "type": "Polygon", "coordinates": [ [ [ -111.720009510370801, 40.321160083799228 ], [ -111.720221370507474, 40.321158026256605 ], [ -111.720219969933794, 40.321074195007618 ], [ -111.720008109797121, 40.3210762525528 ], [ -111.720009510370801, 40.321160083799228 ] ] ] } },
{ "type": "Feature", "properties": { "type": "Feature", "properties": { "height": 1.0, "confidence": 0.99730002880096402 }, "id": 1569 }, "geometry": { "type": "Polygon", "coordinates": [ [ [ -111.72311601808444, 40.3153458923939 ], [ -111.722893415202023, 40.315347519878713 ], [ -111.722894109531467, 40.315402734399406 ], [ -111.723116712413884, 40.315401106915928 ], [ -111.72311601808444, 40.3153458923939 ] ] ] } },
{ "type": "Feature", "properties": { "type": "Feature", "properties": { "height": 1.2214241027832031, "confidence": 0.99110001325607311 }, "id": 1570 }, "geometry": { "type": "Polygon", "coordinates": [ [ [ -111.72342387460904, 40.315214127309595 ], [ -111.722957177667951, 40.315212707676011 ], [ -111.72295649285951, 40.315343596677629 ], [ -111.723423189800627, 40.315345016308427 ], [ -111.72342387460904, 40.315214127309595 ] ] ] } },
{ "type": "Feature", "properties": { "type": "Feature", "properties": { "height": 4.6834464073181152, "confidence": 0.99659997224807706 }, "id": 1571 }, "geometry": { "type": "Polygon", "coordinates": [ [ [ -111.70773334109991, 40.31460310610025 ], [ -111.707891441499399, 40.314606818510882 ], [ -111.707890946376011, 40.314619078044792 ], [ -111.707968656741855, 40.314620902788576 ], [ -111.707972865290643, 40.314516696682198 ], [ -111.70773705452531, 40.31451115951991 ], [ -111.70773334109991, 40.31460310610025 ] ] ] } },
{ "type": "Feature", "properties": { "type": "Feature", "properties": { "height": 4.7573432922363281, "confidence": 0.99889999628067005 }, "id": 1572 }, "geometry": { "type": "Polygon", "coordinates": [ [ [ -111.714514833595928, 40.323862169513269 ], [ -111.714517184625151, 40.323960292532441 ], [ -111.714586898796881, 40.323959321638547 ], [ -111.71458817227105, 40.324012471548485 ], [ -111.714708831414455, 40.32401079115651 ], [ -111.714707557940287, 40.323957641245258 ], [ -111.714750458969036, 40.323957043772069 ], [ -111.714748107939798, 40.323858920748194 ], [ -111.714514833595928, 40.323862169513269 ] ] ] } },
{ "type": "Feature", "properties": { "type": "Feature", "properties": { "height": 4.1285867691040039, "confidence": 0.99949997663497903 }, "id": 1573 }, "geometry": { "type": "Polygon", "coordinates": [ [ [ -111.714729787861188, 40.319873536214054 ], [ -111.714952374495994, 40.319871350701071 ], [ -111.714950846437077, 40.319780386883998 ], [ -111.714728259602794, 40.31978256052404 ], [ -111.714729787861188, 40.319873536214054 ] ] ] } },
{ "type": "Feature", "properties": { "type": "Feature", "properties": { "height": 3.2270221710205078, "confidence": 0.99169999361038208 }, "id": 1574 }, "geometry": { "type": "Polygon", "coordinates": [ [ [ -111.71562721427749, 40.318730947236645 ], [ -111.715538783724085, 40.318728889770661 ], [ -111.715536085255366, 40.318796314219583 ], [ -111.715624515808756, 40.318798371683499 ], [ -111.71562721427749, 40.318730947236645 ] ] ] } },
{ "type": "Feature", "properties": { "type": "Feature", "properties": { "height": 4.4680490493774414, "confidence": 0.99379998445510809 }, "id": 1575 }, "geometry": { "type": "Polygon", "coordinates": [ [ [ -111.716069301466462, 40.324932848565602 ], [ -111.716302547366055, 40.324929052639092 ], [ -111.716300232276055, 40.324846369846341 ], [ -111.716066986028167, 40.324850153337479 ], [ -111.716069301466462, 40.324932848565602 ] ] ] } },
{ "type": "Feature", "properties": { "type": "Feature", "properties": { "height": 7.4569573402404776, "confidence": 0.97729998826980513 }, "id": 1576 }, "geometry": { "type": "Polygon", "coordinates": [ [ [ -111.716698356497972, 40.313557082128845 ], [ -111.717277350151434, 40.313546020120867 ], [ -111.717271641276056, 40.313372284787626 ], [ -111.71715369812442, 40.313374538165569 ], [ -111.717152892165558, 40.313350010789222 ], [ -111.717094904878223, 40.313351118673111 ], [ -111.717095472758558, 40.313368352576411 ], [ -111.717020418289167, 40.313369790544748 ], [ -111.717020927888555, 40.313385255746802 ], [ -111.716947566262036, 40.313386657366451 ], [ -111.716947058209797, 40.31337119605022 ], [ -111.716859587283253, 40.313372871905329 ], [ -111.716859048478369, 40.313356520379067 ], [ -111.716808118659856, 40.31335749614346 ], [ -111.716808695236878, 40.313374993969624 ], [ -111.716692446132896, 40.313377214981628 ], [ -111.716698356497972, 40.313557082128845 ] ] ] } },
{ "type": "Feature", "properties": { "type": "Feature", "properties": { "height": 4.3601603507995597, "confidence": 0.96770000457763605 }, "id": 1577 }, "geometry": { "type": "Polygon", "coordinates": [ [ [ -111.718365897064999, 40.32075082641925 ], [ -111.718282822261358, 40.320752714887774 ], [ -111.718291478974436, 40.320974604556611 ], [ -111.718400355455543, 40.320972135378568 ], [ -111.718393084572142, 40.32078620495043 ], [ -111.718367300120192, 40.320786789710127 ], [ -111.718365897064999, 40.32075082641925 ] ] ] } },
{ "type": "Feature", "properties": { "type": "Feature", "properties": { "height": 4.1229910850524902, "confidence": 0.96820002794265703 }, "id": 1578 }, "geometry": { "type": "Polygon", "coordinates": [ [ [ -111.722775677783758, 40.31862093139604 ], [ -111.722646939381505, 40.318620175703167 ], [ -111.722645576581712, 40.318755142318793 ], [ -111.722755540633642, 40.318755787805166 ], [ -111.72275589165784, 40.318721023703027 ], [ -111.722774666008164, 40.318721133908092 ], [ -111.722775677783758, 40.31862093139604 ] ] ] } },
{ "type": "Feature", "properties": { "type": "Feature", "properties": { "height": 3.7467532157897949, "confidence": 0.9912999868392941 }, "id": 1579 }, "geometry": { "type": "Polygon", "coordinates": [ [ [ -111.7232138083546, 40.3175834947262 ], [ -111.72321496841937, 40.317538519832624 ], [ -111.723158663807837, 40.317537675522928 ], [ -111.723157503743067, 40.317582650417044 ], [ -111.7232138083546, 40.3175834947262 ] ] ] } },
{ "type": "Feature", "properties": { "type": "Feature", "properties": { "height": 3.0, "confidence": 0.98790001869201605 }, "id": 1580 }, "geometry": { "type": "Polygon", "coordinates": [ [ [ -111.723436718976572, 40.323385919939611 ], [ -111.723439986863212, 40.323339018937872 ], [ -111.723343699052649, 40.323335119273054 ], [ -111.723340431166022, 40.323382020277492 ], [ -111.723436718976572, 40.323385919939611 ] ] ] } },
{ "type": "Feature", "properties": { "type": "Feature", "properties": { "height": 3.8781447410583492, "confidence": 0.98000001907348611 }, "id": 1581 }, "geometry": { "type": "Polygon", "coordinates": [ [ [ -111.725237029831717, 40.325661479479464 ], [ -111.725416652185856, 40.325664469775653 ], [ -111.725418876787899, 40.325586802139227 ], [ -111.72523925443376, 40.3255838118396 ], [ -111.725237029831717, 40.325661479479464 ] ] ] } },
{ "type": "Feature", "properties": { "type": "Feature", "properties": { "height": 5.0386090278625488, "confidence": 0.99180001020431507 }, "id": 1582 }, "geometry": { "type": "Polygon", "coordinates": [ [ [ -111.708603923501528, 40.31663841361371 ], [ -111.708740672944742, 40.316640267216016 ], [ -111.7087419122863, 40.316587110563546 ], [ -111.708780732926257, 40.316587636767395 ], [ -111.708782235081756, 40.316522953035125 ], [ -111.70860667071571, 40.31652058267175 ], [ -111.708603923501528, 40.31663841361371 ] ] ] } },
{ "type": "Feature", "properties": { "type": "Feature", "properties": { "height": 1.9854015111923211, "confidence": 1.0 }, "id": 1583 }, "geometry": { "type": "Polygon", "coordinates": [ [ [ -111.708615233019557, 40.324349624304176 ], [ -111.70864884765875, 40.324350370459875 ], [ -111.708649705958919, 40.324327895625785 ], [ -111.708616089258243, 40.324327149424072 ], [ -111.708615233019557, 40.324349624304176 ] ] ] } },
{ "type": "Feature", "properties": { "type": "Feature", "properties": { "height": 3.555464506149292, "confidence": 0.9779999852180481 }, "id": 1584 }, "geometry": { "type": "Polygon", "coordinates": [ [ [ -111.712005317594361, 40.314648105316415 ], [ -111.712124840503947, 40.314645860070506 ], [ -111.712118566801209, 40.314451684370106 ], [ -111.711997940607858, 40.314453950347776 ], [ -111.711999855738156, 40.314513225092497 ], [ -111.711963418562775, 40.314513909568646 ], [ -111.711966398754043, 40.31460588735834 ], [ -111.712003926838435, 40.314605182390309 ], [ -111.712005317594361, 40.314648105316415 ] ] ] } },
{ "type": "Feature", "properties": { "type": "Feature", "properties": { "height": 4.6557230949401847, "confidence": 0.98519998788833607 }, "id": 1585 }, "geometry": { "type": "Polygon", "coordinates": [ [ [ -111.713366888500062, 40.325194299140215 ], [ -111.713490269098799, 40.325194029221521 ], [ -111.713489568704119, 40.325007947069189 ], [ -111.713368870292314, 40.325008211120817 ], [ -111.713369062708438, 40.325059332642155 ], [ -111.713331512091415, 40.325059414791482 ], [ -111.713331685496073, 40.32510548526794 ], [ -111.713366553919144, 40.325105407125946 ], [ -111.713366888500062, 40.325194299140215 ] ] ] } },
{ "type": "Feature", "properties": { "type": "Feature", "properties": { "height": 4.4433746337890616, "confidence": 0.99830001592636108 }, "id": 1586 }, "geometry": { "type": "Polygon", "coordinates": [ [ [ -111.714436417663634, 40.319721113118383 ], [ -111.714234815727465, 40.319793858778077 ], [ -111.714283565509163, 40.31987238467503 ], [ -111.714485167445304, 40.319799639099948 ], [ -111.714436417663634, 40.319721113118383 ] ] ] } },
{ "type": "Feature", "properties": { "type": "Feature", "properties": { "height": 2.8518519401550289, "confidence": 1.0 }, "id": 1587 }, "geometry": { "type": "Polygon", "coordinates": [ [ [ -111.715702995645643, 40.323757566033386 ], [ -111.715755116936279, 40.323756965301889 ], [ -111.715754652085877, 40.323733522263339 ], [ -111.715702532891967, 40.323734120189833 ], [ -111.715702995645643, 40.323757566033386 ] ] ] } },
{ "type": "Feature", "properties": { "type": "Feature", "properties": { "height": 4.1365928649902344, "confidence": 0.97659999132156305 }, "id": 1588 }, "geometry": { "type": "Polygon", "coordinates": [ [ [ -111.715933836397227, 40.318210825803064 ], [ -111.715867272201805, 40.318042027914203 ], [ -111.715756579787438, 40.318067404331508 ], [ -111.715778767852584, 40.318123670320212 ], [ -111.715754169538272, 40.318129309518064 ], [ -111.715779316012089, 40.318193077576559 ], [ -111.715809983568832, 40.318186047002989 ], [ -111.715829209120145, 40.318234811717979 ], [ -111.715933836397227, 40.318210825803064 ] ] ] } },
{ "type": "Feature", "properties": { "type": "Feature", "properties": { "height": 4.0690584182739258, "confidence": 0.74089998006820601 }, "id": 1589 }, "geometry": { "type": "Polygon", "coordinates": [ [ [ -111.720157124600135, 40.322194068054579 ], [ -111.720156512290771, 40.322107442728488 ], [ -111.71997144524363, 40.322108203128167 ], [ -111.719971242882394, 40.322079574425139 ], [ -111.719927311605019, 40.322079754929135 ], [ -111.719927482804934, 40.322104293827387 ], [ -111.719868475898082, 40.322104536273756 ], [ -111.719869108681706, 40.322195236078223 ], [ -111.720157124600135, 40.322194068054579 ] ] ] } },
{ "type": "Feature", "properties": { "type": "Feature", "properties": { "height": 0.0, "confidence": 0.8662999868392941 }, "id": 1590 }, "geometry": { "type": "Polygon", "coordinates": [ [ [ -111.722610494875866, 40.315193019895112 ], [ -111.722611187681338, 40.315219596674808 ], [ -111.722664810675852, 40.315218783964411 ], [ -111.722662838844855, 40.315143142332253 ], [ -111.722606534700617, 40.315143995679136 ], [ -111.722607813726128, 40.315193060530646 ], [ -111.722610494875866, 40.315193019895112 ] ] ] } },
{ "type": "Feature", "properties": { "type": "Feature", "properties": { "height": 3.6974649429321289, "confidence": 0.99000000953674305 }, "id": 1591 }, "geometry": { "type": "Polygon", "coordinates": [ [ [ -111.723460872685763, 40.321032961058741 ], [ -111.723458254576911, 40.321159719436743 ], [ -111.7235574717063, 40.321160910671544 ], [ -111.723558250816438, 40.321123189294163 ], [ -111.723711098994997, 40.321125016286452 ], [ -111.723712937825255, 40.321035987444695 ], [ -111.723460872685763, 40.321032961058741 ] ] ] } },
{ "type": "Feature", "properties": { "type": "Feature", "properties": { "height": 3.7744514942169189, "confidence": 0.99940001964569003 }, "id": 1592 }, "geometry": { "type": "Polygon", "coordinates": [ [ [ -111.70633923322525, 40.31938527638021 ], [ -111.706343423043421, 40.319579503195015 ], [ -111.706295156338058, 40.319580108471598 ], [ -111.706296983398104, 40.319664805063049 ], [ -111.706436420386467, 40.319663049049659 ], [ -111.706430403668705, 40.319384133076667 ], [ -111.70633923322525, 40.31938527638021 ] ] ] } },
{ "type": "Feature", "properties": { "type": "Feature", "properties": { "height": 4.2875313758850098, "confidence": 0.98640000820159912 }, "id": 1593 }, "geometry": { "type": "Polygon", "coordinates": [ [ [ -111.70833726756365, 40.315110244126565 ], [ -111.708328260858408, 40.314992022145226 ], [ -111.708089213465058, 40.315002597778502 ], [ -111.708098209355256, 40.315120820219775 ], [ -111.708157019973314, 40.315118218399306 ], [ -111.708154228145347, 40.315081528696879 ], [ -111.70821036555347, 40.315079045139527 ], [ -111.708213157381451, 40.315115734843289 ], [ -111.70833726756365, 40.315110244126565 ] ] ] } },
{ "type": "Feature", "properties": { "type": "Feature", "properties": { "height": 4.3848729133605957, "confidence": 0.99940001964569003 }, "id": 1594 }, "geometry": { "type": "Polygon", "coordinates": [ [ [ -111.711211077892784, 40.321663595698681 ], [ -111.71121266685212, 40.32175236150988 ], [ -111.711434262192711, 40.321750067545075 ], [ -111.711432681169839, 40.321661289823702 ], [ -111.711211077892784, 40.321663595698681 ] ] ] } },
{ "type": "Feature", "properties": { "type": "Feature", "properties": { "height": 5.0051732063293457, "confidence": 0.98309999704360906 }, "id": 1595 }, "geometry": { "type": "Polygon", "coordinates": [ [ [ -111.713909306022842, 40.315962177851937 ], [ -111.713753755736548, 40.315960907792984 ], [ -111.713751831592347, 40.316097917162217 ], [ -111.713829606735516, 40.316098552190411 ], [ -111.713829118519797, 40.316133315717167 ], [ -111.713944440283825, 40.316134257310203 ], [ -111.713946163398006, 40.316011562431704 ], [ -111.713908616777175, 40.316011255865988 ], [ -111.713909306022842, 40.315962177851937 ] ] ] } },
{ "type": "Feature", "properties": { "type": "Feature", "properties": { "height": 4.4397964477539062, "confidence": 0.99959999322891213 }, "id": 1596 }, "geometry": { "type": "Polygon", "coordinates": [ [ [ -111.714427391818319, 40.31650152870494 ], [ -111.714425008839626, 40.31642692812509 ], [ -111.714305794929246, 40.316429142059846 ], [ -111.714311881677887, 40.316620240345884 ], [ -111.714436474568856, 40.31661793317295 ], [ -111.714434026285232, 40.316541288314873 ], [ -111.714468874329896, 40.316540641149068 ], [ -111.714467601169105, 40.316500784119221 ], [ -111.714427391818319, 40.31650152870494 ] ] ] } },
{ "type": "Feature", "properties": { "type": "Feature", "properties": { "height": 3.9207475185394283, "confidence": 1.0 }, "id": 1597 }, "geometry": { "type": "Polygon", "coordinates": [ [ [ -111.714618723338731, 40.315703558588069 ], [ -111.714531458531951, 40.315705104698495 ], [ -111.714534426165812, 40.315802194126618 ], [ -111.714621681923774, 40.315800643522266 ], [ -111.714618723338731, 40.315703558588069 ] ] ] } },
{ "type": "Feature", "properties": { "type": "Feature", "properties": { "height": 7.2049412727355957, "confidence": 0.98640000820159912 }, "id": 1598 }, "geometry": { "type": "Polygon", "coordinates": [ [ [ -111.715297661979037, 40.313331777872818 ], [ -111.715293686699695, 40.313513752796808 ], [ -111.715409989386828, 40.313515230013074 ], [ -111.715409544602437, 40.313535676626493 ], [ -111.715472898193894, 40.313536481310621 ], [ -111.715473344854502, 40.313516034721275 ], [ -111.715556470269433, 40.313517090537054 ], [ -111.715556604267604, 40.313510956559142 ], [ -111.715699721379409, 40.313512774358351 ], [ -111.715699321073444, 40.313531176311379 ], [ -111.715759993612849, 40.313531946942234 ], [ -111.715760484939509, 40.313509455692127 ], [ -111.715875787934422, 40.313510920210909 ], [ -111.715879584549526, 40.313337123938425 ], [ -111.715603393654817, 40.313333615895957 ], [ -111.715602634331773, 40.313368375188048 ], [ -111.715574124400277, 40.313368013068938 ], [ -111.715574836055325, 40.313335298403274 ], [ -111.715297661979037, 40.313331777872818 ] ] ] } },
{ "type": "Feature", "properties": { "type": "Feature", "properties": { "height": 5.3928737640380859, "confidence": 0.99279999732971103 }, "id": 1599 }, "geometry": { "type": "Polygon", "coordinates": [ [ [ -111.715538188305828, 40.324440366932855 ], [ -111.71579031435266, 40.324440851247175 ], [ -111.715790185949842, 40.324479704006762 ], [ -111.715951117469075, 40.324480013143372 ], [ -111.715951205323634, 40.32445342967884 ], [ -111.716071903963069, 40.324453661531393 ], [ -111.716071745430199, 40.324501631183409 ], [ -111.716241963113958, 40.324501949075284 ], [ -111.716242242050072, 40.324415135716372 ], [ -111.716214188541201, 40.324415081827766 ], [ -111.716215138352595, 40.324127682375071 ], [ -111.716097121884332, 40.324127461970924 ], [ -111.716096908720388, 40.324191962462358 ], [ -111.715957434737064, 40.324191694542804 ], [ -111.715957549623766, 40.324156931400132 ], [ -111.715785889336587, 40.324156601652831 ], [ -111.715785757785454, 40.324196407216093 ], [ -111.715538996079104, 40.324195946371532 ], [ -111.715538188305828, 40.324440366932855 ] ] ] } },
{ "type": "Feature", "properties": { "type": "Feature", "properties": { "height": 0.40004727244377103, "confidence": 0.97259998321533203 }, "id": 1600 }, "geometry": { "type": "Polygon", "coordinates": [ [ [ -111.71802759397697, 40.320019820115419 ], [ -111.717872101430771, 40.320022433814913 ], [ -111.717876416060747, 40.32017164827797 ], [ -111.718031908606932, 40.320169034584247 ], [ -111.71802759397697, 40.320019820115419 ] ] ] } },
{ "type": "Feature", "properties": { "type": "Feature", "properties": { "height": 3.6752274036407471, "confidence": 0.99390000104904108 }, "id": 1601 }, "geometry": { "type": "Polygon", "coordinates": [ [ [ -111.718304514586706, 40.32481303437693 ], [ -111.718307169848032, 40.324915238422712 ], [ -111.71848016829756, 40.324912626064688 ], [ -111.718475246956189, 40.324722526145003 ], [ -111.718368000520826, 40.324724145621218 ], [ -111.718370275979737, 40.32481204134745 ], [ -111.718304514586706, 40.32481303437693 ] ] ] } },
{ "type": "Feature", "properties": { "type": "Feature", "properties": { "height": 2.5406436920166011, "confidence": 0.98739999532699507 }, "id": 1602 }, "geometry": { "type": "Polygon", "coordinates": [ [ [ -111.719103334314738, 40.314782150661458 ], [ -111.718970680095637, 40.31467669874592 ], [ -111.718708055060375, 40.314868779763401 ], [ -111.718840709279462, 40.314974231378969 ], [ -111.719103334314738, 40.314782150661458 ] ] ] } },
{ "type": "Feature", "properties": { "type": "Feature", "properties": { "height": 0.0, "confidence": 0.98879998922348011 }, "id": 1603 }, "geometry": { "type": "Polygon", "coordinates": [ [ [ -111.723661906021505, 40.3141897476483 ], [ -111.723656126807995, 40.314334823276027 ], [ -111.723733839168176, 40.314336623190719 ], [ -111.723739618381686, 40.314191547566871 ], [ -111.723661906021505, 40.3141897476483 ] ] ] } },
{ "type": "Feature", "properties": { "type": "Feature", "properties": { "height": 5.7174453735351562, "confidence": 0.9689000248908991 }, "id": 1604 }, "geometry": { "type": "Polygon", "coordinates": [ [ [ -111.709263732630063, 40.323036154083169 ], [ -111.709417703264066, 40.323034806679011 ], [ -111.709414697876525, 40.322835181051694 ], [ -111.709260745442776, 40.322836520085637 ], [ -111.709263732630063, 40.323036154083169 ] ] ] } },
{ "type": "Feature", "properties": { "type": "Feature", "properties": { "height": 8.408787727355957, "confidence": 0.99529999494552612 }, "id": 1605 }, "geometry": { "type": "Polygon", "coordinates": [ [ [ -111.709818648168834, 40.313045430744076 ], [ -111.709574578630608, 40.313044154246313 ], [ -111.709574063538554, 40.313101418272176 ], [ -111.70981813307678, 40.313102694768823 ], [ -111.709818648168834, 40.313045430744076 ] ] ] } },
{ "type": "Feature", "properties": { "type": "Feature", "properties": { "height": 4.6670980453491211, "confidence": 0.98799997568130404 }, "id": 1606 }, "geometry": { "type": "Polygon", "coordinates": [ [ [ -111.710121840757282, 40.313945771237577 ], [ -111.710116498524087, 40.313761001701423 ], [ -111.709996880156538, 40.313763018956145 ], [ -111.709998896083519, 40.313832522372586 ], [ -111.709933525848101, 40.313833624780848 ], [ -111.709936858245442, 40.313948880918424 ], [ -111.710121840757282, 40.313945771237577 ] ] ] } },
{ "type": "Feature", "properties": { "type": "Feature", "properties": { "height": 4.6977777481079102, "confidence": 0.99080002307891812 }, "id": 1607 }, "geometry": { "type": "Polygon", "coordinates": [ [ [ -111.710195093763247, 40.318426852034207 ], [ -111.710026167980487, 40.31842914171758 ], [ -111.710028140626065, 40.318513748217292 ], [ -111.710097856115198, 40.318512806988899 ], [ -111.710099124737738, 40.318567217980757 ], [ -111.710198335118108, 40.318565873248829 ], [ -111.710195093763247, 40.318426852034207 ] ] ] } },
{ "type": "Feature", "properties": { "type": "Feature", "properties": { "height": 4.9743776321411133, "confidence": 0.99690002202987604 }, "id": 1608 }, "geometry": { "type": "Polygon", "coordinates": [ [ [ -111.711185859826159, 40.321962129194645 ], [ -111.710952520484582, 40.321963449021226 ], [ -111.710953475574755, 40.322061602141254 ], [ -111.711186814916317, 40.322060282316613 ], [ -111.711185859826159, 40.321962129194645 ] ] ] } },
{ "type": "Feature", "properties": { "type": "Feature", "properties": { "height": 4.7336874008178711, "confidence": 0.99140000343322709 }, "id": 1609 }, "geometry": { "type": "Polygon", "coordinates": [ [ [ -111.711718465772549, 40.317214690884832 ], [ -111.711549772304465, 40.317209397552183 ], [ -111.711542435868452, 40.317345323968183 ], [ -111.71162679349635, 40.31734796646937 ], [ -111.711629606892245, 40.31729575228227 ], [ -111.711713947759719, 40.317298398761167 ], [ -111.711718465772549, 40.317214690884832 ] ] ] } },
{ "type": "Feature", "properties": { "type": "Feature", "properties": { "height": 4.2656664848327637, "confidence": 0.99620002508163408 }, "id": 1610 }, "geometry": { "type": "Polygon", "coordinates": [ [ [ -111.711873730444069, 40.324900673223311 ], [ -111.711980983562171, 40.324899190999361 ], [ -111.711976852162749, 40.324725432920822 ], [ -111.711869599044633, 40.324726915148595 ], [ -111.711873730444069, 40.324900673223311 ] ] ] } },
{ "type": "Feature", "properties": { "type": "Feature", "properties": { "height": 5.9263424873352051, "confidence": 0.99819999933242809 }, "id": 1611 }, "geometry": { "type": "Polygon", "coordinates": [ [ [ -111.71595687171876, 40.315852560929784 ], [ -111.715848211346952, 40.315855019594864 ], [ -111.715853619060326, 40.315993967680612 ], [ -111.715962266689303, 40.315991509308908 ], [ -111.71595687171876, 40.315852560929784 ] ] ] } },
{ "type": "Feature", "properties": { "type": "Feature", "properties": { "height": 7.7598662376403809, "confidence": 0.99019998311996404 }, "id": 1612 }, "geometry": { "type": "Polygon", "coordinates": [ [ [ -111.719098395873687, 40.316157864811402 ], [ -111.719089786874449, 40.31636957975801 ], [ -111.719337730917346, 40.316375454592603 ], [ -111.719346359869988, 40.316163726904456 ], [ -111.719098395873687, 40.316157864811402 ] ] ] } },
{ "type": "Feature", "properties": { "type": "Feature", "properties": { "height": 4.8589372634887686, "confidence": 0.9958000183105461 }, "id": 1613 }, "geometry": { "type": "Polygon", "coordinates": [ [ [ -111.719382127305764, 40.324106322704836 ], [ -111.719226717477198, 40.324110104104285 ], [ -111.719229881543754, 40.32418568858445 ], [ -111.719286150619638, 40.324184319458624 ], [ -111.719288374017765, 40.324237432827552 ], [ -111.719387514770474, 40.324235020560074 ], [ -111.719382127305764, 40.324106322704836 ] ] ] } },
{ "type": "Feature", "properties": { "type": "Feature", "properties": { "height": 4.9142632484436026, "confidence": 0.9132000207901001 }, "id": 1614 }, "geometry": { "type": "Polygon", "coordinates": [ [ [ -111.719954479622501, 40.317778940260162 ], [ -111.719864597442765, 40.31793493638034 ], [ -111.71997701173251, 40.31797259136485 ], [ -111.720066893912232, 40.317816595331685 ], [ -111.719954479622501, 40.317778940260162 ] ] ] } },
{ "type": "Feature", "properties": { "type": "Feature", "properties": { "height": 3.7458491325378422, "confidence": 0.99379998445510809 }, "id": 1615 }, "geometry": { "type": "Polygon", "coordinates": [ [ [ -111.724925308076706, 40.320242174626642 ], [ -111.725793447871524, 40.320263438206638 ], [ -111.725796890941808, 40.320181721601337 ], [ -111.724928751147019, 40.320160457995605 ], [ -111.724925308076706, 40.320242174626642 ] ] ] } },
{ "type": "Feature", "properties": { "type": "Feature", "properties": { "height": 4.1281633377075186, "confidence": 0.97810000181198109 }, "id": 1616 }, "geometry": { "type": "Polygon", "coordinates": [ [ [ -111.708977389777203, 40.320132389155468 ], [ -111.708979803817073, 40.320034262351619 ], [ -111.708820011554906, 40.320031977142285 ], [ -111.708819676415587, 40.320045549377674 ], [ -111.70875424369207, 40.320044610124555 ], [ -111.708752515507669, 40.320114858019416 ], [ -111.708822228415315, 40.320115854991307 ], [ -111.70882187636785, 40.320130165141777 ], [ -111.708977389777203, 40.320132389155468 ] ] ] } },
{ "type": "Feature", "properties": { "type": "Feature", "properties": { "height": 4.53662109375, "confidence": 0.98350000381469704 }, "id": 1617 }, "geometry": { "type": "Polygon", "coordinates": [ [ [ -111.709182114070757, 40.318361546604073 ], [ -111.709361802795001, 40.318360127452642 ], [ -111.70936085826618, 40.31829060216171 ], [ -111.709291128313467, 40.318291152877755 ], [ -111.709290340336253, 40.318233151049512 ], [ -111.709180381644401, 40.3182340253543 ], [ -111.709182114070757, 40.318361546604073 ] ] ] } },
{ "type": "Feature", "properties": { "type": "Feature", "properties": { "height": 3.8325607776641841, "confidence": 0.97409999370574907 }, "id": 1618 }, "geometry": { "type": "Polygon", "coordinates": [ [ [ -111.710803289440349, 40.32293490193333 ], [ -111.71066921745107, 40.32293317064179 ], [ -111.710668082042986, 40.322984279493902 ], [ -111.710676126362344, 40.322984383371299 ], [ -111.710673991795133, 40.323080467908333 ], [ -111.710749072109124, 40.323081437429487 ], [ -111.710748572529582, 40.323103925279781 ], [ -111.710799519885498, 40.323104583168906 ], [ -111.710803289440349, 40.32293490193333 ] ] ] } },
{ "type": "Feature", "properties": { "type": "Feature", "properties": { "height": 5.3870878219604492, "confidence": 0.99949997663497903 }, "id": 1619 }, "geometry": { "type": "Polygon", "coordinates": [ [ [ -111.711142937296103, 40.321377130345184 ], [ -111.711140500041026, 40.3212900798774 ], [ -111.710910902573517, 40.321293804377817 ], [ -111.71091333218294, 40.32138086721686 ], [ -111.711142937296103, 40.321377130345184 ] ] ] } },
{ "type": "Feature", "properties": { "type": "Feature", "properties": { "height": 9.3795528411865234, "confidence": 0.98849999904632513 }, "id": 1620 }, "geometry": { "type": "Polygon", "coordinates": [ [ [ -111.716863169006373, 40.312761859869845 ], [ -111.716865937096685, 40.312882492545285 ], [ -111.716887388201499, 40.312882206344298 ], [ -111.716889097711828, 40.312956706265091 ], [ -111.716945406793073, 40.312955951984165 ], [ -111.716945949357338, 40.312979596746921 ], [ -111.716889640207185, 40.312980348023409 ], [ -111.716891094627528, 40.313043731115364 ], [ -111.717129738168637, 40.313040547136985 ], [ -111.717128612165808, 40.312991476359009 ], [ -111.717099116896676, 40.312991869884726 ], [ -111.717097990893819, 40.312942799071372 ], [ -111.71713821171538, 40.31294226244502 ], [ -111.717135725125758, 40.312833897605024 ], [ -111.717122318185247, 40.312834076480769 ], [ -111.7171209106817, 40.31277273781518 ], [ -111.717094096800651, 40.312773095566996 ], [ -111.717093393048884, 40.312742426213475 ], [ -111.716935191150853, 40.312744536950042 ], [ -111.71693556648512, 40.312760893939803 ], [ -111.716863169006373, 40.312761859869845 ] ] ] } },
{ "type": "Feature", "properties": { "type": "Feature", "properties": { "height": 4.9009265899658203, "confidence": 0.98040002584457409 }, "id": 1621 }, "geometry": { "type": "Polygon", "coordinates": [ [ [ -111.71979800398104, 40.319725620038582 ], [ -111.719618024205886, 40.319737279534657 ], [ -111.719620880537065, 40.319762931929198 ], [ -111.719548979116084, 40.319767586026366 ], [ -111.719556296770691, 40.319833305024645 ], [ -111.719808185869667, 40.319816987102911 ], [ -111.71979800398104, 40.319725620038582 ] ] ] } },
{ "type": "Feature", "properties": { "type": "Feature", "properties": { "height": 3.8446891307830811, "confidence": 0.97049999237060502 }, "id": 1622 }, "geometry": { "type": "Polygon", "coordinates": [ [ [ -111.721177647386696, 40.322887985456831 ], [ -111.721175662283187, 40.322804170083096 ], [ -111.720955792834445, 40.32280719701189 ], [ -111.72095777793794, 40.322891012381874 ], [ -111.721177647386696, 40.322887985456831 ] ] ] } },
{ "type": "Feature", "properties": { "type": "Feature", "properties": { "height": 6.5015707015991211, "confidence": 0.97269999980926503 }, "id": 1623 }, "geometry": { "type": "Polygon", "coordinates": [ [ [ -111.723864523035672, 40.325309964279441 ], [ -111.72358832168247, 40.325431004229543 ], [ -111.723667125005022, 40.325535520998322 ], [ -111.72394332635821, 40.325414481235619 ], [ -111.723864523035672, 40.325309964279441 ] ] ] } },
{ "type": "Feature", "properties": { "type": "Feature", "properties": { "height": 3.0583467483520512, "confidence": 0.99860000610351507 }, "id": 1624 }, "geometry": { "type": "Polygon", "coordinates": [ [ [ -111.724010256648157, 40.315945906850423 ], [ -111.724023067280584, 40.316343525545527 ], [ -111.724169241237931, 40.316340787527459 ], [ -111.724156467331639, 40.315943175930904 ], [ -111.724010256648157, 40.315945906850423 ] ] ] } },
{ "type": "Feature", "properties": { "type": "Feature", "properties": { "height": 8.3936376571655273, "confidence": 0.98559999465942305 }, "id": 1625 }, "geometry": { "type": "Polygon", "coordinates": [ [ [ -111.70526152729505, 40.314089519162529 ], [ -111.70450515597183, 40.314087258702834 ], [ -111.70450471445038, 40.314173156117938 ], [ -111.704467164101004, 40.314173043896666 ], [ -111.704466701554708, 40.314263031547817 ], [ -111.705378638611052, 40.314265756917656 ], [ -111.705378617586234, 40.314269847262416 ], [ -111.705493950802165, 40.31427019194151 ], [ -111.705496063797767, 40.313859111055926 ], [ -111.705439738273697, 40.313858942723236 ], [ -111.705439874935109, 40.313832355316052 ], [ -111.705262851859459, 40.313831826270288 ], [ -111.70526152729505, 40.314089519162529 ] ] ] } },
{ "type": "Feature", "properties": { "type": "Feature", "properties": { "height": 5.0133113861083984, "confidence": 0.97460001707077004 }, "id": 1626 }, "geometry": { "type": "Polygon", "coordinates": [ [ [ -111.710082140775526, 40.318655193282559 ], [ -111.710083103787369, 40.318839246484494 ], [ -111.710180855329696, 40.318838949152536 ], [ -111.710180571494533, 40.318783733228969 ], [ -111.710198148035914, 40.318783679766156 ], [ -111.710197473927636, 40.318654842471467 ], [ -111.710082140775526, 40.318655193282559 ] ] ] } },
{ "type": "Feature", "properties": { "type": "Feature", "properties": { "height": 3.7925012111663823, "confidence": 0.98970001935958807 }, "id": 1627 }, "geometry": { "type": "Polygon", "coordinates": [ [ [ -111.710110992945857, 40.3147835922586 ], [ -111.710108812159262, 40.314703864554176 ], [ -111.710084682774408, 40.314704248289893 ], [ -111.710081830976549, 40.31459998884268 ], [ -111.710001399693738, 40.314601267963745 ], [ -111.710002797633891, 40.314652375555049 ], [ -111.709967944077988, 40.314652929840435 ], [ -111.709971578722332, 40.314785809395737 ], [ -111.710110992945857, 40.3147835922586 ] ] ] } },
{ "type": "Feature", "properties": { "type": "Feature", "properties": { "height": 3.9297688007354732, "confidence": 0.99849998950958208 }, "id": 1628 }, "geometry": { "type": "Polygon", "coordinates": [ [ [ -111.712388416175216, 40.317032538110652 ], [ -111.712502348952142, 40.317030853951188 ], [ -111.712497410835439, 40.316836640256739 ], [ -111.712382119180376, 40.316838344508099 ], [ -111.712383129953039, 40.316878097742936 ], [ -111.712340230674371, 40.31687872959413 ], [ -111.712342338770441, 40.316961639989572 ], [ -111.712386603434496, 40.316960985666633 ], [ -111.712388416175216, 40.317032538110652 ] ] ] } },
{ "type": "Feature", "properties": { "type": "Feature", "properties": { "height": 7.3282041549682617, "confidence": 0.98329997062683105 }, "id": 1629 }, "geometry": { "type": "Polygon", "coordinates": [ [ [ -111.71787539203676, 40.314546717724198 ], [ -111.71769032867995, 40.314547705347131 ], [ -111.717691969615188, 40.314726479400314 ], [ -111.717689287538875, 40.314726493856789 ], [ -111.717690161988671, 40.314821761853722 ], [ -111.717877907423144, 40.314820759921474 ], [ -111.71787539203676, 40.314546717724198 ] ] ] } },
{ "type": "Feature", "properties": { "type": "Feature", "properties": { "height": 0.97317373752593905, "confidence": 0.98760002851486206 }, "id": 1630 }, "geometry": { "type": "Polygon", "coordinates": [ [ [ -111.718909751420156, 40.316464704055555 ], [ -111.719169742278268, 40.316469976354895 ], [ -111.719171519714877, 40.316418883952309 ], [ -111.718911528856751, 40.316413611648983 ], [ -111.718909751420156, 40.316464704055555 ] ] ] } },
{ "type": "Feature", "properties": { "type": "Feature", "properties": { "height": 5.0807580947875977, "confidence": 0.97549998760223311 }, "id": 1631 }, "geometry": { "type": "Polygon", "coordinates": [ [ [ -111.720107497379942, 40.325882159647044 ], [ -111.720132161180686, 40.325985054464773 ], [ -111.720412475307072, 40.325945986981061 ], [ -111.720387811506356, 40.325843092103774 ], [ -111.720107497379942, 40.325882159647044 ] ] ] } },
{ "type": "Feature", "properties": { "type": "Feature", "properties": { "height": 3.438003301620483, "confidence": 0.99919998645782404 }, "id": 1632 }, "geometry": { "type": "Polygon", "coordinates": [ [ [ -111.720319367557209, 40.317599760670177 ], [ -111.720191058167615, 40.317605471189076 ], [ -111.720195110117913, 40.317658463503157 ], [ -111.720323419507508, 40.317652752988749 ], [ -111.720319367557209, 40.317599760670177 ] ] ] } },
{ "type": "Feature", "properties": { "type": "Feature", "properties": { "height": 4.7722511291503906, "confidence": 0.95380002260208108 }, "id": 1633 }, "geometry": { "type": "Polygon", "coordinates": [ [ [ -111.723670279410527, 40.322134683768994 ], [ -111.723558050642367, 40.322282335382248 ], [ -111.723653648583351, 40.322324578130633 ], [ -111.723765890400699, 40.322176927274072 ], [ -111.723670279410527, 40.322134683768994 ] ] ] } },
{ "type": "Feature", "properties": { "type": "Feature", "properties": { "height": 5.7139201164245597, "confidence": 0.97890001535415605 }, "id": 1634 }, "geometry": { "type": "Polygon", "coordinates": [ [ [ -111.708346905268854, 40.32298579718524 ], [ -111.708348920726763, 40.322865165314035 ], [ -111.708144017145941, 40.322863164448634 ], [ -111.70814363931828, 40.322885655133348 ], [ -111.708090003936547, 40.322885131388752 ], [ -111.708088355234153, 40.32298327247144 ], [ -111.708346905268854, 40.32298579718524 ] ] ] } },
{ "type": "Feature", "properties": { "type": "Feature", "properties": { "height": 6.3073768615722656, "confidence": 0.98699998855590809 }, "id": 1635 }, "geometry": { "type": "Polygon", "coordinates": [ [ [ -111.711943874682646, 40.318764737707809 ], [ -111.7120699041226, 40.318763150522535 ], [ -111.712065987163186, 40.31858233981211 ], [ -111.711939957868893, 40.318583933725151 ], [ -111.711943874682646, 40.318764737707809 ] ] ] } },
{ "type": "Feature", "properties": { "type": "Feature", "properties": { "height": 5.0010361671447754, "confidence": 0.9934999942779541 }, "id": 1636 }, "geometry": { "type": "Polygon", "coordinates": [ [ [ -111.712706914521675, 40.318887196672009 ], [ -111.712740581072467, 40.318886691838983 ], [ -111.712738812217879, 40.31881811590344 ], [ -111.712594028731871, 40.318820279221207 ], [ -111.712597192549183, 40.318942935791483 ], [ -111.712708304475839, 40.318941275588557 ], [ -111.712706914521675, 40.318887196672009 ] ] ] } },
{ "type": "Feature", "properties": { "type": "Feature", "properties": { "height": 2.3504822254180908, "confidence": 1.0 }, "id": 1637 }, "geometry": { "type": "Polygon", "coordinates": [ [ [ -111.71998022612577, 40.318898102071472 ], [ -111.720032398254929, 40.318895167653807 ], [ -111.720029249601509, 40.318862623723469 ], [ -111.719977080443556, 40.318865557975442 ], [ -111.71998022612577, 40.318898102071472 ] ] ] } },
{ "type": "Feature", "properties": { "type": "Feature", "properties": { "height": 5.0412774085998526, "confidence": 0.96359997987747104 }, "id": 1638 }, "geometry": { "type": "Polygon", "coordinates": [ [ [ -111.721705490871528, 40.324660394451008 ], [ -111.721482878646995, 40.324659194741599 ], [ -111.721482120277514, 40.324740986166553 ], [ -111.721704732502062, 40.324742185874506 ], [ -111.721705490871528, 40.324660394451008 ] ] ] } },
{ "type": "Feature", "properties": { "type": "Feature", "properties": { "height": 5.0808486938476562, "confidence": 0.98879998922348011 }, "id": 1639 }, "geometry": { "type": "Polygon", "coordinates": [ [ [ -111.724021661005338, 40.320059493458409 ], [ -111.72402015436117, 40.319952218644026 ], [ -111.724053428460124, 40.31995194697901 ], [ -111.724052813995527, 40.319907908504057 ], [ -111.723902627287814, 40.319909126683683 ], [ -111.723904738575129, 40.320060441825987 ], [ -111.724021661005338, 40.320059493458409 ] ] ] } },
{ "type": "Feature", "properties": { "type": "Feature", "properties": { "height": 6.2670474052429199, "confidence": 0.98040002584457409 }, "id": 1640 }, "geometry": { "type": "Polygon", "coordinates": [ [ [ -111.725163431229333, 40.323737639063353 ], [ -111.725165981661533, 40.323899163902176 ], [ -111.725182072583806, 40.323899016222754 ], [ -111.725182879682592, 40.32395013159767 ], [ -111.72531965252189, 40.323948876323591 ], [ -111.725316294990904, 40.32373623610556 ], [ -111.725163431229333, 40.323737639063353 ] ] ] } },
{ "type": "Feature", "properties": { "type": "Feature", "properties": { "height": 8.5088815689086914, "confidence": 0.97829997539520208 }, "id": 1641 }, "geometry": { "type": "Polygon", "coordinates": [ [ [ -111.727777251364529, 40.324534233522435 ], [ -111.727615642966811, 40.3245479617173 ], [ -111.727651066098801, 40.324790339272511 ], [ -111.727693455186724, 40.324786738447713 ], [ -111.727699654234826, 40.324829154432656 ], [ -111.727821522862627, 40.324818802066794 ], [ -111.727815028621762, 40.324774366265565 ], [ -111.72785476839168, 40.324770990491515 ], [ -111.727825839500554, 40.324573048829855 ], [ -111.72778345041263, 40.324576649666064 ], [ -111.727777251364529, 40.324534233522435 ] ] ] } },
{ "type": "Feature", "properties": { "type": "Feature", "properties": { "height": 7.846987247467041, "confidence": 0.98170000314712502 }, "id": 1642 }, "geometry": { "type": "Polygon", "coordinates": [ [ [ -111.727812161299667, 40.324372351547218 ], [ -111.727767791444279, 40.324372323136828 ], [ -111.727767821510469, 40.324342549195798 ], [ -111.727399134180558, 40.324342332795112 ], [ -111.727399010282383, 40.324454802053758 ], [ -111.727436561184334, 40.32445482409419 ], [ -111.727436523898916, 40.324488670093935 ], [ -111.727769117582156, 40.324488883055899 ], [ -111.72776915362526, 40.32445616476388 ], [ -111.72781206893923, 40.324456192242849 ], [ -111.727812161299667, 40.324372351547218 ] ] ] } },
{ "type": "Feature", "properties": { "type": "Feature", "properties": { "height": 3.7401323318481441, "confidence": 0.74589997529983509 }, "id": 1643 }, "geometry": { "type": "Polygon", "coordinates": [ [ [ -111.709021925926208, 40.314873674667055 ], [ -111.709009855985641, 40.314882878000937 ], [ -111.708952188491821, 40.314838906505464 ], [ -111.708882451057434, 40.314892081333582 ], [ -111.7091104388237, 40.315065921825585 ], [ -111.709192246198654, 40.315003543818179 ], [ -111.709021925926208, 40.314873674667055 ] ] ] } },
{ "type": "Feature", "properties": { "type": "Feature", "properties": { "height": 5.4114727973937988, "confidence": 0.98030000925064009 }, "id": 1644 }, "geometry": { "type": "Polygon", "coordinates": [ [ [ -111.709398839590961, 40.316910642013795 ], [ -111.709576918325126, 40.316978551490962 ], [ -111.709606964111103, 40.316932745879548 ], [ -111.709652020176378, 40.31694992779628 ], [ -111.70970674642939, 40.316866496088331 ], [ -111.70967456352561, 40.316854223275946 ], [ -111.709691061991862, 40.316829070876537 ], [ -111.709609529686063, 40.316797983210641 ], [ -111.709599471885468, 40.316813316633116 ], [ -111.709511505281824, 40.316779770914209 ], [ -111.709462144347739, 40.316855023144178 ], [ -111.709440689078562, 40.316846841268109 ], [ -111.709398839590961, 40.316910642013795 ] ] ] } },
{ "type": "Feature", "properties": { "type": "Feature", "properties": { "height": 4.025242805480957, "confidence": 0.9936000108718871 }, "id": 1645 }, "geometry": { "type": "Polygon", "coordinates": [ [ [ -111.713193600100411, 40.325945622908364 ], [ -111.713195861923595, 40.325776871799619 ], [ -111.713079182678968, 40.325775956613448 ], [ -111.713076905281468, 40.32594471382891 ], [ -111.713193600100411, 40.325945622908364 ] ] ] } },
{ "type": "Feature", "properties": { "type": "Feature", "properties": { "height": 7.6442580223083496, "confidence": 0.9824000000953671 }, "id": 1646 }, "geometry": { "type": "Polygon", "coordinates": [ [ [ -111.717977472839451, 40.31457884491514 ], [ -111.71797907166949, 40.314920387161081 ], [ -111.718180234782608, 40.314919839657641 ], [ -111.71817965077885, 40.314795084904773 ], [ -111.718182332953688, 40.314795077604714 ], [ -111.718182055312539, 40.314735767887271 ], [ -111.718157915738956, 40.314735833587868 ], [ -111.718157733836151, 40.314696975468905 ], [ -111.718178082814973, 40.314696920085126 ], [ -111.718177538420434, 40.314578300396079 ], [ -111.717977472839451, 40.31457884491514 ] ] ] } },
{ "type": "Feature", "properties": { "type": "Feature", "properties": { "height": 5.152702808380127, "confidence": 0.98640000820159912 }, "id": 1647 }, "geometry": { "type": "Polygon", "coordinates": [ [ [ -111.721014552050391, 40.32430061236311 ], [ -111.721010037771961, 40.3241698292127 ], [ -111.720890630355697, 40.324172224888102 ], [ -111.720896968497883, 40.324355360052358 ], [ -111.720985419814753, 40.324353580735455 ], [ -111.720983608111922, 40.324301233191299 ], [ -111.721014552050391, 40.32430061236311 ] ] ] } },
{ "type": "Feature", "properties": { "type": "Feature", "properties": { "height": 4.402616024017334, "confidence": 0.95370000600814808 }, "id": 1648 }, "geometry": { "type": "Polygon", "coordinates": [ [ [ -111.721293098588006, 40.321491298296046 ], [ -111.721288055179528, 40.321309375660697 ], [ -111.721140599560485, 40.321311751929159 ], [ -111.721145642968978, 40.321493674558084 ], [ -111.721293098588006, 40.321491298296046 ] ] ] } },
{ "type": "Feature", "properties": { "type": "Feature", "properties": { "height": 4.6984219551086435, "confidence": 0.95950001478195113 }, "id": 1649 }, "geometry": { "type": "Polygon", "coordinates": [ [ [ -111.707680067146995, 40.316930805276257 ], [ -111.707792681478978, 40.316932391823435 ], [ -111.70779679349647, 40.316762704324837 ], [ -111.707684179164488, 40.316761117773673 ], [ -111.707680067146995, 40.316930805276257 ] ] ] } },
{ "type": "Feature", "properties": { "type": "Feature", "properties": { "height": 3.1556603908538818, "confidence": 0.96990001201629605 }, "id": 1650 }, "geometry": { "type": "Polygon", "coordinates": [ [ [ -111.707849205291012, 40.324343734457322 ], [ -111.707731279596572, 40.324346238831538 ], [ -111.707736683919507, 40.324494152506951 ], [ -111.707854609384199, 40.324491641850727 ], [ -111.707849205291012, 40.324343734457322 ] ] ] } },
{ "type": "Feature", "properties": { "type": "Feature", "properties": { "height": 5.4204497337341309, "confidence": 0.8529000282287591 }, "id": 1651 }, "geometry": { "type": "Polygon", "coordinates": [ [ [ -111.708828150427678, 40.321168582473916 ], [ -111.709023650622029, 40.321287957877132 ], [ -111.709115255468745, 40.32120074370782 ], [ -111.708994928137358, 40.321127269932404 ], [ -111.708968753930435, 40.321152187454167 ], [ -111.708893585945006, 40.321106288667387 ], [ -111.708828150427678, 40.321168582473916 ] ] ] } },
{ "type": "Feature", "properties": { "type": "Feature", "properties": { "height": 4.5924291610717773, "confidence": 0.96249997615814209 }, "id": 1652 }, "geometry": { "type": "Polygon", "coordinates": [ [ [ -111.710786525849954, 40.314193672351045 ], [ -111.710787178832533, 40.314284878183877 ], [ -111.710838139265633, 40.314284663335222 ], [ -111.710838438037825, 40.314326394522375 ], [ -111.710865259328642, 40.314326282875541 ], [ -111.710865156834075, 40.314311966886471 ], [ -111.710902706641221, 40.314311810580868 ], [ -111.710902487009989, 40.314281133451153 ], [ -111.71099904365694, 40.31428073152226 ], [ -111.710998414047424, 40.314192790339277 ], [ -111.710786525849954, 40.314193672351045 ] ] ] } },
{ "type": "Feature", "properties": { "type": "Feature", "properties": { "height": 4.497948169708252, "confidence": 0.9868999719619751 }, "id": 1653 }, "geometry": { "type": "Polygon", "coordinates": [ [ [ -111.713569319014965, 40.321697063535204 ], [ -111.713572007699568, 40.321783975047339 ], [ -111.713802549041816, 40.321779816997257 ], [ -111.713799860737566, 40.321692917774861 ], [ -111.713569319014965, 40.321697063535204 ] ] ] } },
{ "type": "Feature", "properties": { "type": "Feature", "properties": { "height": 4.7732448577880859, "confidence": 0.97909998893737704 }, "id": 1654 }, "geometry": { "type": "Polygon", "coordinates": [ [ [ -111.713920333608726, 40.320739814079985 ], [ -111.714080573791648, 40.32087383329025 ], [ -111.714164980511782, 40.320815162987728 ], [ -111.714004733610395, 40.320681148330941 ], [ -111.713920333608726, 40.320739814079985 ] ] ] } },
{ "type": "Feature", "properties": { "type": "Feature", "properties": { "height": 4.4935030937194824, "confidence": 0.98350000381469704 }, "id": 1655 }, "geometry": { "type": "Polygon", "coordinates": [ [ [ -111.717109353649505, 40.323348480566736 ], [ -111.717345264476393, 40.323344364240775 ], [ -111.717342687616508, 40.323258522136427 ], [ -111.717106776789635, 40.323262638467618 ], [ -111.717109353649505, 40.323348480566736 ] ] ] } },
{ "type": "Feature", "properties": { "type": "Feature", "properties": { "height": 0.84341937303543002, "confidence": 0.99320000410079912 }, "id": 1656 }, "geometry": { "type": "Polygon", "coordinates": [ [ [ -111.718370434777171, 40.319629255874524 ], [ -111.718121093122164, 40.319633141095487 ], [ -111.71812333193246, 40.319716952851344 ], [ -111.718242868434956, 40.319715090245822 ], [ -111.718243909496195, 40.319753929750263 ], [ -111.718373711084908, 40.319751907196341 ], [ -111.718370434777171, 40.319629255874524 ] ] ] } },
{ "type": "Feature", "properties": { "type": "Feature", "properties": { "height": 4.7842092514038095, "confidence": 0.95060002803802413 }, "id": 1657 }, "geometry": { "type": "Polygon", "coordinates": [ [ [ -111.718637609857282, 40.318342328430568 ], [ -111.718774311833684, 40.318339643896337 ], [ -111.718768719848484, 40.318174101990017 ], [ -111.718632017872068, 40.318176786530827 ], [ -111.718637609857282, 40.318342328430568 ] ] ] } },
{ "type": "Feature", "properties": { "type": "Feature", "properties": { "height": 5.1241378784179688, "confidence": 0.98159998655319203 }, "id": 1658 }, "geometry": { "type": "Polygon", "coordinates": [ [ [ -111.71937202256575, 40.325263524978254 ], [ -111.71948863956753, 40.325261042207757 ], [ -111.719484879178225, 40.325158123395163 ], [ -111.719417875942767, 40.325159546317892 ], [ -111.719416606782929, 40.325124810405669 ], [ -111.719345539168032, 40.325126319642848 ], [ -111.719349159582848, 40.325225159175289 ], [ -111.719370600534546, 40.325224702698179 ], [ -111.71937202256575, 40.325263524978254 ] ] ] } },
{ "type": "Feature", "properties": { "type": "Feature", "properties": { "height": 4.3281393051147461, "confidence": 0.98559999465942305 }, "id": 1659 }, "geometry": { "type": "Polygon", "coordinates": [ [ [ -111.721333033704383, 40.318400079802025 ], [ -111.721339304859299, 40.318571733332597 ], [ -111.721443830110232, 40.318569518929991 ], [ -111.721437558955316, 40.318397865393798 ], [ -111.721333033704383, 40.318400079802025 ] ] ] } },
{ "type": "Feature", "properties": { "type": "Feature", "properties": { "height": 4.8915824890136719, "confidence": 0.96520000696182207 }, "id": 1660 }, "geometry": { "type": "Polygon", "coordinates": [ [ [ -111.711801401222672, 40.323143759358643 ], [ -111.711951487297654, 40.323140555924219 ], [ -111.711945034628855, 40.322964829007446 ], [ -111.711813709313233, 40.322967632019882 ], [ -111.711817535895904, 40.323071842219058 ], [ -111.711798775136543, 40.323072242648777 ], [ -111.711801401222672, 40.323143759358643 ] ] ] } },
{ "type": "Feature", "properties": { "type": "Feature", "properties": { "height": 3.730053186416626, "confidence": 0.99669998884201005 }, "id": 1661 }, "geometry": { "type": "Polygon", "coordinates": [ [ [ -111.71263619182298, 40.31940975610059 ], [ -111.71255037932039, 40.319408803626075 ], [ -111.712548544513609, 40.319504900452223 ], [ -111.712634357016185, 40.319505852925388 ], [ -111.71263619182298, 40.31940975610059 ] ] ] } },
{ "type": "Feature", "properties": { "type": "Feature", "properties": { "height": 5.282564640045166, "confidence": 0.99750000238418512 }, "id": 1662 }, "geometry": { "type": "Polygon", "coordinates": [ [ [ -111.717414382276473, 40.323619772827989 ], [ -111.717415988667454, 40.32371091198106 ], [ -111.71749492534893, 40.323710103272795 ], [ -111.717495339075541, 40.323733454556368 ], [ -111.717562382068138, 40.323732764122099 ], [ -111.717561947377291, 40.323708229589009 ], [ -111.717643914276323, 40.323707385462342 ], [ -111.717642472813097, 40.323625603542645 ], [ -111.717572748034911, 40.32362632159613 ], [ -111.71757260388857, 40.323618143398797 ], [ -111.717414382276473, 40.323619772827989 ] ] ] } },
{ "type": "Feature", "properties": { "type": "Feature", "properties": { "height": 4.3416070938110352, "confidence": 0.86440002918243408 }, "id": 1663 }, "geometry": { "type": "Polygon", "coordinates": [ [ [ -111.71946183087374, 40.321375757032463 ], [ -111.719489184102187, 40.3214714147311 ], [ -111.719711948178173, 40.321434386793626 ], [ -111.719684594949726, 40.321338729042516 ], [ -111.71946183087374, 40.321375757032463 ] ] ] } },
{ "type": "Feature", "properties": { "type": "Feature", "properties": { "height": 3.9962770938873291, "confidence": 0.96909999847412109 }, "id": 1664 }, "geometry": { "type": "Polygon", "coordinates": [ [ [ -111.720258415465565, 40.320456253544378 ], [ -111.720492783373146, 40.320454252527021 ], [ -111.720491582086396, 40.320372462077316 ], [ -111.720257206671704, 40.320374463161201 ], [ -111.720258415465565, 40.320456253544378 ] ] ] } },
{ "type": "Feature", "properties": { "type": "Feature", "properties": { "height": 3.6567163467407222, "confidence": 0.99699997901916504 }, "id": 1665 }, "geometry": { "type": "Polygon", "coordinates": [ [ [ -111.723317667469232, 40.319467804852515 ], [ -111.723314975031897, 40.319547508738225 ], [ -111.723430233561047, 40.319549772128561 ], [ -111.723432925998353, 40.319470068245522 ], [ -111.723317667469232, 40.319467804852515 ] ] ] } },
{ "type": "Feature", "properties": { "type": "Feature", "properties": { "height": 4.2758135795593262, "confidence": 0.99940001964569003 }, "id": 1666 }, "geometry": { "type": "Polygon", "coordinates": [ [ [ -111.707200275607363, 40.318966366050567 ], [ -111.707198793590536, 40.319052243710324 ], [ -111.707273882442806, 40.319052997022652 ], [ -111.707272929717703, 40.319108204031345 ], [ -111.707365622213231, 40.319109133947549 ], [ -111.707368044006628, 40.318968049152105 ], [ -111.707200275607363, 40.318966366050567 ] ] ] } },
{ "type": "Feature", "properties": { "type": "Feature", "properties": { "height": 3.0357143878936759, "confidence": 0.97329998016357411 }, "id": 1667 }, "geometry": { "type": "Polygon", "coordinates": [ [ [ -111.709465453972498, 40.324301880412044 ], [ -111.709595429335536, 40.324281767864306 ], [ -111.709579215257449, 40.324220884908982 ], [ -111.709521375644869, 40.324229835090676 ], [ -111.709526604261015, 40.324249475025034 ], [ -111.709482810814535, 40.324256251680794 ], [ -111.709475820423194, 40.324229994098282 ], [ -111.70940369102486, 40.324241159348276 ], [ -111.709410157570488, 40.324265449237302 ], [ -111.709366364124008, 40.324272225891441 ], [ -111.709385518045465, 40.324344172534097 ], [ -111.709473103743434, 40.324330614750998 ], [ -111.709465453972498, 40.324301880412044 ] ] ] } },
{ "type": "Feature", "properties": { "type": "Feature", "properties": { "height": 3.5483958721160889, "confidence": 0.98159998655319203 }, "id": 1668 }, "geometry": { "type": "Polygon", "coordinates": [ [ [ -111.711179870179492, 40.325418998503345 ], [ -111.711177539125188, 40.325335196631826 ], [ -111.710938929830263, 40.325339054357251 ], [ -111.710941260884596, 40.325422856223973 ], [ -111.711179870179492, 40.325418998503345 ] ] ] } },
{ "type": "Feature", "properties": { "type": "Feature", "properties": { "height": 4.2074179649353027, "confidence": 0.99299997091293313 }, "id": 1669 }, "geometry": { "type": "Polygon", "coordinates": [ [ [ -111.711295563651333, 40.315004206492091 ], [ -111.71112934268379, 40.315006912028814 ], [ -111.711130065417549, 40.315032643670378 ], [ -111.711046955058265, 40.315034000871464 ], [ -111.711050825598122, 40.315171804343315 ], [ -111.711141979031936, 40.315170320665537 ], [ -111.71114051988593, 40.315118370480015 ], [ -111.711298697666464, 40.315115787423125 ], [ -111.711295563651333, 40.315004206492091 ] ] ] } },
{ "type": "Feature", "properties": { "type": "Feature", "properties": { "height": 4.0178570747375488, "confidence": 1.0 }, "id": 1670 }, "geometry": { "type": "Polygon", "coordinates": [ [ [ -111.711343761867994, 40.326053798627839 ], [ -111.711456387944779, 40.326055120709704 ], [ -111.711457378895702, 40.326006056002321 ], [ -111.711344752818917, 40.326004733919504 ], [ -111.711343761867994, 40.326053798627839 ] ] ] } },
{ "type": "Feature", "properties": { "type": "Feature", "properties": { "height": 2.49733567237854, "confidence": 0.97979998588562012 }, "id": 1671 }, "geometry": { "type": "Polygon", "coordinates": [ [ [ -111.713027271731434, 40.320872552080523 ], [ -111.713054489544191, 40.321041787595654 ], [ -111.713144333774608, 40.321033388098598 ], [ -111.71311711596185, 40.320864152562436 ], [ -111.713027271731434, 40.320872552080523 ] ] ] } },
{ "type": "Feature", "properties": { "type": "Feature", "properties": { "height": 4.0900473594665527, "confidence": 0.99500000476837103 }, "id": 1672 }, "geometry": { "type": "Polygon", "coordinates": [ [ [ -111.719612541022144, 40.324721386078394 ], [ -111.719558008921908, 40.324634107285597 ], [ -111.719443165691303, 40.3246758137198 ], [ -111.719503572062763, 40.324772480032117 ], [ -111.719568126345294, 40.324749036554408 ], [ -111.719598707438905, 40.324797981618602 ], [ -111.719675221013262, 40.324770190941706 ], [ -111.719638774247656, 40.324711857836789 ], [ -111.719612541022144, 40.324721386078394 ] ] ] } },
{ "type": "Feature", "properties": { "type": "Feature", "properties": { "height": 4.4838380813598633, "confidence": 0.99519997835159313 }, "id": 1673 }, "geometry": { "type": "Polygon", "coordinates": [ [ [ -111.720645743745436, 40.325966152128409 ], [ -111.720591371825421, 40.32578765179823 ], [ -111.720476848377217, 40.325807927185537 ], [ -111.720531220297232, 40.325986427462105 ], [ -111.720645743745436, 40.325966152128409 ] ] ] } },
{ "type": "Feature", "properties": { "type": "Feature", "properties": { "height": 7.7043652534484863, "confidence": 0.95249998569488503 }, "id": 1674 }, "geometry": { "type": "Polygon", "coordinates": [ [ [ -111.725936160156039, 40.322352499389325 ], [ -111.725876803830673, 40.32248418808674 ], [ -111.726000096849432, 40.322516484262145 ], [ -111.725987309821335, 40.322544859456976 ], [ -111.726055930438832, 40.322562838035296 ], [ -111.726064599305772, 40.322543605215401 ], [ -111.726201340483286, 40.322579424056528 ], [ -111.726266038109912, 40.322435885270195 ], [ -111.726078922628957, 40.322386860974689 ], [ -111.726077699269624, 40.322389575136512 ], [ -111.725936160156039, 40.322352499389325 ] ] ] } },
{ "type": "Feature", "properties": { "type": "Feature", "properties": { "height": 6.0653858184814453, "confidence": 0.94739997386932306 }, "id": 1675 }, "geometry": { "type": "Polygon", "coordinates": [ [ [ -111.705467350275867, 40.317213943403218 ], [ -111.705679744811661, 40.317395894445937 ], [ -111.705833896069578, 40.317291281726213 ], [ -111.705621506892015, 40.317109334991805 ], [ -111.705467350275867, 40.317213943403218 ] ] ] } },
{ "type": "Feature", "properties": { "type": "Feature", "properties": { "height": 5.8679065704345703, "confidence": 0.99550002813339211 }, "id": 1676 }, "geometry": { "type": "Polygon", "coordinates": [ [ [ -111.706783200364939, 40.314918472626317 ], [ -111.706684022294795, 40.314920388613359 ], [ -111.706686303032555, 40.314989028693546 ], [ -111.706612795068125, 40.314990444844312 ], [ -111.706615193797134, 40.315062835835526 ], [ -111.706691388760134, 40.31506136385434 ], [ -111.706690641720328, 40.315038881304964 ], [ -111.706787139302094, 40.315037017104643 ], [ -111.706783200364939, 40.314918472626317 ] ] ] } },
{ "type": "Feature", "properties": { "type": "Feature", "properties": { "height": 6.1274971961975098, "confidence": 0.97860002517700206 }, "id": 1677 }, "geometry": { "type": "Polygon", "coordinates": [ [ [ -111.707035301088538, 40.315762130365862 ], [ -111.707032562570745, 40.315687729628586 ], [ -111.706790154367212, 40.315692904155938 ], [ -111.706793486782828, 40.315783666379659 ], [ -111.706963540189747, 40.315780027292121 ], [ -111.706962938443212, 40.31576367890333 ], [ -111.707035301088538, 40.315762130365862 ] ] ] } },
{ "type": "Feature", "properties": { "type": "Feature", "properties": { "height": 3.9703593254089351, "confidence": 0.99290001392364513 }, "id": 1678 }, "geometry": { "type": "Polygon", "coordinates": [ [ [ -111.708734984179159, 40.314972114955282 ], [ -111.70862302199852, 40.314868857275705 ], [ -111.708537913003227, 40.314922511529716 ], [ -111.708574792808207, 40.314956526983714 ], [ -111.708517436513404, 40.314992685389804 ], [ -111.708502948018577, 40.314979322184932 ], [ -111.708419183492239, 40.315032128775279 ], [ -111.708508753236742, 40.315114734731829 ], [ -111.708734984179159, 40.314972114955282 ] ] ] } },
{ "type": "Feature", "properties": { "type": "Feature", "properties": { "height": 4.9002170562744141, "confidence": 0.9689000248908991 }, "id": 1679 }, "geometry": { "type": "Polygon", "coordinates": [ [ [ -111.709722694074699, 40.318893168174029 ], [ -111.709724448097845, 40.31894425974069 ], [ -111.709701822063323, 40.318944711308013 ], [ -111.709706394708874, 40.319077548956294 ], [ -111.709822821595395, 40.319075225328895 ], [ -111.709816507112052, 40.318891295864766 ], [ -111.709722694074699, 40.318893168174029 ] ] ] } },
{ "type": "Feature", "properties": { "type": "Feature", "properties": { "height": 4.6455636024475098, "confidence": 0.98580002784729004 }, "id": 1680 }, "geometry": { "type": "Polygon", "coordinates": [ [ [ -111.713061526222901, 40.321423029403071 ], [ -111.713064913686793, 40.321619313712986 ], [ -111.713181203267865, 40.321618140902444 ], [ -111.713177797788688, 40.321421856770819 ], [ -111.713061526222901, 40.321423029403071 ] ] ] } },
{ "type": "Feature", "properties": { "type": "Feature", "properties": { "height": 3.2577269077301021, "confidence": 0.99739998579025213 }, "id": 1681 }, "geometry": { "type": "Polygon", "coordinates": [ [ [ -111.713102609299341, 40.317667596410189 ], [ -111.712893408948901, 40.317666390716916 ], [ -111.712891453433983, 40.317863646751313 ], [ -111.713008064734765, 40.317864325043068 ], [ -111.713008933534226, 40.317777491879795 ], [ -111.713101514552051, 40.317778025455041 ], [ -111.713102609299341, 40.317667596410189 ] ] ] } },
{ "type": "Feature", "properties": { "type": "Feature", "properties": { "height": 4.4910225868225098, "confidence": 0.98710000514984109 }, "id": 1682 }, "geometry": { "type": "Polygon", "coordinates": [ [ [ -111.714170660900876, 40.323583921811178 ], [ -111.714349148929216, 40.323581331269345 ], [ -111.714345346432225, 40.323429046674086 ], [ -111.714166844667787, 40.323431646945942 ], [ -111.714170660900876, 40.323583921811178 ] ] ] } },
{ "type": "Feature", "properties": { "type": "Feature", "properties": { "height": 3.9966416358947749, "confidence": 0.99970000982284513 }, "id": 1683 }, "geometry": { "type": "Polygon", "coordinates": [ [ [ -111.71573140105464, 40.322607857065947 ], [ -111.715967423301564, 40.322609154272236 ], [ -111.715968265766179, 40.322519180992373 ], [ -111.71573224351927, 40.322517883784343 ], [ -111.71573140105464, 40.322607857065947 ] ] ] } },
{ "type": "Feature", "properties": { "type": "Feature", "properties": { "height": 5.2404885292053223, "confidence": 0.9958000183105461 }, "id": 1684 }, "geometry": { "type": "Polygon", "coordinates": [ [ [ -111.715853594192865, 40.316228695725549 ], [ -111.715958152699557, 40.316226993883951 ], [ -111.715952975594845, 40.316042071059321 ], [ -111.715848416932005, 40.316043767328303 ], [ -111.715853594192865, 40.316228695725549 ] ] ] } },
{ "type": "Feature", "properties": { "type": "Feature", "properties": { "height": 2.7522068023681641, "confidence": 0.99870002269744806 }, "id": 1685 }, "geometry": { "type": "Polygon", "coordinates": [ [ [ -111.718880586324985, 40.323550187331165 ], [ -111.719021533344986, 40.323548006275622 ], [ -111.71901990644065, 40.323486683741955 ], [ -111.718878953793535, 40.323488864886549 ], [ -111.718880586324985, 40.323550187331165 ] ] ] } },
{ "type": "Feature", "properties": { "type": "Feature", "properties": { "height": 4.5684237480163574, "confidence": 0.97949999570846502 }, "id": 1686 }, "geometry": { "type": "Polygon", "coordinates": [ [ [ -111.721473200765402, 40.318860665678429 ], [ -111.721403497641589, 40.318861844788863 ], [ -111.721404270874032, 40.318888417543988 ], [ -111.72132116330333, 40.318889823405875 ], [ -111.721323483000646, 40.318969541606776 ], [ -111.721554039487145, 40.318965641478336 ], [ -111.721551779269205, 40.318887967330546 ], [ -111.721474033477264, 40.318889282491675 ], [ -111.721473200765402, 40.318860665678429 ] ] ] } },
{ "type": "Feature", "properties": { "type": "Feature", "properties": { "height": 4.3007822036743164, "confidence": 0.99540001153945912 }, "id": 1687 }, "geometry": { "type": "Polygon", "coordinates": [ [ [ -111.721700782357672, 40.318581719586668 ], [ -111.721816075868972, 40.318580052266725 ], [ -111.721813248568196, 40.318466396686247 ], [ -111.721794479832155, 40.318466667109668 ], [ -111.721792475926136, 40.318386111326554 ], [ -111.721653051214815, 40.318388127626221 ], [ -111.721656000808892, 40.318506699448392 ], [ -111.721698900720071, 40.318506079049591 ], [ -111.721700782357672, 40.318581719586668 ] ] ] } },
{ "type": "Feature", "properties": { "type": "Feature", "properties": { "height": 4.7603697776794434, "confidence": 0.99599999189376809 }, "id": 1688 }, "geometry": { "type": "Polygon", "coordinates": [ [ [ -111.721822676916588, 40.323227604563691 ], [ -111.7218232858242, 40.323250089263993 ], [ -111.721921361387757, 40.323248550674009 ], [ -111.721920754543362, 40.32322606594083 ], [ -111.721974376020285, 40.323225224737435 ], [ -111.721972169313361, 40.323143462007195 ], [ -111.721701380854924, 40.323147710089323 ], [ -111.721703587561862, 40.32322947281444 ], [ -111.721822676916588, 40.323227604563691 ] ] ] } },
{ "type": "Feature", "properties": { "type": "Feature", "properties": { "height": 5.8638553619384775, "confidence": 0.98040002584457409 }, "id": 1689 }, "geometry": { "type": "Polygon", "coordinates": [ [ [ -111.722906635201369, 40.32526476508275 ], [ -111.723016555518626, 40.325266553956133 ], [ -111.723021206334238, 40.325100994919957 ], [ -111.722911286016966, 40.325099206042218 ], [ -111.722906635201369, 40.32526476508275 ] ] ] } },
{ "type": "Feature", "properties": { "type": "Feature", "properties": { "height": 5.0571002960205078, "confidence": 0.99930000305175704 }, "id": 1690 }, "geometry": { "type": "Polygon", "coordinates": [ [ [ -111.723090943892785, 40.318596209243616 ], [ -111.723087350578496, 40.318712713858211 ], [ -111.723183856733826, 40.318714444225222 ], [ -111.723185054505265, 40.318675609377017 ], [ -111.723230626856392, 40.318676426495244 ], [ -111.723233022399242, 40.318598756732776 ], [ -111.723090943892785, 40.318596209243616 ] ] ] } },
{ "type": "Feature", "properties": { "type": "Feature", "properties": { "height": 7.9277448654174805, "confidence": 0.97750002145767212 }, "id": 1691 }, "geometry": { "type": "Polygon", "coordinates": [ [ [ -111.726926274753779, 40.323439626673967 ], [ -111.72696220346819, 40.3233299042639 ], [ -111.726790513837258, 40.32329722580846 ], [ -111.726758367092771, 40.323395398547078 ], [ -111.726720494380089, 40.323388190072592 ], [ -111.72670347551535, 40.32344016382315 ], [ -111.726733773685496, 40.323445930598339 ], [ -111.726699105627731, 40.323551802920328 ], [ -111.726870795258662, 40.323584481252531 ], [ -111.72690294200315, 40.323486308788908 ], [ -111.726945864410879, 40.32349447838137 ], [ -111.726961622618958, 40.323446354578351 ], [ -111.726926274753779, 40.323439626673967 ] ] ] } },
{ "type": "Feature", "properties": { "type": "Feature", "properties": { "height": 2.6964221000671382, "confidence": 0.94800001382827703 }, "id": 1692 }, "geometry": { "type": "Polygon", "coordinates": [ [ [ -111.707764222933264, 40.324044340966481 ], [ -111.707823595553023, 40.324002554005702 ], [ -111.707656491985233, 40.323864549213916 ], [ -111.707597119365474, 40.323906336260137 ], [ -111.707764222933264, 40.324044340966481 ] ] ] } },
{ "type": "Feature", "properties": { "type": "Feature", "properties": { "height": 3.88502025604248, "confidence": 0.99330002069473211 }, "id": 1693 }, "geometry": { "type": "Polygon", "coordinates": [ [ [ -111.710835832550472, 40.322957361508386 ], [ -111.710837947584778, 40.323051401059836 ], [ -111.711017602765025, 40.323049052390559 ], [ -111.711014384234588, 40.322905948668321 ], [ -111.710944667298961, 40.322906860094179 ], [ -111.710945770795107, 40.322955924261024 ], [ -111.710835832550472, 40.322957361508386 ] ] ] } },
{ "type": "Feature", "properties": { "type": "Feature", "properties": { "height": 4.2054924964904776, "confidence": 0.99860000610351507 }, "id": 1694 }, "geometry": { "type": "Polygon", "coordinates": [ [ [ -111.711519969722673, 40.32205754658559 ], [ -111.711518871253503, 40.321967575736039 ], [ -111.711261401497438, 40.321969402998207 ], [ -111.711262499966594, 40.322059373845306 ], [ -111.711519969722673, 40.32205754658559 ] ] ] } },
{ "type": "Feature", "properties": { "type": "Feature", "properties": { "height": 3.4321973323822021, "confidence": 0.99860000610351507 }, "id": 1695 }, "geometry": { "type": "Polygon", "coordinates": [ [ [ -111.713017750780764, 40.318345782112495 ], [ -111.713015235169806, 40.31824860055147 ], [ -111.713071539703847, 40.318247756251793 ], [ -111.713070269676763, 40.318198693280259 ], [ -111.71301253575389, 40.31819955901458 ], [ -111.713011586610008, 40.318162761712372 ], [ -111.712900403554286, 40.318164428930409 ], [ -111.712905141868177, 40.318347476716283 ], [ -111.713017750780764, 40.318345782112495 ] ] ] } },
{ "type": "Feature", "properties": { "type": "Feature", "properties": { "height": 3.4449553489685059, "confidence": 1.0 }, "id": 1696 }, "geometry": { "type": "Polygon", "coordinates": [ [ [ -111.714932032342489, 40.318742973231942 ], [ -111.714929288107669, 40.318570165824582 ], [ -111.714819333657942, 40.31857118091277 ], [ -111.71482150925479, 40.318708180610429 ], [ -111.714782487384539, 40.318708540855589 ], [ -111.714783052610599, 40.318744340643924 ], [ -111.714932032342489, 40.318742973231942 ] ] ] } },
{ "type": "Feature", "properties": { "type": "Feature", "properties": { "height": 4.9692034721374512, "confidence": 0.99059998989105202 }, "id": 1697 }, "geometry": { "type": "Polygon", "coordinates": [ [ [ -111.715319834497578, 40.316459258351415 ], [ -111.715446926113557, 40.316455026212225 ], [ -111.7154372219903, 40.316285602729202 ], [ -111.715310145896254, 40.316289834362124 ], [ -111.715319834497578, 40.316459258351415 ] ] ] } },
{ "type": "Feature", "properties": { "type": "Feature", "properties": { "height": 2.0, "confidence": 0.9958000183105461 }, "id": 1698 }, "geometry": { "type": "Polygon", "coordinates": [ [ [ -111.715616421483432, 40.315715674993783 ], [ -111.715560181949755, 40.31571398828055 ], [ -111.71555655719726, 40.315784379968996 ], [ -111.715612796885253, 40.315786063683817 ], [ -111.715616421483432, 40.315715674993783 ] ] ] } },
{ "type": "Feature", "properties": { "type": "Feature", "properties": { "height": 5.0185346603393546, "confidence": 0.99059998989105202 }, "id": 1699 }, "geometry": { "type": "Polygon", "coordinates": [ [ [ -111.716825108278641, 40.316706129487699 ], [ -111.716824114886833, 40.316595697575444 ], [ -111.716740970318867, 40.316596132403461 ], [ -111.716740823149678, 40.316579772104916 ], [ -111.716663042747399, 40.316580178879605 ], [ -111.716663226708846, 40.316600629252051 ], [ -111.71655057922969, 40.316601218373833 ], [ -111.716552539415162, 40.316819125181318 ], [ -111.716673233200794, 40.316818500421952 ], [ -111.71667222955692, 40.316706929008845 ], [ -111.716825108278641, 40.316706129487699 ] ] ] } },
{ "type": "Feature", "properties": { "type": "Feature", "properties": { "height": 3.7092361450195312, "confidence": 0.97939997911453203 }, "id": 1700 }, "geometry": { "type": "Polygon", "coordinates": [ [ [ -111.709002301658074, 40.314383255624243 ], [ -111.708999144537216, 40.314460898551943 ], [ -111.709035573594605, 40.314461759789474 ], [ -111.709030714164271, 40.314580998198885 ], [ -111.709163112636176, 40.314584135357315 ], [ -111.709171118540226, 40.314387246712926 ], [ -111.709002301658074, 40.314383255624243 ] ] ] } },
{ "type": "Feature", "properties": { "type": "Feature", "properties": { "height": 2.0, "confidence": 0.96079999208450306 }, "id": 1701 }, "geometry": { "type": "Polygon", "coordinates": [ [ [ -111.709087799851488, 40.324402364597027 ], [ -111.709086508697226, 40.324371722691538 ], [ -111.708995407403009, 40.324373949062625 ], [ -111.708996698557272, 40.32440459096712 ], [ -111.709087799851488, 40.324402364597027 ] ] ] } },
{ "type": "Feature", "properties": { "type": "Feature", "properties": { "height": 5.2750520706176758, "confidence": 0.99159997701644909 }, "id": 1702 }, "geometry": { "type": "Polygon", "coordinates": [ [ [ -111.70931247757575, 40.320004764771227 ], [ -111.709310348534686, 40.320093969713746 ], [ -111.709463184034135, 40.320096082030538 ], [ -111.709463409983343, 40.320086614964225 ], [ -111.709570662828867, 40.320088103013362 ], [ -111.709571656823726, 40.320046455516994 ], [ -111.709538398513189, 40.320045995858472 ], [ -111.709539303963183, 40.320007911813278 ], [ -111.70931247757575, 40.320004764771227 ] ] ] } },
{ "type": "Feature", "properties": { "type": "Feature", "properties": { "height": 3.7575652599334712, "confidence": 0.98830002546310403 }, "id": 1703 }, "geometry": { "type": "Polygon", "coordinates": [ [ [ -111.712507414124829, 40.315295225398295 ], [ -111.712508262800043, 40.315270700396191 ], [ -111.712440094059701, 40.315269328905998 ], [ -111.712436832181425, 40.315363341194093 ], [ -111.712641707034777, 40.315367463075368 ], [ -111.712644111614537, 40.315297975620638 ], [ -111.712507414124829, 40.315295225398295 ] ] ] } },
{ "type": "Feature", "properties": { "type": "Feature", "properties": { "height": 3.2426810264587402, "confidence": 0.98640000820159912 }, "id": 1704 }, "geometry": { "type": "Polygon", "coordinates": [ [ [ -111.713002549649289, 40.317919656687948 ], [ -111.712897994316506, 40.317917899145613 ], [ -111.712893029536829, 40.318089603303378 ], [ -111.713005627587521, 40.318091496036445 ], [ -111.713006900602807, 40.318047469550258 ], [ -111.713039071424816, 40.318048012047406 ], [ -111.713041258288669, 40.317972380577963 ], [ -111.713001044761157, 40.317971702455779 ], [ -111.713002549649289, 40.317919656687948 ] ] ] } },
{ "type": "Feature", "properties": { "type": "Feature", "properties": { "height": 4.6218104362487793, "confidence": 0.9934999942779541 }, "id": 1705 }, "geometry": { "type": "Polygon", "coordinates": [ [ [ -111.713773561935554, 40.323561582220044 ], [ -111.713771074122391, 40.32346649353606 ], [ -111.71352709017718, 40.323470203925197 ], [ -111.713530138550354, 40.323586718194719 ], [ -111.713622452345902, 40.323585314333883 ], [ -111.713621890032186, 40.323563896862488 ], [ -111.713773561935554, 40.323561582220044 ] ] ] } },
{ "type": "Feature", "properties": { "type": "Feature", "properties": { "height": 4.4533004760742188, "confidence": 0.99339997768402111 }, "id": 1706 }, "geometry": { "type": "Polygon", "coordinates": [ [ [ -111.718922336844216, 40.320127513651244 ], [ -111.718920764167791, 40.320068232115489 ], [ -111.718885909710309, 40.320068769631483 ], [ -111.718882927048142, 40.319956338990544 ], [ -111.718778363675739, 40.319957951541163 ], [ -111.71878291901433, 40.320129663713296 ], [ -111.718922336844216, 40.320127513651244 ] ] ] } },
{ "type": "Feature", "properties": { "type": "Feature", "properties": { "height": 3.9195995330810542, "confidence": 0.97450000047683705 }, "id": 1707 }, "geometry": { "type": "Polygon", "coordinates": [ [ [ -111.719068110725814, 40.318795846366832 ], [ -111.719172684347654, 40.318794440105286 ], [ -111.719168693972236, 40.318621935746123 ], [ -111.719064120221319, 40.31862333643258 ], [ -111.719068110725814, 40.318795846366832 ] ] ] } },
{ "type": "Feature", "properties": { "type": "Feature", "properties": { "height": 4.6973099708557129, "confidence": 0.9934999942779541 }, "id": 1708 }, "geometry": { "type": "Polygon", "coordinates": [ [ [ -111.719705431348771, 40.320398083834064 ], [ -111.719704814192852, 40.32042056918273 ], [ -111.719640469354673, 40.320419542543476 ], [ -111.719638561781807, 40.320489042665777 ], [ -111.719882535959826, 40.320492935335473 ], [ -111.719885060688611, 40.320400949869487 ], [ -111.719705431348771, 40.320398083834064 ] ] ] } },
{ "type": "Feature", "properties": { "type": "Feature", "properties": { "height": 4.7147679328918457, "confidence": 0.98259997367858809 }, "id": 1709 }, "geometry": { "type": "Polygon", "coordinates": [ [ [ -111.722494514719713, 40.324311149582016 ], [ -111.722266573420015, 40.324313630778207 ], [ -111.722267951788453, 40.324387232116464 ], [ -111.7223296300225, 40.324386560734688 ], [ -111.722329936326602, 40.324402916576894 ], [ -111.722496199392268, 40.324401106765606 ], [ -111.722494514719713, 40.324311149582016 ] ] ] } },
{ "type": "Feature", "properties": { "type": "Feature", "properties": { "height": 3.808272123336792, "confidence": 0.95440000295639005 }, "id": 1710 }, "geometry": { "type": "Polygon", "coordinates": [ [ [ -111.723536491388501, 40.318763514916242 ], [ -111.723448711689187, 40.318805241975454 ], [ -111.723543842062895, 40.318921580847856 ], [ -111.723631614071891, 40.318879857516201 ], [ -111.723536491388501, 40.318763514916242 ] ] ] } },
{ "type": "Feature", "properties": { "type": "Feature", "properties": { "height": 4.5504150390625, "confidence": 0.98339998722076405 }, "id": 1711 }, "geometry": { "type": "Polygon", "coordinates": [ [ [ -111.707146769977086, 40.315099709272737 ], [ -111.707274571356407, 40.315193269920456 ], [ -111.707375074710924, 40.315113457989071 ], [ -111.707327623511276, 40.315078719957995 ], [ -111.707345579340384, 40.315064460820643 ], [ -111.707265227477222, 40.315005632560492 ], [ -111.707146769977086, 40.315099709272737 ] ] ] } },
{ "type": "Feature", "properties": { "type": "Feature", "properties": { "height": 4.2795286178588867, "confidence": 0.96609997749328602 }, "id": 1712 }, "geometry": { "type": "Polygon", "coordinates": [ [ [ -111.707364634414063, 40.318855537994935 ], [ -111.707359344897696, 40.31870021760902 ], [ -111.707250653721104, 40.318702369460112 ], [ -111.707251694892491, 40.318733024882434 ], [ -111.707182004318611, 40.318734404604967 ], [ -111.707186238415673, 40.318859069843136 ], [ -111.707364634414063, 40.318855537994935 ] ] ] } },
{ "type": "Feature", "properties": { "type": "Feature", "properties": { "height": 2.8002092838287349, "confidence": 0.96859997510910012 }, "id": 1713 }, "geometry": { "type": "Polygon", "coordinates": [ [ [ -111.70857380221014, 40.320907409419043 ], [ -111.708588695912511, 40.320966580259466 ], [ -111.708674064746106, 40.320954089286126 ], [ -111.70865917104372, 40.320894918434732 ], [ -111.70857380221014, 40.320907409419043 ] ] ] } },
{ "type": "Feature", "properties": { "type": "Feature", "properties": { "height": 3.1392660140991211, "confidence": 0.96630001068115212 }, "id": 1714 }, "geometry": { "type": "Polygon", "coordinates": [ [ [ -111.708632115573238, 40.324779377751824 ], [ -111.708874737190882, 40.324776943910479 ], [ -111.708873956767846, 40.324731964243881 ], [ -111.708631339278696, 40.324734398045436 ], [ -111.708632115573238, 40.324779377751824 ] ] ] } },
{ "type": "Feature", "properties": { "type": "Feature", "properties": { "height": 4.9937500953674316, "confidence": 0.99000000953674305 }, "id": 1715 }, "geometry": { "type": "Polygon", "coordinates": [ [ [ -111.713951952382729, 40.316461902684793 ], [ -111.71380981991237, 40.316463328652098 ], [ -111.713810666779111, 40.316512403433158 ], [ -111.713834802481628, 40.316512161287953 ], [ -111.713836990220756, 40.316638937641088 ], [ -111.713954986988611, 40.316637753822249 ], [ -111.713951952382729, 40.316461902684793 ] ] ] } },
{ "type": "Feature", "properties": { "type": "Feature", "properties": { "height": 5.4208884239196777, "confidence": 0.97210001945495605 }, "id": 1716 }, "geometry": { "type": "Polygon", "coordinates": [ [ [ -111.715281183119743, 40.315165178606158 ], [ -111.715719524082814, 40.315163541122921 ], [ -111.715718840781676, 40.315057194404922 ], [ -111.71565332781222, 40.315057439138059 ], [ -111.715653185332641, 40.315034942687859 ], [ -111.715332467409453, 40.31503614077625 ], [ -111.715332539974852, 40.31504743462542 ], [ -111.715280438611387, 40.315047626477146 ], [ -111.715281183119743, 40.315165178606158 ] ] ] } },
{ "type": "Feature", "properties": { "type": "Feature", "properties": { "height": 4.3951025009155273, "confidence": 0.98780000209808305 }, "id": 1717 }, "geometry": { "type": "Polygon", "coordinates": [ [ [ -111.715445590518442, 40.316742614007602 ], [ -111.715327607729478, 40.31674415026891 ], [ -111.715331500002463, 40.316917935311359 ], [ -111.715457527072488, 40.316916294309173 ], [ -111.715456153329086, 40.316854958461434 ], [ -111.7154829675993, 40.316854609311719 ], [ -111.715482372310504, 40.316828030426905 ], [ -111.715514549434758, 40.316827611447081 ], [ -111.715514091520291, 40.316807166143832 ], [ -111.715447055844734, 40.316808039018738 ], [ -111.715445590518442, 40.316742614007602 ] ] ] } },
{ "type": "Feature", "properties": { "type": "Feature", "properties": { "height": 7.1275944709777832, "confidence": 0.99680000543594305 }, "id": 1718 }, "geometry": { "type": "Polygon", "coordinates": [ [ [ -111.717695008359328, 40.314864452377307 ], [ -111.717691300095396, 40.315206825061928 ], [ -111.717875204630261, 40.315207983148262 ], [ -111.717878944210796, 40.31486562048272 ], [ -111.717695008359328, 40.314864452377307 ] ] ] } },
{ "type": "Feature", "properties": { "type": "Feature", "properties": { "height": 4.9068756103515625, "confidence": 0.95469999313354403 }, "id": 1719 }, "geometry": { "type": "Polygon", "coordinates": [ [ [ -111.718840730877233, 40.324092211553008 ], [ -111.718838050542772, 40.324266004187052 ], [ -111.718946787993232, 40.324266984746821 ], [ -111.718949484279833, 40.324093192259149 ], [ -111.718840730877233, 40.324092211553008 ] ] ] } },
{ "type": "Feature", "properties": { "type": "Feature", "properties": { "height": 4.4548435211181641, "confidence": 0.99889999628067005 }, "id": 1720 }, "geometry": { "type": "Polygon", "coordinates": [ [ [ -111.721774921885029, 40.319884543611231 ], [ -111.721776301095815, 40.319974512668423 ], [ -111.721741437169996, 40.319974825219795 ], [ -111.721742032738291, 40.320013675457254 ], [ -111.721883084575353, 40.320012410943356 ], [ -111.721881097972911, 40.319883591752699 ], [ -111.721774921885029, 40.319884543611231 ] ] ] } },
{ "type": "Feature", "properties": { "type": "Feature", "properties": { "height": 4.996833324432373, "confidence": 0.98540002107620206 }, "id": 1721 }, "geometry": { "type": "Polygon", "coordinates": [ [ [ -111.722975366815717, 40.319949050501336 ], [ -111.722763617388566, 40.319944824497867 ], [ -111.722760810951499, 40.320026569712631 ], [ -111.722972560378665, 40.320030795710998 ], [ -111.722975366815717, 40.319949050501336 ] ] ] } },
{ "type": "Feature", "properties": { "type": "Feature", "properties": { "height": 4.3740649223327637, "confidence": 0.98760002851486206 }, "id": 1722 }, "geometry": { "type": "Polygon", "coordinates": [ [ [ -111.723755035973795, 40.313159364702841 ], [ -111.723826751128698, 40.313197878642882 ], [ -111.723845691925291, 40.313177372067976 ], [ -111.72377397677036, 40.313138858116233 ], [ -111.723755035973795, 40.313159364702841 ] ] ] } },
{ "type": "Feature", "properties": { "type": "Feature", "properties": { "height": 5.9108881950378418, "confidence": 0.99889999628067005 }, "id": 1723 }, "geometry": { "type": "Polygon", "coordinates": [ [ [ -111.724122032862581, 40.32281107092814 ], [ -111.72412374034225, 40.322881525931813 ], [ -111.72418700111389, 40.322880638147709 ], [ -111.724187445307507, 40.322899036397772 ], [ -111.724365502961803, 40.322896537586729 ], [ -111.724363349288225, 40.322807671480163 ], [ -111.724122032862581, 40.32281107092814 ] ] ] } },
{ "type": "Feature", "properties": { "type": "Feature", "properties": { "height": 4.6073780059814453, "confidence": 0.97579997777938809 }, "id": 1724 }, "geometry": { "type": "Polygon", "coordinates": [ [ [ -111.711122694827552, 40.318727210050774 ], [ -111.711229758588104, 40.318737505400307 ], [ -111.711248738631639, 40.318622761541256 ], [ -111.711141685238815, 40.318612467171207 ], [ -111.711122694827552, 40.318727210050774 ] ] ] } },
{ "type": "Feature", "properties": { "type": "Feature", "properties": { "height": 4.6759486198425293, "confidence": 0.99879997968673706 }, "id": 1725 }, "geometry": { "type": "Polygon", "coordinates": [ [ [ -111.713590437604566, 40.319015530834726 ], [ -111.713692319286181, 40.319013948745074 ], [ -111.713687623238414, 40.318838146275866 ], [ -111.713585741556784, 40.318839728369653 ], [ -111.713590437604566, 40.319015530834726 ] ] ] } },
{ "type": "Feature", "properties": { "type": "Feature", "properties": { "height": 4.0480198860168457, "confidence": 0.98070001602172807 }, "id": 1726 }, "geometry": { "type": "Polygon", "coordinates": [ [ [ -111.717070503997704, 40.323621147414372 ], [ -111.716847950705471, 40.323624151877645 ], [ -111.7168505932747, 40.323737482564589 ], [ -111.716963210463206, 40.323735956229022 ], [ -111.716962665383946, 40.323712579672105 ], [ -111.717001719172657, 40.323712052447739 ], [ -111.71700368643954, 40.323796755128441 ], [ -111.717074576299609, 40.323795794337101 ], [ -111.717070503997704, 40.323621147414372 ] ] ] } },
{ "type": "Feature", "properties": { "type": "Feature", "properties": { "height": 4.5637869834899902, "confidence": 0.99550002813339211 }, "id": 1727 }, "geometry": { "type": "Polygon", "coordinates": [ [ [ -111.717902198446382, 40.321887077013955 ], [ -111.717674352556188, 40.321837022211781 ], [ -111.717642953580963, 40.321920103087713 ], [ -111.717870799471157, 40.321970157828275 ], [ -111.717902198446382, 40.321887077013955 ] ] ] } },
{ "type": "Feature", "properties": { "type": "Feature", "properties": { "height": 5.2471423149108887, "confidence": 0.98989999294281006 }, "id": 1728 }, "geometry": { "type": "Polygon", "coordinates": [ [ [ -111.718741950919778, 40.317941784202745 ], [ -111.718623948520602, 40.317942791736755 ], [ -111.718626452955448, 40.318113313957909 ], [ -111.718744455262154, 40.318112300130167 ], [ -111.718741950919778, 40.317941784202745 ] ] ] } },
{ "type": "Feature", "properties": { "type": "Feature", "properties": { "height": 4.9988112449645996, "confidence": 0.99739998579025213 }, "id": 1729 }, "geometry": { "type": "Polygon", "coordinates": [ [ [ -111.708554282479284, 40.317911147056421 ], [ -111.708556160849867, 40.31798269662125 ], [ -111.708624598595492, 40.317981652116622 ], [ -111.708626537386465, 40.318055245773728 ], [ -111.708788670477446, 40.318052771282751 ], [ -111.708785899174671, 40.317947208858833 ], [ -111.708650567897919, 40.317949281522992 ], [ -111.708649524969857, 40.317909693453181 ], [ -111.708554282479284, 40.317911147056421 ] ] ] } },
{ "type": "Feature", "properties": { "type": "Feature", "properties": { "height": 1.9810298681259151, "confidence": 0.99459999799728305 }, "id": 1730 }, "geometry": { "type": "Polygon", "coordinates": [ [ [ -111.708900061717159, 40.319525625838722 ], [ -111.708956333644679, 40.319526959094489 ], [ -111.708959284448767, 40.319454721681332 ], [ -111.708903012643788, 40.319453385424239 ], [ -111.708900061717159, 40.319525625838722 ] ] ] } },
{ "type": "Feature", "properties": { "type": "Feature", "properties": { "height": 5.276125431060791, "confidence": 0.99919998645782404 }, "id": 1731 }, "geometry": { "type": "Polygon", "coordinates": [ [ [ -111.709549694055383, 40.322293614554319 ], [ -111.709758866996779, 40.322291426880895 ], [ -111.709757138003141, 40.322195331739536 ], [ -111.709547965061773, 40.322197519416051 ], [ -111.709549694055383, 40.322293614554319 ] ] ] } },
{ "type": "Feature", "properties": { "type": "Feature", "properties": { "height": 3.0085666179656978, "confidence": 0.99739998579025213 }, "id": 1732 }, "geometry": { "type": "Polygon", "coordinates": [ [ [ -111.70970958627079, 40.324030846630009 ], [ -111.709708989455279, 40.324066372237958 ], [ -111.709687535321805, 40.324066161599198 ], [ -111.709686792547402, 40.324110375423174 ], [ -111.709928151765325, 40.324112732231114 ], [ -111.709929319596171, 40.324043216808711 ], [ -111.709859593599887, 40.324042535952401 ], [ -111.709859112728367, 40.324071159958812 ], [ -111.709829613268397, 40.324070871904333 ], [ -111.709830265879759, 40.324032025035372 ], [ -111.70970958627079, 40.324030846630009 ] ] ] } },
{ "type": "Feature", "properties": { "type": "Feature", "properties": { "height": 5.4488124847412109, "confidence": 0.96410000324249212 }, "id": 1733 }, "geometry": { "type": "Polygon", "coordinates": [ [ [ -111.709797882727543, 40.318135294196288 ], [ -111.709684002985171, 40.318136728384445 ], [ -111.709686877411286, 40.318268855790109 ], [ -111.709706893294836, 40.318268602644793 ], [ -111.70970806149073, 40.318322528020794 ], [ -111.709801913201332, 40.31832134606659 ], [ -111.709797882727543, 40.318135294196288 ] ] ] } },
{ "type": "Feature", "properties": { "type": "Feature", "properties": { "height": 4.2546176910400391, "confidence": 0.99150002002716009 }, "id": 1734 }, "geometry": { "type": "Polygon", "coordinates": [ [ [ -111.710186710863027, 40.318131306840961 ], [ -111.710017740994999, 40.318132262631686 ], [ -111.710018556801202, 40.318216106521739 ], [ -111.7100909724589, 40.31821569689766 ], [ -111.710091489799439, 40.318268866140158 ], [ -111.71018804400974, 40.318268319975147 ], [ -111.710186710863027, 40.318131306840961 ] ] ] } },
{ "type": "Feature", "properties": { "type": "Feature", "properties": { "height": 3.8358814716339111, "confidence": 0.99930000305175704 }, "id": 1735 }, "geometry": { "type": "Polygon", "coordinates": [ [ [ -111.714916841494613, 40.318076759820414 ], [ -111.714913613267242, 40.317900916612764 ], [ -111.714794339996345, 40.317902195959732 ], [ -111.714794641797766, 40.317918553470335 ], [ -111.714739604305962, 40.317919143812404 ], [ -111.714742532233089, 40.318078629488625 ], [ -111.714916841494613, 40.318076759820414 ] ] ] } },
{ "type": "Feature", "properties": { "type": "Feature", "properties": { "height": 4.2986264228820801, "confidence": 0.96729999780654907 }, "id": 1736 }, "geometry": { "type": "Polygon", "coordinates": [ [ [ -111.719779417340803, 40.317443570657069 ], [ -111.71978517451636, 40.317531290558939 ], [ -111.719980486673535, 40.317523838318067 ], [ -111.719974729497977, 40.317436118406505 ], [ -111.719779417340803, 40.317443570657069 ] ] ] } },
{ "type": "Feature", "properties": { "type": "Feature", "properties": { "height": 5.0700058937072754, "confidence": 0.90310001373291005 }, "id": 1737 }, "geometry": { "type": "Polygon", "coordinates": [ [ [ -111.720108496670449, 40.320019782999097 ], [ -111.720025368622515, 40.320020776643808 ], [ -111.720024401703057, 40.319973752505618 ], [ -111.719903731956023, 40.31997519489412 ], [ -111.719904656835524, 40.320020174504265 ], [ -111.719856388936719, 40.320020751459268 ], [ -111.719858154615721, 40.320106621540184 ], [ -111.719922511814133, 40.320105852267837 ], [ -111.719922890173919, 40.320124252985472 ], [ -111.719971158072738, 40.320123676031336 ], [ -111.719970863792895, 40.320109364362381 ], [ -111.720110304389422, 40.320107697605678 ], [ -111.720108496670449, 40.320019782999097 ] ] ] } },
{ "type": "Feature", "properties": { "type": "Feature", "properties": { "height": 0.0, "confidence": 0.98329997062683105 }, "id": 1738 }, "geometry": { "type": "Polygon", "coordinates": [ [ [ -111.721124869877968, 40.31573261249811 ], [ -111.721126165034946, 40.315826679398953 ], [ -111.721115437381229, 40.315826765272327 ], [ -111.721116243009547, 40.315885277774782 ], [ -111.721116243009547, 40.315885277774782 ], [ -111.721117070405228, 40.315945371177776 ], [ -111.721334305392944, 40.315943632245052 ], [ -111.721331377211982, 40.315730959433388 ], [ -111.721124869877968, 40.31573261249811 ] ] ] } },
{ "type": "Feature", "properties": { "type": "Feature", "properties": { "height": 2.090377569198608, "confidence": 0.98119997978210405 }, "id": 1739 }, "geometry": { "type": "Polygon", "coordinates": [ [ [ -111.722385090875761, 40.316278438037102 ], [ -111.7225486702891, 40.316276604846827 ], [ -111.722542150334732, 40.315938361826149 ], [ -111.722378571089621, 40.315940203753264 ], [ -111.722385090875761, 40.316278438037102 ] ] ] } },
{ "type": "Feature", "properties": { "type": "Feature", "properties": { "height": 5.4715166091918936, "confidence": 0.9756000041961671 }, "id": 1740 }, "geometry": { "type": "Polygon", "coordinates": [ [ [ -111.723517425161461, 40.323147364945036 ], [ -111.723513804338381, 40.323235210335945 ], [ -111.723746926307996, 40.323240795608562 ], [ -111.72375054713109, 40.323152950224909 ], [ -111.723517425161461, 40.323147364945036 ] ] ] } },
{ "type": "Feature", "properties": { "type": "Feature", "properties": { "height": 4.0255541801452637, "confidence": 0.96340000629425004 }, "id": 1741 }, "geometry": { "type": "Polygon", "coordinates": [ [ [ -111.703743775300765, 40.315360073069272 ], [ -111.703430005270164, 40.315363053623038 ], [ -111.703431716158079, 40.315468360401198 ], [ -111.703568487828448, 40.315467068485319 ], [ -111.70356827181763, 40.315453772823389 ], [ -111.703745270296452, 40.315452091487643 ], [ -111.703743775300765, 40.315360073069272 ] ] ] } },
{ "type": "Feature", "properties": { "type": "Feature", "properties": { "height": 4.2800416946411133, "confidence": 0.99919998645782404 }, "id": 1742 }, "geometry": { "type": "Polygon", "coordinates": [ [ [ -111.70873810781471, 40.314517745571898 ], [ -111.708736127489189, 40.314462566573432 ], [ -111.708690564057349, 40.314463517319346 ], [ -111.708688116932919, 40.314395331561265 ], [ -111.708580908652834, 40.314397562895557 ], [ -111.708587069677364, 40.314569231236476 ], [ -111.708698542689163, 40.314566911145889 ], [ -111.708696813536832, 40.314518607235122 ], [ -111.70873810781471, 40.314517745571898 ] ] ] } },
{ "type": "Feature", "properties": { "type": "Feature", "properties": { "height": 4.3505086898803711, "confidence": 0.98650002479553212 }, "id": 1743 }, "geometry": { "type": "Polygon", "coordinates": [ [ [ -111.712136956263805, 40.323638853458284 ], [ -111.71242639650464, 40.323632521252215 ], [ -111.712412818847824, 40.323271778755156 ], [ -111.712286858490231, 40.323274527736537 ], [ -111.712295514559216, 40.32350450960147 ], [ -111.712132034423192, 40.323508086132122 ], [ -111.712136956263805, 40.323638853458284 ] ] ] } },
{ "type": "Feature", "properties": { "type": "Feature", "properties": { "height": 4.5026845932006845, "confidence": 0.96020001173019409 }, "id": 1744 }, "geometry": { "type": "Polygon", "coordinates": [ [ [ -111.716795139145191, 40.316290769900519 ], [ -111.716797894416075, 40.316189702619027 ], [ -111.716586091420979, 40.316186345639231 ], [ -111.716583335842074, 40.316287424223823 ], [ -111.716795139145191, 40.316290769900519 ] ] ] } },
{ "type": "Feature", "properties": { "type": "Feature", "properties": { "height": 4.6497845649719238, "confidence": 0.9957000017166131 }, "id": 1745 }, "geometry": { "type": "Polygon", "coordinates": [ [ [ -111.71695104953946, 40.318481510862085 ], [ -111.717106610269383, 40.318480689034715 ], [ -111.717105432916668, 40.318349810251206 ], [ -111.71694987218676, 40.318350632080168 ], [ -111.71695104953946, 40.318481510862085 ] ] ] } },
{ "type": "Feature", "properties": { "type": "Feature", "properties": { "height": 5.6247854232788095, "confidence": 0.98919999599456709 }, "id": 1746 }, "geometry": { "type": "Polygon", "coordinates": [ [ [ -111.718863607712521, 40.325877335946302 ], [ -111.718981553323815, 40.325875120698555 ], [ -111.718975436967725, 40.32568584648353 ], [ -111.718857491559675, 40.325688068027027 ], [ -111.718863607712521, 40.325877335946302 ] ] ] } },
{ "type": "Feature", "properties": { "type": "Feature", "properties": { "height": 4.1448674201965332, "confidence": 0.98559999465942305 }, "id": 1747 }, "geometry": { "type": "Polygon", "coordinates": [ [ [ -111.721792148777311, 40.317448012627999 ], [ -111.721785227751695, 40.31735628632407 ], [ -111.72163551954992, 40.317362853370064 ], [ -111.721636596153928, 40.317377121913012 ], [ -111.721591149021222, 40.317379115480001 ], [ -111.721596839642274, 40.31745453486905 ], [ -111.721655653578708, 40.317451954961697 ], [ -111.721657960587223, 40.317482530366874 ], [ -111.72175152821336, 40.317478425970485 ], [ -111.721749375005388, 40.317449888924358 ], [ -111.721792148777311, 40.317448012627999 ] ] ] } },
{ "type": "Feature", "properties": { "type": "Feature", "properties": { "height": 4.1684284210205078, "confidence": 0.95939999818801802 }, "id": 1748 }, "geometry": { "type": "Polygon", "coordinates": [ [ [ -111.722128702954194, 40.318630171333815 ], [ -111.722166262234353, 40.318708481486361 ], [ -111.722347363432434, 40.318657986094138 ], [ -111.722309793723056, 40.31857966912731 ], [ -111.722128702954194, 40.318630171333815 ] ] ] } },
{ "type": "Feature", "properties": { "type": "Feature", "properties": { "height": 5.0007452964782706, "confidence": 0.97619998455047607 }, "id": 1749 }, "geometry": { "type": "Polygon", "coordinates": [ [ [ -111.722810874823665, 40.325560178161147 ], [ -111.722692936929377, 40.325562506547143 ], [ -111.722699310260921, 40.32574963281688 ], [ -111.722817247941038, 40.325747298148677 ], [ -111.722810874823665, 40.325560178161147 ] ] ] } },
{ "type": "Feature", "properties": { "type": "Feature", "properties": { "height": 3.9767000675201412, "confidence": 0.99919998645782404 }, "id": 1750 }, "geometry": { "type": "Polygon", "coordinates": [ [ [ -111.723288955691345, 40.319553651192841 ], [ -111.723132307176002, 40.319551569751532 ], [ -111.723133081050349, 40.319517712426475 ], [ -111.723083265596998, 40.319517047853232 ], [ -111.72308042421362, 40.319640862231601 ], [ -111.723286891350256, 40.319643605625977 ], [ -111.723288955691345, 40.319553651192841 ] ] ] } },
{ "type": "Feature", "properties": { "type": "Feature", "properties": { "height": 0.0, "confidence": 0.94730001688003507 }, "id": 1751 }, "geometry": { "type": "Polygon", "coordinates": [ [ [ -111.723303511495601, 40.314908442109861 ], [ -111.723405352395815, 40.314906224675312 ], [ -111.723403133048095, 40.314846962622873 ], [ -111.72330129214788, 40.314849180059376 ], [ -111.723303511495601, 40.314908442109861 ] ] ] } },
{ "type": "Feature", "properties": { "type": "Feature", "properties": { "height": 1.8436352014541622, "confidence": 0.99529999494552612 }, "id": 1752 }, "geometry": { "type": "Polygon", "coordinates": [ [ [ -111.725759938172502, 40.32298089017339 ], [ -111.726124674559728, 40.322977834582268 ], [ -111.726124026237272, 40.322932851319237 ], [ -111.725759289850032, 40.322935906912399 ], [ -111.725759938172502, 40.32298089017339 ] ] ] } },
{ "type": "Feature", "properties": { "type": "Feature", "properties": { "height": 2.6010291576385498, "confidence": 0.96670001745223999 }, "id": 1753 }, "geometry": { "type": "Polygon", "coordinates": [ [ [ -111.708744441992351, 40.32393414270625 ], [ -111.708698814416934, 40.323749784984614 ], [ -111.708640702765308, 40.323758141659361 ], [ -111.708661709851725, 40.323843052110249 ], [ -111.708604728503701, 40.323851246231783 ], [ -111.708626224127002, 40.323938131223208 ], [ -111.708701335903953, 40.323927329894879 ], [ -111.708704444936785, 40.323939896552375 ], [ -111.708744441992351, 40.32393414270625 ] ] ] } },
{ "type": "Feature", "properties": { "type": "Feature", "properties": { "height": 4.3083853721618652, "confidence": 0.97769999504089311 }, "id": 1754 }, "geometry": { "type": "Polygon", "coordinates": [ [ [ -111.71129994808102, 40.323147967686211 ], [ -111.711458160046206, 40.323146085079493 ], [ -111.71145666011499, 40.323072485231926 ], [ -111.711422907960312, 40.323072886858348 ], [ -111.711420982750369, 40.32297884259517 ], [ -111.711276178736981, 40.322980565661346 ], [ -111.711278396913627, 40.323088920993783 ], [ -111.711298739803084, 40.323088678928059 ], [ -111.71129994808102, 40.323147967686211 ] ] ] } },
{ "type": "Feature", "properties": { "type": "Feature", "properties": { "height": 5.3454422950744629, "confidence": 0.99290001392364513 }, "id": 1755 }, "geometry": { "type": "Polygon", "coordinates": [ [ [ -111.719173715395229, 40.31749413527649 ], [ -111.719075879085977, 40.31749638029688 ], [ -111.719076764158544, 40.317518856149782 ], [ -111.718926696057338, 40.317522299716103 ], [ -111.718929883620419, 40.317603245776667 ], [ -111.719017010786061, 40.317601251148439 ], [ -111.719018170636801, 40.317630636272554 ], [ -111.719103923657045, 40.317628668527675 ], [ -111.71910268333805, 40.317597244718122 ], [ -111.719177717388661, 40.317595526941027 ], [ -111.719173715395229, 40.31749413527649 ] ] ] } },
{ "type": "Feature", "properties": { "type": "Feature", "properties": { "height": 4.3807263374328613, "confidence": 0.96740001440048207 }, "id": 1756 }, "geometry": { "type": "Polygon", "coordinates": [ [ [ -111.722321721837616, 40.318542694217108 ], [ -111.722431512114539, 40.31854608646411 ], [ -111.722439325147235, 40.318399082363833 ], [ -111.722329534870326, 40.31839569010944 ], [ -111.722321721837616, 40.318542694217108 ] ] ] } },
{ "type": "Feature", "properties": { "type": "Feature", "properties": { "height": 4.5941238403320312, "confidence": 0.92830002307891812 }, "id": 1757 }, "geometry": { "type": "Polygon", "coordinates": [ [ [ -111.710002701430696, 40.319501218385106 ], [ -111.709998275969937, 40.319399077744961 ], [ -111.709788151789482, 40.319404381417293 ], [ -111.709793030098581, 40.319516735844068 ], [ -111.709868049735391, 40.319514842302361 ], [ -111.709866275804785, 40.319473986167665 ], [ -111.709903785623197, 40.319473039396215 ], [ -111.709905116071127, 40.319503681499995 ], [ -111.710002701430696, 40.319501218385106 ] ] ] } },
{ "type": "Feature", "properties": { "type": "Feature", "properties": { "height": 3.4427282810211182, "confidence": 0.99459999799728305 }, "id": 1758 }, "geometry": { "type": "Polygon", "coordinates": [ [ [ -111.712030597849051, 40.3235911018321 ], [ -111.711958239986686, 40.323592715724466 ], [ -111.711953893938386, 40.323479184769234 ], [ -111.711841337033874, 40.323481689271716 ], [ -111.71184868920011, 40.323673748328197 ], [ -111.712033604114652, 40.323669633800058 ], [ -111.712030597849051, 40.3235911018321 ] ] ] } },
{ "type": "Feature", "properties": { "type": "Feature", "properties": { "height": 5.3717288970947275, "confidence": 0.97579997777938809 }, "id": 1759 }, "geometry": { "type": "Polygon", "coordinates": [ [ [ -111.716597602733401, 40.322601730463553 ], [ -111.716594227207537, 40.322511826212406 ], [ -111.716344986001062, 40.322517265758215 ], [ -111.716348361526926, 40.322607170002108 ], [ -111.716597602733401, 40.322601730463553 ] ] ] } },
{ "type": "Feature", "properties": { "type": "Feature", "properties": { "height": 3.8057241439819331, "confidence": 0.99099999666213912 }, "id": 1760 }, "geometry": { "type": "Polygon", "coordinates": [ [ [ -111.718916178492663, 40.320622873072764 ], [ -111.718800872609549, 40.320624269791551 ], [ -111.718804919868873, 40.320818496557379 ], [ -111.719030168570796, 40.320815768091293 ], [ -111.719028421858866, 40.320731943973307 ], [ -111.71891847904007, 40.320733275726269 ], [ -111.718916178492663, 40.320622873072764 ] ] ] } },
{ "type": "Feature", "properties": { "type": "Feature", "properties": { "height": 3.7872896194458012, "confidence": 0.99510002136230413 }, "id": 1761 }, "geometry": { "type": "Polygon", "coordinates": [ [ [ -111.724437498366242, 40.319357464977877 ], [ -111.724435531180148, 40.319274722480316 ], [ -111.724258563759719, 40.319277177794021 ], [ -111.724260530721395, 40.319359910848171 ], [ -111.724437498366242, 40.319357464977877 ] ] ] } },
{ "type": "Feature", "properties": { "type": "Feature", "properties": { "height": 4.7975220680236816, "confidence": 0.99919998645782404 }, "id": 1762 }, "geometry": { "type": "Polygon", "coordinates": [ [ [ -111.724532616609409, 40.319944724536171 ], [ -111.724422679966935, 40.319946197025658 ], [ -111.72442564754013, 40.320074994158958 ], [ -111.724535584182632, 40.320073521672292 ], [ -111.724532616609409, 40.319944724536171 ] ] ] } },
{ "type": "Feature", "properties": { "type": "Feature", "properties": { "height": 4.7505087852478027, "confidence": 0.99559998512268011 }, "id": 1763 }, "geometry": { "type": "Polygon", "coordinates": [ [ [ -111.725201212964123, 40.319231433047165 ], [ -111.725206241012188, 40.319695626925252 ], [ -111.725640729237981, 40.319692891041448 ], [ -111.725638624988804, 40.319498625261481 ], [ -111.725488431528021, 40.31949957100182 ], [ -111.725489029577787, 40.319554783437489 ], [ -111.725341518143125, 40.319555712288832 ], [ -111.725337996294471, 40.319230571744498 ], [ -111.725201212964123, 40.319231433047165 ] ] ] } },
{ "type": "Feature", "properties": { "type": "Feature", "properties": { "height": 1.664954662322998, "confidence": 0.99279999732971103 }, "id": 1764 }, "geometry": { "type": "Polygon", "coordinates": [ [ [ -111.706135055222276, 40.312425857113894 ], [ -111.705976170223323, 40.312419938463144 ], [ -111.705977345020045, 40.3124015748853 ], [ -111.70580175381707, 40.312395033906661 ], [ -111.705793649189474, 40.312521538033444 ], [ -111.706277973164646, 40.312539579635327 ], [ -111.706280718280439, 40.312496731501319 ], [ -111.70613087218868, 40.312491149566235 ], [ -111.706135055222276, 40.312425857113894 ] ] ] } },
{ "type": "Feature", "properties": { "type": "Feature", "properties": { "height": 2.20599365234375, "confidence": 0.66229999065399103 }, "id": 1765 }, "geometry": { "type": "Polygon", "coordinates": [ [ [ -111.70917258975166, 40.324473158092346 ], [ -111.708913730702349, 40.324469718796024 ], [ -111.70891163632939, 40.324561711171761 ], [ -111.708981352675409, 40.324562637447478 ], [ -111.708981927771575, 40.324537377173527 ], [ -111.709109392428971, 40.324539063912688 ], [ -111.709110029819186, 40.324511179886258 ], [ -111.709171701896281, 40.324511999283608 ], [ -111.70917258975166, 40.324473158092346 ] ] ] } },
{ "type": "Feature", "properties": { "type": "Feature", "properties": { "height": 4.2919988632202148, "confidence": 0.98570001125335605 }, "id": 1766 }, "geometry": { "type": "Polygon", "coordinates": [ [ [ -111.716997191789289, 40.325981077599849 ], [ -111.716994158603342, 40.325872749878648 ], [ -111.716894962071336, 40.325874364215672 ], [ -111.716895534370565, 40.32589480342115 ], [ -111.716790975863873, 40.325896505019067 ], [ -111.716793436750564, 40.32598439352995 ], [ -111.716997191789289, 40.325981077599849 ] ] ] } },
{ "type": "Feature", "properties": { "type": "Feature", "properties": { "height": 5.4169273376464844, "confidence": 0.98089998960494995 }, "id": 1767 }, "geometry": { "type": "Polygon", "coordinates": [ [ [ -111.717266856071589, 40.323990519103958 ], [ -111.717373335134667, 40.324154925817076 ], [ -111.717442341415747, 40.324128948478389 ], [ -111.717427434346902, 40.32410593155381 ], [ -111.717587011371933, 40.32404585889936 ], [ -111.717510346446502, 40.323927485915014 ], [ -111.717383116115755, 40.323975381768363 ], [ -111.717368209046924, 40.32395236479141 ], [ -111.717266856071589, 40.323990519103958 ] ] ] } },
{ "type": "Feature", "properties": { "type": "Feature", "properties": { "height": 4.8557257652282715, "confidence": 0.94090002775192205 }, "id": 1768 }, "geometry": { "type": "Polygon", "coordinates": [ [ [ -111.71998654225041, 40.319826631271333 ], [ -111.720102977811507, 40.31982702892261 ], [ -111.720103818800823, 40.319683879163897 ], [ -111.719896176794137, 40.319683170022429 ], [ -111.719895620952585, 40.319779284925048 ], [ -111.719986814257993, 40.319779596369081 ], [ -111.71998654225041, 40.319826631271333 ] ] ] } },
{ "type": "Feature", "properties": { "type": "Feature", "properties": { "height": 1.884904026985168, "confidence": 0.98079997301101607 }, "id": 1769 }, "geometry": { "type": "Polygon", "coordinates": [ [ [ -111.720422472072627, 40.312415976351211 ], [ -111.720049731790937, 40.312411639772058 ], [ -111.720046254063789, 40.312585446188798 ], [ -111.720225920242726, 40.312587536477011 ], [ -111.72022448823742, 40.312659103692845 ], [ -111.720334433212614, 40.312660382823047 ], [ -111.720335987961221, 40.31258268127236 ], [ -111.72038961965643, 40.312583305239023 ], [ -111.720391460806098, 40.312491290130019 ], [ -111.720420958238478, 40.312491633312142 ], [ -111.720422472072627, 40.312415976351211 ] ] ] } },
{ "type": "Feature", "properties": { "type": "Feature", "properties": { "height": 4.783775806427002, "confidence": 0.96350002288818304 }, "id": 1770 }, "geometry": { "type": "Polygon", "coordinates": [ [ [ -111.720667246579637, 40.322804559702206 ], [ -111.720670146127517, 40.322890390409803 ], [ -111.720881900169402, 40.322886232293733 ], [ -111.720879000621522, 40.322800401580864 ], [ -111.720667246579637, 40.322804559702206 ] ] ] } },
{ "type": "Feature", "properties": { "type": "Feature", "properties": { "height": 4.1530652046203613, "confidence": 0.97729998826980513 }, "id": 1771 }, "geometry": { "type": "Polygon", "coordinates": [ [ [ -111.722475832726957, 40.318885805272487 ], [ -111.722438302555432, 40.318885132353692 ], [ -111.722439059042657, 40.318860605145751 ], [ -111.722326468528095, 40.318858586388593 ], [ -111.722323505619812, 40.318954651238343 ], [ -111.722473626305899, 40.318957342910707 ], [ -111.722475832726957, 40.318885805272487 ] ] ] } },
{ "type": "Feature", "properties": { "type": "Feature", "properties": { "height": 4.2485895156860352, "confidence": 0.98089998960494995 }, "id": 1772 }, "geometry": { "type": "Polygon", "coordinates": [ [ [ -111.722600421571215, 40.317444333427702 ], [ -111.722714333878343, 40.317442303085599 ], [ -111.722712361327666, 40.317377770489394 ], [ -111.72274856483034, 40.317377127139324 ], [ -111.722746496856502, 40.317309675236743 ], [ -111.72259637494011, 40.317312342963177 ], [ -111.722600421571215, 40.317444333427702 ] ] ] } },
{ "type": "Feature", "properties": { "type": "Feature", "properties": { "height": 4.6709065437316895, "confidence": 0.96829998493194502 }, "id": 1773 }, "geometry": { "type": "Polygon", "coordinates": [ [ [ -111.709808795101793, 40.318394353230296 ], [ -111.709693474575332, 40.318395337859201 ], [ -111.709695426666343, 40.318528251181895 ], [ -111.709714199775291, 40.318528090893786 ], [ -111.70971495057951, 40.318579211332953 ], [ -111.709811497997009, 40.318578386994716 ], [ -111.709808795101793, 40.318394353230296 ] ] ] } },
{ "type": "Feature", "properties": { "type": "Feature", "properties": { "height": 4.6689000129699707, "confidence": 0.98449999094009411 }, "id": 1774 }, "geometry": { "type": "Polygon", "coordinates": [ [ [ -111.712850538462817, 40.325662491222729 ], [ -111.712775463479986, 40.325577332193468 ], [ -111.712537122372453, 40.325699457388254 ], [ -111.712612189632168, 40.325784607502939 ], [ -111.712850538462817, 40.325662491222729 ] ] ] } },
{ "type": "Feature", "properties": { "type": "Feature", "properties": { "height": 4.158210277557373, "confidence": 0.9868000149726861 }, "id": 1775 }, "geometry": { "type": "Polygon", "coordinates": [ [ [ -111.713831834070703, 40.321306324920165 ], [ -111.713833238419056, 40.321394246494712 ], [ -111.713962924447372, 40.321393049296681 ], [ -111.713963476464485, 40.32142780898743 ], [ -111.714016156949583, 40.321427322667176 ], [ -111.71401561846541, 40.321393609993954 ], [ -111.714078259102905, 40.321393028383625 ], [ -111.714076456591101, 40.321279526789127 ], [ -111.713992350973996, 40.321280303212376 ], [ -111.713992742885182, 40.321304839486707 ], [ -111.713831834070703, 40.321306324920165 ] ] ] } },
{ "type": "Feature", "properties": { "type": "Feature", "properties": { "height": 3.4177391529083252, "confidence": 0.97930002212524403 }, "id": 1776 }, "geometry": { "type": "Polygon", "coordinates": [ [ [ -111.714776953280193, 40.319324618736765 ], [ -111.714773275885364, 40.319417567920972 ], [ -111.714860167783769, 40.319419566383267 ], [ -111.714858181912376, 40.319469644673106 ], [ -111.714938574690549, 40.319471497948015 ], [ -111.71494424629752, 40.319328475309753 ], [ -111.714776953280193, 40.319324618736765 ] ] ] } },
{ "type": "Feature", "properties": { "type": "Feature", "properties": { "height": 6.4192380905151367, "confidence": 0.99110001325607311 }, "id": 1777 }, "geometry": { "type": "Polygon", "coordinates": [ [ [ -111.718498657876268, 40.313955531275234 ], [ -111.718305539040017, 40.313955376682024 ], [ -111.718305423589527, 40.314039230281281 ], [ -111.718294694765305, 40.314039221692781 ], [ -111.718294556787868, 40.314139436833372 ], [ -111.718318696642385, 40.31413945615747 ], [ -111.718318643140947, 40.31417831504951 ], [ -111.718283774462208, 40.31417828713694 ], [ -111.718283704065556, 40.314229417223999 ], [ -111.71849828055025, 40.314229588993534 ], [ -111.718498657876268, 40.313955531275234 ] ] ] } },
{ "type": "Feature", "properties": { "type": "Feature", "properties": { "height": 0.0099611273035400006, "confidence": 0.98739999532699507 }, "id": 1778 }, "geometry": { "type": "Polygon", "coordinates": [ [ [ -111.720513059968155, 40.315958044443938 ], [ -111.720513596828667, 40.316011215239264 ], [ -111.720537735279109, 40.316011073541368 ], [ -111.720538106951764, 40.31604788406753 ], [ -111.720513968501351, 40.316048025765333 ], [ -111.72051458795579, 40.316109376597552 ], [ -111.720517270005828, 40.31610936085336 ], [ -111.720517889460282, 40.31617071162983 ], [ -111.720732453464052, 40.316169452095984 ], [ -111.720730306021963, 40.315956769161893 ], [ -111.720513059968155, 40.315958044443938 ] ] ] } },
{ "type": "Feature", "properties": { "type": "Feature", "properties": { "height": 5.258662223815918, "confidence": 0.97670000791549605 }, "id": 1779 }, "geometry": { "type": "Polygon", "coordinates": [ [ [ -111.720825984955283, 40.324641859762046 ], [ -111.720767833817774, 40.324636476277007 ], [ -111.72076751284844, 40.324638491452163 ], [ -111.720603632370015, 40.324623319810684 ], [ -111.720590472626427, 40.324705941959223 ], [ -111.720704131667901, 40.324716464214198 ], [ -111.72069482355657, 40.324774904200325 ], [ -111.720803196130987, 40.324784937037862 ], [ -111.720825984955283, 40.324641859762046 ] ] ] } },
{ "type": "Feature", "properties": { "type": "Feature", "properties": { "height": 4.0796575546264648, "confidence": 0.99959999322891213 }, "id": 1780 }, "geometry": { "type": "Polygon", "coordinates": [ [ [ -111.723848543619354, 40.321035253990296 ], [ -111.723850982275508, 40.321119057638377 ], [ -111.724003792970052, 40.321116472751854 ], [ -111.72400135431387, 40.321032669100553 ], [ -111.723848543619354, 40.321035253990296 ] ] ] } },
{ "type": "Feature", "properties": { "type": "Feature", "properties": { "height": 4.8744268417358398, "confidence": 0.94550001621246305 }, "id": 1781 }, "geometry": { "type": "Polygon", "coordinates": [ [ [ -111.708189679708752, 40.318286890434607 ], [ -111.708067451459542, 40.318413164500633 ], [ -111.708165484845068, 40.318468329837764 ], [ -111.708287717319294, 40.318342063484074 ], [ -111.708189679708752, 40.318286890434607 ] ] ] } },
{ "type": "Feature", "properties": { "type": "Feature", "properties": { "height": 5.7662763595581055, "confidence": 0.98659998178482011 }, "id": 1782 }, "geometry": { "type": "Polygon", "coordinates": [ [ [ -111.708686171869445, 40.323082077323029 ], [ -111.708396531455463, 40.323084611977926 ], [ -111.708397301024931, 40.323135728642463 ], [ -111.70842523355897, 40.323135484203938 ], [ -111.708426472377099, 40.323217270721322 ], [ -111.708586262234007, 40.323215872396631 ], [ -111.708586600844541, 40.323238363690088 ], [ -111.708688511360577, 40.323237471869106 ], [ -111.708686171869445, 40.323082077323029 ] ] ] } },
{ "type": "Feature", "properties": { "type": "Feature", "properties": { "height": 3.733905553817749, "confidence": 0.98919999599456709 }, "id": 1783 }, "geometry": { "type": "Polygon", "coordinates": [ [ [ -111.709736865101917, 40.324745404128336 ], [ -111.709624281237879, 40.324747524714802 ], [ -111.70962806682752, 40.324864011833057 ], [ -111.709557099906107, 40.324865348536399 ], [ -111.709559525666933, 40.324940203444498 ], [ -111.709743083001939, 40.324936736244474 ], [ -111.709736865101917, 40.324745404128336 ] ] ] } },
{ "type": "Feature", "properties": { "type": "Feature", "properties": { "height": 4.8367147445678711, "confidence": 0.98790001869201605 }, "id": 1784 }, "geometry": { "type": "Polygon", "coordinates": [ [ [ -111.709901279996046, 40.315305225413539 ], [ -111.709902609681606, 40.315399292278585 ], [ -111.710143980270573, 40.315397295723457 ], [ -111.710142650584999, 40.315303228855619 ], [ -111.709901279996046, 40.315305225413539 ] ] ] } },
{ "type": "Feature", "properties": { "type": "Feature", "properties": { "height": 2.8641703128814693, "confidence": 0.99409997463226307 }, "id": 1785 }, "geometry": { "type": "Polygon", "coordinates": [ [ [ -111.709940284932813, 40.314599329996732 ], [ -111.709857189792956, 40.314600935290748 ], [ -111.709860177952194, 40.314690866026595 ], [ -111.709943273092023, 40.31468926073471 ], [ -111.709940284932813, 40.314599329996732 ] ] ] } },
{ "type": "Feature", "properties": { "type": "Feature", "properties": { "height": 3.9357972145080562, "confidence": 0.99099999666213912 }, "id": 1786 }, "geometry": { "type": "Polygon", "coordinates": [ [ [ -111.711259523238013, 40.324603825819629 ], [ -111.711262669223345, 40.324686402469268 ], [ -111.711483679960992, 40.324681508435063 ], [ -111.711479043432945, 40.324560100134953 ], [ -111.71135308638344, 40.324562896038117 ], [ -111.711354568901911, 40.32460171606624 ], [ -111.711259523238013, 40.324603825819629 ] ] ] } },
{ "type": "Feature", "properties": { "type": "Feature", "properties": { "height": 3.6812114715576172, "confidence": 0.94150000810623102 }, "id": 1787 }, "geometry": { "type": "Polygon", "coordinates": [ [ [ -111.711971562267991, 40.31666495477198 ], [ -111.712201556533415, 40.316727108562311 ], [ -111.712239934185419, 40.316644545733261 ], [ -111.712009928119187, 40.316582400952157 ], [ -111.711971562267991, 40.31666495477198 ] ] ] } },
{ "type": "Feature", "properties": { "type": "Feature", "properties": { "height": 4.6195049285888672, "confidence": 0.99320000410079912 }, "id": 1788 }, "geometry": { "type": "Polygon", "coordinates": [ [ [ -111.712986057231305, 40.324722542005226 ], [ -111.713110522248826, 40.324843014573652 ], [ -111.713089002914316, 40.324855935737055 ], [ -111.713122296685839, 40.324888161505704 ], [ -111.713243131914737, 40.324815600226955 ], [ -111.71308537385778, 40.324662902457412 ], [ -111.712986057231305, 40.324722542005226 ] ] ] } },
{ "type": "Feature", "properties": { "type": "Feature", "properties": { "height": 4.3287711143493652, "confidence": 1.0 }, "id": 1789 }, "geometry": { "type": "Polygon", "coordinates": [ [ [ -111.715477437796253, 40.318684928333795 ], [ -111.715473964566087, 40.31851824382246 ], [ -111.715358658811141, 40.318519646736355 ], [ -111.715362131913125, 40.318686325092671 ], [ -111.715477437796253, 40.318684928333795 ] ] ] } },
{ "type": "Feature", "properties": { "type": "Feature", "properties": { "height": 2.4909398555755611, "confidence": 0.99540001153945912 }, "id": 1790 }, "geometry": { "type": "Polygon", "coordinates": [ [ [ -111.718681326024239, 40.315791798045154 ], [ -111.718859264445413, 40.315937148611056 ], [ -111.718907214189869, 40.315903018404647 ], [ -111.718729268639592, 40.315757672839716 ], [ -111.718681326024239, 40.315791798045154 ] ] ] } },
{ "type": "Feature", "properties": { "type": "Feature", "properties": { "height": 4.4848685264587402, "confidence": 0.99870002269744806 }, "id": 1791 }, "geometry": { "type": "Polygon", "coordinates": [ [ [ -111.720755869559895, 40.322107409269215 ], [ -111.72055204869153, 40.322109192939557 ], [ -111.720553275992842, 40.322190220351835 ], [ -111.720757096696488, 40.32218842580906 ], [ -111.720755869559895, 40.322107409269215 ] ] ] } },
{ "type": "Feature", "properties": { "type": "Feature", "properties": { "height": 0.0, "confidence": 0.99239999055862405 }, "id": 1792 }, "geometry": { "type": "Polygon", "coordinates": [ [ [ -111.721331005717047, 40.315506114993681 ], [ -111.721116435976967, 40.315507042502531 ], [ -111.721116836192792, 40.31556021507452 ], [ -111.721139787661372, 40.315560115863548 ], [ -111.721140070673158, 40.315598180919125 ], [ -111.721118613699161, 40.315598274814946 ], [ -111.721119069855064, 40.315659627696022 ], [ -111.721117584494934, 40.31565963419596 ], [ -111.72111802144731, 40.315717687445904 ], [ -111.721332591187405, 40.315716759939967 ], [ -111.721331005717047, 40.315506114993681 ] ] ] } },
{ "type": "Feature", "properties": { "type": "Feature", "properties": { "height": 5.3502039909362793, "confidence": 0.99180001020431507 }, "id": 1793 }, "geometry": { "type": "Polygon", "coordinates": [ [ [ -111.70847158138028, 40.320054416816248 ], [ -111.7084766963021, 40.320191322773361 ], [ -111.708589257970303, 40.32018888411482 ], [ -111.708586891364675, 40.320125539599729 ], [ -111.708651212317932, 40.320124146079237 ], [ -111.708648464001726, 40.320050584630756 ], [ -111.70847158138028, 40.320054416816248 ] ] ] } },
{ "type": "Feature", "properties": { "type": "Feature", "properties": { "height": 2.5079505443572998, "confidence": 0.94609999656677213 }, "id": 1794 }, "geometry": { "type": "Polygon", "coordinates": [ [ [ -111.708931161459503, 40.3249580562698 ], [ -111.708886950225789, 40.324825532193707 ], [ -111.708842930205321, 40.324834067905712 ], [ -111.708887130012045, 40.324966594180793 ], [ -111.708931161459503, 40.3249580562698 ] ] ] } },
{ "type": "Feature", "properties": { "type": "Feature", "properties": { "height": 5.7544398307800293, "confidence": 0.97990000247955311 }, "id": 1795 }, "geometry": { "type": "Polygon", "coordinates": [ [ [ -111.714410085500347, 40.323298909855431 ], [ -111.714411126217996, 40.323197688408214 ], [ -111.714134875815489, 40.323196022709482 ], [ -111.714134087232651, 40.323272721238673 ], [ -111.714176999940065, 40.323272977698039 ], [ -111.714176747653724, 40.323297515358213 ], [ -111.714410085500347, 40.323298909855431 ] ] ] } },
{ "type": "Feature", "properties": { "type": "Feature", "properties": { "height": 0.0, "confidence": 0.98470002412796009 }, "id": 1796 }, "geometry": { "type": "Polygon", "coordinates": [ [ [ -111.72080456659495, 40.316165271100978 ], [ -111.721284658959618, 40.316162734685882 ], [ -111.721283629583439, 40.316049457484077 ], [ -111.72131168288179, 40.316049307776062 ], [ -111.721311070772629, 40.315982622023533 ], [ -111.720802931216795, 40.315985306624192 ], [ -111.72080456659495, 40.316165271100978 ] ] ] } },
{ "type": "Feature", "properties": { "type": "Feature", "properties": { "height": 5.3720335960388184, "confidence": 0.97140002250671309 }, "id": 1797 }, "geometry": { "type": "Polygon", "coordinates": [ [ [ -111.723335878279499, 40.323741034767863 ], [ -111.723338951714538, 40.323634750666891 ], [ -111.723368441680194, 40.323635246341972 ], [ -111.723370510338398, 40.323563708872612 ], [ -111.723220379604157, 40.323561185433057 ], [ -111.723215237510914, 40.32373900700928 ], [ -111.723335878279499, 40.323741034767863 ] ] ] } },
{ "type": "Feature", "properties": { "type": "Feature", "properties": { "height": 5.2509355545043936, "confidence": 0.97259998321533203 }, "id": 1798 }, "geometry": { "type": "Polygon", "coordinates": [ [ [ -111.725074616764829, 40.321239164443448 ], [ -111.725073662381035, 40.321492740915694 ], [ -111.725409885569363, 40.321493494449953 ], [ -111.725409767303901, 40.321524168951989 ], [ -111.725647534818918, 40.32152470182983 ], [ -111.725647938929669, 40.321417331168298 ], [ -111.725630120506011, 40.321417292184897 ], [ -111.725630392482415, 40.321346749569152 ], [ -111.725629429122179, 40.321346747410082 ], [ -111.725629829347639, 40.321240408775466 ], [ -111.725074616764829, 40.321239164443448 ] ] ] } },
{ "type": "Feature", "properties": { "type": "Feature", "properties": { "height": 5.5830116271972656, "confidence": 0.96840000152587813 }, "id": 1799 }, "geometry": { "type": "Polygon", "coordinates": [ [ [ -111.707108817005448, 40.314385947956872 ], [ -111.707186612004207, 40.314474014395785 ], [ -111.707265953521684, 40.314433268645004 ], [ -111.707286337351348, 40.314456343790248 ], [ -111.707368621846129, 40.314414082273835 ], [ -111.707343767571842, 40.314385943500241 ], [ -111.707385102446395, 40.314364713789438 ], [ -111.707311777095981, 40.314281707004852 ], [ -111.707108817005448, 40.314385947956872 ] ] ] } },
{ "type": "Feature", "properties": { "type": "Feature", "properties": { "height": 5.5542035102844238, "confidence": 0.98339998722076405 }, "id": 1800 }, "geometry": { "type": "Polygon", "coordinates": [ [ [ -111.708386082592085, 40.319712372100319 ], [ -111.708142096614736, 40.319716043667448 ], [ -111.708143928700721, 40.319786818179878 ], [ -111.708216320244503, 40.319785732676451 ], [ -111.708216710602912, 40.319800812431403 ], [ -111.70838830513641, 40.319798230233594 ], [ -111.708386082592085, 40.319712372100319 ] ] ] } },
{ "type": "Feature", "properties": { "type": "Feature", "properties": { "height": 5.0192670822143546, "confidence": 0.99849998950958208 }, "id": 1801 }, "geometry": { "type": "Polygon", "coordinates": [ [ [ -111.710804437862549, 40.315697512254424 ], [ -111.710806804918008, 40.315775186370416 ], [ -111.710970331375933, 40.315772289100472 ], [ -111.710967341411134, 40.315674174408585 ], [ -111.710878876278173, 40.315675741786428 ], [ -111.710879499187499, 40.315696182358508 ], [ -111.710804437862549, 40.315697512254424 ] ] ] } },
{ "type": "Feature", "properties": { "type": "Feature", "properties": { "height": 4.9413132667541504, "confidence": 0.97890001535415605 }, "id": 1802 }, "geometry": { "type": "Polygon", "coordinates": [ [ [ -111.711050872588487, 40.316724606587279 ], [ -111.710976594165516, 40.316534962086159 ], [ -111.710805389518612, 40.316573946949454 ], [ -111.710834077457164, 40.316647174629843 ], [ -111.710889534739096, 40.316634546515914 ], [ -111.710935131394734, 40.316750961843667 ], [ -111.711050872588487, 40.316724606587279 ] ] ] } },
{ "type": "Feature", "properties": { "type": "Feature", "properties": { "height": 4.1784625053405762, "confidence": 0.99699997901916504 }, "id": 1803 }, "geometry": { "type": "Polygon", "coordinates": [ [ [ -111.712969265293822, 40.316099831206401 ], [ -111.712964846861638, 40.315959900240124 ], [ -111.712861525312121, 40.315961802507879 ], [ -111.712865956406631, 40.316101727723947 ], [ -111.712969265293822, 40.316099831206401 ] ] ] } },
{ "type": "Feature", "properties": { "type": "Feature", "properties": { "height": 1.9385113716125482, "confidence": 0.9578999876976011 }, "id": 1804 }, "geometry": { "type": "Polygon", "coordinates": [ [ [ -111.712988113805153, 40.318162043791979 ], [ -111.713030886200499, 40.318163929138123 ], [ -111.713032431640656, 40.318143546397941 ], [ -111.713056491113051, 40.318144606905442 ], [ -111.713057418377147, 40.318132377258564 ], [ -111.71299058650942, 40.318129431403797 ], [ -111.712988113805153, 40.318162043791979 ] ] ] } },
{ "type": "Feature", "properties": { "type": "Feature", "properties": { "height": 6.1058063507080078, "confidence": 0.9934999942779541 }, "id": 1805 }, "geometry": { "type": "Polygon", "coordinates": [ [ [ -111.71574891984163, 40.316968547123672 ], [ -111.71568188980963, 40.316969537965541 ], [ -111.715683501195073, 40.317032912897254 ], [ -111.715750531227101, 40.317031922056302 ], [ -111.71574891984163, 40.316968547123672 ] ] ] } },
{ "type": "Feature", "properties": { "type": "Feature", "properties": { "height": 4.8631706237792969, "confidence": 0.99470001459121704 }, "id": 1806 }, "geometry": { "type": "Polygon", "coordinates": [ [ [ -111.716665118659662, 40.32234905991082 ], [ -111.716821696007642, 40.322350789407849 ], [ -111.716823319861646, 40.322264919013115 ], [ -111.716666750394793, 40.322263189600925 ], [ -111.716665118659662, 40.32234905991082 ] ] ] } },
{ "type": "Feature", "properties": { "type": "Feature", "properties": { "height": 4.1888580322265616, "confidence": 0.99870002269744806 }, "id": 1807 }, "geometry": { "type": "Polygon", "coordinates": [ [ [ -111.719167358209575, 40.325498705336791 ], [ -111.719242434138962, 40.325499770908408 ], [ -111.7192409732897, 40.325559819455165 ], [ -111.719340180896594, 40.325561222238946 ], [ -111.719341591887272, 40.325503223142803 ], [ -111.719376448568795, 40.325503717872444 ], [ -111.719378039923882, 40.325438304796712 ], [ -111.719356589658318, 40.325438000347397 ], [ -111.719358411131338, 40.325363128135514 ], [ -111.719223028802247, 40.325361213839841 ], [ -111.719221231772025, 40.325434803629626 ], [ -111.719168930787433, 40.325434064098538 ], [ -111.719167358209575, 40.325498705336791 ] ] ] } },
{ "type": "Feature", "properties": { "type": "Feature", "properties": { "height": 3.6951489448547359, "confidence": 0.83359998464584306 }, "id": 1808 }, "geometry": { "type": "Polygon", "coordinates": [ [ [ -111.722778314778481, 40.321481260146513 ], [ -111.722779919183182, 40.32141993504478 ], [ -111.722811136544465, 40.321420411463436 ], [ -111.722812394023052, 40.321372514925315 ], [ -111.722590811123041, 40.321369145095673 ], [ -111.722587953944029, 40.321478354988386 ], [ -111.722778314778481, 40.321481260146513 ] ] ] } },
{ "type": "Feature", "properties": { "type": "Feature", "properties": { "height": 3.9046087265014653, "confidence": 0.97399997711181607 }, "id": 1809 }, "geometry": { "type": "Polygon", "coordinates": [ [ [ -111.722817193995255, 40.321041287851834 ], [ -111.722612381030871, 40.321039517329424 ], [ -111.722610617397308, 40.321158111903294 ], [ -111.722686690094648, 40.321158769518803 ], [ -111.722687135941101, 40.321128972767163 ], [ -111.722815865220156, 40.321130092445664 ], [ -111.722817193995255, 40.321041287851834 ] ] ] } },
{ "type": "Feature", "properties": { "type": "Feature", "properties": { "height": 4.9213452339172363, "confidence": 0.99720001220703103 }, "id": 1810 }, "geometry": { "type": "Polygon", "coordinates": [ [ [ -111.704806938325618, 40.315245259604715 ], [ -111.704970172960955, 40.315262307443476 ], [ -111.704995055179396, 40.315123788957244 ], [ -111.704900273778264, 40.315113890192372 ], [ -111.704890537257995, 40.315168093120079 ], [ -111.704822084023832, 40.315160944016952 ], [ -111.704806938325618, 40.315245259604715 ] ] ] } },
{ "type": "Feature", "properties": { "type": "Feature", "properties": { "height": 3.1997358798980708, "confidence": 0.99470001459121704 }, "id": 1811 }, "geometry": { "type": "Polygon", "coordinates": [ [ [ -111.705992047472961, 40.320005726298781 ], [ -111.70648282863057, 40.320001483635814 ], [ -111.706484196966954, 40.320093498100157 ], [ -111.706537834251947, 40.320093034421753 ], [ -111.706537682214588, 40.3200828105985 ], [ -111.706559137128565, 40.320082625127114 ], [ -111.706558876231014, 40.320065080947089 ], [ -111.706633968370397, 40.320064427790484 ], [ -111.706632995331958, 40.319998995319139 ], [ -111.706928000165306, 40.319996429344179 ], [ -111.706926345684792, 40.319885172799985 ], [ -111.705990375061802, 40.319893264012464 ], [ -111.705992047472961, 40.320005726298781 ] ] ] } },
{ "type": "Feature", "properties": { "type": "Feature", "properties": { "height": 3.1174688339233398, "confidence": 0.97250002622604304 }, "id": 1812 }, "geometry": { "type": "Polygon", "coordinates": [ [ [ -111.71198418417606, 40.317508027746769 ], [ -111.712212356871206, 40.317542912839144 ], [ -111.712246493095606, 40.317413154862166 ], [ -111.712018308950135, 40.317378267952115 ], [ -111.71198418417606, 40.317508027746769 ] ] ] } },
{ "type": "Feature", "properties": { "type": "Feature", "properties": { "height": 4.140538215637207, "confidence": 1.0 }, "id": 1813 }, "geometry": { "type": "Polygon", "coordinates": [ [ [ -111.712706742695204, 40.319931536286191 ], [ -111.712822074157046, 40.319931050090624 ], [ -111.712820828454724, 40.319759272413265 ], [ -111.712621242073581, 40.31976011379912 ], [ -111.712621647546158, 40.319815328078164 ], [ -111.712654936983839, 40.319815187741732 ], [ -111.712655263239199, 40.319860177138409 ], [ -111.712706223652575, 40.319859962307582 ], [ -111.712706742695204, 40.319931536286191 ] ] ] } },
{ "type": "Feature", "properties": { "type": "Feature", "properties": { "height": 4.8103351593017578, "confidence": 0.99070000648498513 }, "id": 1814 }, "geometry": { "type": "Polygon", "coordinates": [ [ [ -111.714459951641786, 40.321107306463318 ], [ -111.714665253167354, 40.321128910134391 ], [ -111.714687229192279, 40.321007511472239 ], [ -111.714442448924359, 40.320981740384219 ], [ -111.71442482985438, 40.321079070667203 ], [ -111.714464310916995, 40.321083225221599 ], [ -111.714459951641786, 40.321107306463318 ] ] ] } },
{ "type": "Feature", "properties": { "type": "Feature", "properties": { "height": 5.0957927703857422, "confidence": 0.98360002040863004 }, "id": 1815 }, "geometry": { "type": "Polygon", "coordinates": [ [ [ -111.716556023427245, 40.323354197641898 ], [ -111.71678127798009, 40.323351613441844 ], [ -111.716779462155799, 40.323259612421715 ], [ -111.716554207602954, 40.323262196625272 ], [ -111.716556023427245, 40.323354197641898 ] ] ] } },
{ "type": "Feature", "properties": { "type": "Feature", "properties": { "height": 6.0317497253417969, "confidence": 0.99489998817443803 }, "id": 1816 }, "geometry": { "type": "Polygon", "coordinates": [ [ [ -111.716685354702463, 40.317099340977101 ], [ -111.716682031736511, 40.31701147390396 ], [ -111.71659763237642, 40.317013329533381 ], [ -111.716596364639372, 40.316979725977951 ], [ -111.716503882007061, 40.316981754394234 ], [ -111.716505384847395, 40.317021493076361 ], [ -111.716443745292096, 40.317022848301761 ], [ -111.716446836423202, 40.317104585103941 ], [ -111.716685354702463, 40.317099340977101 ] ] ] } },
{ "type": "Feature", "properties": { "type": "Feature", "properties": { "height": 2.4359860420227051, "confidence": 0.97920000553131104 }, "id": 1817 }, "geometry": { "type": "Polygon", "coordinates": [ [ [ -111.717112155508872, 40.323714686775034 ], [ -111.717111453585289, 40.323749442126214 ], [ -111.717157040330648, 40.323749977272868 ], [ -111.717157742254201, 40.323715221921965 ], [ -111.717112155508872, 40.323714686775034 ] ] ] } },
{ "type": "Feature", "properties": { "type": "Feature", "properties": { "height": 4.9648680686950684, "confidence": 0.98640000820159912 }, "id": 1818 }, "geometry": { "type": "Polygon", "coordinates": [ [ [ -111.717336402164435, 40.324605925339462 ], [ -111.717348776993518, 40.324585812019414 ], [ -111.717518060913392, 40.324646349744292 ], [ -111.717583028766157, 40.324540754810407 ], [ -111.717534661931893, 40.324523458296078 ], [ -111.717541880582189, 40.324511725512444 ], [ -111.717352810230111, 40.324444111811204 ], [ -111.717268248897966, 40.324581553000606 ], [ -111.717336402164435, 40.324605925339462 ] ] ] } },
{ "type": "Feature", "properties": { "type": "Feature", "properties": { "height": 5.0179729461669922, "confidence": 0.97879999876022306 }, "id": 1819 }, "geometry": { "type": "Polygon", "coordinates": [ [ [ -111.719052619519545, 40.318565746219001 ], [ -111.71916104698596, 40.318563507007219 ], [ -111.719154948908582, 40.318391846534873 ], [ -111.71904650569644, 40.318394086077525 ], [ -111.719052619519545, 40.318565746219001 ] ] ] } },
{ "type": "Feature", "properties": { "type": "Feature", "properties": { "height": 5.4207057952880859, "confidence": 0.97399997711181607 }, "id": 1820 }, "geometry": { "type": "Polygon", "coordinates": [ [ [ -111.719378117294553, 40.323841866996773 ], [ -111.719237503627085, 40.323840058759032 ], [ -111.719233433225185, 40.324023279728102 ], [ -111.719374063541736, 40.324025095678955 ], [ -111.719378117294553, 40.323841866996773 ] ] ] } },
{ "type": "Feature", "properties": { "type": "Feature", "properties": { "height": 5.0618171691894531, "confidence": 0.9756000041961671 }, "id": 1821 }, "geometry": { "type": "Polygon", "coordinates": [ [ [ -111.720604530142793, 40.318621021185251 ], [ -111.720492123797925, 40.318625034114135 ], [ -111.720502524778937, 40.318794403546065 ], [ -111.720614931123833, 40.318790390627242 ], [ -111.720604530142793, 40.318621021185251 ] ] ] } },
{ "type": "Feature", "properties": { "type": "Feature", "properties": { "height": 3.1353683471679679, "confidence": 0.95990002155303911 }, "id": 1822 }, "geometry": { "type": "Polygon", "coordinates": [ [ [ -111.725786034467575, 40.322605874733185 ], [ -111.725760162561812, 40.32252585426145 ], [ -111.725663077893657, 40.322544099912136 ], [ -111.725688941295573, 40.322624116779487 ], [ -111.725786034467575, 40.322605874733185 ] ] ] } }
]
}
