{
"type": "FeatureCollection",
"name": "provo_oakhills_wasatch_kmeans_cluster",
"crs": { "type": "name", "properties": { "name": "urn:ogc:def:crs:EPSG::3857" } },
"features": [
{ "type": "Feature", "properties": { "type": "Feature", "properties": { "height": 4.6216645240783691, "confidence": 0.95240002870559604 }, "id": 0, "area": 561.29060072731181, "perimeter": 103.04556925067534, "cluster": 0 }, "geometry": { "type": "Polygon", "coordinates": [ [ [ -12426892.804126525297761, 4904166.663088993169367 ], [ -12426895.581508563831449, 4904150.224300844594836 ], [ -12426875.153673427179456, 4904146.772957479581237 ], [ -12426871.035442966967821, 4904171.158070129342377 ], [ -12426897.452648339793086, 4904175.621335369534791 ], [ -12426898.794684214517474, 4904167.674792219884694 ], [ -12426892.804126525297761, 4904166.663088993169367 ] ] ] } },
{ "type": "Feature", "properties": { "type": "Feature", "properties": { "height": 6.1666383743286133, "confidence": 0.98180001974105813 }, "id": 1, "area": 524.45354353930384, "perimeter": 99.355082365202122, "cluster": 0 }, "geometry": { "type": "Polygon", "coordinates": [ [ [ -12426910.386108215898275, 4904435.582958123646677 ], [ -12426903.151395564898849, 4904414.136988336220384 ], [ -12426898.435237161815166, 4904415.727965623140335 ], [ -12426896.626222103834152, 4904410.366586827673018 ], [ -12426881.078223593533039, 4904415.61164231505245 ], [ -12426888.64250485226512, 4904438.029906284064054 ], [ -12426899.365035105496645, 4904434.411952874623239 ], [ -12426900.846056485548615, 4904438.801256648264825 ], [ -12426910.386108215898275, 4904435.582958123646677 ] ] ] } },
{ "type": "Feature", "properties": { "type": "Feature", "properties": { "height": 5.8692307472229004, "confidence": 0.97109997272491411 }, "id": 2, "area": 521.48620548047745, "perimeter": 115.53042466501392, "cluster": 4 }, "geometry": { "type": "Polygon", "coordinates": [ [ [ -12427333.858133172616363, 4903257.50999328866601 ], [ -12427337.036810044199228, 4903266.200566416606307 ], [ -12427341.25042125582695, 4903264.659389748238027 ], [ -12427343.080568546429276, 4903269.663053063675761 ], [ -12427347.557530459016562, 4903268.025552853010595 ], [ -12427351.699442747980356, 4903279.349632987752557 ], [ -12427360.390015874058008, 4903276.170956118032336 ], [ -12427354.032662129029632, 4903258.78980986494571 ], [ -12427359.036325445398688, 4903256.959662577137351 ], [ -12427353.738530656322837, 4903242.475374032743275 ], [ -12427338.200839309021831, 4903248.158462984487414 ], [ -12427340.705251393839717, 4903255.005581207573414 ], [ -12427333.858133172616363, 4903257.50999328866601 ] ] ] } },
{ "type": "Feature", "properties": { "type": "Feature", "properties": { "height": 3.74870753288269, "confidence": 0.98919999599456709 }, "id": 3, "area": 396.91566663215428, "perimeter": 82.984665258673274, "cluster": 0 }, "geometry": { "type": "Polygon", "coordinates": [ [ [ -12427396.093275811523199, 4902918.282230708748102 ], [ -12427387.931474160403013, 4902904.66047834418714 ], [ -12427365.960905825719237, 4902917.824674556031823 ], [ -12427373.596139630302787, 4902930.567604187875986 ], [ -12427381.806242119520903, 4902925.648323153145611 ], [ -12427382.332764707505703, 4902926.527173006907105 ], [ -12427396.093275811523199, 4902918.282230708748102 ] ] ] } },
{ "type": "Feature", "properties": { "type": "Feature", "properties": { "height": 4.6609339714050293, "confidence": 0.96530002355575506 }, "id": 4, "area": 492.66851063507488, "perimeter": 109.74968880910953, "cluster": 4 }, "geometry": { "type": "Polygon", "coordinates": [ [ [ -12427228.058190846815705, 4904127.783281167969108 ], [ -12427212.568253960460424, 4904128.533493675291538 ], [ -12427213.736854214221239, 4904152.662049216218293 ], [ -12427206.289769172668457, 4904153.022728306241333 ], [ -12427206.66487542539835, 4904160.767696753144264 ], [ -12427214.30085320211947, 4904160.397869160398841 ], [ -12427214.228613385930657, 4904158.90845718793571 ], [ -12427222.976326704025269, 4904158.484785742126405 ], [ -12427222.702210595831275, 4904152.825001110322773 ], [ -12427229.255645431578159, 4904152.507603509351611 ], [ -12427228.058190846815705, 4904127.783281167969108 ] ] ] } },
{ "type": "Feature", "properties": { "type": "Feature", "properties": { "height": 5.449012279510498, "confidence": 0.98159998655319203 }, "id": 5, "area": 333.87248351808603, "perimeter": 90.181342290664645, "cluster": 0 }, "geometry": { "type": "Polygon", "coordinates": [ [ [ -12427347.495046474039555, 4902879.382399210706353 ], [ -12427343.553378377109766, 4902873.003584649413824 ], [ -12427359.110846381634474, 4902863.390140846371651 ], [ -12427353.503004165366292, 4902854.31495117675513 ], [ -12427342.915282884612679, 4902860.857433764263988 ], [ -12427341.446562305092812, 4902858.480598374269903 ], [ -12427331.507068857550621, 4902864.62252080347389 ], [ -12427342.525455286726356, 4902882.453612128272653 ], [ -12427347.495046474039555, 4902879.382399210706353 ] ] ] } },
{ "type": "Feature", "properties": { "type": "Feature", "properties": { "height": 4.8924770355224609, "confidence": 0.94599997997283902 }, "id": 6, "area": 251.08651925678629, "perimeter": 64.448727135178927, "cluster": 2 }, "geometry": { "type": "Polygon", "coordinates": [ [ [ -12427513.69686128385365, 4902575.697723032906651 ], [ -12427497.525140894576907, 4902585.729215043596923 ], [ -12427504.479523943737149, 4902596.941607842221856 ], [ -12427520.651244333013892, 4902586.91011583711952 ], [ -12427513.69686128385365, 4902575.697723032906651 ] ] ] } },
{ "type": "Feature", "properties": { "type": "Feature", "properties": { "height": 5.4316434860229492, "confidence": 0.97689998149871804 }, "id": 7, "area": 812.7434927048771, "perimeter": 132.26889966749212, "cluster": 4 }, "geometry": { "type": "Polygon", "coordinates": [ [ [ -12426911.940114596858621, 4904050.088149379938841 ], [ -12426895.602321442216635, 4904045.517729500308633 ], [ -12426884.215004116296768, 4904086.223756506107748 ], [ -12426899.827910589054227, 4904090.591392789967358 ], [ -12426903.237150160595775, 4904078.407497096806765 ], [ -12426910.607127955183387, 4904080.469213308766484 ], [ -12426914.712759371846914, 4904065.792890645563602 ], [ -12426908.066877409815788, 4904063.933736796490848 ], [ -12426911.940114596858621, 4904050.088149379938841 ] ] ] } },
{ "type": "Feature", "properties": { "type": "Feature", "properties": { "height": 6.9652304649353027, "confidence": 0.98869997262954712 }, "id": 8, "area": 707.84074878562751, "perimeter": 117.62652545910258, "cluster": 4 }, "geometry": { "type": "Polygon", "coordinates": [ [ [ -12427219.914632007479668, 4903580.868490459397435 ], [ -12427227.983982091769576, 4903567.802434930577874 ], [ -12427213.285759216174483, 4903558.726117710582912 ], [ -12427210.556317210197449, 4903563.145685629919171 ], [ -12427195.532597465440631, 4903553.867318955250084 ], [ -12427185.714279105886817, 4903569.767141316086054 ], [ -12427211.977480862289667, 4903585.984962497837842 ], [ -12427216.456334836781025, 4903578.732711188495159 ], [ -12427219.914632007479668, 4903580.868490459397435 ] ] ] } },
{ "type": "Feature", "properties": { "type": "Feature", "properties": { "height": 5.6168146133422852, "confidence": 0.89929997920989913 }, "id": 9, "area": 422.27744885847488, "perimeter": 87.469950490804507, "cluster": 0 }, "geometry": { "type": "Polygon", "coordinates": [ [ [ -12427697.801631946116686, 4903723.45658762101084 ], [ -12427702.508104983717203, 4903709.857783412560821 ], [ -12427674.777210131287575, 4903700.260269762016833 ], [ -12427670.070737091824412, 4903713.85907396953553 ], [ -12427697.801631946116686, 4903723.45658762101084 ] ] ] } },
{ "type": "Feature", "properties": { "type": "Feature", "properties": { "height": 7.9570069313049316, "confidence": 0.96740001440048207 }, "id": 10, "area": 543.32991297941476, "perimeter": 99.033543633627971, "cluster": 0 }, "geometry": { "type": "Polygon", "coordinates": [ [ [ -12427800.294899890199304, 4903643.733087616972625 ], [ -12427769.452527599409223, 4903631.707411803305149 ], [ -12427763.490217737853527, 4903646.999008149839938 ], [ -12427794.332590034231544, 4903659.024683965370059 ], [ -12427800.294899890199304, 4903643.733087616972625 ] ] ] } },
{ "type": "Feature", "properties": { "type": "Feature", "properties": { "height": 2.079032182693481, "confidence": 0.9645000100135801 }, "id": 11, "area": 55.285730353253271, "perimeter": 29.837382758739732, "cluster": 2 }, "geometry": { "type": "Polygon", "coordinates": [ [ [ -12428215.536755286157131, 4904405.83580819517374 ], [ -12428208.678945135325193, 4904405.579504261724651 ], [ -12428208.378066603094339, 4904413.629977048374712 ], [ -12428215.235876753926277, 4904413.886280983686447 ], [ -12428215.536755286157131, 4904405.83580819517374 ] ] ] } },
{ "type": "Feature", "properties": { "type": "Feature", "properties": { "height": 4.5776991844177246, "confidence": 0.99819999933242809 }, "id": 12, "area": 352.81794569780845, "perimeter": 83.548472362019737, "cluster": 0 }, "geometry": { "type": "Polygon", "coordinates": [ [ [ -12426507.980934839695692, 4902949.040609602816403 ], [ -12426519.729330126196146, 4902949.276597105897963 ], [ -12426520.33227070607245, 4902919.259820159524679 ], [ -12426508.58175896666944, 4902919.02461254876107 ], [ -12426507.980934839695692, 4902949.040609602816403 ] ] ] } },
{ "type": "Feature", "properties": { "type": "Feature", "properties": { "height": 5.8338794708251953, "confidence": 0.99040001630783003 }, "id": 13, "area": 434.73873691211179, "perimeter": 103.65498209718322, "cluster": 0 }, "geometry": { "type": "Polygon", "coordinates": [ [ [ -12426711.612595414742827, 4902077.622615140862763 ], [ -12426717.569646121934056, 4902084.008266016840935 ], [ -12426728.265611339360476, 4902074.029457482509315 ], [ -12426705.273624368011951, 4902049.383234227076173 ], [ -12426694.645660033449531, 4902059.297857448458672 ], [ -12426700.752095106989145, 4902065.843149596825242 ], [ -12426703.306355455890298, 4902063.460329314693809 ], [ -12426714.235821794718504, 4902075.175274177454412 ], [ -12426711.612595414742827, 4902077.622615140862763 ] ] ] } },
{ "type": "Feature", "properties": { "type": "Feature", "properties": { "height": 6.9515352249145508, "confidence": 0.96850001811981212 }, "id": 14, "area": 667.98808465799448, "perimeter": 112.32081586544399, "cluster": 4 }, "geometry": { "type": "Polygon", "coordinates": [ [ [ -12426755.428884910419583, 4902747.7523222733289 ], [ -12426757.989593530073762, 4902782.797729128040373 ], [ -12426774.918307008221745, 4902781.559591838158667 ], [ -12426774.462587682530284, 4902775.322697399184108 ], [ -12426773.86859773285687, 4902775.366140811704099 ], [ -12426773.361467307433486, 4902768.425643187016249 ], [ -12426777.398967502638698, 4902768.130629875697196 ], [ -12426775.799565708264709, 4902746.262445351108909 ], [ -12426755.428884910419583, 4902747.7523222733289 ] ] ] } },
{ "type": "Feature", "properties": { "type": "Feature", "properties": { "height": 3.1945204734802242, "confidence": 0.98879998922348011 }, "id": 15, "area": 293.03811176030661, "perimeter": 76.007486206603673, "cluster": 0 }, "geometry": { "type": "Polygon", "coordinates": [ [ [ -12427295.80327782407403, 4902695.195719355717301 ], [ -12427285.022044038400054, 4902674.143065487965941 ], [ -12427274.377443768084049, 4902679.59425111208111 ], [ -12427278.374979892745614, 4902687.400291308760643 ], [ -12427276.246059836819768, 4902688.490528433583677 ], [ -12427280.607008337974548, 4902697.006208648905158 ], [ -12427284.86484844610095, 4902694.825734398327768 ], [ -12427287.287597609683871, 4902699.556667852215469 ], [ -12427295.80327782407403, 4902695.195719355717301 ] ] ] } },
{ "type": "Feature", "properties": { "type": "Feature", "properties": { "height": 5.288395881652832, "confidence": 0.97640001773834206 }, "id": 16, "area": 707.43327886930206, "perimeter": 109.49508813341359, "cluster": 4 }, "geometry": { "type": "Polygon", "coordinates": [ [ [ -12427328.447699658572674, 4903609.611523599363863 ], [ -12427338.679795928299427, 4903639.217880738899112 ], [ -12427356.817023726180196, 4903632.949569507502019 ], [ -12427354.789040680974722, 4903627.081642867997289 ], [ -12427358.789899751543999, 4903625.698927154764533 ], [ -12427350.585786527022719, 4903601.960496658459306 ], [ -12427328.447699658572674, 4903609.611523599363863 ] ] ] } },
{ "type": "Feature", "properties": { "type": "Feature", "properties": { "height": 5.3667764663696289, "confidence": 0.96609997749328602 }, "id": 17, "area": 270.96705985683201, "perimeter": 84.000111361336479, "cluster": 0 }, "geometry": { "type": "Polygon", "coordinates": [ [ [ -12427369.535738900303841, 4902479.014623207971454 ], [ -12427373.071844838559628, 4902484.980366704054177 ], [ -12427381.130692316219211, 4902480.203604437410831 ], [ -12427375.432215884327888, 4902470.588603106327355 ], [ -12427367.593583246693015, 4902475.234287681989372 ], [ -12427362.616688767448068, 4902466.837798326276243 ], [ -12427352.336459919810295, 4902472.930531938560307 ], [ -12427359.476155180484056, 4902484.977292196825147 ], [ -12427369.535738900303841, 4902479.014623207971454 ] ] ] } },
{ "type": "Feature", "properties": { "type": "Feature", "properties": { "height": 4.3656563758850098, "confidence": 0.97979998588562012 }, "id": 18, "area": 44.066323950005831, "perimeter": 27.248466083319812, "cluster": 2 }, "geometry": { "type": "Polygon", "coordinates": [ [ [ -12426961.926660522818565, 4903876.005168372765183 ], [ -12426960.001276070252061, 4903871.085659600794315 ], [ -12426952.233630642294884, 4903874.125740315765142 ], [ -12426954.159015094861388, 4903879.045249084942043 ], [ -12426961.926660522818565, 4903876.005168372765183 ] ] ] } },
{ "type": "Feature", "properties": { "type": "Feature", "properties": { "height": 5.6470589637756348, "confidence": 0.98119997978210405 }, "id": 19, "area": 322.60124384004905, "perimeter": 74.783107866264857, "cluster": 0 }, "geometry": { "type": "Polygon", "coordinates": [ [ [ -12427264.734526021406054, 4904338.111297686584294 ], [ -12427263.401509298011661, 4904324.670124129392207 ], [ -12427239.633308067917824, 4904327.02731485851109 ], [ -12427240.965229952707887, 4904340.466933408752084 ], [ -12427264.734526021406054, 4904338.111297686584294 ] ] ] } },
{ "type": "Feature", "properties": { "type": "Feature", "properties": { "height": 6.0412168502807617, "confidence": 0.95029997825622503 }, "id": 20, "area": 866.68450818246981, "perimeter": 151.85210149239001, "cluster": 4 }, "geometry": { "type": "Polygon", "coordinates": [ [ [ -12426918.78869885392487, 4903313.36158353369683 ], [ -12426918.546897700056434, 4903303.998833167366683 ], [ -12426911.813421349972486, 4903304.173202306032181 ], [ -12426911.033008618280292, 4903274.036615445278585 ], [ -12426890.146265253424644, 4903274.577495560981333 ], [ -12426890.697744725272059, 4903295.873546156100929 ], [ -12426897.85892684943974, 4903295.688602413982153 ], [ -12426898.01057855039835, 4903301.544817327521741 ], [ -12426889.228344129398465, 4903301.772240810096264 ], [ -12426889.547152357175946, 4903314.116771850734949 ], [ -12426918.78869885392487, 4903313.36158353369683 ] ] ] } },
{ "type": "Feature", "properties": { "type": "Feature", "properties": { "height": 5.0200695991516113, "confidence": 0.96770000457763605 }, "id": 21, "area": 768.38371149868181, "perimeter": 123.83750591325952, "cluster": 4 }, "geometry": { "type": "Polygon", "coordinates": [ [ [ -12427055.433917637914419, 4903933.885672801174223 ], [ -12427052.032404989004135, 4903922.214007887989283 ], [ -12427048.179495725780725, 4903923.336874221451581 ], [ -12427040.432267740368843, 4903896.753686547279358 ], [ -12427023.093850083649158, 4903901.805466551333666 ], [ -12427034.242518277838826, 4903940.060070584528148 ], [ -12427055.433917637914419, 4903933.885672801174223 ] ] ] } },
{ "type": "Feature", "properties": { "type": "Feature", "properties": { "height": 6.054995059967041, "confidence": 0.97049999237060502 }, "id": 22, "area": 353.43214415476893, "perimeter": 82.679602398056218, "cluster": 0 }, "geometry": { "type": "Polygon", "coordinates": [ [ [ -12427341.167671529576182, 4902394.800178238190711 ], [ -12427328.507462505251169, 4902402.837745152413845 ], [ -12427333.307382423430681, 4902410.397407387383282 ], [ -12427337.241956086829305, 4902407.899195441044867 ], [ -12427341.764794364571571, 4902415.02325158752501 ], [ -12427358.046584323048592, 4902404.686457303352654 ], [ -12427350.145087484270334, 4902392.241948167793453 ], [ -12427342.589291235432029, 4902397.039413423277438 ], [ -12427341.167671529576182, 4902394.800178238190711 ] ] ] } },
{ "type": "Feature", "properties": { "type": "Feature", "properties": { "height": 5.0903291702270508, "confidence": 0.96399998664855913 }, "id": 23, "area": 349.28066031930797, "perimeter": 82.609256947414536, "cluster": 0 }, "geometry": { "type": "Polygon", "coordinates": [ [ [ -12427427.665184170007706, 4903119.594807640649378 ], [ -12427418.577495478093624, 4903125.196380589157343 ], [ -12427417.176457287743688, 4903122.923412073403597 ], [ -12427412.114962859079242, 4903126.04291934799403 ], [ -12427415.715790290385485, 4903131.885370210744441 ], [ -12427415.715790290385485, 4903131.885370210744441 ], [ -12427419.983437614515424, 4903138.809756424278021 ], [ -12427417.255888607352972, 4903140.490803213790059 ], [ -12427420.657486086711287, 4903146.009370803833008 ], [ -12427437.534622218459845, 4903135.606449614278972 ], [ -12427427.665184170007706, 4903119.594807640649378 ] ] ] } },
{ "type": "Feature", "properties": { "type": "Feature", "properties": { "height": 6.4665699005126953, "confidence": 0.97729998826980513 }, "id": 24, "area": 553.42090485942299, "perimeter": 100.18143152611586, "cluster": 0 }, "geometry": { "type": "Polygon", "coordinates": [ [ [ -12427495.06820048764348, 4903343.360771690495312 ], [ -12427482.015997333452106, 4903353.374647036194801 ], [ -12427502.491045605391264, 4903380.064501030370593 ], [ -12427515.54442461207509, 4903370.049723552539945 ], [ -12427495.06820048764348, 4903343.360771690495312 ] ] ] } },
{ "type": "Feature", "properties": { "type": "Feature", "properties": { "height": 3.2520458698272701, "confidence": 0.98849999904632513 }, "id": 25, "area": 108.39978482651885, "perimeter": 41.882107185244521, "cluster": 2 }, "geometry": { "type": "Polygon", "coordinates": [ [ [ -12427166.105730168521404, 4904271.718967215158045 ], [ -12427157.97982644289732, 4904263.46774751227349 ], [ -12427151.310497606173158, 4904270.035785449668765 ], [ -12427159.43616796284914, 4904278.286768181249499 ], [ -12427166.105730168521404, 4904271.718967215158045 ] ] ] } },
{ "type": "Feature", "properties": { "type": "Feature", "properties": { "height": 5.2891926765441895, "confidence": 0.96909999847412109 }, "id": 26, "area": 534.2976415823083, "perimeter": 111.28001608106811, "cluster": 4 }, "geometry": { "type": "Polygon", "coordinates": [ [ [ -12427343.95197013951838, 4904121.779791168868542 ], [ -12427357.459252316504717, 4904123.029555100947618 ], [ -12427355.994361391291022, 4904138.873886314220726 ], [ -12427369.020627556368709, 4904140.078232449479401 ], [ -12427371.538805842399597, 4904112.841494103893638 ], [ -12427357.920436671003699, 4904111.582404961809516 ], [ -12427358.07149151712656, 4904109.948588416911662 ], [ -12427345.157212495803833, 4904108.753692219033837 ], [ -12427343.95197013951838, 4904121.779791168868542 ] ] ] } },
{ "type": "Feature", "properties": { "type": "Feature", "properties": { "height": 3.7960784435272212, "confidence": 0.62360000610351507 }, "id": 27, "area": 22.748794086606761, "perimeter": 20.708342506078921, "cluster": 2 }, "geometry": { "type": "Polygon", "coordinates": [ [ [ -12426828.515117522329092, 4904104.627359800040722 ], [ -12426825.467541541904211, 4904103.777801069431007 ], [ -12426823.53672624565661, 4904110.704110120423138 ], [ -12426826.584302226081491, 4904111.553668850101531 ], [ -12426828.515117522329092, 4904104.627359800040722 ] ] ] } },
{ "type": "Feature", "properties": { "type": "Feature", "properties": { "height": 4.982151985168457, "confidence": 0.9689000248908991 }, "id": 28, "area": 694.1296089935463, "perimeter": 111.21424580831172, "cluster": 4 }, "geometry": { "type": "Polygon", "coordinates": [ [ [ -12426855.313992520794272, 4903881.900388972833753 ], [ -12426874.213140392675996, 4903882.772067194804549 ], [ -12426875.905985189601779, 4903846.124542200937867 ], [ -12426857.004277847707272, 4903845.252745928242803 ], [ -12426855.313992520794272, 4903881.900388972833753 ] ] ] } },
{ "type": "Feature", "properties": { "type": "Feature", "properties": { "height": 4.0614142417907706, "confidence": 0.98309999704360906 }, "id": 29, "area": 364.40288172898227, "perimeter": 76.600085215217263, "cluster": 0 }, "geometry": { "type": "Polygon", "coordinates": [ [ [ -12427236.120992492884398, 4902764.425182904116809 ], [ -12427251.188206436112523, 4902778.580222992226481 ], [ -12427263.257240613922477, 4902765.733440578915179 ], [ -12427248.190026672556996, 4902751.578400489874184 ], [ -12427236.120992492884398, 4902764.425182904116809 ] ] ] } },
{ "type": "Feature", "properties": { "type": "Feature", "properties": { "height": 6.0534801483154297, "confidence": 0.97149997949600209 }, "id": 30, "area": 469.96438224373833, "perimeter": 95.711821671852903, "cluster": 0 }, "geometry": { "type": "Polygon", "coordinates": [ [ [ -12427083.907799541950226, 4903677.944239133968949 ], [ -12427062.235733577981591, 4903664.147408782504499 ], [ -12427054.119951017200947, 4903676.895682883448899 ], [ -12427066.018340177834034, 4903684.470413270406425 ], [ -12427062.230974983423948, 4903690.419607848860323 ], [ -12427072.004651790484786, 4903696.641707811504602 ], [ -12427083.907799541950226, 4903677.944239133968949 ] ] ] } },
{ "type": "Feature", "properties": { "type": "Feature", "properties": { "height": 4.8818888664245597, "confidence": 0.98799997568130404 }, "id": 31, "area": 768.43466506457378, "perimeter": 134.19257123974603, "cluster": 4 }, "geometry": { "type": "Polygon", "coordinates": [ [ [ -12427171.080846484750509, 4903773.134090439416468 ], [ -12427148.568062126636505, 4903768.213357966393232 ], [ -12427144.672045592218637, 4903786.043686045333743 ], [ -12427151.796448426321149, 4903787.600403967313468 ], [ -12427150.675611522048712, 4903792.72997400444001 ], [ -12427145.546041483059525, 4903791.609137103892863 ], [ -12427142.868486659601331, 4903803.863109977915883 ], [ -12427149.137961152940989, 4903805.233021749183536 ], [ -12427149.262498585507274, 4903804.663069521076977 ], [ -12427162.941352028399706, 4903807.65196792781353 ], [ -12427166.552937604486942, 4903791.123353353701532 ], [ -12427169.816562667489052, 4903791.836471877992153 ], [ -12427171.373756486922503, 4903784.712173028849065 ], [ -12427168.679607748985291, 4903784.123487955890596 ], [ -12427171.080846484750509, 4903773.134090439416468 ] ] ] } },
{ "type": "Feature", "properties": { "type": "Feature", "properties": { "height": 5.423945426940918, "confidence": 0.98309999704360906 }, "id": 32, "area": 564.45028222145288, "perimeter": 105.86789262228397, "cluster": 4 }, "geometry": { "type": "Polygon", "coordinates": [ [ [ -12427400.351138154044747, 4903237.390535252168775 ], [ -12427403.919274941086769, 4903247.130989673547447 ], [ -12427415.346229473128915, 4903242.945051820017397 ], [ -12427423.216404428705573, 4903247.01949780061841 ], [ -12427430.774516869336367, 4903232.420293990522623 ], [ -12427413.460361981764436, 4903223.456631915643811 ], [ -12427411.056915309280157, 4903216.895599045790732 ], [ -12427400.724110335111618, 4903220.680003329180181 ], [ -12427399.4712287299335, 4903223.100061782635748 ], [ -12427404.190080212429166, 4903235.984248667024076 ], [ -12427400.351138154044747, 4903237.390535252168775 ] ] ] } },
{ "type": "Feature", "properties": { "type": "Feature", "properties": { "height": 4.4304604530334473, "confidence": 0.96569997072219804 }, "id": 33, "area": 545.98746170957372, "perimeter": 101.30020789480785, "cluster": 0 }, "geometry": { "type": "Polygon", "coordinates": [ [ [ -12427518.78517047315836, 4903039.570143857039511 ], [ -12427509.639264829456806, 4903060.69131726026535 ], [ -12427525.575179640203714, 4903067.590783178806305 ], [ -12427538.799701046198606, 4903037.045687502250075 ], [ -12427525.724688939750195, 4903031.383936390280724 ], [ -12427521.644494630396366, 4903040.808090336620808 ], [ -12427518.78517047315836, 4903039.570143857039511 ] ] ] } },
{ "type": "Feature", "properties": { "type": "Feature", "properties": { "height": 5.7765851020812988, "confidence": 0.97759997844696012 }, "id": 34, "area": 613.97757243340209, "perimeter": 113.84167507594188, "cluster": 4 }, "geometry": { "type": "Polygon", "coordinates": [ [ [ -12426662.993293074890971, 4903302.661083148792386 ], [ -12426662.532774174585938, 4903292.412026948295534 ], [ -12426657.467089235782623, 4903292.639287871308625 ], [ -12426656.837799429893494, 4903278.634158928878605 ], [ -12426640.917366310954094, 4903279.348394482396543 ], [ -12426642.526909966021776, 4903315.225398796610534 ], [ -12426657.555857453495264, 4903314.550105943344533 ], [ -12426657.033682441338897, 4903302.928865207359195 ], [ -12426662.993293074890971, 4903302.661083148792386 ] ] ] } },
{ "type": "Feature", "properties": { "type": "Feature", "properties": { "height": 5.0459976196289062, "confidence": 0.99650001525878906 }, "id": 35, "area": 552.70515758637509, "perimeter": 122.05232142802559, "cluster": 4 }, "geometry": { "type": "Polygon", "coordinates": [ [ [ -12426738.540442200377584, 4904009.724930753000081 ], [ -12426728.061260988935828, 4904011.405941629782319 ], [ -12426728.499429663643241, 4904014.136231228709221 ], [ -12426715.691681765019894, 4904016.191673974506557 ], [ -12426717.355553211644292, 4904026.559486985206604 ], [ -12426730.279219383373857, 4904024.486345687881112 ], [ -12426731.93124089576304, 4904034.784811392426491 ], [ -12426728.729268860071898, 4904035.298677703365684 ], [ -12426729.738841978833079, 4904041.592212047427893 ], [ -12426747.380621513351798, 4904038.76221773866564 ], [ -12426744.361697662621737, 4904019.95088586397469 ], [ -12426740.286505149677396, 4904020.604890371672809 ], [ -12426738.540442200377584, 4904009.724930753000081 ] ] ] } },
{ "type": "Feature", "properties": { "type": "Feature", "properties": { "height": 6.247713565826416, "confidence": 0.97659999132156305 }, "id": 36, "area": 467.90559774873208, "perimeter": 92.546747976157064, "cluster": 0 }, "geometry": { "type": "Polygon", "coordinates": [ [ [ -12426874.486009024083614, 4902007.091730221174657 ], [ -12426875.025629069656134, 4902038.433564335107803 ], [ -12426889.950311977416277, 4902038.176602407358587 ], [ -12426889.410691935569048, 4902006.834768295288086 ], [ -12426874.486009024083614, 4902007.091730221174657 ] ] ] } },
{ "type": "Feature", "properties": { "type": "Feature", "properties": { "height": 5.2715129852294922, "confidence": 0.98970001935958807 }, "id": 37, "area": 527.11404657362755, "perimeter": 102.26859055063218, "cluster": 0 }, "geometry": { "type": "Polygon", "coordinates": [ [ [ -12427227.101245095953345, 4903720.292427771724761 ], [ -12427230.213104359805584, 4903731.684240523725748 ], [ -12427227.156764354556799, 4903732.519129595719278 ], [ -12427232.014300767332315, 4903750.301471448503435 ], [ -12427245.628906248137355, 4903746.582420135848224 ], [ -12427243.27603704854846, 4903737.969098296947777 ], [ -12427248.55516978725791, 4903736.527017175219953 ], [ -12427247.188987672328949, 4903731.525733526796103 ], [ -12427248.448618311434984, 4903731.181644897907972 ], [ -12427244.197260590270162, 4903715.622372589074075 ], [ -12427227.101245095953345, 4903720.292427771724761 ] ] ] } },
{ "type": "Feature", "properties": { "type": "Feature", "properties": { "height": 4.0168085098266602, "confidence": 0.99330002069473211 }, "id": 38, "area": 397.84372314996347, "perimeter": 90.187921911903089, "cluster": 0 }, "geometry": { "type": "Polygon", "coordinates": [ [ [ -12427504.576442962512374, 4903001.671765472739935 ], [ -12427493.535989008843899, 4902984.645752941258252 ], [ -12427485.338279271498322, 4902989.961527069099247 ], [ -12427489.154732489958405, 4902995.847062265500426 ], [ -12427476.542871357873082, 4903004.025176303461194 ], [ -12427483.766872093081474, 4903015.165653641335666 ], [ -12427504.576442962512374, 4903001.671765472739935 ] ] ] } },
{ "type": "Feature", "properties": { "type": "Feature", "properties": { "height": 5.0324811935424796, "confidence": 0.99449998140335005 }, "id": 39, "area": 386.82403866378183, "perimeter": 90.724296470092398, "cluster": 0 }, "geometry": { "type": "Polygon", "coordinates": [ [ [ -12427263.209731431677938, 4902617.538552961312234 ], [ -12427261.811785852536559, 4902615.034623359329998 ], [ -12427268.868314731866121, 4902611.094958543777466 ], [ -12427264.224506210535765, 4902602.777202976867557 ], [ -12427256.484856879338622, 4902607.097712711431086 ], [ -12427250.834933053702116, 4902596.977854169905186 ], [ -12427239.908694790676236, 4902603.07798033580184 ], [ -12427251.600603273138404, 4902624.019937012344599 ], [ -12427263.209731431677938, 4902617.538552961312234 ] ] ] } },
{ "type": "Feature", "properties": { "type": "Feature", "properties": { "height": 5.1258230209350586, "confidence": 0.98140001296997004 }, "id": 40, "area": 243.94066463156068, "perimeter": 71.130890912913344, "cluster": 0 }, "geometry": { "type": "Polygon", "coordinates": [ [ [ -12427462.849241681396961, 4902608.09810652397573 ], [ -12427457.73025413416326, 4902611.464070132002234 ], [ -12427459.237999871373177, 4902613.757063330151141 ], [ -12427448.189941726624966, 4902621.02165643312037 ], [ -12427455.591602623462677, 4902632.278168505057693 ], [ -12427467.265022549778223, 4902624.602372019551694 ], [ -12427463.838327692821622, 4902619.391023837961257 ], [ -12427468.332360869273543, 4902616.435995722189546 ], [ -12427462.849241681396961, 4902608.09810652397573 ] ] ] } },
{ "type": "Feature", "properties": { "type": "Feature", "properties": { "height": 5.3212671279907227, "confidence": 0.92720001935958807 }, "id": 41, "area": 413.91103306489845, "perimeter": 93.111268578189339, "cluster": 0 }, "geometry": { "type": "Polygon", "coordinates": [ [ [ -12426847.243085596710443, 4903665.435371822677553 ], [ -12426835.39357603341341, 4903667.113112431950867 ], [ -12426840.244945665821433, 4903701.360330464318395 ], [ -12426852.092105412855744, 4903699.682922559790313 ], [ -12426847.243085596710443, 4903665.435371822677553 ] ] ] } },
{ "type": "Feature", "properties": { "type": "Feature", "properties": { "height": 3.9919774532318111, "confidence": 0.96249997615814209 }, "id": 42, "area": 411.07609893527939, "perimeter": 85.752538092872527, "cluster": 0 }, "geometry": { "type": "Polygon", "coordinates": [ [ [ -12427700.09122920781374, 4903026.570465551689267 ], [ -12427692.633105147629976, 4903014.166592131368816 ], [ -12427668.290921427309513, 4903028.802909344434738 ], [ -12427675.748293090611696, 4903041.205531429499388 ], [ -12427700.09122920781374, 4903026.570465551689267 ] ] ] } },
{ "type": "Feature", "properties": { "type": "Feature", "properties": { "height": 4.1840167045593262, "confidence": 0.94870001077651911 }, "id": 43, "area": 339.09332094641178, "perimeter": 77.372942076022056, "cluster": 0 }, "geometry": { "type": "Polygon", "coordinates": [ [ [ -12427217.899976834654808, 4902716.508751302957535 ], [ -12427222.271359557285905, 4902715.176654411479831 ], [ -12427224.436017008498311, 4902722.280151341110468 ], [ -12427237.550165189430118, 4902718.283860665746033 ], [ -12427231.601381409913301, 4902698.762449871748686 ], [ -12427214.116191737353802, 4902704.091957221738994 ], [ -12427217.899976834654808, 4902716.508751302957535 ] ] ] } },
{ "type": "Feature", "properties": { "type": "Feature", "properties": { "height": 5.3472762107849121, "confidence": 0.97909998893737704 }, "id": 44, "area": 183.24874237382434, "perimeter": 54.667878595859293, "cluster": 2 }, "geometry": { "type": "Polygon", "coordinates": [ [ [ -12427264.958564767614007, 4902491.88292061816901 ], [ -12427271.355970764532685, 4902501.781787510029972 ], [ -12427284.414050493389368, 4902493.342656192369759 ], [ -12427278.016644498333335, 4902483.443789303302765 ], [ -12427264.958564767614007, 4902491.88292061816901 ] ] ] } },
{ "type": "Feature", "properties": { "type": "Feature", "properties": { "height": 4.743868350982666, "confidence": 0.96319997310638406 }, "id": 45, "area": 254.20385486261563, "perimeter": 69.456004234715223, "cluster": 0 }, "geometry": { "type": "Polygon", "coordinates": [ [ [ -12427606.21914966404438, 4902773.900118326768279 ], [ -12427603.628025893121958, 4902769.227986016310751 ], [ -12427609.336741406470537, 4902766.061982255429029 ], [ -12427605.215966984629631, 4902758.631691376678646 ], [ -12427586.948619611561298, 4902768.763881182298064 ], [ -12427593.66034834459424, 4902780.865998816676438 ], [ -12427606.21914966404438, 4902773.900118326768279 ] ] ] } },
{ "type": "Feature", "properties": { "type": "Feature", "properties": { "height": 7.2335495948791504, "confidence": 0.98199999332427912 }, "id": 46, "area": 823.44624177566175, "perimeter": 133.36457678221001, "cluster": 4 }, "geometry": { "type": "Polygon", "coordinates": [ [ [ -12427689.329763129353523, 4903886.446667762473226 ], [ -12427674.321563439443707, 4903934.472906765528023 ], [ -12427689.939893268048763, 4903939.354727947153151 ], [ -12427704.951466416940093, 4903891.328450038097799 ], [ -12427689.329763129353523, 4903886.446667762473226 ] ] ] } },
{ "type": "Feature", "properties": { "type": "Feature", "properties": { "height": 3.1879699230194092, "confidence": 0.98150002956390303 }, "id": 47, "area": 130.32806184154128, "perimeter": 45.810876253679865, "cluster": 2 }, "geometry": { "type": "Polygon", "coordinates": [ [ [ -12426812.63194396533072, 4903681.780764957889915 ], [ -12426811.367886116728187, 4903669.477727805264294 ], [ -12426800.884719550609589, 4903670.555539375171065 ], [ -12426802.149554828181863, 4903682.857762945815921 ], [ -12426812.63194396533072, 4903681.780764957889915 ] ] ] } },
{ "type": "Feature", "properties": { "type": "Feature", "properties": { "height": 5.25, "confidence": 0.98390001058578402 }, "id": 48, "area": 724.00202560739353, "perimeter": 114.57848643382874, "cluster": 4 }, "geometry": { "type": "Polygon", "coordinates": [ [ [ -12427181.206230718642473, 4902114.484947483055294 ], [ -12427180.239671481773257, 4902112.050145233049989 ], [ -12427171.470118977129459, 4902115.532065121456981 ], [ -12427179.968601558357477, 4902136.940090354532003 ], [ -12427211.808143854141235, 4902124.298312398605049 ], [ -12427204.275627199560404, 4902105.326939586549997 ], [ -12427181.206230718642473, 4902114.484947483055294 ] ] ] } },
{ "type": "Feature", "properties": { "type": "Feature", "properties": { "height": 4.6319351196289062, "confidence": 0.99459999799728305 }, "id": 49, "area": 65.981028805539097, "perimeter": 32.996544553132651, "cluster": 2 }, "geometry": { "type": "Polygon", "coordinates": [ [ [ -12426644.303019812330604, 4902429.114413010887802 ], [ -12426649.484862932935357, 4902437.299044281244278 ], [ -12426655.239782776683569, 4902433.655496903695166 ], [ -12426650.058121705427766, 4902425.471153171733022 ], [ -12426644.303019812330604, 4902429.114413010887802 ] ] ] } },
{ "type": "Feature", "properties": { "type": "Feature", "properties": { "height": 5.2234692573547363, "confidence": 0.93470001220703103 }, "id": 50, "area": 453.21328190874135, "perimeter": 105.37227610828069, "cluster": 0 }, "geometry": { "type": "Polygon", "coordinates": [ [ [ -12427256.92312603443861, 4903888.631088674999774 ], [ -12427261.694436937570572, 4903887.425571293570101 ], [ -12427263.538169404491782, 4903894.722870318219066 ], [ -12427275.606779327616096, 4903891.673620469868183 ], [ -12427273.086637370288372, 4903881.699163871817291 ], [ -12427268.315247157588601, 4903882.904367349110544 ], [ -12427262.184108395129442, 4903858.63796550501138 ], [ -12427250.115498470142484, 4903861.68721535243094 ], [ -12427256.92312603443861, 4903888.631088674999774 ] ] ] } },
{ "type": "Feature", "properties": { "type": "Feature", "properties": { "height": 4.9195060729980469, "confidence": 0.96050000190734808 }, "id": 51, "area": 180.58142507630657, "perimeter": 53.77693195429255, "cluster": 2 }, "geometry": { "type": "Polygon", "coordinates": [ [ [ -12427592.881832335144281, 4902594.651213771663606 ], [ -12427581.023078039288521, 4902600.066833297722042 ], [ -12427586.777173785492778, 4902612.666759737767279 ], [ -12427598.635928081348538, 4902607.251140211708844 ], [ -12427592.881832335144281, 4902594.651213771663606 ] ] ] } },
{ "type": "Feature", "properties": { "type": "Feature", "properties": { "height": 7.4967403411865234, "confidence": 0.97659999132156305 }, "id": 52, "area": 560.61715716910612, "perimeter": 102.39005959828802, "cluster": 0 }, "geometry": { "type": "Polygon", "coordinates": [ [ [ -12427806.232454182580113, 4903885.037467424757779 ], [ -12427792.626673394814134, 4903893.207792112603784 ], [ -12427810.812234800308943, 4903923.491626773960888 ], [ -12427824.418015589937568, 4903915.321302084252238 ], [ -12427806.232454182580113, 4903885.037467424757779 ] ] ] } },
{ "type": "Feature", "properties": { "type": "Feature", "properties": { "height": 4.9551815986633301, "confidence": 0.96820002794265703 }, "id": 53, "area": 471.52341455309335, "perimeter": 94.305819923419136, "cluster": 0 }, "geometry": { "type": "Polygon", "coordinates": [ [ [ -12426672.256703836843371, 4903678.811861009337008 ], [ -12426659.443359080702066, 4903687.009424311108887 ], [ -12426676.657507972791791, 4903713.916300947777927 ], [ -12426688.098227171227336, 4903706.596899057738483 ], [ -12426683.354170393198729, 4903699.18161809258163 ], [ -12426684.725827924907207, 4903698.304075995460153 ], [ -12426672.256703836843371, 4903678.811861009337008 ] ] ] } },
{ "type": "Feature", "properties": { "type": "Feature", "properties": { "height": 5.605832576751709, "confidence": 0.97079998254776001 }, "id": 54, "area": 473.7150209901742, "perimeter": 92.350519586314661, "cluster": 0 }, "geometry": { "type": "Polygon", "coordinates": [ [ [ -12427490.020562490448356, 4903999.734228831715882 ], [ -12427483.816577745601535, 4904017.921043358743191 ], [ -12427496.225946329534054, 4904022.155062945559621 ], [ -12427494.857168782502413, 4904026.166774455457926 ], [ -12427503.950381541624665, 4904029.269336898811162 ], [ -12427511.388980129733682, 4904007.467758097685874 ], [ -12427503.257767353206873, 4904004.693994726985693 ], [ -12427503.393220230937004, 4904004.296918255276978 ], [ -12427490.020562490448356, 4903999.734228831715882 ] ] ] } },
{ "type": "Feature", "properties": { "type": "Feature", "properties": { "height": 7.6688575744628906, "confidence": 0.94260001182556108 }, "id": 55, "area": 569.66152316648822, "perimeter": 100.84239447641349, "cluster": 0 }, "geometry": { "type": "Polygon", "coordinates": [ [ [ -12427927.09387519210577, 4903566.178578801453114 ], [ -12427921.97290999814868, 4903582.485320657491684 ], [ -12427953.771056612953544, 4903592.471202785149217 ], [ -12427958.892021810635924, 4903576.164460931904614 ], [ -12427927.09387519210577, 4903566.178578801453114 ] ] ] } },
{ "type": "Feature", "properties": { "type": "Feature", "properties": { "height": 5.6504716873168936, "confidence": 0.99059998989105202 }, "id": 56, "area": 567.22532297936721, "perimeter": 115.59153276384312, "cluster": 4 }, "geometry": { "type": "Polygon", "coordinates": [ [ [ -12426697.545337203890085, 4902628.71325798612088 ], [ -12426702.804091956466436, 4902639.996797237545252 ], [ -12426710.79174125008285, 4902636.273550857789814 ], [ -12426713.192773291841149, 4902641.424593764357269 ], [ -12426709.268169168382883, 4902643.253951509483159 ], [ -12426713.384224092587829, 4902652.084310780279338 ], [ -12426732.516669183969498, 4902643.16619177814573 ], [ -12426727.028595952317119, 4902631.392379415221512 ], [ -12426723.839855102822185, 4902632.878732582554221 ], [ -12426717.551437858492136, 4902619.387905918061733 ], [ -12426697.545337203890085, 4902628.71325798612088 ] ] ] } },
{ "type": "Feature", "properties": { "type": "Feature", "properties": { "height": 4.6741180419921866, "confidence": 0.96909999847412109 }, "id": 57, "area": 538.49359753771421, "perimeter": 110.4740841927, "cluster": 4 }, "geometry": { "type": "Polygon", "coordinates": [ [ [ -12426744.001498498022556, 4902070.694583909586072 ], [ -12426742.2165696490556, 4902092.344043494202197 ], [ -12426737.471482615917921, 4902091.953158315271139 ], [ -12426736.527125872671604, 4902103.407291724346578 ], [ -12426747.500076744705439, 4902104.311976503580809 ], [ -12426748.111350245773792, 4902096.897820509038866 ], [ -12426759.084301115944982, 4902097.802505288273096 ], [ -12426760.151042541489005, 4902084.863964082673192 ], [ -12426759.557906663045287, 4902084.815103437751532 ], [ -12426760.60930310934782, 4902072.062682036310434 ], [ -12426744.001498498022556, 4902070.694583909586072 ] ] ] } },
{ "type": "Feature", "properties": { "type": "Feature", "properties": { "height": 4.7176589965820312, "confidence": 0.97979998588562012 }, "id": 58, "area": 260.261395172059, "perimeter": 72.513286161080345, "cluster": 0 }, "geometry": { "type": "Polygon", "coordinates": [ [ [ -12427442.30187457241118, 4902338.414108284749091 ], [ -12427439.606040924787521, 4902333.253595001995564 ], [ -12427449.69249870441854, 4902327.984465604647994 ], [ -12427443.320528266951442, 4902315.786888752132654 ], [ -12427428.54269478097558, 4902323.506776015274227 ], [ -12427437.610498860478401, 4902340.864866142161191 ], [ -12427442.30187457241118, 4902338.414108284749091 ] ] ] } },
{ "type": "Feature", "properties": { "type": "Feature", "properties": { "height": 4.3943133354187012, "confidence": 0.98580002784729004 }, "id": 59, "area": 332.39806047365062, "perimeter": 84.823467446541997, "cluster": 0 }, "geometry": { "type": "Polygon", "coordinates": [ [ [ -12427484.577233931049705, 4902385.524563818238676 ], [ -12427479.266536282375455, 4902388.663480507209897 ], [ -12427489.729591906070709, 4902406.365805995650589 ], [ -12427508.538312736898661, 4902395.248809396289289 ], [ -12427501.868114776909351, 4902383.963576897978783 ], [ -12427488.370091592893004, 4902391.941656810231507 ], [ -12427484.577233931049705, 4902385.524563818238676 ] ] ] } },
{ "type": "Feature", "properties": { "type": "Feature", "properties": { "height": 5.6772894859313965, "confidence": 0.99029999971389704 }, "id": 60, "area": 487.41677550002089, "perimeter": 101.50757756647984, "cluster": 0 }, "geometry": { "type": "Polygon", "coordinates": [ [ [ -12427616.197383634746075, 4904504.217071744613349 ], [ -12427616.241049872711301, 4904507.202254428528249 ], [ -12427607.157507451251149, 4904507.335125396028161 ], [ -12427607.357411263510585, 4904521.066979790106416 ], [ -12427624.800426071509719, 4904520.811829306185246 ], [ -12427624.752393210306764, 4904517.528128358535469 ], [ -12427641.340725593268871, 4904517.285479879006743 ], [ -12427641.145167512819171, 4904503.852144055999815 ], [ -12427616.197383634746075, 4904504.217071744613349 ] ] ] } },
{ "type": "Feature", "properties": { "type": "Feature", "properties": { "height": 7.0264678001403809, "confidence": 0.9466000199317931 }, "id": 61, "area": 370.49761863833464, "perimeter": 78.20809345691174, "cluster": 0 }, "geometry": { "type": "Polygon", "coordinates": [ [ [ -12426896.071442186832428, 4902484.498926112428308 ], [ -12426873.092616418376565, 4902485.023219030350447 ], [ -12426873.461430232971907, 4902501.138239697553217 ], [ -12426896.440255997702479, 4902500.613946782425046 ], [ -12426896.071442186832428, 4902484.498926112428308 ] ] ] } },
{ "type": "Feature", "properties": { "type": "Feature", "properties": { "height": 4.1338272094726562, "confidence": 0.97699999809265103 }, "id": 62, "area": 361.11149311989107, "perimeter": 82.694163576843579, "cluster": 0 }, "geometry": { "type": "Polygon", "coordinates": [ [ [ -12427520.238778997212648, 4903133.030556756071746 ], [ -12427503.854184940457344, 4903112.143415431492031 ], [ -12427492.209141543135047, 4903121.278189110569656 ], [ -12427503.953850561752915, 4903136.250387758947909 ], [ -12427507.281005816534162, 4903133.640452421270311 ], [ -12427511.920890862122178, 4903139.555395098403096 ], [ -12427520.238778997212648, 4903133.030556756071746 ] ] ] } },
{ "type": "Feature", "properties": { "type": "Feature", "properties": { "height": 3.1547677516937251, "confidence": 0.96770000457763605 }, "id": 63, "area": 1287.537162453599, "perimeter": 209.19982320134199, "cluster": 1 }, "geometry": { "type": "Polygon", "coordinates": [ [ [ -12426693.417241415008903, 4902397.205306290648878 ], [ -12426666.490318845957518, 4902310.961892329156399 ], [ -12426652.88725670799613, 4902315.209040999412537 ], [ -12426679.814179277047515, 4902401.45245495904237 ], [ -12426693.417241415008903, 4902397.205306290648878 ] ] ] } },
{ "type": "Feature", "properties": { "type": "Feature", "properties": { "height": 6.4184150695800781, "confidence": 0.97060000896453813 }, "id": 64, "area": 570.04489656294095, "perimeter": 100.86144441673787, "cluster": 0 }, "geometry": { "type": "Polygon", "coordinates": [ [ [ -12426723.358539711683989, 4902669.161427304148674 ], [ -12426733.040028784424067, 4902688.251837998628616 ], [ -12426732.565029485151172, 4902688.492728600278497 ], [ -12426737.623732125386596, 4902698.467713875696063 ], [ -12426753.536208633333445, 4902690.397878715768456 ], [ -12426738.796452777460217, 4902661.333342187106609 ], [ -12426723.358539711683989, 4902669.161427304148674 ] ] ] } },
{ "type": "Feature", "properties": { "type": "Feature", "properties": { "height": 6.0372238159179688, "confidence": 0.96950000524520807 }, "id": 65, "area": 512.41663849700012, "perimeter": 104.86355650425446, "cluster": 0 }, "geometry": { "type": "Polygon", "coordinates": [ [ [ -12427328.504607966169715, 4903218.81941110547632 ], [ -12427305.831927882507443, 4903231.996478253975511 ], [ -12427310.700603514909744, 4903240.372593538835645 ], [ -12427319.850941045209765, 4903235.053895809687674 ], [ -12427328.153298478573561, 4903249.33734951261431 ], [ -12427341.673766219988465, 4903241.47848301101476 ], [ -12427328.504607966169715, 4903218.81941110547632 ] ] ] } },
{ "type": "Feature", "properties": { "type": "Feature", "properties": { "height": 4.332944393157959, "confidence": 0.99610000848770108 }, "id": 66, "area": 611.44290907427808, "perimeter": 111.0032936720566, "cluster": 4 }, "geometry": { "type": "Polygon", "coordinates": [ [ [ -12427496.227707661688328, 4902331.857425540685654 ], [ -12427478.917012045159936, 4902342.281643422320485 ], [ -12427484.259636318311095, 4902351.153727989643812 ], [ -12427475.604100147262216, 4902356.3665561536327 ], [ -12427480.949786193668842, 4902365.242693548090756 ], [ -12427490.043379634618759, 4902359.766680249944329 ], [ -12427492.350854771211743, 4902363.598526451736689 ], [ -12427509.222783079370856, 4902353.43734622374177 ], [ -12427496.227707661688328, 4902331.857425540685654 ] ] ] } },
{ "type": "Feature", "properties": { "type": "Feature", "properties": { "height": 6.9868111610412598, "confidence": 0.97269999980926503 }, "id": 67, "area": 723.03123597525257, "perimeter": 116.93555377474345, "cluster": 4 }, "geometry": { "type": "Polygon", "coordinates": [ [ [ -12426728.340314226225019, 4901987.793265424668789 ], [ -12426731.079226268455386, 4901986.717291650362313 ], [ -12426729.313490975648165, 4901982.221777419559658 ], [ -12426704.739337809383869, 4901991.873943403363228 ], [ -12426710.163234136998653, 4902005.683036535978317 ], [ -12426710.939241543412209, 4902005.378184241242707 ], [ -12426715.269131429493427, 4902016.401966623030603 ], [ -12426720.292028103023767, 4902014.429087554104626 ], [ -12426722.261480869725347, 4902019.44236764125526 ], [ -12426738.298585308715701, 4902013.142236956395209 ], [ -12426728.340314226225019, 4901987.793265424668789 ] ] ] } },
{ "type": "Feature", "properties": { "type": "Feature", "properties": { "height": 5.3717708587646484, "confidence": 0.98530000448226907 }, "id": 68, "area": 617.81068396588716, "perimeter": 119.42958390257898, "cluster": 4 }, "geometry": { "type": "Polygon", "coordinates": [ [ [ -12426820.328802201896906, 4903801.332083226181567 ], [ -12426816.458247249945998, 4903768.236637902446091 ], [ -12426798.4904924351722, 4903770.337989967316389 ], [ -12426800.018720561638474, 4903783.405209268443286 ], [ -12426804.008601605892181, 4903782.938308295793831 ], [ -12426805.008186748251319, 4903791.480217674747109 ], [ -12426796.760825965553522, 4903792.445334364660084 ], [ -12426798.105095636099577, 4903803.932729737833142 ], [ -12426820.328802201896906, 4903801.332083226181567 ] ] ] } },
{ "type": "Feature", "properties": { "type": "Feature", "properties": { "height": 5.530968189239502, "confidence": 0.97009998559951705 }, "id": 69, "area": 721.11444176078385, "perimeter": 127.18398381458476, "cluster": 4 }, "geometry": { "type": "Polygon", "coordinates": [ [ [ -12426914.508910838514566, 4903770.829219496808946 ], [ -12426920.065868321806192, 4903780.003914267756045 ], [ -12426929.677453316748142, 4903774.182339759543538 ], [ -12426934.837485270574689, 4903782.701699187979102 ], [ -12426938.769497310742736, 4903780.320145980454981 ], [ -12426944.591071819886565, 4903789.931730975396931 ], [ -12426958.134668858721852, 4903781.728603263385594 ], [ -12426941.596104918047786, 4903754.422964068129659 ], [ -12426914.508910838514566, 4903770.829219496808946 ] ] ] } },
{ "type": "Feature", "properties": { "type": "Feature", "properties": { "height": 5.6672430038452148, "confidence": 0.98890000581741311 }, "id": 70, "area": 515.84915841363397, "perimeter": 108.91148296368614, "cluster": 4 }, "geometry": { "type": "Polygon", "coordinates": [ [ [ -12427139.463592637330294, 4903383.825406444258988 ], [ -12427134.514289733022451, 4903385.952276533469558 ], [ -12427132.63223447278142, 4903384.798911761492491 ], [ -12427115.701477436348796, 4903392.073402064852417 ], [ -12427120.209516663104296, 4903402.56547967903316 ], [ -12427124.899047207087278, 4903405.439326917752624 ], [ -12427130.749926486983895, 4903402.925430794246495 ], [ -12427146.202267274260521, 4903412.393882893025875 ], [ -12427151.598278485238552, 4903403.587691208347678 ], [ -12427138.646935679018497, 4903395.65082407463342 ], [ -12427143.6260128878057, 4903393.511507517658174 ], [ -12427139.463592637330294, 4903383.825406444258988 ] ] ] } },
{ "type": "Feature", "properties": { "type": "Feature", "properties": { "height": 2.9818425178527832, "confidence": 0.98530000448226907 }, "id": 71, "area": 132.78155510383266, "perimeter": 46.375755352460004, "cluster": 2 }, "geometry": { "type": "Polygon", "coordinates": [ [ [ -12427250.413577735424042, 4904311.386169084347785 ], [ -12427240.409448588266969, 4904308.874634141102433 ], [ -12427237.274857515469193, 4904321.36056590359658 ], [ -12427247.277999231591821, 4904323.872553057037294 ], [ -12427250.413577735424042, 4904311.386169084347785 ] ] ] } },
{ "type": "Feature", "properties": { "type": "Feature", "properties": { "height": 4.3894386291503906, "confidence": 0.98290002346038807 }, "id": 72, "area": 558.65158819274347, "perimeter": 105.59157220867903, "cluster": 0 }, "geometry": { "type": "Polygon", "coordinates": [ [ [ -12427619.259663678705692, 4903118.878782832995057 ], [ -12427600.48694053851068, 4903130.507938246242702 ], [ -12427612.383432855829597, 4903149.712218238972127 ], [ -12427638.061065655201674, 4903133.805672334507108 ], [ -12427634.184680517762899, 4903127.54809795320034 ], [ -12427627.279770858585835, 4903131.82548844628036 ], [ -12427619.259663678705692, 4903118.878782832995057 ] ] ] } },
{ "type": "Feature", "properties": { "type": "Feature", "properties": { "height": 3.7725694179534912, "confidence": 0.96380001306533802 }, "id": 73, "area": 462.52780198643779, "perimeter": 99.78018491663947, "cluster": 0 }, "geometry": { "type": "Polygon", "coordinates": [ [ [ -12426792.488556060940027, 4903689.678575538098812 ], [ -12426778.066658083349466, 4903692.38268140796572 ], [ -12426780.122545668855309, 4903703.34332387149334 ], [ -12426782.278075344860554, 4903702.93916205689311 ], [ -12426783.900559436529875, 4903711.592410543002188 ], [ -12426780.727701660245657, 4903712.187321376055479 ], [ -12426782.945096580311656, 4903724.013427639380097 ], [ -12426798.385707290843129, 4903721.118313130922616 ], [ -12426792.488556060940027, 4903689.678575538098812 ] ] ] } },
{ "type": "Feature", "properties": { "type": "Feature", "properties": { "height": 5.2092251777648926, "confidence": 0.97600001096725408 }, "id": 74, "area": 536.35873966661609, "perimeter": 110.96048619663881, "cluster": 4 }, "geometry": { "type": "Polygon", "coordinates": [ [ [ -12427142.491004811599851, 4904103.480846869759262 ], [ -12427142.590575078502297, 4904117.29307977296412 ], [ -12427138.791140479966998, 4904125.064922514371574 ], [ -12427147.22569409199059, 4904129.188337755389512 ], [ -12427145.105080537497997, 4904133.526108182035387 ], [ -12427155.467532115057111, 4904138.592018336057663 ], [ -12427159.708759220317006, 4904129.916477479971945 ], [ -12427154.166052563115954, 4904127.206804607994854 ], [ -12427163.426241843029857, 4904108.264845484867692 ], [ -12427163.39066862873733, 4904103.330184399150312 ], [ -12427142.491004811599851, 4904103.480846869759262 ] ] ] } },
{ "type": "Feature", "properties": { "type": "Feature", "properties": { "height": 5.1877703666687012, "confidence": 0.96289998292922907 }, "id": 75, "area": 288.5735497158372, "perimeter": 72.070030972364577, "cluster": 0 }, "geometry": { "type": "Polygon", "coordinates": [ [ [ -12427422.944532496854663, 4902434.827596885152161 ], [ -12427401.228244354948401, 4902445.097540822811425 ], [ -12427406.364826852455735, 4902455.957483218982816 ], [ -12427428.0805275272578, 4902445.686297246254981 ], [ -12427422.944532496854663, 4902434.827596885152161 ] ] ] } },
{ "type": "Feature", "properties": { "type": "Feature", "properties": { "height": 7.4228358268737793, "confidence": 0.98329997062683105 }, "id": 76, "area": 555.52970644711093, "perimeter": 100.4310208844923, "cluster": 0 }, "geometry": { "type": "Polygon", "coordinates": [ [ [ -12427706.734879495576024, 4903946.692736697383225 ], [ -12427722.369829507544637, 4903951.822681105695665 ], [ -12427732.892815126106143, 4903919.744076767936349 ], [ -12427717.257865112274885, 4903914.614132366143167 ], [ -12427706.734879495576024, 4903946.692736697383225 ] ] ] } },
{ "type": "Feature", "properties": { "type": "Feature", "properties": { "height": 5.2657599449157706, "confidence": 0.99159997701644909 }, "id": 77, "area": 340.78583317140584, "perimeter": 80.262495097844734, "cluster": 0 }, "geometry": { "type": "Polygon", "coordinates": [ [ [ -12427753.545216260477901, 4903017.727737407200038 ], [ -12427753.984681345522404, 4903022.637101889587939 ], [ -12427746.57946621067822, 4903023.299984737299383 ], [ -12427747.87871659733355, 4903037.814206406474113 ], [ -12427768.426869658753276, 4903035.974824563600123 ], [ -12427767.020468002185225, 4903020.275866048410535 ], [ -12427760.395209413021803, 4903020.868930558674037 ], [ -12427760.06176507845521, 4903017.143948037177324 ], [ -12427753.545216260477901, 4903017.727737407200038 ] ] ] } },
{ "type": "Feature", "properties": { "type": "Feature", "properties": { "height": 5.7848162651062012, "confidence": 0.9846000075340271 }, "id": 78, "area": 560.09130210838862, "perimeter": 106.24815574626766, "cluster": 4 }, "geometry": { "type": "Polygon", "coordinates": [ [ [ -12426575.224175946787, 4903292.877177312038839 ], [ -12426570.526051517575979, 4903293.487131174653769 ], [ -12426571.669715015217662, 4903302.296114478260279 ], [ -12426592.224009389057755, 4903299.627566322684288 ], [ -12426588.052972877398133, 4903267.500466778874397 ], [ -12426572.196661239489913, 4903269.55796970333904 ], [ -12426575.224175946787, 4903292.877177312038839 ] ] ] } },
{ "type": "Feature", "properties": { "type": "Feature", "properties": { "height": 4.7117633819580078, "confidence": 0.99879997968673706 }, "id": 79, "area": 792.5180119211866, "perimeter": 147.4049674201479, "cluster": 4 }, "geometry": { "type": "Polygon", "coordinates": [ [ [ -12426708.798145366832614, 4903266.878962437622249 ], [ -12426707.697513062506914, 4903236.164442189969122 ], [ -12426687.419965712353587, 4903236.891073225066066 ], [ -12426687.86876723729074, 4903249.415440705604851 ], [ -12426691.148958718404174, 4903249.297897446900606 ], [ -12426691.384045230224729, 4903255.858280413784087 ], [ -12426686.612857615575194, 4903256.029252421110868 ], [ -12426686.260227851569653, 4903246.188677974045277 ], [ -12426678.20884875766933, 4903246.477193241007626 ], [ -12426678.978222794830799, 4903267.947537490166724 ], [ -12426708.798145366832614, 4903266.878962437622249 ] ] ] } },
{ "type": "Feature", "properties": { "type": "Feature", "properties": { "height": 5.8114895820617685, "confidence": 0.97759997844696012 }, "id": 80, "area": 309.50534105514294, "perimeter": 75.563075459908475, "cluster": 0 }, "geometry": { "type": "Polygon", "coordinates": [ [ [ -12427163.377598760649562, 4902563.591933188959956 ], [ -12427177.870897164568305, 4902563.429634214378893 ], [ -12427177.673650385811925, 4902545.815496663562953 ], [ -12427172.735022641718388, 4902545.870800442993641 ], [ -12427172.671899445354939, 4902540.198446619324386 ], [ -12427163.118461422622204, 4902540.305428005754948 ], [ -12427163.377598760649562, 4902563.591933188959956 ] ] ] } },
{ "type": "Feature", "properties": { "type": "Feature", "properties": { "height": 5.1511502265930176, "confidence": 0.9711999893188471 }, "id": 81, "area": 658.66651459565162, "perimeter": 128.30892976462155, "cluster": 4 }, "geometry": { "type": "Polygon", "coordinates": [ [ [ -12427198.888221580535173, 4903155.569608067162335 ], [ -12427188.710132796317339, 4903157.565619040280581 ], [ -12427191.30299766920507, 4903170.7919144006446 ], [ -12427213.845525333657861, 4903166.37113035004586 ], [ -12427205.920226601883769, 4903125.958329398185015 ], [ -12427193.556515719741583, 4903128.382094387896359 ], [ -12427198.888221580535173, 4903155.569608067162335 ] ] ] } },
{ "type": "Feature", "properties": { "type": "Feature", "properties": { "height": 6.0498189926147461, "confidence": 0.96050000190734808 }, "id": 82, "area": 713.74294689262251, "perimeter": 124.04472613578854, "cluster": 4 }, "geometry": { "type": "Polygon", "coordinates": [ [ [ -12427263.158200923353434, 4904172.746815401129425 ], [ -12427283.276055991649628, 4904206.40535325370729 ], [ -12427297.135453931987286, 4904198.121530576609075 ], [ -12427292.20909464918077, 4904189.879396922886372 ], [ -12427297.928669892251492, 4904186.460381512530148 ], [ -12427292.204576306045055, 4904176.883584185503423 ], [ -12427287.364786550402641, 4904179.776347658596933 ], [ -12427281.518332034349442, 4904169.994832187891006 ], [ -12427279.978446390479803, 4904170.915336335077882 ], [ -12427276.357627533376217, 4904164.857460473664105 ], [ -12427263.158200923353434, 4904172.746815401129425 ] ] ] } },
{ "type": "Feature", "properties": { "type": "Feature", "properties": { "height": 5.8790526390075684, "confidence": 0.96969997882843006 }, "id": 83, "area": 703.81991642567357, "perimeter": 111.56639067178671, "cluster": 4 }, "geometry": { "type": "Polygon", "coordinates": [ [ [ -12427374.167516021057963, 4902309.557766193524003 ], [ -12427361.761714812368155, 4902288.738634444773197 ], [ -12427342.485055807977915, 4902300.225299813784659 ], [ -12427345.898535097017884, 4902305.954395559616387 ], [ -12427338.073294281959534, 4902310.617336506955326 ], [ -12427347.064486151561141, 4902325.706148982979357 ], [ -12427374.167516021057963, 4902309.557766193524003 ] ] ] } },
{ "type": "Feature", "properties": { "type": "Feature", "properties": { "height": 4.1504960060119629, "confidence": 0.96549999713897705 }, "id": 84, "area": 413.38143596495257, "perimeter": 91.834556074889832, "cluster": 0 }, "geometry": { "type": "Polygon", "coordinates": [ [ [ -12427478.190037105232477, 4902796.327437327243388 ], [ -12427471.52575509250164, 4902785.995486222207546 ], [ -12427443.27103166282177, 4902804.220257439650595 ], [ -12427449.935313673689961, 4902814.552208544686437 ], [ -12427478.190037105232477, 4902796.327437327243388 ] ] ] } },
{ "type": "Feature", "properties": { "type": "Feature", "properties": { "height": 4.3801231384277344, "confidence": 0.98940002918243408 }, "id": 85, "area": 782.83014224270119, "perimeter": 146.7518951330988, "cluster": 4 }, "geometry": { "type": "Polygon", "coordinates": [ [ [ -12427587.62519315071404, 4903032.990333206951618 ], [ -12427588.281797466799617, 4903042.938967865891755 ], [ -12427614.531290406361222, 4903041.204678859561682 ], [ -12427623.883043617010117, 4903017.58476550783962 ], [ -12427621.808449484407902, 4903014.010449707508087 ], [ -12427630.214085951447487, 4903009.131674285978079 ], [ -12427625.623394384980202, 4903001.22142330929637 ], [ -12427620.060931425541639, 4903001.588542751036584 ], [ -12427603.609775610268116, 4903011.137075445614755 ], [ -12427607.594170888885856, 4903018.002613285556436 ], [ -12427602.036719823256135, 4903032.039180514402688 ], [ -12427587.62519315071404, 4903032.990333206951618 ] ] ] } },
{ "type": "Feature", "properties": { "type": "Feature", "properties": { "height": 4.932929515838623, "confidence": 0.90079998970031705 }, "id": 86, "area": 750.70176160154949, "perimeter": 115.4490115998571, "cluster": 4 }, "geometry": { "type": "Polygon", "coordinates": [ [ [ -12426807.757960649207234, 4903075.273436193354428 ], [ -12426825.96273492090404, 4903074.874633397907019 ], [ -12426825.877744162455201, 4903070.99492740444839 ], [ -12426834.048618111759424, 4903070.815932197496295 ], [ -12426833.445224327966571, 4903043.359593398869038 ], [ -12426810.354324964806437, 4903043.865434070117772 ], [ -12426810.650879520922899, 4903057.402723154984415 ], [ -12426807.368056401610374, 4903057.474868063814938 ], [ -12426807.757960649207234, 4903075.273436193354428 ] ] ] } },
{ "type": "Feature", "properties": { "type": "Feature", "properties": { "height": 4.098729133605957, "confidence": 0.94620001316070512 }, "id": 87, "area": 91.171352545394839, "perimeter": 38.212139244426446, "cluster": 2 }, "geometry": { "type": "Polygon", "coordinates": [ [ [ -12427044.862336348742247, 4903711.391710130497813 ], [ -12427054.1152951605618, 4903711.560734644532204 ], [ -12427054.295224480330944, 4903701.710810749791563 ], [ -12427045.042265672236681, 4903701.541786235757172 ], [ -12427044.862336348742247, 4903711.391710130497813 ] ] ] } },
{ "type": "Feature", "properties": { "type": "Feature", "properties": { "height": 2.5553860664367671, "confidence": 0.97970002889633112 }, "id": 88, "area": 175.54627150003461, "perimeter": 57.876726214446599, "cluster": 2 }, "geometry": { "type": "Polygon", "coordinates": [ [ [ -12427341.799481742084026, 4902678.28554059471935 ], [ -12427343.518469555303454, 4902681.960121365264058 ], [ -12427338.12908442132175, 4902684.481303492560983 ], [ -12427343.85904380120337, 4902696.729906065389514 ], [ -12427354.1478699631989, 4902691.916740188375115 ], [ -12427346.698922770097852, 4902675.993556843139231 ], [ -12427341.799481742084026, 4902678.28554059471935 ] ] ] } },
{ "type": "Feature", "properties": { "type": "Feature", "properties": { "height": 5.3144869804382324, "confidence": 0.99750000238418512 }, "id": 89, "area": 569.57660001232102, "perimeter": 111.25571769868721, "cluster": 4 }, "geometry": { "type": "Polygon", "coordinates": [ [ [ -12427125.846231836825609, 4904327.400976466014981 ], [ -12427126.512267818674445, 4904339.905998975038528 ], [ -12427135.444426752626896, 4904339.430884138680995 ], [ -12427135.913359930738807, 4904348.235243218950927 ], [ -12427152.884398821741343, 4904347.331340600736439 ], [ -12427152.725819416344166, 4904344.353965358808637 ], [ -12427161.062470098957419, 4904343.909943020902574 ], [ -12427160.333004828542471, 4904330.214016899466515 ], [ -12427155.569204436615109, 4904330.467743948101997 ], [ -12427155.426482969895005, 4904327.788106232881546 ], [ -12427136.966756461188197, 4904328.771298551000655 ], [ -12427136.862561186775565, 4904326.815001502633095 ], [ -12427125.846231836825609, 4904327.400976466014981 ] ] ] } },
{ "type": "Feature", "properties": { "type": "Feature", "properties": { "height": 4.7445406913757324, "confidence": 0.95609998703002907 }, "id": 90, "area": 432.98525165794575, "perimeter": 88.753066098076147, "cluster": 0 }, "geometry": { "type": "Polygon", "coordinates": [ [ [ -12427181.118802148848772, 4902480.12643790896982 ], [ -12427188.522468537092209, 4902492.575959546491504 ], [ -12427214.214293643832207, 4902477.298961639404297 ], [ -12427206.810481062158942, 4902464.84772880282253 ], [ -12427181.118802148848772, 4902480.12643790896982 ] ] ] } },
{ "type": "Feature", "properties": { "type": "Feature", "properties": { "height": 4.8502697944641113, "confidence": 0.98769998550415006 }, "id": 91, "area": 363.01681316003538, "perimeter": 82.800892933075403, "cluster": 0 }, "geometry": { "type": "Polygon", "coordinates": [ [ [ -12427223.123932553455234, 4902267.149776748381555 ], [ -12427217.444192059338093, 4902248.583743299357593 ], [ -12427214.440863117575645, 4902249.502524851821363 ], [ -12427212.185672039166093, 4902242.130717452615499 ], [ -12427201.537505798041821, 4902245.388215680606663 ], [ -12427209.472437370568514, 4902271.326056525111198 ], [ -12427223.123932553455234, 4902267.149776748381555 ] ] ] } },
{ "type": "Feature", "properties": { "type": "Feature", "properties": { "height": 3.9887599945068359, "confidence": 0.98280000686645508 }, "id": 92, "area": 491.6420744609286, "perimeter": 109.16355107114614, "cluster": 4 }, "geometry": { "type": "Polygon", "coordinates": [ [ [ -12427702.808622218668461, 4903125.251377627253532 ], [ -12427696.467999115586281, 4903110.695654154755175 ], [ -12427701.989135608077049, 4903108.290590217337012 ], [ -12427698.818824050948024, 4903101.012728481553495 ], [ -12427691.290001565590501, 4903104.292361120693386 ], [ -12427693.865608716383576, 4903110.205001696944237 ], [ -12427673.188408125191927, 4903119.210756127722561 ], [ -12427680.123328825458884, 4903135.133325140923262 ], [ -12427702.808622218668461, 4903125.251377627253532 ] ] ] } },
{ "type": "Feature", "properties": { "type": "Feature", "properties": { "height": 5.7977328300476074, "confidence": 0.99210000038146906 }, "id": 93, "area": 448.57597927175345, "perimeter": 100.34144848561016, "cluster": 0 }, "geometry": { "type": "Polygon", "coordinates": [ [ [ -12427202.799245599657297, 4902203.859176778234541 ], [ -12427200.738671591505408, 4902198.361234403215349 ], [ -12427210.687329221516848, 4902194.632576677016914 ], [ -12427203.284469136968255, 4902174.880557085387409 ], [ -12427191.241634259000421, 4902179.394934438169003 ], [ -12427192.364372760057449, 4902182.390581072308123 ], [ -12427187.651850720867515, 4902184.156787363812327 ], [ -12427193.048592172563076, 4902198.556160250678658 ], [ -12427188.074263354763389, 4902200.420489117503166 ], [ -12427191.017940508201718, 4902208.274692508392036 ], [ -12427202.799245599657297, 4902203.859176778234541 ] ] ] } },
{ "type": "Feature", "properties": { "type": "Feature", "properties": { "height": 4.6164698600769043, "confidence": 0.97490000724792403 }, "id": 94, "area": 543.49000251305222, "perimeter": 94.908501520279756, "cluster": 0 }, "geometry": { "type": "Polygon", "coordinates": [ [ [ -12427320.013599978759885, 4903367.059999729506671 ], [ -12427309.254085496068001, 4903341.056626426056027 ], [ -12427291.408633228391409, 4903348.44060695450753 ], [ -12427302.168147714808583, 4903374.443980259820819 ], [ -12427320.013599978759885, 4903367.059999729506671 ] ] ] } },
{ "type": "Feature", "properties": { "type": "Feature", "properties": { "height": 5.6177453994750977, "confidence": 0.96530002355575506 }, "id": 95, "area": 560.36168622708135, "perimeter": 99.655364931907144, "cluster": 0 }, "geometry": { "type": "Polygon", "coordinates": [ [ [ -12427366.07582625374198, 4903152.463529648259282 ], [ -12427351.805568188428879, 4903161.968712040223181 ], [ -12427369.924612853676081, 4903189.168219306506217 ], [ -12427384.194410091266036, 4903179.662345140241086 ], [ -12427366.07582625374198, 4903152.463529648259282 ] ] ] } },
{ "type": "Feature", "properties": { "type": "Feature", "properties": { "height": 7.3537373542785645, "confidence": 0.94279998540878307 }, "id": 96, "area": 579.7770605886285, "perimeter": 102.71375063139746, "cluster": 0 }, "geometry": { "type": "Polygon", "coordinates": [ [ [ -12427635.092483546584845, 4903802.692333738319576 ], [ -12427623.619451057165861, 4903814.90470714494586 ], [ -12427648.83720912784338, 4903838.595774238929152 ], [ -12427660.310241620987654, 4903826.383400831371546 ], [ -12427635.092483546584845, 4903802.692333738319576 ] ] ] } },
{ "type": "Feature", "properties": { "type": "Feature", "properties": { "height": 5.5404233932495117, "confidence": 0.98879998922348011 }, "id": 97, "area": 391.43293779456883, "perimeter": 88.483584903269062, "cluster": 0 }, "geometry": { "type": "Polygon", "coordinates": [ [ [ -12427696.947375083342195, 4902956.192296243272722 ], [ -12427664.972013007849455, 4902954.583233718760312 ], [ -12427664.358386885374784, 4902966.794222667813301 ], [ -12427696.332896485924721, 4902968.403242293745279 ], [ -12427696.947375083342195, 4902956.192296243272722 ] ] ] } },
{ "type": "Feature", "properties": { "type": "Feature", "properties": { "height": 4.2465982437133789, "confidence": 0.98570001125335605 }, "id": 98, "area": 591.38255598559431, "perimeter": 111.6614350569007, "cluster": 4 }, "geometry": { "type": "Polygon", "coordinates": [ [ [ -12427805.679959701374173, 4904520.144145113416016 ], [ -12427805.654763977974653, 4904503.001456002704799 ], [ -12427779.976755261421204, 4904503.039196636527777 ], [ -12427779.985277531668544, 4904508.837587207555771 ], [ -12427769.961635394021869, 4904508.853021145798266 ], [ -12427769.983703004196286, 4904523.184929971583188 ], [ -12427782.524123223498464, 4904523.165620813146234 ], [ -12427782.519525807350874, 4904520.179806476458907 ], [ -12427805.679959701374173, 4904520.144145113416016 ] ] ] } },
{ "type": "Feature", "properties": { "type": "Feature", "properties": { "height": 6.7781639099121094, "confidence": 0.96759998798370306 }, "id": 99, "area": 898.24208914844564, "perimeter": 130.88653273416864, "cluster": 4 }, "geometry": { "type": "Polygon", "coordinates": [ [ [ -12426549.623563496395946, 4901878.383884350769222 ], [ -12426550.675532296299934, 4901890.534676755778491 ], [ -12426553.935500990599394, 4901890.252441223710775 ], [ -12426556.296016344800591, 4901917.517633938230574 ], [ -12426577.337632460519671, 4901915.695931870490313 ], [ -12426576.721845846623182, 4901908.583272899501026 ], [ -12426578.203649798408151, 4901908.454984021373093 ], [ -12426575.714845567941666, 4901879.707987356930971 ], [ -12426568.602186596021056, 4901880.323773971758783 ], [ -12426568.294293290004134, 4901876.767444488592446 ], [ -12426549.623563496395946, 4901878.383884350769222 ] ] ] } },
{ "type": "Feature", "properties": { "type": "Feature", "properties": { "height": 3.7419724464416499, "confidence": 0.99309998750686612 }, "id": 100, "area": 77.799692908024269, "perimeter": 35.599512838556379, "cluster": 2 }, "geometry": { "type": "Polygon", "coordinates": [ [ [ -12426796.460187122225761, 4903321.019003699533641 ], [ -12426795.586978340521455, 4903313.355362969450653 ], [ -12426785.565294308587909, 4903314.497251380234957 ], [ -12426786.43850309215486, 4903322.160892109386623 ], [ -12426796.460187122225761, 4903321.019003699533641 ] ] ] } },
{ "type": "Feature", "properties": { "type": "Feature", "properties": { "height": 5.198359489440918, "confidence": 0.97060000896453813 }, "id": 101, "area": 597.78561626620763, "perimeter": 100.49966522792029, "cluster": 0 }, "geometry": { "type": "Polygon", "coordinates": [ [ [ -12427305.065315149724483, 4903518.874748044647276 ], [ -12427305.675866907462478, 4903531.684679790399969 ], [ -12427306.867488468065858, 4903531.627884279936552 ], [ -12427307.520636856555939, 4903545.331532196141779 ], [ -12427327.480297954753041, 4903544.38020736631006 ], [ -12427327.196320394054055, 4903538.42209957446903 ], [ -12427329.725029097869992, 4903538.301575315184891 ], [ -12427328.743871118873358, 4903517.746171853505075 ], [ -12427305.065315149724483, 4903518.874748044647276 ] ] ] } },
{ "type": "Feature", "properties": { "type": "Feature", "properties": { "height": 4.6095108985900879, "confidence": 0.95749998092651312 }, "id": 102, "area": 584.84361864415814, "perimeter": 104.77469381277564, "cluster": 4 }, "geometry": { "type": "Polygon", "coordinates": [ [ [ -12426944.196756510064006, 4902207.320102404803038 ], [ -12426958.770267486572266, 4902240.519452667795122 ], [ -12426973.540476482361555, 4902234.035777496173978 ], [ -12426958.967345984652638, 4902200.837293989025056 ], [ -12426944.196756510064006, 4902207.320102404803038 ] ] ] } },
{ "type": "Feature", "properties": { "type": "Feature", "properties": { "height": 6.0231361389160156, "confidence": 0.96770000457763605 }, "id": 103, "area": 520.689149767039, "perimeter": 101.1618717871979, "cluster": 0 }, "geometry": { "type": "Polygon", "coordinates": [ [ [ -12427331.941908031702042, 4903802.064633814617991 ], [ -12427318.675010023638606, 4903819.689686230383813 ], [ -12427341.461888924241066, 4903836.842043635435402 ], [ -12427350.929978109896183, 4903824.262532917782664 ], [ -12427337.206875506788492, 4903813.932747887447476 ], [ -12427341.005201665684581, 4903808.886208543553948 ], [ -12427331.941908031702042, 4903802.064633814617991 ] ] ] } },
{ "type": "Feature", "properties": { "type": "Feature", "properties": { "height": 4.0621762275695801, "confidence": 0.96880000829696611 }, "id": 104, "area": 34.300722169884459, "perimeter": 23.889293586673826, "cluster": 2 }, "geometry": { "type": "Polygon", "coordinates": [ [ [ -12427345.335871016606688, 4903598.044423252344131 ], [ -12427338.364282544702291, 4903599.594098852947354 ], [ -12427339.406056798994541, 4903604.282247046008706 ], [ -12427346.378061296418309, 4903602.732966932468116 ], [ -12427345.335871016606688, 4903598.044423252344131 ] ] ] } },
{ "type": "Feature", "properties": { "type": "Feature", "properties": { "height": 5.544069766998291, "confidence": 0.99650001525878906 }, "id": 105, "area": 356.7472412195022, "perimeter": 82.298464443247298, "cluster": 0 }, "geometry": { "type": "Polygon", "coordinates": [ [ [ -12427408.025193732231855, 4904070.675329288467765 ], [ -12427402.991588309407234, 4904060.271719527430832 ], [ -12427407.978082228451967, 4904057.859091276302934 ], [ -12427403.35459235496819, 4904048.304503006860614 ], [ -12427386.271888390183449, 4904056.570867451839149 ], [ -12427395.927973080426455, 4904076.52835885155946 ], [ -12427408.025193732231855, 4904070.675329288467765 ] ] ] } },
{ "type": "Feature", "properties": { "type": "Feature", "properties": { "height": 6.2249441146850586, "confidence": 0.95459997653961104 }, "id": 106, "area": 239.89146190116941, "perimeter": 61.972770380797236, "cluster": 2 }, "geometry": { "type": "Polygon", "coordinates": [ [ [ -12427619.197453193366528, 4902593.597222605720162 ], [ -12427611.428439244627953, 4902580.638587152585387 ], [ -12427597.810890125110745, 4902588.802635710686445 ], [ -12427605.57990407384932, 4902601.761271161027253 ], [ -12427619.197453193366528, 4902593.597222605720162 ] ] ] } },
{ "type": "Feature", "properties": { "type": "Feature", "properties": { "height": 7.2182769775390616, "confidence": 0.99459999799728305 }, "id": 107, "area": 665.25239304289096, "perimeter": 112.62033695288744, "cluster": 4 }, "geometry": { "type": "Polygon", "coordinates": [ [ [ -12426784.564615279436111, 4902508.821735073812306 ], [ -12426787.538920260965824, 4902518.672655244357884 ], [ -12426785.222894415259361, 4902519.371936845593154 ], [ -12426787.071145050227642, 4902525.491938018240035 ], [ -12426784.46136880852282, 4902526.28009482845664 ], [ -12426787.022526275366545, 4902534.762667365372181 ], [ -12426789.906472655013204, 4902533.891710713505745 ], [ -12426791.611673703417182, 4902539.538040398620069 ], [ -12426812.533699717372656, 4902533.221017706207931 ], [ -12426804.962578866630793, 4902508.145409285090864 ], [ -12426799.763582797721028, 4902509.7155148293823 ], [ -12426798.246448846533895, 4902504.690755928866565 ], [ -12426784.564615279436111, 4902508.821735073812306 ] ] ] } },
{ "type": "Feature", "properties": { "type": "Feature", "properties": { "height": 2.3499126434326172, "confidence": 0.96160000562667802 }, "id": 108, "area": 102.11173689357211, "perimeter": 42.929609017812687, "cluster": 2 }, "geometry": { "type": "Polygon", "coordinates": [ [ [ -12426635.908136956393719, 4902278.254599132575095 ], [ -12426631.579730467870831, 4902264.575264496728778 ], [ -12426624.794520432129502, 4902266.722236402332783 ], [ -12426629.123063500970602, 4902280.402002699673176 ], [ -12426635.908136956393719, 4902278.254599132575095 ] ] ] } },
{ "type": "Feature", "properties": { "type": "Feature", "properties": { "height": 4.9857873916625977, "confidence": 0.97299998998641912 }, "id": 109, "area": 382.84157640888964, "perimeter": 79.02934390105429, "cluster": 0 }, "geometry": { "type": "Polygon", "coordinates": [ [ [ -12426848.48716383613646, 4904009.06905385479331 ], [ -12426831.472842516377568, 4904009.357230350375175 ], [ -12426831.85225753672421, 4904031.851345762610435 ], [ -12426848.866598939523101, 4904031.564359742216766 ], [ -12426848.48716383613646, 4904009.06905385479331 ] ] ] } },
{ "type": "Feature", "properties": { "type": "Feature", "properties": { "height": 4.5649819374084473, "confidence": 0.92250001430511408 }, "id": 110, "area": 48.559463253502813, "perimeter": 31.021599966987299, "cluster": 2 }, "geometry": { "type": "Polygon", "coordinates": [ [ [ -12426900.037336356937885, 4902685.580796977505088 ], [ -12426904.38918830268085, 4902685.587193176150322 ], [ -12426904.404809068888426, 4902674.427717979997396 ], [ -12426900.05373771302402, 4902674.421627457253635 ], [ -12426900.037336356937885, 4902685.580796977505088 ] ] ] } },
{ "type": "Feature", "properties": { "type": "Feature", "properties": { "height": 4.5510239601135254, "confidence": 0.9756000041961671 }, "id": 111, "area": 539.94839708026757, "perimeter": 101.44710137336038, "cluster": 0 }, "geometry": { "type": "Polygon", "coordinates": [ [ [ -12427448.170227510854602, 4903569.936296076513827 ], [ -12427447.223017314448953, 4903544.592215081676841 ], [ -12427443.943195071071386, 4903544.71479522343725 ], [ -12427443.620029237121344, 4903536.067991120740771 ], [ -12427430.202574593946338, 4903536.569455339573324 ], [ -12427431.472950618714094, 4903570.560340438038111 ], [ -12427448.170227510854602, 4903569.936296076513827 ] ] ] } },
{ "type": "Feature", "properties": { "type": "Feature", "properties": { "height": 2.917931079864502, "confidence": 0.99239999055862405 }, "id": 112, "area": 129.1806449902696, "perimeter": 45.587381806102307, "cluster": 2 }, "geometry": { "type": "Polygon", "coordinates": [ [ [ -12427166.883087161928415, 4904173.157683559693396 ], [ -12427166.573126824572682, 4904160.923668885603547 ], [ -12427156.020334994420409, 4904161.191033851355314 ], [ -12427156.331151027232409, 4904173.425026847049594 ], [ -12427166.883087161928415, 4904173.157683559693396 ] ] ] } },
{ "type": "Feature", "properties": { "type": "Feature", "properties": { "height": 5.636164665222168, "confidence": 0.99639999866485607 }, "id": 113, "area": 244.64641083871689, "perimeter": 62.934864406602529, "cluster": 2 }, "geometry": { "type": "Polygon", "coordinates": [ [ [ -12428211.438159452751279, 4904461.448658416047692 ], [ -12428211.121077971532941, 4904447.422465819865465 ], [ -12428193.688366582617164, 4904447.816556369885802 ], [ -12428194.004466885700822, 4904461.842771146446466 ], [ -12428211.438159452751279, 4904461.448658416047692 ] ] ] } },
{ "type": "Feature", "properties": { "type": "Feature", "properties": { "height": 4.7058005332946777, "confidence": 0.97780001163482611 }, "id": 114, "area": 578.32554903216544, "perimeter": 121.86071584733746, "cluster": 4 }, "geometry": { "type": "Polygon", "coordinates": [ [ [ -12426675.203113898634911, 4903619.935265126638114 ], [ -12426674.757876502349973, 4903595.278087231330574 ], [ -12426657.595535444095731, 4903595.589190698228776 ], [ -12426657.903942516073585, 4903612.602782252244651 ], [ -12426649.24790470674634, 4903612.759691112674773 ], [ -12426649.575800450518727, 4903630.848395330831409 ], [ -12426658.07963652536273, 4903630.694840614683926 ], [ -12426657.890994453802705, 4903620.247871987521648 ], [ -12426675.203113898634911, 4903619.935265126638114 ] ] ] } },
{ "type": "Feature", "properties": { "type": "Feature", "properties": { "height": 5.7188258171081543, "confidence": 0.95910000801086404 }, "id": 115, "area": 331.14783183410321, "perimeter": 75.778700021560979, "cluster": 0 }, "geometry": { "type": "Polygon", "coordinates": [ [ [ -12427239.333788244053721, 4903335.255192291922867 ], [ -12427226.609758006408811, 4903340.552122014574707 ], [ -12427235.768429327756166, 4903362.552642497234046 ], [ -12427248.74726246483624, 4903357.150548385456204 ], [ -12427244.991137167438865, 4903348.127764544449747 ], [ -12427244.736656561493874, 4903348.23370313923806 ], [ -12427239.333788244053721, 4903335.255192291922867 ] ] ] } },
{ "type": "Feature", "properties": { "type": "Feature", "properties": { "height": 4.1221871376037598, "confidence": 0.96509999036788907 }, "id": 116, "area": 451.53412723073251, "perimeter": 96.314675504128758, "cluster": 0 }, "geometry": { "type": "Polygon", "coordinates": [ [ [ -12427534.08814731426537, 4904166.052355221472681 ], [ -12427543.481072759255767, 4904174.680067534558475 ], [ -12427567.43041211552918, 4904148.606602072715759 ], [ -12427558.037486668676138, 4904139.978889760561287 ], [ -12427534.08814731426537, 4904166.052355221472681 ] ] ] } },
{ "type": "Feature", "properties": { "type": "Feature", "properties": { "height": 7.1081738471984863, "confidence": 0.97939997911453203 }, "id": 117, "area": 549.80347628617312, "perimeter": 102.35320776208147, "cluster": 0 }, "geometry": { "type": "Polygon", "coordinates": [ [ [ -12426803.071785908192396, 4904118.661653766408563 ], [ -12426800.07423254661262, 4904129.358217812143266 ], [ -12426795.818229541182518, 4904128.165536117739975 ], [ -12426793.307959243655205, 4904137.125501639209688 ], [ -12426795.522770272567868, 4904137.746014554984868 ], [ -12426794.049052096903324, 4904143.006190740503371 ], [ -12426812.423333015292883, 4904148.15402434207499 ], [ -12426815.399321146309376, 4904137.534414345398545 ], [ -12426819.172392720356584, 4904138.591761670075357 ], [ -12426823.17793264426291, 4904124.294695857912302 ], [ -12426803.071785908192396, 4904118.661653766408563 ] ] ] } },
{ "type": "Feature", "properties": { "type": "Feature", "properties": { "height": 6.2800664901733398, "confidence": 0.97439998388290405 }, "id": 118, "area": 644.83178092616356, "perimeter": 120.51701749152417, "cluster": 4 }, "geometry": { "type": "Polygon", "coordinates": [ [ [ -12427034.772254191339016, 4903806.937015905976295 ], [ -12427039.669644644483924, 4903845.854654829949141 ], [ -12427055.541735081002116, 4903843.857313104905188 ], [ -12427054.24716174043715, 4903833.569847078993917 ], [ -12427059.243930952623487, 4903832.941054310649633 ], [ -12427057.986345417797565, 4903822.947515887208283 ], [ -12427051.226010603830218, 4903823.798235510475934 ], [ -12427048.880656702443957, 4903805.160628999583423 ], [ -12427034.772254191339016, 4903806.937015905976295 ] ] ] } },
{ "type": "Feature", "properties": { "type": "Feature", "properties": { "height": 5.487790584564209, "confidence": 0.93889999389648404 }, "id": 119, "area": 299.42960821549303, "perimeter": 73.334855293860898, "cluster": 0 }, "geometry": { "type": "Polygon", "coordinates": [ [ [ -12427369.710424799472094, 4902935.644121248275042 ], [ -12427364.461902104318142, 4902924.54586872830987 ], [ -12427342.412194920703769, 4902934.975034538656473 ], [ -12427347.660755887627602, 4902946.071725730784237 ], [ -12427369.710424799472094, 4902935.644121248275042 ] ] ] } },
{ "type": "Feature", "properties": { "type": "Feature", "properties": { "height": 5.2939033508300781, "confidence": 0.9713000059127801 }, "id": 120, "area": 392.13563010073722, "perimeter": 81.432041183593427, "cluster": 0 }, "geometry": { "type": "Polygon", "coordinates": [ [ [ -12427451.756014533340931, 4902762.524086993187666 ], [ -12427437.214685894548893, 4902770.290385906584561 ], [ -12427446.644455241039395, 4902787.946334592066705 ], [ -12427464.903679043054581, 4902778.194365330040455 ], [ -12427457.954719517379999, 4902765.18509728834033 ], [ -12427454.23778579197824, 4902767.170254153199494 ], [ -12427451.756014533340931, 4902762.524086993187666 ] ] ] } },
{ "type": "Feature", "properties": { "type": "Feature", "properties": { "height": 4.1873307228088379, "confidence": 0.99730002880096402 }, "id": 121, "area": 361.80709676938744, "perimeter": 87.063841228629471, "cluster": 0 }, "geometry": { "type": "Polygon", "coordinates": [ [ [ -12427552.211978245526552, 4903086.745710320770741 ], [ -12427545.736357005313039, 4903092.696048453450203 ], [ -12427537.257125165313482, 4903083.468288186937571 ], [ -12427526.734240649268031, 4903093.137587654404342 ], [ -12427540.568776812404394, 4903108.193407040089369 ], [ -12427557.567282568663359, 4903092.573769435286522 ], [ -12427552.211978245526552, 4903086.745710320770741 ] ] ] } },
{ "type": "Feature", "properties": { "type": "Feature", "properties": { "height": 4.365015983581543, "confidence": 0.98610001802444402 }, "id": 122, "area": 358.3691001520022, "perimeter": 78.765982132581399, "cluster": 0 }, "geometry": { "type": "Polygon", "coordinates": [ [ [ -12427569.939925272017717, 4903100.931720758788288 ], [ -12427572.26055651716888, 4903125.937134941108525 ], [ -12427586.470023782923818, 4903124.61742867808789 ], [ -12427584.149484045803547, 4903099.613000508397818 ], [ -12427569.939925272017717, 4903100.931720758788288 ] ] ] } },
{ "type": "Feature", "properties": { "type": "Feature", "properties": { "height": 6.0476908683776847, "confidence": 0.87830001115798906 }, "id": 123, "area": 710.38452413444747, "perimeter": 125.48536783621422, "cluster": 4 }, "geometry": { "type": "Polygon", "coordinates": [ [ [ -12426850.841499092057347, 4904457.856527109630406 ], [ -12426835.64957008510828, 4904456.071305329911411 ], [ -12426836.030267283320427, 4904452.831637953408062 ], [ -12426825.894316837191582, 4904451.64055026974529 ], [ -12426826.898562701418996, 4904443.099678296595812 ], [ -12426823.19170837290585, 4904442.664081401191652 ], [ -12426819.280909914523363, 4904475.944300805218518 ], [ -12426848.313569845631719, 4904479.35596345923841 ], [ -12426850.841499092057347, 4904457.856527109630406 ] ] ] } },
{ "type": "Feature", "properties": { "type": "Feature", "properties": { "height": 5.5398821830749512, "confidence": 0.96609997749328602 }, "id": 124, "area": 333.38599826449888, "perimeter": 74.421286784968402, "cluster": 0 }, "geometry": { "type": "Polygon", "coordinates": [ [ [ -12426856.858159374445677, 4902072.379352105781436 ], [ -12426838.350218446925282, 4902072.656556711532176 ], [ -12426838.630286524072289, 4902091.355681457556784 ], [ -12426855.645633738487959, 4902091.099641450680792 ], [ -12426855.517598917707801, 4902082.551223309710622 ], [ -12426857.010174799710512, 4902082.528868097811937 ], [ -12426856.858159374445677, 4902072.379352105781436 ] ] ] } },
{ "type": "Feature", "properties": { "type": "Feature", "properties": { "height": 5.9286179542541504, "confidence": 0.97979998588562012 }, "id": 125, "area": 546.8902821187711, "perimeter": 109.54834285415437, "cluster": 4 }, "geometry": { "type": "Polygon", "coordinates": [ [ [ -12426912.793894151225686, 4903128.139193414710462 ], [ -12426907.378717429935932, 4903104.918291554786265 ], [ -12426912.302239229902625, 4903103.770113039761782 ], [ -12426910.295652389526367, 4903095.168219026178122 ], [ -12426895.461570655927062, 4903098.628604976460338 ], [ -12426897.269240660592914, 4903106.380102283321321 ], [ -12426890.582588287070394, 4903107.939447586424649 ], [ -12426896.197478974238038, 4903132.009522035717964 ], [ -12426912.793894151225686, 4903128.139193414710462 ] ] ] } },
{ "type": "Feature", "properties": { "type": "Feature", "properties": { "height": 4.1431646347045898, "confidence": 0.99040001630783003 }, "id": 126, "area": 83.072404048194301, "perimeter": 37.449007757208804, "cluster": 2 }, "geometry": { "type": "Polygon", "coordinates": [ [ [ -12427298.169468522071838, 4902706.20763480104506 ], [ -12427294.960583167150617, 4902699.737333657220006 ], [ -12427284.656029498204589, 4902704.847780697979033 ], [ -12427287.864914847537875, 4902711.318081839941442 ], [ -12427298.169468522071838, 4902706.20763480104506 ] ] ] } },
{ "type": "Feature", "properties": { "type": "Feature", "properties": { "height": 4.6094675064086914, "confidence": 1.0 }, "id": 127, "area": 210.81176707406436, "perimeter": 59.403112939118238, "cluster": 2 }, "geometry": { "type": "Polygon", "coordinates": [ [ [ -12427403.052409207448363, 4902992.54410442057997 ], [ -12427396.61403495632112, 4902982.737954623997211 ], [ -12427381.591848032549024, 4902992.600996023975313 ], [ -12427388.030222279950976, 4903002.407145824283361 ], [ -12427403.052409207448363, 4902992.54410442057997 ] ] ] } },
{ "type": "Feature", "properties": { "type": "Feature", "properties": { "height": 4.6204972267150879, "confidence": 0.97460001707077004 }, "id": 128, "area": 319.36672129690572, "perimeter": 83.416277113562558, "cluster": 0 }, "geometry": { "type": "Polygon", "coordinates": [ [ [ -12427510.494689242914319, 4903253.163256688974798 ], [ -12427513.812122778967023, 4903241.247849355451763 ], [ -12427494.414948051795363, 4903235.847376158460975 ], [ -12427492.254758773371577, 4903243.606246046721935 ], [ -12427487.544016340747476, 4903242.294702555984259 ], [ -12427486.578764125704765, 4903245.761651693843305 ], [ -12427489.510479491204023, 4903246.578091744333506 ], [ -12427488.160981453955173, 4903251.423939431086183 ], [ -12427499.638857623562217, 4903254.619557531550527 ], [ -12427500.796101879328489, 4903250.463020090945065 ], [ -12427510.494689242914319, 4903253.163256688974798 ] ] ] } },
{ "type": "Feature", "properties": { "type": "Feature", "properties": { "height": 3.5819449424743652, "confidence": 0.99589997529983509 }, "id": 129, "area": 525.26374724527727, "perimeter": 112.84503788312335, "cluster": 4 }, "geometry": { "type": "Polygon", "coordinates": [ [ [ -12426720.968745516613126, 4903604.022950205951929 ], [ -12426721.114491892978549, 4903594.470545404590666 ], [ -12426698.875711793079972, 4903594.131235906854272 ], [ -12426698.422343131154776, 4903623.982532783411443 ], [ -12426716.181344714015722, 4903624.25349179469049 ], [ -12426716.322536516934633, 4903614.999599642120302 ], [ -12426711.995971010997891, 4903614.933586814440787 ], [ -12426712.163717415183783, 4903603.888606971129775 ], [ -12426720.968745516613126, 4903604.022950205951929 ] ] ] } },
{ "type": "Feature", "properties": { "type": "Feature", "properties": { "height": 5.8228917121887207, "confidence": 0.9578999876976011 }, "id": 130, "area": 600.87340716980111, "perimeter": 110.46351514112696, "cluster": 4 }, "geometry": { "type": "Polygon", "coordinates": [ [ [ -12427101.878553226590157, 4902990.212780626490712 ], [ -12427102.182732230052352, 4903010.810456401668489 ], [ -12427100.988664066419005, 4903010.828089965507388 ], [ -12427101.195858461782336, 4903024.858390858396888 ], [ -12427121.79353423602879, 4903024.554211855866015 ], [ -12427121.577523058280349, 4903009.926876883022487 ], [ -12427118.592352656647563, 4903009.970960797742009 ], [ -12427118.471451878547668, 4903001.784087210893631 ], [ -12427116.083318026736379, 4903001.81952144857496 ], [ -12427115.908854115754366, 4902990.005586232990026 ], [ -12427101.878553226590157, 4902990.212780626490712 ] ] ] } },
{ "type": "Feature", "properties": { "type": "Feature", "properties": { "height": 5.3968648910522461, "confidence": 0.99239999055862405 }, "id": 131, "area": 466.33093726203913, "perimeter": 88.391162352332898, "cluster": 0 }, "geometry": { "type": "Polygon", "coordinates": [ [ [ -12427239.387735214084387, 4904059.699929866939783 ], [ -12427226.837209602817893, 4904036.036442150361836 ], [ -12427211.457161713391542, 4904044.193637202493846 ], [ -12427224.008132886141539, 4904067.857965004630387 ], [ -12427239.387735214084387, 4904059.699929866939783 ] ] ] } },
{ "type": "Feature", "properties": { "type": "Feature", "properties": { "height": 5.6315789222717276, "confidence": 0.96740001440048207 }, "id": 132, "area": 325.33035557188521, "perimeter": 74.828919364897843, "cluster": 0 }, "geometry": { "type": "Polygon", "coordinates": [ [ [ -12427256.800150960683823, 4902494.622375356033444 ], [ -12427236.622667543590069, 4902506.997465445660055 ], [ -12427243.809023708105087, 4902518.713423560373485 ], [ -12427263.986507128924131, 4902506.338333470746875 ], [ -12427256.800150960683823, 4902494.622375356033444 ] ] ] } },
{ "type": "Feature", "properties": { "type": "Feature", "properties": { "height": 4.8082094192504883, "confidence": 0.98580002784729004 }, "id": 133, "area": 125.98492961116918, "perimeter": 44.920581280856297, "cluster": 2 }, "geometry": { "type": "Polygon", "coordinates": [ [ [ -12427293.346624407917261, 4902303.506657707504928 ], [ -12427284.556125355884433, 4902309.897119185887277 ], [ -12427291.372617602348328, 4902319.273651508614421 ], [ -12427300.163116654381156, 4902312.883190028369427 ], [ -12427293.346624407917261, 4902303.506657707504928 ] ] ] } },
{ "type": "Feature", "properties": { "type": "Feature", "properties": { "height": 4.7655429840087891, "confidence": 0.93120002746582009 }, "id": 134, "area": 407.21620289964267, "perimeter": 94.086443784993776, "cluster": 0 }, "geometry": { "type": "Polygon", "coordinates": [ [ [ -12427446.176735278218985, 4903163.293535275384784 ], [ -12427438.345044070854783, 4903167.822190984152257 ], [ -12427443.908821083605289, 4903177.443983038887382 ], [ -12427461.809829557314515, 4903167.092769989743829 ], [ -12427448.612032921984792, 4903144.268984187394381 ], [ -12427438.542715655639768, 4903150.091541523113847 ], [ -12427446.176735278218985, 4903163.293535275384784 ] ] ] } },
{ "type": "Feature", "properties": { "type": "Feature", "properties": { "height": 3.9051723480224609, "confidence": 0.96670001745223999 }, "id": 135, "area": 517.03254290619293, "perimeter": 114.43015759564804, "cluster": 4 }, "geometry": { "type": "Polygon", "coordinates": [ [ [ -12427511.371384806931019, 4902920.273268734104931 ], [ -12427504.60455128736794, 4902908.705367644317448 ], [ -12427495.261246562004089, 4902914.170887023210526 ], [ -12427483.80968214198947, 4902894.594439024105668 ], [ -12427474.911296688020229, 4902899.799695576541126 ], [ -12427493.129694623872638, 4902930.944044668227434 ], [ -12427511.371384806931019, 4902920.273268734104931 ] ] ] } },
{ "type": "Feature", "properties": { "type": "Feature", "properties": { "height": 4.4506673812866211, "confidence": 0.89230000972747803 }, "id": 136, "area": 514.21531608125201, "perimeter": 102.74480621040087, "cluster": 0 }, "geometry": { "type": "Polygon", "coordinates": [ [ [ -12427529.000955052673817, 4902967.092266758903861 ], [ -12427535.343113454058766, 4902976.026187613606453 ], [ -12427531.571013536304235, 4902978.70398782659322 ], [ -12427536.50380340218544, 4902985.652592939324677 ], [ -12427549.933112625032663, 4902976.119174445979297 ], [ -12427547.818921241909266, 4902973.141299205832183 ], [ -12427560.397386875003576, 4902964.211891527287662 ], [ -12427551.236491406336427, 4902951.307339182123542 ], [ -12427529.000955052673817, 4902967.092266758903861 ] ] ] } },
{ "type": "Feature", "properties": { "type": "Feature", "properties": { "height": 4.4986205101013184, "confidence": 0.96759998798370306 }, "id": 137, "area": 129.29372998829669, "perimeter": 45.48990436755372, "cluster": 2 }, "geometry": { "type": "Polygon", "coordinates": [ [ [ -12427567.780413055792451, 4903102.690335953608155 ], [ -12427558.055616209283471, 4903097.187467637471855 ], [ -12427552.356646358966827, 4903107.257574141025543 ], [ -12427562.081151461228728, 4903112.760957976803184 ], [ -12427567.780413055792451, 4903102.690335953608155 ] ] ] } },
{ "type": "Feature", "properties": { "type": "Feature", "properties": { "height": 4.8709487915039062, "confidence": 0.99119997024536111 }, "id": 138, "area": 456.54543417882036, "perimeter": 98.571437298772452, "cluster": 0 }, "geometry": { "type": "Polygon", "coordinates": [ [ [ -12427630.949636541306973, 4902920.457559096626937 ], [ -12427642.026099057868123, 4902913.676636809483171 ], [ -12427632.320073038339615, 4902897.822092423215508 ], [ -12427622.546723756939173, 4902903.805259145796299 ], [ -12427621.410847809165716, 4902901.949834934435785 ], [ -12427606.859870154410601, 4902910.858846169896424 ], [ -12427613.9784593321383, 4902922.486878884024918 ], [ -12427627.2267772462219, 4902914.37636398896575 ], [ -12427630.949636541306973, 4902920.457559096626937 ] ] ] } },
{ "type": "Feature", "properties": { "type": "Feature", "properties": { "height": 7.1827726364135742, "confidence": 0.98309999704360906 }, "id": 139, "area": 543.41766176484293, "perimeter": 99.709667674827386, "cluster": 0 }, "geometry": { "type": "Polygon", "coordinates": [ [ [ -12427746.021911665797234, 4903880.379234818741679 ], [ -12427730.52359464392066, 4903876.026299054734409 ], [ -12427721.397644454613328, 4903908.526691957376897 ], [ -12427736.896243795752525, 4903912.878622288815677 ], [ -12427746.021911665797234, 4903880.379234818741679 ] ] ] } },
{ "type": "Feature", "properties": { "type": "Feature", "properties": { "height": 4.5366387367248526, "confidence": 0.99330002069473211 }, "id": 140, "area": 654.49022945838681, "perimeter": 118.9006092376184, "cluster": 4 }, "geometry": { "type": "Polygon", "coordinates": [ [ [ -12427202.924932500347495, 4904288.20770260784775 ], [ -12427207.240630326792598, 4904315.288374803029001 ], [ -12427219.6501923520118, 4904313.311599667184055 ], [ -12427219.186337577179074, 4904310.399667769670486 ], [ -12427235.201963011175394, 4904307.848466519266367 ], [ -12427234.114119032397866, 4904301.019329966045916 ], [ -12427237.317209290340543, 4904300.508871081285179 ], [ -12427235.668344937264919, 4904290.157828073017299 ], [ -12427215.576014846563339, 4904293.358426008373499 ], [ -12427214.462763391435146, 4904286.369789455085993 ], [ -12427202.924932500347495, 4904288.20770260784775 ] ] ] } },
{ "type": "Feature", "properties": { "type": "Feature", "properties": { "height": 3.9231922626495361, "confidence": 0.99080002307891812 }, "id": 141, "area": 475.57674928612795, "perimeter": 104.8557713280115, "cluster": 0 }, "geometry": { "type": "Polygon", "coordinates": [ [ [ -12427422.885376419872046, 4903111.925375402905047 ], [ -12427415.35479954443872, 4903098.116740602999926 ], [ -12427411.353603776544333, 4903100.298523654229939 ], [ -12427406.082721430808306, 4903090.632194945588708 ], [ -12427391.353077685460448, 4903098.664015664719045 ], [ -12427395.181996140629053, 4903105.685911037959158 ], [ -12427399.09444266371429, 4903103.552247589454055 ], [ -12427403.799448816105723, 4903112.180809763260186 ], [ -12427399.976392539218068, 4903114.265456423163414 ], [ -12427404.243719436228275, 4903122.090349475853145 ], [ -12427422.885376419872046, 4903111.925375402905047 ] ] ] } },
{ "type": "Feature", "properties": { "type": "Feature", "properties": { "height": 6.1928062438964844, "confidence": 0.95870000123977606 }, "id": 142, "area": 639.48870905279318, "perimeter": 111.67696680651845, "cluster": 4 }, "geometry": { "type": "Polygon", "coordinates": [ [ [ -12426658.612762298434973, 4901999.161870960146189 ], [ -12426646.968480067327619, 4902009.13139115460217 ], [ -12426671.544532410800457, 4902037.835930990986526 ], [ -12426685.255667196586728, 4902026.097787044011056 ], [ -12426670.857945775613189, 4902009.280043116770685 ], [ -12426668.790408, 4902011.050213160924613 ], [ -12426658.612762298434973, 4901999.161870960146189 ] ] ] } },
{ "type": "Feature", "properties": { "type": "Feature", "properties": { "height": 5.3039627075195312, "confidence": 0.98500001430511408 }, "id": 143, "area": 594.18670220553645, "perimeter": 112.47106116533772, "cluster": 4 }, "geometry": { "type": "Polygon", "coordinates": [ [ [ -12426660.869681565091014, 4902467.515743183903396 ], [ -12426659.78902579843998, 4902467.16525614541024 ], [ -12426662.768165638670325, 4902457.979682113043964 ], [ -12426652.772099781781435, 4902454.737676990218461 ], [ -12426650.143446980044246, 4902462.842595254071057 ], [ -12426646.090987848117948, 4902461.528268853202462 ], [ -12426636.277350720018148, 4902491.786630369722843 ], [ -12426651.406531481072307, 4902496.69344893284142 ], [ -12426660.869681565091014, 4902467.515743183903396 ] ] ] } },
{ "type": "Feature", "properties": { "type": "Feature", "properties": { "height": 5.8596248626708984, "confidence": 0.98110002279281605 }, "id": 144, "area": 451.7452705586943, "perimeter": 90.829247674214187, "cluster": 0 }, "geometry": { "type": "Polygon", "coordinates": [ [ [ -12427345.939947934821248, 4903159.905999441631138 ], [ -12427357.948215393349528, 4903151.399863176979125 ], [ -12427340.201754903420806, 4903126.349336849525571 ], [ -12427328.194654904305935, 4903134.854646136052907 ], [ -12427345.939947934821248, 4903159.905999441631138 ] ] ] } },
{ "type": "Feature", "properties": { "type": "Feature", "properties": { "height": 5.0168566703796387, "confidence": 0.98079997301101607 }, "id": 145, "area": 688.08904308950321, "perimeter": 116.74388907251512, "cluster": 4 }, "geometry": { "type": "Polygon", "coordinates": [ [ [ -12427427.230778910219669, 4904408.537470263428986 ], [ -12427427.019978169351816, 4904448.696416748687625 ], [ -12427445.232993671670556, 4904448.790745077654719 ], [ -12427445.417144263163209, 4904413.708829816430807 ], [ -12427436.879963215440512, 4904413.66401678416878 ], [ -12427436.9062514398247, 4904408.588258367963135 ], [ -12427427.230778910219669, 4904408.537470263428986 ] ] ] } },
{ "type": "Feature", "properties": { "type": "Feature", "properties": { "height": 6.8668007850646973, "confidence": 0.98170000314712502 }, "id": 146, "area": 841.26332017509753, "perimeter": 133.08578874480926, "cluster": 4 }, "geometry": { "type": "Polygon", "coordinates": [ [ [ -12427748.26916572265327, 4903661.271283586509526 ], [ -12427700.968266179785132, 4903646.436783947050571 ], [ -12427695.890391733497381, 4903662.627962272614241 ], [ -12427743.190346019342542, 4903677.465475929901004 ], [ -12427748.26916572265327, 4903661.271283586509526 ] ] ] } },
{ "type": "Feature", "properties": { "type": "Feature", "properties": { "height": 5.8098111152648935, "confidence": 0.98089998960494995 }, "id": 147, "area": 443.58191315214117, "perimeter": 89.908822636779888, "cluster": 0 }, "geometry": { "type": "Polygon", "coordinates": [ [ [ -12426638.447537014260888, 4903123.898785188794136 ], [ -12426638.815934041514993, 4903138.520053799264133 ], [ -12426669.134356217458844, 4903137.758273734711111 ], [ -12426668.766981869935989, 4903123.13697942905128 ], [ -12426638.447537014260888, 4903123.898785188794136 ] ] ] } },
{ "type": "Feature", "properties": { "type": "Feature", "properties": { "height": 4.0717306137084961, "confidence": 0.99290001392364513 }, "id": 148, "area": 717.58978112305942, "perimeter": 110.23479686348543, "cluster": 4 }, "geometry": { "type": "Polygon", "coordinates": [ [ [ -12426838.703416205942631, 4903964.323033831082284 ], [ -12426872.727227319031954, 4903963.618173240683973 ], [ -12426872.291982488706708, 4903942.53756937943399 ], [ -12426838.268122229725122, 4903943.240049699321389 ], [ -12426838.703416205942631, 4903964.323033831082284 ] ] ] } },
{ "type": "Feature", "properties": { "type": "Feature", "properties": { "height": 5.7117691040039062, "confidence": 0.99540001153945912 }, "id": 149, "area": 460.63273164238723, "perimeter": 94.561889982744134, "cluster": 0 }, "geometry": { "type": "Polygon", "coordinates": [ [ [ -12426969.708251187577844, 4904129.478496604599059 ], [ -12426971.950652850791812, 4904113.97804428357631 ], [ -12426951.770818697288632, 4904111.058691178448498 ], [ -12426949.782273827120662, 4904124.804375310428441 ], [ -12426952.414426108822227, 4904125.185160498134792 ], [ -12426950.55280963331461, 4904138.053460538387299 ], [ -12426963.421109670773149, 4904139.915077010169625 ], [ -12426965.028869355097413, 4904128.801545159891248 ], [ -12426969.708251187577844, 4904129.478496604599059 ] ] ] } },
{ "type": "Feature", "properties": { "type": "Feature", "properties": { "height": 4.7795300483703613, "confidence": 0.98420000076293912 }, "id": 150, "area": 310.93715840032888, "perimeter": 73.236298340550888, "cluster": 0 }, "geometry": { "type": "Polygon", "coordinates": [ [ [ -12427420.514086311683059, 4902730.234496836550534 ], [ -12427423.03220534324646, 4902734.132956553250551 ], [ -12427435.041044618934393, 4902726.376127208583057 ], [ -12427425.651198569685221, 4902711.839111246168613 ], [ -12427409.428731484338641, 4902722.31763509567827 ], [ -12427416.300324084237218, 4902732.955983247607946 ], [ -12427420.514086311683059, 4902730.234496836550534 ] ] ] } },
{ "type": "Feature", "properties": { "type": "Feature", "properties": { "height": 5.3062362670898438, "confidence": 0.99519997835159313 }, "id": 151, "area": 479.81451901263483, "perimeter": 92.584362365580134, "cluster": 0 }, "geometry": { "type": "Polygon", "coordinates": [ [ [ -12427527.441407179459929, 4904519.671897374093533 ], [ -12427558.064304521307349, 4904519.929088561795652 ], [ -12427558.196974499151111, 4904504.263066340237856 ], [ -12427527.57299879193306, 4904504.003722758963704 ], [ -12427527.441407179459929, 4904519.671897374093533 ] ] ] } },
{ "type": "Feature", "properties": { "type": "Feature", "properties": { "height": 2.7840909957885742, "confidence": 0.99239999055862405 }, "id": 152, "area": 23.508518548240314, "perimeter": 20.291753600384784, "cluster": 2 }, "geometry": { "type": "Polygon", "coordinates": [ [ [ -12426813.614519238471985, 4903286.818746254779398 ], [ -12426817.193330142647028, 4903286.940978876315057 ], [ -12426817.417423287406564, 4903280.379825556650758 ], [ -12426813.838612381368876, 4903280.257592932321131 ], [ -12426813.614519238471985, 4903286.818746254779398 ] ] ] } },
{ "type": "Feature", "properties": { "type": "Feature", "properties": { "height": 5.8097801208496094, "confidence": 0.98129999637603704 }, "id": 153, "area": 546.99734104951233, "perimeter": 102.68875429427491, "cluster": 0 }, "geometry": { "type": "Polygon", "coordinates": [ [ [ -12426989.489451801404357, 4902191.300398020073771 ], [ -12427001.737665208056569, 4902189.408474237658083 ], [ -12426996.60244351811707, 4902156.163323566317558 ], [ -12426979.104995794594288, 4902158.86607182584703 ], [ -12426982.843797551468015, 4902183.070874505676329 ], [ -12426988.093031868338585, 4902182.260050031356514 ], [ -12426989.489451801404357, 4902191.300398020073771 ] ] ] } },
{ "type": "Feature", "properties": { "type": "Feature", "properties": { "height": 2.553784847259521, "confidence": 0.99210000038146906 }, "id": 154, "area": 22.587395421267793, "perimeter": 19.595231776025344, "cluster": 2 }, "geometry": { "type": "Polygon", "coordinates": [ [ [ -12427146.307502791285515, 4904060.512498685158789 ], [ -12427140.221860794350505, 4904060.629202627576888 ], [ -12427140.293008932843804, 4904064.33929236792028 ], [ -12427146.378399493172765, 4904064.223019156605005 ], [ -12427146.307502791285515, 4904060.512498685158789 ] ] ] } },
{ "type": "Feature", "properties": { "type": "Feature", "properties": { "height": 7.1595301628112793, "confidence": 0.96090000867843606 }, "id": 155, "area": 576.67551575760672, "perimeter": 101.80560433609314, "cluster": 0 }, "geometry": { "type": "Polygon", "coordinates": [ [ [ -12427556.501116372644901, 4903708.946045702323318 ], [ -12427562.763552194461226, 4903742.246262676082551 ], [ -12427579.489768199622631, 4903739.100731994956732 ], [ -12427573.227545011788607, 4903705.801645695231855 ], [ -12427556.501116372644901, 4903708.946045702323318 ] ] ] } },
{ "type": "Feature", "properties": { "type": "Feature", "properties": { "height": 4.4458937644958496, "confidence": 0.9645000100135801 }, "id": 156, "area": 485.14667022610763, "perimeter": 96.609368000806413, "cluster": 0 }, "geometry": { "type": "Polygon", "coordinates": [ [ [ -12427155.697004515677691, 4903751.910905453376472 ], [ -12427151.689516203477979, 4903742.745066978037357 ], [ -12427155.198822414502501, 4903741.210727960802615 ], [ -12427146.43117088265717, 4903721.157549617812037 ], [ -12427131.391287123784423, 4903727.733288266696036 ], [ -12427144.166723174974322, 4903756.952982565388083 ], [ -12427155.697004515677691, 4903751.910905453376472 ] ] ] } },
{ "type": "Feature", "properties": { "type": "Feature", "properties": { "height": 6.4330410957336435, "confidence": 0.99269998073577803 }, "id": 157, "area": 609.76170962936612, "perimeter": 115.21164997887267, "cluster": 4 }, "geometry": { "type": "Polygon", "coordinates": [ [ [ -12427324.073942238464952, 4903207.412446644157171 ], [ -12427320.278991913422942, 4903193.519992067478597 ], [ -12427296.939668230712414, 4903199.895508609712124 ], [ -12427298.002254320308566, 4903203.785395892336965 ], [ -12427283.276252472773194, 4903207.808043232187629 ], [ -12427286.464010743424296, 4903219.477705074474216 ], [ -12427293.410238029435277, 4903217.580229914747179 ], [ -12427293.941531073302031, 4903219.525173555128276 ], [ -12427317.280854757875204, 4903213.14965701289475 ], [ -12427316.294167675077915, 4903209.537618825212121 ], [ -12427324.073942238464952, 4903207.412446644157171 ] ] ] } },
{ "type": "Feature", "properties": { "type": "Feature", "properties": { "height": 3.7907838821411133, "confidence": 0.99419999122619607 }, "id": 158, "area": 168.31415483917434, "perimeter": 52.348653572683986, "cluster": 2 }, "geometry": { "type": "Polygon", "coordinates": [ [ [ -12427346.684928141534328, 4902330.938912365585566 ], [ -12427340.790909986943007, 4902321.220074352808297 ], [ -12427328.129737606272101, 4902328.898479913361371 ], [ -12427334.024148646742105, 4902338.617965774610639 ], [ -12427346.684928141534328, 4902330.938912365585566 ] ] ] } },
{ "type": "Feature", "properties": { "type": "Feature", "properties": { "height": 5.8319368362426758, "confidence": 0.97670000791549605 }, "id": 159, "area": 350.74556007874168, "perimeter": 78.25170742759903, "cluster": 0 }, "geometry": { "type": "Polygon", "coordinates": [ [ [ -12427415.837138218805194, 4902261.365624543279409 ], [ -12427394.860005414113402, 4902275.360167508013546 ], [ -12427402.579280702397227, 4902286.930982166901231 ], [ -12427423.555853080004454, 4902272.936813078820705 ], [ -12427415.837138218805194, 4902261.365624543279409 ] ] ] } },
{ "type": "Feature", "properties": { "type": "Feature", "properties": { "height": 4.3433055877685547, "confidence": 0.95459997653961104 }, "id": 160, "area": 783.7822802844529, "perimeter": 128.95089701078163, "cluster": 4 }, "geometry": { "type": "Polygon", "coordinates": [ [ [ -12427535.329298492521048, 4904258.95440161600709 ], [ -12427552.676821952685714, 4904225.980952738784254 ], [ -12427536.54087888635695, 4904217.491739131510258 ], [ -12427515.010264661163092, 4904258.416232419200242 ], [ -12427525.299851546064019, 4904263.829643996432424 ], [ -12427529.482942309230566, 4904255.878599586896598 ], [ -12427535.329298492521048, 4904258.95440161600709 ] ] ] } },
{ "type": "Feature", "properties": { "type": "Feature", "properties": { "height": 7.6400904655456543, "confidence": 0.99229997396469105 }, "id": 161, "area": 591.48750175114071, "perimeter": 109.16686085865948, "cluster": 4 }, "geometry": { "type": "Polygon", "coordinates": [ [ [ -12427679.770544933155179, 4903366.525769214145839 ], [ -12427670.93243246152997, 4903354.519784137606621 ], [ -12427638.98102056607604, 4903378.040567332878709 ], [ -12427647.819133041426539, 4903390.046552411280572 ], [ -12427679.770544933155179, 4903366.525769214145839 ] ] ] } },
{ "type": "Feature", "properties": { "type": "Feature", "properties": { "height": 5.5234942436218262, "confidence": 0.97640001773834206 }, "id": 162, "area": 551.99915520775448, "perimeter": 103.27366765272269, "cluster": 0 }, "geometry": { "type": "Polygon", "coordinates": [ [ [ -12426817.980359004810452, 4903882.091316546313465 ], [ -12426818.687037847936153, 4903855.237520601600409 ], [ -12426801.679633745923638, 4903854.78995733615011 ], [ -12426800.768803242594004, 4903889.401516552083194 ], [ -12426813.002199172973633, 4903889.723448024131358 ], [ -12426813.206350836902857, 4903881.965684750117362 ], [ -12426817.980359004810452, 4903882.091316546313465 ] ] ] } },
{ "type": "Feature", "properties": { "type": "Feature", "properties": { "height": 5.3025851249694824, "confidence": 0.99299997091293313 }, "id": 163, "area": 831.38267193429124, "perimeter": 130.43681792022497, "cluster": 4 }, "geometry": { "type": "Polygon", "coordinates": [ [ [ -12426918.226026592776179, 4903453.48777453135699 ], [ -12426891.523280631750822, 4903454.027884663082659 ], [ -12426891.819087781012058, 4903468.652426387183368 ], [ -12426894.206768063828349, 4903468.604131341911852 ], [ -12426894.689718509092927, 4903492.480934157036245 ], [ -12426909.91118030436337, 4903492.173053246922791 ], [ -12426909.699889481067657, 4903481.726952012628317 ], [ -12426915.51240037381649, 4903481.609383728355169 ], [ -12426915.233743373304605, 4903467.880241540260613 ], [ -12426918.516799114644527, 4903467.813835948705673 ], [ -12426918.226026592776179, 4903453.48777453135699 ] ] ] } },
{ "type": "Feature", "properties": { "type": "Feature", "properties": { "height": 6.2047781944274902, "confidence": 0.98739999532699507 }, "id": 164, "area": 600.75857586224981, "perimeter": 99.919196299947501, "cluster": 0 }, "geometry": { "type": "Polygon", "coordinates": [ [ [ -12427238.521490313112736, 4902342.973448314704001 ], [ -12427254.750684240832925, 4902367.966197056695819 ], [ -12427271.657950265333056, 4902356.987360679544508 ], [ -12427255.429986774921417, 4902331.993812943808734 ], [ -12427238.521490313112736, 4902342.973448314704001 ] ] ] } },
{ "type": "Feature", "properties": { "type": "Feature", "properties": { "height": 4.8979611396789551, "confidence": 0.99540001153945912 }, "id": 165, "area": 848.3835519160416, "perimeter": 143.3076853152532, "cluster": 4 }, "geometry": { "type": "Polygon", "coordinates": [ [ [ -12427321.947813481092453, 4903706.889669106341898 ], [ -12427325.70859194919467, 4903720.479452305473387 ], [ -12427317.665659038349986, 4903722.705219155177474 ], [ -12427323.421952612698078, 4903743.505907724611461 ], [ -12427339.785160956904292, 4903738.977623444981873 ], [ -12427337.943147009238601, 4903732.321403102949262 ], [ -12427348.482162550091743, 4903729.404881025664508 ], [ -12427345.949393378570676, 4903720.252578052692115 ], [ -12427353.714983776211739, 4903718.103561786003411 ], [ -12427351.565967509523034, 4903710.33797138556838 ], [ -12427342.13632202334702, 4903712.947491139173508 ], [ -12427339.143049366772175, 4903702.131133082322776 ], [ -12427321.947813481092453, 4903706.889669106341898 ] ] ] } },
{ "type": "Feature", "properties": { "type": "Feature", "properties": { "height": 5.5245623588562012, "confidence": 0.95300000905990612 }, "id": 166, "area": 366.46957571120947, "perimeter": 77.563240809383529, "cluster": 0 }, "geometry": { "type": "Polygon", "coordinates": [ [ [ -12427393.893179699778557, 4904360.112932398915291 ], [ -12427407.380718410015106, 4904369.271394082345068 ], [ -12427420.008294370025396, 4904350.674939198419452 ], [ -12427406.520755663514137, 4904341.516477513127029 ], [ -12427393.893179699778557, 4904360.112932398915291 ] ] ] } },
{ "type": "Feature", "properties": { "type": "Feature", "properties": { "height": 5.0911173820495597, "confidence": 0.98970001935958807 }, "id": 167, "area": 466.92062457901136, "perimeter": 99.341989634235958, "cluster": 0 }, "geometry": { "type": "Polygon", "coordinates": [ [ [ -12427402.425539506599307, 4902370.275857953354716 ], [ -12427397.124172288924456, 4902360.878099291585386 ], [ -12427403.692593406885862, 4902357.172329230234027 ], [ -12427397.750120244920254, 4902346.638079037889838 ], [ -12427374.420201692730188, 4902359.798713382333517 ], [ -12427380.107834933325648, 4902369.88120764028281 ], [ -12427385.090775089338422, 4902367.06993380188942 ], [ -12427390.647328203544021, 4902376.920061698183417 ], [ -12427402.425539506599307, 4902370.275857953354716 ] ] ] } },
{ "type": "Feature", "properties": { "type": "Feature", "properties": { "height": 5.9411163330078125, "confidence": 0.99320000410079912 }, "id": 168, "area": 523.86133263692363, "perimeter": 96.095164224855267, "cluster": 0 }, "geometry": { "type": "Polygon", "coordinates": [ [ [ -12426728.768427727743983, 4903420.457539580762386 ], [ -12426715.047441575676203, 4903420.022516712546349 ], [ -12426714.89612927660346, 4903424.795033633708954 ], [ -12426710.12361235357821, 4903424.643721331842244 ], [ -12426709.338679786771536, 4903449.401152867823839 ], [ -12426727.832182861864567, 4903449.987488034181297 ], [ -12426728.768427727743983, 4903420.457539580762386 ] ] ] } },
{ "type": "Feature", "properties": { "type": "Feature", "properties": { "height": 4.0765070915222168, "confidence": 0.97649997472763006 }, "id": 169, "area": 906.35609971998599, "perimeter": 142.7389150358232, "cluster": 4 }, "geometry": { "type": "Polygon", "coordinates": [ [ [ -12426738.91221877373755, 4903724.086931572295725 ], [ -12426721.898176709190011, 4903726.360154298134148 ], [ -12426721.726463036611676, 4903725.074955264106393 ], [ -12426708.525791883468628, 4903726.837754854932427 ], [ -12426707.365047993138433, 4903718.150112788192928 ], [ -12426694.888814486563206, 4903719.817045163363218 ], [ -12426698.336067019030452, 4903745.631690970622003 ], [ -12426708.467311153188348, 4903744.278069398365915 ], [ -12426708.765800353139639, 4903746.512125805951655 ], [ -12426741.327455865219235, 4903742.163886814378202 ], [ -12426738.91221877373755, 4903724.086931572295725 ] ] ] } },
{ "type": "Feature", "properties": { "type": "Feature", "properties": { "height": 4.6697893142700186, "confidence": 0.98360002040863004 }, "id": 170, "area": 533.10964146125946, "perimeter": 99.329794231226742, "cluster": 0 }, "geometry": { "type": "Polygon", "coordinates": [ [ [ -12427515.160450726747513, 4902743.330776246264577 ], [ -12427513.321944089606404, 4902744.443041882477701 ], [ -12427508.296489715576172, 4902736.137235976755619 ], [ -12427493.43346862308681, 4902745.129114078357816 ], [ -12427509.038826934993267, 4902770.920827153138816 ], [ -12427523.116491379216313, 4902762.404076631180942 ], [ -12427517.298036962747574, 4902752.786529582925141 ], [ -12427519.92100434191525, 4902751.199678377248347 ], [ -12427515.160450726747513, 4902743.330776246264577 ] ] ] } },
{ "type": "Feature", "properties": { "type": "Feature", "properties": { "height": 2.8345587253570552, "confidence": 0.91159999370574907 }, "id": 171, "area": 96.893991102655463, "perimeter": 39.386847987548187, "cluster": 2 }, "geometry": { "type": "Polygon", "coordinates": [ [ [ -12427671.210273053497076, 4903571.072934781201184 ], [ -12427676.331902110949159, 4903579.185776905156672 ], [ -12427684.871735928580165, 4903573.794588424265385 ], [ -12427679.750106869265437, 4903565.681746300309896 ], [ -12427671.210273053497076, 4903571.072934781201184 ] ] ] } },
{ "type": "Feature", "properties": { "type": "Feature", "properties": { "height": 5.6626782417297363, "confidence": 0.98619997501373202 }, "id": 172, "area": 581.08839225394388, "perimeter": 104.69838701156041, "cluster": 4 }, "geometry": { "type": "Polygon", "coordinates": [ [ [ -12427101.906192572787404, 4903680.554354704916477 ], [ -12427113.019991964101791, 4903705.451495772227645 ], [ -12427128.338175196200609, 4903698.613633744418621 ], [ -12427124.781294446438551, 4903690.646756150759757 ], [ -12427126.393632087856531, 4903689.927027044817805 ], [ -12427116.168936643749475, 4903667.021657259203494 ], [ -12427103.471394699066877, 4903672.689694951288402 ], [ -12427106.138706553727388, 4903678.665008808486164 ], [ -12427101.906192572787404, 4903680.554354704916477 ] ] ] } },
{ "type": "Feature", "properties": { "type": "Feature", "properties": { "height": 4.3899955749511719, "confidence": 0.93889999389648404 }, "id": 173, "area": 402.8030966348511, "perimeter": 84.335365492993461, "cluster": 0 }, "geometry": { "type": "Polygon", "coordinates": [ [ [ -12427330.891987442970276, 4902892.01192607358098 ], [ -12427329.613854235038161, 4902887.93377348780632 ], [ -12427333.692006817087531, 4902886.655640284530818 ], [ -12427327.216131899505854, 4902865.993000525049865 ], [ -12427311.719152081757784, 4902870.849906714633107 ], [ -12427319.473160207271576, 4902895.590699054300785 ], [ -12427330.891987442970276, 4902892.01192607358098 ] ] ] } },
{ "type": "Feature", "properties": { "type": "Feature", "properties": { "height": 5.5064973831176758, "confidence": 0.96390002965927113 }, "id": 174, "area": 308.71600980501506, "perimeter": 75.161911340245737, "cluster": 0 }, "geometry": { "type": "Polygon", "coordinates": [ [ [ -12427379.425667613744736, 4903579.986001644283533 ], [ -12427376.369953166693449, 4903579.491543933749199 ], [ -12427378.27531441859901, 4903567.71144806034863 ], [ -12427365.472633184865117, 4903565.640689636580646 ], [ -12427362.037056710571051, 4903586.881501688621938 ], [ -12427377.89484086073935, 4903589.446405043825507 ], [ -12427379.425667613744736, 4903579.986001644283533 ] ] ] } },
{ "type": "Feature", "properties": { "type": "Feature", "properties": { "height": 4.867795467376709, "confidence": 0.96609997749328602 }, "id": 175, "area": 300.07337869041777, "perimeter": 77.583390818204904, "cluster": 0 }, "geometry": { "type": "Polygon", "coordinates": [ [ [ -12427391.308351481333375, 4902751.123362059704959 ], [ -12427400.268085535615683, 4902745.953078796155751 ], [ -12427401.302142187952995, 4902747.745025608688593 ], [ -12427409.458063552156091, 4902743.038588621653616 ], [ -12427406.097685221582651, 4902737.214585027657449 ], [ -12427410.037099037319422, 4902734.941316069103777 ], [ -12427406.159386590123177, 4902728.221515527926385 ], [ -12427385.104011569172144, 4902740.371681198477745 ], [ -12427391.308351481333375, 4902751.123362059704959 ] ] ] } },
{ "type": "Feature", "properties": { "type": "Feature", "properties": { "height": 3.8214931488037109, "confidence": 0.97719997167587203 }, "id": 176, "area": 394.12927154173894, "perimeter": 91.02902535794874, "cluster": 0 }, "geometry": { "type": "Polygon", "coordinates": [ [ [ -12427602.152090471237898, 4902701.356601606123149 ], [ -12427594.55461754091084, 4902689.014055476523936 ], [ -12427573.767171427607536, 4902701.809799360111356 ], [ -12427584.83015832491219, 4902719.782278813421726 ], [ -12427590.027019852772355, 4902716.583342842757702 ], [ -12427586.561505885794759, 4902710.953409519046545 ], [ -12427602.152090471237898, 4902701.356601606123149 ] ] ] } },
{ "type": "Feature", "properties": { "type": "Feature", "properties": { "height": 4.9185929298400879, "confidence": 0.98610001802444402 }, "id": 177, "area": 532.20542481220809, "perimeter": 112.82331061908351, "cluster": 4 }, "geometry": { "type": "Polygon", "coordinates": [ [ [ -12426590.697748526930809, 4903478.310661356896162 ], [ -12426605.317713422700763, 4903478.703583145514131 ], [ -12426605.806860955432057, 4903460.503218680620193 ], [ -12426610.282360417768359, 4903460.623500861227512 ], [ -12426610.442736655473709, 4903454.656168251298368 ], [ -12426607.160703718662262, 4903454.567961317487061 ], [ -12426607.513531448319554, 4903441.439829573966563 ], [ -12426594.982132963836193, 4903441.103039468638599 ], [ -12426594.525060679763556, 4903458.109937412664294 ], [ -12426591.243027742952108, 4903458.021730477921665 ], [ -12426590.697748526930809, 4903478.310661356896162 ] ] ] } },
{ "type": "Feature", "properties": { "type": "Feature", "properties": { "height": 5.6674327850341797, "confidence": 0.98949998617172208 }, "id": 178, "area": 620.46158620317192, "perimeter": 114.02900455482292, "cluster": 4 }, "geometry": { "type": "Polygon", "coordinates": [ [ [ -12427380.875224573537707, 4903457.051773987710476 ], [ -12427368.637312645092607, 4903435.472693934105337 ], [ -12427340.622317178174853, 4903451.358576722443104 ], [ -12427346.967370046302676, 4903462.546792867593467 ], [ -12427359.964850973337889, 4903455.175671087577939 ], [ -12427365.858001040294766, 4903465.568330697715282 ], [ -12427380.875224573537707, 4903457.051773987710476 ] ] ] } },
{ "type": "Feature", "properties": { "type": "Feature", "properties": { "height": 4.9732017517089844, "confidence": 0.97320002317428511 }, "id": 179, "area": 189.58819028604233, "perimeter": 56.114833412262357, "cluster": 2 }, "geometry": { "type": "Polygon", "coordinates": [ [ [ -12426792.100155439227819, 4903965.884358429349959 ], [ -12426808.809670861810446, 4903966.31472668517381 ], [ -12426809.101706465706229, 4903954.976126936264336 ], [ -12426792.392191041260958, 4903954.54575867485255 ], [ -12426792.100155439227819, 4903965.884358429349959 ] ] ] } },
{ "type": "Feature", "properties": { "type": "Feature", "properties": { "height": 6.377169132232666, "confidence": 0.97140002250671309 }, "id": 180, "area": 292.71476541995474, "perimeter": 77.183572381117358, "cluster": 0 }, "geometry": { "type": "Polygon", "coordinates": [ [ [ -12426802.468352861702442, 4904177.776563084684312 ], [ -12426798.197720998898149, 4904176.833843817003071 ], [ -12426800.271703388541937, 4904167.438453718088567 ], [ -12426788.779482027515769, 4904164.901606983505189 ], [ -12426783.941652854904532, 4904186.824506840668619 ], [ -12426795.432411149144173, 4904189.361030610278249 ], [ -12426796.792215684428811, 4904183.200952242128551 ], [ -12426801.062910459935665, 4904184.143386498093605 ], [ -12426802.468352861702442, 4904177.776563084684312 ] ] ] } },
{ "type": "Feature", "properties": { "type": "Feature", "properties": { "height": 5.9820613861083984, "confidence": 0.94989997148513705 }, "id": 181, "area": 313.12575541605122, "perimeter": 78.180844854652122, "cluster": 0 }, "geometry": { "type": "Polygon", "coordinates": [ [ [ -12427175.63235704228282, 4902407.846868875436485 ], [ -12427180.407709477469325, 4902404.68613903503865 ], [ -12427182.194208953529596, 4902407.385251281782985 ], [ -12427199.634626552462578, 4902395.841716201044619 ], [ -12427192.763474719598889, 4902385.460515250451863 ], [ -12427170.547704683616757, 4902400.164780175313354 ], [ -12427175.63235704228282, 4902407.846868875436485 ] ] ] } },
{ "type": "Feature", "properties": { "type": "Feature", "properties": { "height": 6.4633736610412598, "confidence": 0.9733999967575071 }, "id": 182, "area": 265.123742802859, "perimeter": 68.902395902129101, "cluster": 0 }, "geometry": { "type": "Polygon", "coordinates": [ [ [ -12427441.573976701125503, 4904327.832176615484059 ], [ -12427432.768431562930346, 4904317.231988821178675 ], [ -12427416.868149871006608, 4904330.44030652847141 ], [ -12427423.178790552541614, 4904338.037107778713107 ], [ -12427427.065526077523828, 4904334.808407897129655 ], [ -12427429.560430537909269, 4904337.811794439330697 ], [ -12427441.573976701125503, 4904327.832176615484059 ] ] ] } },
{ "type": "Feature", "properties": { "type": "Feature", "properties": { "height": 5.9746065139770508, "confidence": 0.98739999532699507 }, "id": 183, "area": 424.7405889680013, "perimeter": 89.326103498475362, "cluster": 0 }, "geometry": { "type": "Polygon", "coordinates": [ [ [ -12427493.526445409283042, 4904080.471712986938655 ], [ -12427493.814702114090323, 4904094.200418910011649 ], [ -12427524.739640871062875, 4904093.548934688791633 ], [ -12427524.450423741713166, 4904079.820248998701572 ], [ -12427493.526445409283042, 4904080.471712986938655 ] ] ] } },
{ "type": "Feature", "properties": { "type": "Feature", "properties": { "height": 4.7757558822631845, "confidence": 0.98180001974105813 }, "id": 184, "area": 347.84375691839512, "perimeter": 84.861613442411368, "cluster": 0 }, "geometry": { "type": "Polygon", "coordinates": [ [ [ -12427573.067830054089427, 4902632.730376889929175 ], [ -12427569.390607796609402, 4902626.784230257384479 ], [ -12427581.821993274614215, 4902619.095529707148671 ], [ -12427574.208268616348505, 4902606.785368121229112 ], [ -12427556.378143606707454, 4902617.813140705227852 ], [ -12427567.668298276141286, 4902636.06956101860851 ], [ -12427573.067830054089427, 4902632.730376889929175 ] ] ] } },
{ "type": "Feature", "properties": { "type": "Feature", "properties": { "height": 5.468071460723877, "confidence": 0.96909999847412109 }, "id": 185, "area": 1777.4134476651739, "perimeter": 230.49639615661218, "cluster": 1 }, "geometry": { "type": "Polygon", "coordinates": [ [ [ -12427183.999431312084198, 4904463.007133439183235 ], [ -12427184.195727232843637, 4904440.017984624952078 ], [ -12427174.81705991178751, 4904439.937903620302677 ], [ -12427174.836494781076908, 4904437.680298533290625 ], [ -12427165.704266363754869, 4904437.601682623848319 ], [ -12427165.725772796198726, 4904435.082962180487812 ], [ -12427155.873280446976423, 4904434.998835354112089 ], [ -12427155.812097301706672, 4904442.164284335449338 ], [ -12427148.049527570605278, 4904442.098002596758306 ], [ -12427148.096862701699138, 4904436.554360706359148 ], [ -12427138.841496627777815, 4904436.474684752523899 ], [ -12427138.755916506052017, 4904446.497379981912673 ], [ -12427136.068873139098287, 4904446.474436301738024 ], [ -12427136.091816816478968, 4904443.787392931990325 ], [ -12427130.295608047395945, 4904443.737901228480041 ], [ -12427130.336731120944023, 4904438.960938096046448 ], [ -12427119.290003875270486, 4904438.866614136844873 ], [ -12427119.266872147098184, 4904441.553655899129808 ], [ -12427110.732030091807246, 4904441.480780007317662 ], [ -12427110.544852269813418, 4904463.402064516209066 ], [ -12427173.416077950969338, 4904463.943299175240099 ], [ -12427173.42491433955729, 4904462.916841513477266 ], [ -12427183.999431312084198, 4904463.007133439183235 ] ] ] } },
{ "type": "Feature", "properties": { "type": "Feature", "properties": { "height": 5.0998444557189941, "confidence": 0.97030001878738403 }, "id": 186, "area": 573.25905166896234, "perimeter": 103.99005804195615, "cluster": 0 }, "geometry": { "type": "Polygon", "coordinates": [ [ [ -12427320.659699764102697, 4904020.168327034451067 ], [ -12427315.896988751366735, 4904015.63561815675348 ], [ -12427322.755974095314741, 4904008.428588989190757 ], [ -12427304.268377533182502, 4903990.833800492808223 ], [ -12427290.550406841561198, 4904005.247858827933669 ], [ -12427313.800449747592211, 4904027.37510431278497 ], [ -12427320.659699764102697, 4904020.168327034451067 ] ] ] } },
{ "type": "Feature", "properties": { "type": "Feature", "properties": { "height": 4.8055601119995117, "confidence": 0.96179997920989913 }, "id": 187, "area": 548.46635875920356, "perimeter": 107.47459927820321, "cluster": 4 }, "geometry": { "type": "Polygon", "coordinates": [ [ [ -12427376.785588275641203, 4903384.301258112303913 ], [ -12427372.363242469727993, 4903354.650166207924485 ], [ -12427356.460286801680923, 4903357.020917577669024 ], [ -12427357.702101914212108, 4903365.350990026257932 ], [ -12427350.107818521559238, 4903366.483648056164384 ], [ -12427351.739814840257168, 4903377.431048707105219 ], [ -12427361.086720569059253, 4903376.037648007273674 ], [ -12427362.633291751146317, 4903386.412018462084234 ], [ -12427376.785588275641203, 4903384.301258112303913 ] ] ] } },
{ "type": "Feature", "properties": { "type": "Feature", "properties": { "height": 5.1093173027038574, "confidence": 0.99440002441406206 }, "id": 188, "area": 508.14039797292781, "perimeter": 106.85260880439711, "cluster": 0 }, "geometry": { "type": "Polygon", "coordinates": [ [ [ -12427467.357873510569334, 4904178.624573759734631 ], [ -12427481.977506076917052, 4904178.225521637126803 ], [ -12427481.798339819535613, 4904171.661604976281524 ], [ -12427492.837654203176498, 4904171.360279903747141 ], [ -12427492.560760894790292, 4904161.216045062057674 ], [ -12427480.626366963610053, 4904161.541801897808909 ], [ -12427480.325041895732284, 4904150.502487510442734 ], [ -12427466.600488875061274, 4904150.877107869833708 ], [ -12427467.357873510569334, 4904178.624573759734631 ] ] ] } },
{ "type": "Feature", "properties": { "type": "Feature", "properties": { "height": 5.0069999694824219, "confidence": 1.0 }, "id": 189, "area": 88.35557235698856, "perimeter": 37.85768635493136, "cluster": 2 }, "geometry": { "type": "Polygon", "coordinates": [ [ [ -12426947.522422192618251, 4904371.435581310652196 ], [ -12426936.954245561733842, 4904371.349041791632771 ], [ -12426936.885790249332786, 4904379.70878120046109 ], [ -12426947.454551931470633, 4904379.795325511135161 ], [ -12426947.522422192618251, 4904371.435581310652196 ] ] ] } },
{ "type": "Feature", "properties": { "type": "Feature", "properties": { "height": 6.9676704406738281, "confidence": 0.97979998588562012 }, "id": 190, "area": 603.91735943007905, "perimeter": 106.28012487572302, "cluster": 4 }, "geometry": { "type": "Polygon", "coordinates": [ [ [ -12427004.264296347275376, 4903756.337724562734365 ], [ -12427004.017589068040252, 4903741.711360902525485 ], [ -12427005.510075153782964, 4903741.686186688952148 ], [ -12427005.157636178657413, 4903720.791381462477148 ], [ -12426987.54630034416914, 4903721.0884371669963 ], [ -12426988.145446600392461, 4903756.609606055542827 ], [ -12427004.264296347275376, 4903756.337724562734365 ] ] ] } },
{ "type": "Feature", "properties": { "type": "Feature", "properties": { "height": 3.9335165023803711, "confidence": 0.98879998922348011 }, "id": 191, "area": 486.7777353176491, "perimeter": 104.19573727138531, "cluster": 0 }, "geometry": { "type": "Polygon", "coordinates": [ [ [ -12427431.262797564268112, 4902956.891658587381244 ], [ -12427439.400489473715425, 4902970.086318369023502 ], [ -12427461.247385181486607, 4902956.612435043789446 ], [ -12427447.373287497088313, 4902934.116621640510857 ], [ -12427440.451498758047819, 4902938.38557477388531 ], [ -12427446.187904531136155, 4902947.686728389933705 ], [ -12427431.262797564268112, 4902956.891658587381244 ] ] ] } },
{ "type": "Feature", "properties": { "type": "Feature", "properties": { "height": 5.7767043113708496, "confidence": 0.97860002517700206 }, "id": 192, "area": 470.64117640621987, "perimeter": 88.519796533735274, "cluster": 0 }, "geometry": { "type": "Polygon", "coordinates": [ [ [ -12427121.261052545160055, 4902235.0519855665043 ], [ -12427115.409392721951008, 4902218.283330225385725 ], [ -12427090.389494277536869, 4902227.014378215186298 ], [ -12427096.241154100745916, 4902243.783033555373549 ], [ -12427121.261052545160055, 4902235.0519855665043 ] ] ] } },
{ "type": "Feature", "properties": { "type": "Feature", "properties": { "height": 6.9488439559936523, "confidence": 0.96340000629425004 }, "id": 193, "area": 833.01607859522051, "perimeter": 133.30795053347646, "cluster": 4 }, "geometry": { "type": "Polygon", "coordinates": [ [ [ -12427652.76263166218996, 4903737.466145949438214 ], [ -12427639.151511710137129, 4903689.364320108667016 ], [ -12427623.117569761350751, 4903693.901360094547272 ], [ -12427636.728689713403583, 4903742.003185932524502 ], [ -12427652.76263166218996, 4903737.466145949438214 ] ] ] } },
{ "type": "Feature", "properties": { "type": "Feature", "properties": { "height": 5.0089983940124512, "confidence": 0.96160000562667802 }, "id": 194, "area": 524.39670224854842, "perimeter": 104.15520213156603, "cluster": 0 }, "geometry": { "type": "Polygon", "coordinates": [ [ [ -12426768.643758941441774, 4903545.910149002447724 ], [ -12426777.388299329206347, 4903571.934309189207852 ], [ -12426794.022298626601696, 4903566.345015334896743 ], [ -12426787.228077059611678, 4903546.125094956718385 ], [ -12426782.667045386508107, 4903547.65735643543303 ], [ -12426778.463075421750546, 4903535.146145679056644 ], [ -12426768.8046242184937, 4903538.391542112454772 ], [ -12426771.058371743187308, 4903545.098799892701209 ], [ -12426768.643758941441774, 4903545.910149002447724 ] ] ] } },
{ "type": "Feature", "properties": { "type": "Feature", "properties": { "height": 3.6614048480987549, "confidence": 0.9912999868392941 }, "id": 195, "area": 112.92547331990204, "perimeter": 44.149627166906072, "cluster": 2 }, "geometry": { "type": "Polygon", "coordinates": [ [ [ -12426921.52990635111928, 4903887.323381055146456 ], [ -12426921.874581690877676, 4903895.370311230421066 ], [ -12426935.882200879976153, 4903894.769340444356203 ], [ -12426935.537525542080402, 4903886.722410273738205 ], [ -12426921.52990635111928, 4903887.323381055146456 ] ] ] } },
{ "type": "Feature", "properties": { "type": "Feature", "properties": { "height": 4.7036747932434082, "confidence": 0.99000000953674305 }, "id": 196, "area": 688.94531753453521, "perimeter": 135.48440534794878, "cluster": 4 }, "geometry": { "type": "Polygon", "coordinates": [ [ [ -12427064.241777453571558, 4904267.577939914539456 ], [ -12427065.084473317489028, 4904293.527160881087184 ], [ -12427074.443664396181703, 4904293.22256794758141 ], [ -12427074.385422319173813, 4904291.432970572263002 ], [ -12427090.379043513908982, 4904290.912461484782398 ], [ -12427090.282181922346354, 4904287.929792406968772 ], [ -12427099.044449206441641, 4904287.64462623372674 ], [ -12427098.986207127571106, 4904285.855028862133622 ], [ -12427103.944342717528343, 4904285.693667363375425 ], [ -12427103.585954818874598, 4904274.657791779376566 ], [ -12427097.433982744812965, 4904274.858006437309086 ], [ -12427097.336912618950009, 4904271.875344146043062 ], [ -12427091.371588038280606, 4904272.069484400562942 ], [ -12427091.458951150998473, 4904274.753880461677909 ], [ -12427074.159509869292378, 4904275.316887191496789 ], [ -12427073.897420525550842, 4904267.263699009083211 ], [ -12427064.241777453571558, 4904267.577939914539456 ] ] ] } },
{ "type": "Feature", "properties": { "type": "Feature", "properties": { "height": 5.6494789123535156, "confidence": 0.95730000734329213 }, "id": 197, "area": 496.38479070071844, "perimeter": 92.630263238879934, "cluster": 0 }, "geometry": { "type": "Polygon", "coordinates": [ [ [ -12427088.803093519061804, 4902244.72227147500962 ], [ -12427083.061829896643758, 4902228.889193950220942 ], [ -12427055.353944232687354, 4902238.936405291780829 ], [ -12427061.0952078551054, 4902254.769482813775539 ], [ -12427088.803093519061804, 4902244.72227147500962 ] ] ] } },
{ "type": "Feature", "properties": { "type": "Feature", "properties": { "height": 3.5844435691833492, "confidence": 0.97079998254776001 }, "id": 198, "area": 414.83730895889693, "perimeter": 92.67955072109352, "cluster": 0 }, "geometry": { "type": "Polygon", "coordinates": [ [ [ -12427536.521184580400586, 4902453.771830112673342 ], [ -12427533.595320928841829, 4902448.995237347669899 ], [ -12427539.891738664358854, 4902445.138417077250779 ], [ -12427532.444085730239749, 4902432.979817316867411 ], [ -12427516.272757003083825, 4902442.885435245931149 ], [ -12427520.927926819771528, 4902450.484323206357658 ], [ -12427517.124026341363788, 4902452.814371989108622 ], [ -12427524.438685474917293, 4902464.755853899754584 ], [ -12427533.019637536257505, 4902459.499660419300199 ], [ -12427531.423579312860966, 4902456.894327403977513 ], [ -12427536.521184580400586, 4902453.771830112673342 ] ] ] } },
{ "type": "Feature", "properties": { "type": "Feature", "properties": { "height": 4.3479228019714347, "confidence": 1.0 }, "id": 199, "area": 120.29195143000416, "perimeter": 46.532301962265308, "cluster": 2 }, "geometry": { "type": "Polygon", "coordinates": [ [ [ -12427056.719736497849226, 4903322.37526504509151 ], [ -12427064.467375874519348, 4903322.028768572956324 ], [ -12427063.774382933974266, 4903306.533489818684757 ], [ -12427056.026743559166789, 4903306.879986288957298 ], [ -12427056.719736497849226, 4903322.37526504509151 ] ] ] } },
{ "type": "Feature", "properties": { "type": "Feature", "properties": { "height": 5.0327577590942383, "confidence": 0.96780002117156905 }, "id": 200, "area": 350.99708499757281, "perimeter": 80.997842717639514, "cluster": 0 }, "geometry": { "type": "Polygon", "coordinates": [ [ [ -12427234.174102049320936, 4902307.695604278706014 ], [ -12427225.341766517609358, 4902311.292703974060714 ], [ -12427235.400477416813374, 4902335.995155220851302 ], [ -12427248.206283891573548, 4902330.780696790665388 ], [ -12427239.711559237912297, 4902309.919124799780548 ], [ -12427235.738631958141923, 4902311.537158384919167 ], [ -12427234.174102049320936, 4902307.695604278706014 ] ] ] } },
{ "type": "Feature", "properties": { "type": "Feature", "properties": { "height": 2.9250814914703369, "confidence": 0.99510002136230413 }, "id": 201, "area": 54.782929446549026, "perimeter": 29.65892343543495, "cluster": 2 }, "geometry": { "type": "Polygon", "coordinates": [ [ [ -12427495.526862062513828, 4902694.977591942064464 ], [ -12427492.027232246473432, 4902688.946629351936281 ], [ -12427485.231633165851235, 4902692.889960257336497 ], [ -12427488.73157874494791, 4902698.920739617198706 ], [ -12427495.526862062513828, 4902694.977591942064464 ] ] ] } },
{ "type": "Feature", "properties": { "type": "Feature", "properties": { "height": 6.8624916076660156, "confidence": 0.94520002603530806 }, "id": 202, "area": 538.59258081675262, "perimeter": 97.910180370803289, "cluster": 0 }, "geometry": { "type": "Polygon", "coordinates": [ [ [ -12427756.682831602171063, 4903665.430166319012642 ], [ -12427751.356044722720981, 4903681.253270459361374 ], [ -12427781.929500177502632, 4903691.545706120319664 ], [ -12427787.25628705881536, 4903675.7226019827649 ], [ -12427756.682831602171063, 4903665.430166319012642 ] ] ] } },
{ "type": "Feature", "properties": { "type": "Feature", "properties": { "height": 4.259181022644043, "confidence": 0.97079998254776001 }, "id": 203, "area": 589.92842245710108, "perimeter": 104.25258232039513, "cluster": 4 }, "geometry": { "type": "Polygon", "coordinates": [ [ [ -12427264.799213532358408, 4903309.820393822155893 ], [ -12427274.611195875331759, 4903328.158340676687658 ], [ -12427277.498534405604005, 4903326.613428645767272 ], [ -12427281.846057236194611, 4903334.737598958425224 ], [ -12427298.456853061914444, 4903325.849753625690937 ], [ -12427286.409229174256325, 4903303.33354040235281 ], [ -12427277.820570521056652, 4903307.929025803692639 ], [ -12427275.70913128182292, 4903303.982885342091322 ], [ -12427264.799213532358408, 4903309.820393822155893 ] ] ] } },
{ "type": "Feature", "properties": { "type": "Feature", "properties": { "height": 5.2020087242126456, "confidence": 0.98519998788833607 }, "id": 204, "area": 470.69905529881692, "perimeter": 100.38830535520066, "cluster": 0 }, "geometry": { "type": "Polygon", "coordinates": [ [ [ -12427649.778979923576117, 4902735.48345707450062 ], [ -12427637.388087030500174, 4902743.75677162129432 ], [ -12427646.688814485445619, 4902757.686414589174092 ], [ -12427655.690627105534077, 4902751.675335768610239 ], [ -12427657.559300702065229, 4902754.47374352067709 ], [ -12427664.458707552403212, 4902749.867056699469686 ], [ -12427661.287270307540894, 4902745.117214422672987 ], [ -12427665.126060295850039, 4902742.554080568253994 ], [ -12427653.604554062709212, 4902725.300199310295284 ], [ -12427646.256083821877837, 4902730.207237002439797 ], [ -12427649.778979923576117, 4902735.48345707450062 ] ] ] } },
{ "type": "Feature", "properties": { "type": "Feature", "properties": { "height": 6.1744351387023926, "confidence": 0.97890001535415605 }, "id": 205, "area": 185.45932965388798, "perimeter": 59.457998299281329, "cluster": 2 }, "geometry": { "type": "Polygon", "coordinates": [ [ [ -12426958.030466698110104, 4904000.88135055359453 ], [ -12426953.095522508025169, 4903999.135399902239442 ], [ -12426951.9112688601017, 4904002.482702796347439 ], [ -12426946.496788520365953, 4904000.567474379204214 ], [ -12426941.427786728367209, 4904014.897885464131832 ], [ -12426951.777528064325452, 4904018.558831202797592 ], [ -12426958.030466698110104, 4904000.88135055359453 ] ] ] } },
{ "type": "Feature", "properties": { "type": "Feature", "properties": { "height": 5.0741209983825684, "confidence": 0.97949999570846502 }, "id": 206, "area": 423.08240663966114, "perimeter": 94.082031625879182, "cluster": 0 }, "geometry": { "type": "Polygon", "coordinates": [ [ [ -12427337.173283990472555, 4902068.431535379961133 ], [ -12427330.063860457390547, 4902040.222859052941203 ], [ -12427319.67613847926259, 4902042.840873248875141 ], [ -12427322.577181240543723, 4902054.351592194288969 ], [ -12427317.52369487285614, 4902055.625220722518861 ], [ -12427319.113761922344565, 4902061.934267654083669 ], [ -12427317.148484628647566, 4902062.429438305087388 ], [ -12427319.766542246565223, 4902072.817332570441067 ], [ -12427337.173283990472555, 4902068.431535379961133 ] ] ] } },
{ "type": "Feature", "properties": { "type": "Feature", "properties": { "height": 5.7531170845031738, "confidence": 0.96359997987747104 }, "id": 207, "area": 430.20656123851154, "perimeter": 85.393214132385808, "cluster": 0 }, "geometry": { "type": "Polygon", "coordinates": [ [ [ -12426587.169149989262223, 4903556.570235320366919 ], [ -12426605.083788378164172, 4903556.497513522394001 ], [ -12426605.018276069313288, 4903540.075761663727462 ], [ -12426603.372730551287532, 4903540.082441508769989 ], [ -12426603.338793722912669, 4903531.722279303707182 ], [ -12426587.070285957306623, 4903531.78831887897104 ], [ -12426587.169149989262223, 4903556.570235320366919 ] ] ] } },
{ "type": "Feature", "properties": { "type": "Feature", "properties": { "height": 5.3555045127868652, "confidence": 0.96950000524520807 }, "id": 208, "area": 272.15212516726024, "perimeter": 69.041912687153271, "cluster": 0 }, "geometry": { "type": "Polygon", "coordinates": [ [ [ -12426888.977233583107591, 4901837.039788091555238 ], [ -12426877.139810342341661, 4901839.924580068327487 ], [ -12426882.428595626726747, 4901861.626522677019238 ], [ -12426894.266018867492676, 4901858.741730702109635 ], [ -12426888.977233583107591, 4901837.039788091555238 ] ] ] } },
{ "type": "Feature", "properties": { "type": "Feature", "properties": { "height": 6.6330547332763672, "confidence": 0.92449998855590809 }, "id": 209, "area": 330.72706933892795, "perimeter": 75.487752915124133, "cluster": 0 }, "geometry": { "type": "Polygon", "coordinates": [ [ [ -12427179.142550798133016, 4903457.774527134373784 ], [ -12427192.487834824249148, 4903454.145857733674347 ], [ -12427186.213260646909475, 4903431.069637441076338 ], [ -12427172.867976622655988, 4903434.698306844569743 ], [ -12427179.142550798133016, 4903457.774527134373784 ] ] ] } },
{ "type": "Feature", "properties": { "type": "Feature", "properties": { "height": 3.9588038921356201, "confidence": 0.94260001182556108 }, "id": 210, "area": 1610.2174441419556, "perimeter": 273.88563758546172, "cluster": 1 }, "geometry": { "type": "Polygon", "coordinates": [ [ [ -12426668.670126097276807, 4902398.083601030521095 ], [ -12426637.014734042808414, 4902294.27542070671916 ], [ -12426628.272992540150881, 4902296.94113793130964 ], [ -12426624.274416701868176, 4902283.828525680117309 ], [ -12426618.952527573332191, 4902285.451388988643885 ], [ -12426652.51685412414372, 4902395.544845777563751 ], [ -12426660.850766651332378, 4902393.003492410294712 ], [ -12426662.933358235284686, 4902399.832977958954871 ], [ -12426668.670126097276807, 4902398.083601030521095 ] ] ] } },
{ "type": "Feature", "properties": { "type": "Feature", "properties": { "height": 4.7855234146118164, "confidence": 0.98530000448226907 }, "id": 211, "area": 333.45385167927498, "perimeter": 85.078032703617339, "cluster": 0 }, "geometry": { "type": "Polygon", "coordinates": [ [ [ -12427455.745307706296444, 4903072.996655874885619 ], [ -12427467.605642668902874, 4903089.912254390306771 ], [ -12427477.290411615744233, 4903083.121799793094397 ], [ -12427463.463969392701983, 4903063.404042883776128 ], [ -12427459.861063005402684, 4903065.930464989505708 ], [ -12427457.686186896637082, 4903062.828894989565015 ], [ -12427449.279128734022379, 4903068.723485459573567 ], [ -12427453.419276410713792, 4903074.627710433676839 ], [ -12427455.745307706296444, 4903072.996655874885619 ] ] ] } },
{ "type": "Feature", "properties": { "type": "Feature", "properties": { "height": 6.6956520080566406, "confidence": 0.95230001211166304 }, "id": 212, "area": 553.62954415812305, "perimeter": 94.949121067300439, "cluster": 0 }, "geometry": { "type": "Polygon", "coordinates": [ [ [ -12426891.9985619969666, 4902443.17603706009686 ], [ -12426871.396394217386842, 4902443.17603706009686 ], [ -12426871.396394217386842, 4902470.048429814167321 ], [ -12426891.9985619969666, 4902470.048429814167321 ], [ -12426891.9985619969666, 4902443.17603706009686 ] ] ] } },
{ "type": "Feature", "properties": { "type": "Feature", "properties": { "height": 6.3827338218688956, "confidence": 0.95649999380111606 }, "id": 213, "area": 495.99418955241202, "perimeter": 100.92057583580431, "cluster": 0 }, "geometry": { "type": "Polygon", "coordinates": [ [ [ -12426682.39389849640429, 4903192.020048538222909 ], [ -12426682.39389849640429, 4903180.790492883883417 ], [ -12426685.081137770786881, 4903180.790304808877409 ], [ -12426685.081137770786881, 4903173.507955751381814 ], [ -12426667.464791409671307, 4903173.507955751381814 ], [ -12426667.464791409671307, 4903175.896612884476781 ], [ -12426653.132848605513573, 4903175.896612884476781 ], [ -12426653.132848605513573, 4903190.228555689565837 ], [ -12426670.450612826272845, 4903190.228555689565837 ], [ -12426670.450612826272845, 4903192.020048538222909 ], [ -12426682.39389849640429, 4903192.020048538222909 ] ] ] } },
{ "type": "Feature", "properties": { "type": "Feature", "properties": { "height": 4.8379044532775879, "confidence": 0.98750001192092907 }, "id": 214, "area": 614.36731073526062, "perimeter": 104.43776009682034, "cluster": 4 }, "geometry": { "type": "Polygon", "coordinates": [ [ [ -12426795.300864504650235, 4903931.346064992249012 ], [ -12426813.193175176158547, 4903931.982213774695992 ], [ -12426814.412460347637534, 4903897.688618320040405 ], [ -12426796.520149674266577, 4903897.052469536662102 ], [ -12426795.300864504650235, 4903931.346064992249012 ] ] ] } },
{ "type": "Feature", "properties": { "type": "Feature", "properties": { "height": 6.1345891952514648, "confidence": 0.98259997367858809 }, "id": 215, "area": 393.31342752691694, "perimeter": 81.168107084627252, "cluster": 0 }, "geometry": { "type": "Polygon", "coordinates": [ [ [ -12426877.771157566457987, 4901973.758832742460072 ], [ -12426878.345756284892559, 4901998.339271465316415 ], [ -12426894.336894135922194, 4901997.966577673330903 ], [ -12426893.763988763093948, 4901973.384980166330934 ], [ -12426877.771157566457987, 4901973.758832742460072 ] ] ] } },
{ "type": "Feature", "properties": { "type": "Feature", "properties": { "height": 6.1440205574035645, "confidence": 0.99919998645782404 }, "id": 216, "area": 765.52927790311105, "perimeter": 136.15259230769891, "cluster": 4 }, "geometry": { "type": "Polygon", "coordinates": [ [ [ -12426889.642302164807916, 4903328.837396037764847 ], [ -12426889.702485488727689, 4903342.273322838358581 ], [ -12426900.451226929202676, 4903342.225176181644201 ], [ -12426900.481987293809652, 4903349.092427657917142 ], [ -12426896.003345027565956, 4903349.112488764338195 ], [ -12426896.04296837747097, 4903357.958401856012642 ], [ -12426903.208793757483363, 4903357.925802567973733 ], [ -12426903.219994125887752, 4903360.426284734159708 ], [ -12426917.551649380475283, 4903360.36208918876946 ], [ -12426917.512864572927356, 4903351.70338080637157 ], [ -12426921.69293068908155, 4903351.684657108969986 ], [ -12426921.628735143691301, 4903337.353001853451133 ], [ -12426916.254364423453808, 4903337.377075182273984 ], [ -12426916.215579615905881, 4903328.718366800807416 ], [ -12426889.642302164807916, 4903328.837396037764847 ] ] ] } },
{ "type": "Feature", "properties": { "type": "Feature", "properties": { "height": 4.1504759788513184, "confidence": 0.99049997329711903 }, "id": 217, "area": 46.882716998504762, "perimeter": 30.313384060769401, "cluster": 2 }, "geometry": { "type": "Polygon", "coordinates": [ [ [ -12427115.874030193313956, 4903394.541387625969946 ], [ -12427111.948584690690041, 4903396.370038608089089 ], [ -12427116.520212151110172, 4903406.183652361854911 ], [ -12427120.445657650008798, 4903404.355001377873123 ], [ -12427115.874030193313956, 4903394.541387625969946 ] ] ] } },
{ "type": "Feature", "properties": { "type": "Feature", "properties": { "height": 5.7137465476989755, "confidence": 0.96200001239776611 }, "id": 218, "area": 330.76078837098026, "perimeter": 78.372648200437297, "cluster": 0 }, "geometry": { "type": "Polygon", "coordinates": [ [ [ -12427264.879767233505845, 4902652.333975708112121 ], [ -12427274.004684820771217, 4902672.937139823101461 ], [ -12427286.485318843275309, 4902667.408729077316821 ], [ -12427284.104494864121079, 4902662.033063310198486 ], [ -12427286.850305499508977, 4902660.816973601467907 ], [ -12427282.759821945801377, 4902651.581065092235804 ], [ -12427279.015534710139036, 4902653.23936923686415 ], [ -12427276.362248081713915, 4902647.248509664088488 ], [ -12427264.879767233505845, 4902652.333975708112121 ] ] ] } },
{ "type": "Feature", "properties": { "type": "Feature", "properties": { "height": 6.048367977142334, "confidence": 0.95759999752044611 }, "id": 219, "area": 1281.0396161950355, "perimeter": 168.97560056035832, "cluster": 1 }, "geometry": { "type": "Polygon", "coordinates": [ [ [ -12427302.062373684719205, 4904410.03166401013732 ], [ -12427284.450591010972857, 4904410.315168348141015 ], [ -12427284.4746168050915, 4904411.807692303322256 ], [ -12427278.504520982503891, 4904411.903795470483601 ], [ -12427278.634260257706046, 4904419.963424828834832 ], [ -12427275.649212347343564, 4904420.011476410552859 ], [ -12427275.942327003926039, 4904438.220268664881587 ], [ -12427283.106441987678409, 4904438.104944868013263 ], [ -12427283.27942768856883, 4904448.85111734457314 ], [ -12427281.189894150942564, 4904448.884753454476595 ], [ -12427281.468593332916498, 4904466.198031335137784 ], [ -12427302.960938289761543, 4904465.852059938013554 ], [ -12427302.062373684719205, 4904410.03166401013732 ] ] ] } },
{ "type": "Feature", "properties": { "type": "Feature", "properties": { "height": 5.4222321510314941, "confidence": 0.95859998464584306 }, "id": 220, "area": 389.79121435723437, "perimeter": 87.160425314884691, "cluster": 0 }, "geometry": { "type": "Polygon", "coordinates": [ [ [ -12427388.134015893563628, 4904174.731725278310478 ], [ -12427375.634251264855266, 4904146.351519177667797 ], [ -12427364.130961231887341, 4904151.418022828176618 ], [ -12427376.630428865551949, 4904179.797554617747664 ], [ -12427388.134015893563628, 4904174.731725278310478 ] ] ] } },
{ "type": "Feature", "properties": { "type": "Feature", "properties": { "height": 4.2435178756713867, "confidence": 0.99320000410079912 }, "id": 221, "area": 429.91209903187678, "perimeter": 88.263146341433867, "cluster": 0 }, "geometry": { "type": "Polygon", "coordinates": [ [ [ -12427474.030392494052649, 4904335.841690867207944 ], [ -12427452.605300147086382, 4904319.09209109749645 ], [ -12427444.636987995356321, 4904329.284682331606746 ], [ -12427450.680613167583942, 4904334.009436890482903 ], [ -12427448.217543467879295, 4904337.159767194651067 ], [ -12427463.598567893728614, 4904349.184266272932291 ], [ -12427474.030392494052649, 4904335.841690867207944 ] ] ] } },
{ "type": "Feature", "properties": { "type": "Feature", "properties": { "height": 2.8383839130401611, "confidence": 0.98650002479553212 }, "id": 222, "area": 79.422560711571833, "perimeter": 35.827321150178548, "cluster": 2 }, "geometry": { "type": "Polygon", "coordinates": [ [ [ -12427914.535873079672456, 4904106.279457827098668 ], [ -12427914.418655222281814, 4904096.427641821093857 ], [ -12427906.358078490942717, 4904096.523547338321805 ], [ -12427906.475296346470714, 4904106.375363345257938 ], [ -12427914.535873079672456, 4904106.279457827098668 ] ] ] } },
{ "type": "Feature", "properties": { "type": "Feature", "properties": { "height": 7.3620715141296387, "confidence": 0.96749997138977006 }, "id": 223, "area": 559.06787067242021, "perimeter": 100.61281266915516, "cluster": 0 }, "geometry": { "type": "Polygon", "coordinates": [ [ [ -12427617.718067726120353, 4903679.474906928837299 ], [ -12427634.289238097146153, 4903679.146684559062123 ], [ -12427633.618862457573414, 4903645.420180560089648 ], [ -12427617.05005163885653, 4903645.748356195166707 ], [ -12427617.718067726120353, 4903679.474906928837299 ] ] ] } },
{ "type": "Feature", "properties": { "type": "Feature", "properties": { "height": 6.1732926368713379, "confidence": 0.97460001707077004 }, "id": 224, "area": 762.24208619609362, "perimeter": 131.42993845369716, "cluster": 4 }, "geometry": { "type": "Polygon", "coordinates": [ [ [ -12426605.257601663470268, 4903035.136646087281406 ], [ -12426603.434397900477052, 4903023.966004859656096 ], [ -12426608.087804291397333, 4903023.206830005161464 ], [ -12426607.280834967270494, 4903018.262585715390742 ], [ -12426618.332675142213702, 4903016.459545441903174 ], [ -12426617.573174603283405, 4903011.806139051914215 ], [ -12426621.354067297652364, 4903011.189309484325349 ], [ -12426619.569484250620008, 4903000.255294668488204 ], [ -12426586.414332633838058, 4903005.666675796732306 ], [ -12426591.588372485712171, 4903037.367654098197818 ], [ -12426605.257601663470268, 4903035.136646087281406 ] ] ] } },
{ "type": "Feature", "properties": { "type": "Feature", "properties": { "height": 4.5085873603820801, "confidence": 0.97729998826980513 }, "id": 225, "area": 550.0653661928792, "perimeter": 107.68957419763589, "cluster": 4 }, "geometry": { "type": "Polygon", "coordinates": [ [ [ -12426730.644215874373913, 4903015.794373109936714 ], [ -12426730.736620800569654, 4903019.972479422576725 ], [ -12426742.972503578290343, 4903019.701864995993674 ], [ -12426742.91310041025281, 4903017.01593950856477 ], [ -12426749.369447594508529, 4903016.873147952370346 ], [ -12426749.038008021190763, 4903001.839469747617841 ], [ -12426712.927120456472039, 4903002.635587438009679 ], [ -12426713.225718349218369, 4903016.179608637467027 ], [ -12426730.644215874373913, 4903015.794373109936714 ] ] ] } },
{ "type": "Feature", "properties": { "type": "Feature", "properties": { "height": 5.9712920188903809, "confidence": 0.99390000104904108 }, "id": 226, "area": 615.98764882709293, "perimeter": 111.06967911905885, "cluster": 4 }, "geometry": { "type": "Polygon", "coordinates": [ [ [ -12427061.032547412440181, 4903946.766770671121776 ], [ -12427039.061980858445168, 4903946.849806129001081 ], [ -12427039.11614616215229, 4903961.181544218212366 ], [ -12427031.528513766825199, 4903961.210220879875124 ], [ -12427031.57333805039525, 4903972.854754999279976 ], [ -12427057.373405961319804, 4903972.757246345281601 ], [ -12427057.330061515793204, 4903961.288626808673143 ], [ -12427061.088391922414303, 4903961.274159551598132 ], [ -12427061.032547412440181, 4903946.766770671121776 ] ] ] } },
{ "type": "Feature", "properties": { "type": "Feature", "properties": { "height": 2.971250057220459, "confidence": 0.98879998922348011 }, "id": 227, "area": 71.397216874461151, "perimeter": 36.060779297579572, "cluster": 2 }, "geometry": { "type": "Polygon", "coordinates": [ [ [ -12427496.782203782349825, 4902860.968834320083261 ], [ -12427493.737806273624301, 4902855.947089739143848 ], [ -12427483.341375892981887, 4902862.249852894805372 ], [ -12427486.385516384616494, 4902867.271753287874162 ], [ -12427496.782203782349825, 4902860.968834320083261 ] ] ] } },
{ "type": "Feature", "properties": { "type": "Feature", "properties": { "height": 5.693427562713623, "confidence": 0.99919998645782404 }, "id": 228, "area": 631.86281685270433, "perimeter": 112.0044836793621, "cluster": 4 }, "geometry": { "type": "Polygon", "coordinates": [ [ [ -12426768.420095661655068, 4904042.369776657782495 ], [ -12426780.656676219776273, 4904042.115418846718967 ], [ -12426780.584509206935763, 4904038.643626748584211 ], [ -12426801.358454694971442, 4904038.210351568646729 ], [ -12426801.013838097453117, 4904021.687257660552859 ], [ -12426792.179145703092217, 4904021.87090153247118 ], [ -12426792.117107212543488, 4904018.886369688436389 ], [ -12426777.492901179939508, 4904019.190358295105398 ], [ -12426777.554939672350883, 4904022.174890138208866 ], [ -12426768.004437772557139, 4904022.373413309454918 ], [ -12426768.420095661655068, 4904042.369776657782495 ] ] ] } },
{ "type": "Feature", "properties": { "type": "Feature", "properties": { "height": 6.062340259552002, "confidence": 0.98839998245239202 }, "id": 229, "area": 593.48247034604492, "perimeter": 106.72441112505152, "cluster": 4 }, "geometry": { "type": "Polygon", "coordinates": [ [ [ -12427027.981352880597115, 4903857.24796992726624 ], [ -12427025.876260671764612, 4903894.751158814877272 ], [ -12427041.651411551982164, 4903895.636634108610451 ], [ -12427043.756503760814667, 4903858.133445219136775 ], [ -12427027.981352880597115, 4903857.24796992726624 ] ] ] } },
{ "type": "Feature", "properties": { "type": "Feature", "properties": { "height": 5.7863211631774902, "confidence": 0.96560001373291005 }, "id": 230, "area": 199.5903939986824, "perimeter": 64.838068428082607, "cluster": 2 }, "geometry": { "type": "Polygon", "coordinates": [ [ [ -12426671.446124315261841, 4902125.923555347137153 ], [ -12426676.921399069949985, 4902127.572115816175938 ], [ -12426673.9216468334198, 4902137.535030737519264 ], [ -12426682.134717650711536, 4902140.007344396784902 ], [ -12426687.35986783541739, 4902122.653335601091385 ], [ -12426673.671680949628353, 4902118.531934428028762 ], [ -12426671.446124315261841, 4902125.923555347137153 ] ] ] } },
{ "type": "Feature", "properties": { "type": "Feature", "properties": { "height": 5.6989026069641113, "confidence": 0.97439998388290405 }, "id": 231, "area": 901.77749553935996, "perimeter": 143.82903555954783, "cluster": 4 }, "geometry": { "type": "Polygon", "coordinates": [ [ [ -12426961.759491894394159, 4903811.083910064771771 ], [ -12426947.571017095819116, 4903811.456297945231199 ], [ -12426947.293912285938859, 4903800.898235158063471 ], [ -12426932.837573524564505, 4903801.278665122576058 ], [ -12426932.923945382237434, 4903804.560795738361776 ], [ -12426926.792106475681067, 4903804.72215992026031 ], [ -12426927.003546675667167, 4903812.778313531540334 ], [ -12426935.522953119128942, 4903812.554118626751006 ], [ -12426936.201226782053709, 4903838.328517811372876 ], [ -12426962.458320032805204, 4903837.639379376545548 ], [ -12426961.759491894394159, 4903811.083910064771771 ] ] ] } },
{ "type": "Feature", "properties": { "type": "Feature", "properties": { "height": 3.5479781627655029, "confidence": 0.96979999542236306 }, "id": 232, "area": 147.67488559409446, "perimeter": 56.071847614610199, "cluster": 2 }, "geometry": { "type": "Polygon", "coordinates": [ [ [ -12427400.80444410443306, 4902561.639735204167664 ], [ -12427402.997870689257979, 4902565.227974158711731 ], [ -12427419.200485335662961, 4902555.322470313869417 ], [ -12427414.482654636725783, 4902547.605427955277264 ], [ -12427402.528142200782895, 4902554.913008554838598 ], [ -12427405.052868170663714, 4902559.042749215848744 ], [ -12427400.80444410443306, 4902561.639735204167664 ] ] ] } },
{ "type": "Feature", "properties": { "type": "Feature", "properties": { "height": 5.977931022644043, "confidence": 0.98739999532699507 }, "id": 233, "area": 593.78505130126132, "perimeter": 105.84768296976445, "cluster": 4 }, "geometry": { "type": "Polygon", "coordinates": [ [ [ -12426919.617235917598009, 4903177.094006564468145 ], [ -12426918.230412997305393, 4903167.250526250340044 ], [ -12426919.987055098637938, 4903167.003160354681313 ], [ -12426917.965896237641573, 4903152.657249888405204 ], [ -12426915.214412419125438, 4903153.044706873595715 ], [ -12426913.83833646401763, 4903143.272652576677501 ], [ -12426898.144559361040592, 4903145.483708940446377 ], [ -12426902.929297333583236, 4903179.445127814076841 ], [ -12426919.617235917598009, 4903177.094006564468145 ] ] ] } },
{ "type": "Feature", "properties": { "type": "Feature", "properties": { "height": 5.4134907722473145, "confidence": 0.97079998254776001 }, "id": 234, "area": 619.69262748266897, "perimeter": 113.76185357527993, "cluster": 4 }, "geometry": { "type": "Polygon", "coordinates": [ [ [ -12427303.361019194126129, 4902322.86598929297179 ], [ -12427284.870021060109138, 4902333.258116604760289 ], [ -12427288.823336634784937, 4902340.29235980194062 ], [ -12427278.724768588319421, 4902345.967856822535396 ], [ -12427284.659881545230746, 4902356.527051678858697 ], [ -12427301.791619040071964, 4902346.897643513046205 ], [ -12427303.704456496983767, 4902350.301207835786045 ], [ -12427315.161985641345382, 4902343.861159082502127 ], [ -12427303.361019194126129, 4902322.86598929297179 ] ] ] } },
{ "type": "Feature", "properties": { "type": "Feature", "properties": { "height": 6.9146485328674316, "confidence": 0.98369997739791804 }, "id": 235, "area": 835.5538819338783, "perimeter": 133.34724328431761, "cluster": 4 }, "geometry": { "type": "Polygon", "coordinates": [ [ [ -12427539.81325433216989, 4903432.849576179869473 ], [ -12427568.111716629937291, 4903474.002596972510219 ], [ -12427581.896964972838759, 4903464.523309110663831 ], [ -12427553.598502678796649, 4903423.370288317091763 ], [ -12427539.81325433216989, 4903432.849576179869473 ] ] ] } },
{ "type": "Feature", "properties": { "type": "Feature", "properties": { "height": 5.6705660820007324, "confidence": 0.99140000343322709 }, "id": 236, "area": 281.72355359715141, "perimeter": 70.498664189874034, "cluster": 0 }, "geometry": { "type": "Polygon", "coordinates": [ [ [ -12426585.859070910140872, 4903498.93122133705765 ], [ -12426585.580211689695716, 4903516.718455939553678 ], [ -12426599.455880483612418, 4903516.935991620644927 ], [ -12426599.581672988831997, 4903508.876245902851224 ], [ -12426603.163782197982073, 4903508.932404391467571 ], [ -12426603.315623374655843, 4903499.203674528747797 ], [ -12426585.859070910140872, 4903498.93122133705765 ] ] ] } },
{ "type": "Feature", "properties": { "type": "Feature", "properties": { "height": 5.8183493614196777, "confidence": 0.98710000514984109 }, "id": 237, "area": 580.50219868538738, "perimeter": 100.27530090083263, "cluster": 0 }, "geometry": { "type": "Polygon", "coordinates": [ [ [ -12426784.04932926222682, 4903278.376860111951828 ], [ -12426762.700055349618196, 4903279.046266237273812 ], [ -12426763.140619214624166, 4903293.065813025459647 ], [ -12426759.730935549363494, 4903293.172723600640893 ], [ -12426760.086343580856919, 4903304.507701175287366 ], [ -12426784.844320910051465, 4903303.731415211223066 ], [ -12426784.04932926222682, 4903278.376860111951828 ] ] ] } },
{ "type": "Feature", "properties": { "type": "Feature", "properties": { "height": 5.1789693832397461, "confidence": 0.98570001125335605 }, "id": 238, "area": 679.6366661952419, "perimeter": 110.52244722977997, "cluster": 4 }, "geometry": { "type": "Polygon", "coordinates": [ [ [ -12427241.915698364377022, 4903046.544214069843292 ], [ -12427237.769728375598788, 4903030.283544520847499 ], [ -12427228.517968114465475, 4903032.642458478920162 ], [ -12427226.58794760517776, 4903025.07283644657582 ], [ -12427206.121932482346892, 4903030.291040049865842 ], [ -12427212.197922978550196, 4903054.121331630274653 ], [ -12427241.915698364377022, 4903046.544214069843292 ] ] ] } },
{ "type": "Feature", "properties": { "type": "Feature", "properties": { "height": 5.342259407043457, "confidence": 0.99400001764297408 }, "id": 239, "area": 456.46323080593044, "perimeter": 91.696883401853881, "cluster": 0 }, "geometry": { "type": "Polygon", "coordinates": [ [ [ -12427413.283237615600228, 4904493.028324598446488 ], [ -12427386.544437265023589, 4904493.447521915659308 ], [ -12427386.843948867172003, 4904512.552083395421505 ], [ -12427396.993247155100107, 4904512.392967856489122 ], [ -12427396.941768599674106, 4904509.109371352009475 ], [ -12427413.530163640156388, 4904508.849306928925216 ], [ -12427413.283237615600228, 4904493.028324598446488 ] ] ] } },
{ "type": "Feature", "properties": { "type": "Feature", "properties": { "height": 2.5207424163818359, "confidence": 1.0 }, "id": 240, "area": 81.498027692349467, "perimeter": 38.120713351268208, "cluster": 2 }, "geometry": { "type": "Polygon", "coordinates": [ [ [ -12427516.145142517983913, 4902715.955143596976995 ], [ -12427523.084016738459468, 4902726.453093070536852 ], [ -12427528.486937003210187, 4902722.882280076853931 ], [ -12427521.547888837754726, 4902712.384067434817553 ], [ -12427516.145142517983913, 4902715.955143596976995 ] ] ] } },
{ "type": "Feature", "properties": { "type": "Feature", "properties": { "height": 4.1830697059631348, "confidence": 0.86599999666213912 }, "id": 241, "area": 433.69073233973432, "perimeter": 130.04145235259978, "cluster": 4 }, "geometry": { "type": "Polygon", "coordinates": [ [ [ -12427609.151138797402382, 4902992.217038230039179 ], [ -12427603.187524357810616, 4902981.077265306375921 ], [ -12427600.319487957283854, 4902982.612451645545661 ], [ -12427598.952965196222067, 4902980.059512675739825 ], [ -12427609.860977148637176, 4902974.220733601599932 ], [ -12427609.669628513976932, 4902973.863255926407874 ], [ -12427605.028056463226676, 4902976.348095275461674 ], [ -12427602.610453752800822, 4902971.831527868285775 ], [ -12427595.879978293552995, 4902975.434178786352277 ], [ -12427592.650015398859978, 4902969.399959408678114 ], [ -12427580.581576645374298, 4902975.859885192476213 ], [ -12427581.881789293140173, 4902978.28894355148077 ], [ -12427586.059204138815403, 4902976.052588135004044 ], [ -12427588.982910767197609, 4902981.514659299515188 ], [ -12427582.567743342369795, 4902984.948533912189305 ], [ -12427587.164696140214801, 4902993.5354422070086 ], [ -12427592.966661205515265, 4902990.429799092933536 ], [ -12427597.31513006426394, 4902998.552550183609128 ], [ -12427609.151138797402382, 4902992.217038230039179 ] ] ] } },
{ "type": "Feature", "properties": { "type": "Feature", "properties": { "height": 3.6100959777832031, "confidence": 0.99379998445510809 }, "id": 242, "area": 762.58216790766289, "perimeter": 137.94548162486535, "cluster": 4 }, "geometry": { "type": "Polygon", "coordinates": [ [ [ -12426706.036552093923092, 4903631.852287662215531 ], [ -12426706.0037627723068, 4903646.964992443099618 ], [ -12426693.761954447254539, 4903646.937575181014836 ], [ -12426693.738381870090961, 4903657.802251235581934 ], [ -12426705.084449848160148, 4903657.826868262141943 ], [ -12426705.052706833928823, 4903672.457324336282909 ], [ -12426718.787420703098178, 4903672.487123899161816 ], [ -12426718.812685547396541, 4903660.842475187033415 ], [ -12426722.097073644399643, 4903660.849601169116795 ], [ -12426722.159911848604679, 4903631.887269759550691 ], [ -12426706.036552093923092, 4903631.852287662215531 ] ] ] } },
{ "type": "Feature", "properties": { "type": "Feature", "properties": { "height": 5.4172744750976562, "confidence": 0.97729998826980513 }, "id": 243, "area": 1002.0110047169662, "perimeter": 207.96012778198892, "cluster": 1 }, "geometry": { "type": "Polygon", "coordinates": [ [ [ -12427045.098878834396601, 4903480.68939481023699 ], [ -12427058.491478687152267, 4903499.890023620799184 ], [ -12427066.525882538408041, 4903494.285959455184639 ], [ -12427058.96039591729641, 4903483.43951425794512 ], [ -12427071.318631872534752, 4903474.819540887139738 ], [ -12427077.482686329632998, 4903483.657675368711352 ], [ -12427085.411736214533448, 4903478.127096483483911 ], [ -12427090.595495566725731, 4903485.558920041657984 ], [ -12427100.437640281394124, 4903478.693941443227232 ], [ -12427095.253880931064487, 4903471.26211788225919 ], [ -12427101.07882372289896, 4903467.199171364307404 ], [ -12427089.310288980603218, 4903450.326923280023038 ], [ -12427074.044921664521098, 4903460.974645190872252 ], [ -12427078.107868183404207, 4903466.799587981775403 ], [ -12427068.77328479103744, 4903473.310538292862475 ], [ -12427064.488215230405331, 4903467.166526866145432 ], [ -12427045.098878834396601, 4903480.68939481023699 ] ] ] } },
{ "type": "Feature", "properties": { "type": "Feature", "properties": { "height": 5.7729449272155762, "confidence": 0.9711999893188471 }, "id": 244, "area": 502.09722390107407, "perimeter": 94.417636022690743, "cluster": 0 }, "geometry": { "type": "Polygon", "coordinates": [ [ [ -12426547.866123098880053, 4903553.201972742564976 ], [ -12426544.515571467578411, 4903543.625521113164723 ], [ -12426547.441709466278553, 4903542.601536651141942 ], [ -12426541.392102351412177, 4903525.310721203684807 ], [ -12426523.69873034209013, 4903531.502410736866295 ], [ -12426533.10056433826685, 4903558.369091571308672 ], [ -12426547.866123098880053, 4903553.201972742564976 ] ] ] } },
{ "type": "Feature", "properties": { "type": "Feature", "properties": { "height": 3.845678329467773, "confidence": 0.96030002832412709 }, "id": 245, "area": 750.27006194655735, "perimeter": 117.75358755146704, "cluster": 4 }, "geometry": { "type": "Polygon", "coordinates": [ [ [ -12426845.198951862752438, 4903489.560815093107522 ], [ -12426818.372923692688346, 4903490.676062908023596 ], [ -12426819.430612947791815, 4903516.117584940046072 ], [ -12426836.122412292286754, 4903515.424819190986454 ], [ -12426836.395029218867421, 4903521.98231179267168 ], [ -12426846.529335960745811, 4903521.56170401442796 ], [ -12426845.198951862752438, 4903489.560815093107522 ] ] ] } },
{ "type": "Feature", "properties": { "type": "Feature", "properties": { "height": 5.6044254302978525, "confidence": 0.9868999719619751 }, "id": 246, "area": 4093.9252831537478, "perimeter": 344.76570576104274, "cluster": 3 }, "geometry": { "type": "Polygon", "coordinates": [ [ [ -12426676.804320389404893, 4903844.197897607460618 ], [ -12426677.552185172215104, 4903901.035621154122055 ], [ -12426709.494944080710411, 4903900.615321695804596 ], [ -12426709.773834377527237, 4903921.810984147712588 ], [ -12426727.685661800205708, 4903921.575302209705114 ], [ -12426727.185309445485473, 4903883.548522954806685 ], [ -12426748.21108047477901, 4903883.27333964407444 ], [ -12426748.140751849859953, 4903877.899781547486782 ], [ -12426751.295594086870551, 4903877.858491267077625 ], [ -12426751.139942849054933, 4903866.028997026383877 ], [ -12426747.856107817962766, 4903866.072205380536616 ], [ -12426747.789331268519163, 4903860.997187609784305 ], [ -12426727.190729729831219, 4903861.268221842125058 ], [ -12426726.690376913174987, 4903823.241407955996692 ], [ -12426708.480002265423536, 4903823.479743625037372 ], [ -12426708.747108707204461, 4903843.779833398759365 ], [ -12426676.804320389404893, 4903844.197897607460618 ] ] ] } },
{ "type": "Feature", "properties": { "type": "Feature", "properties": { "height": 6.4141168594360352, "confidence": 0.98049998283386208 }, "id": 247, "area": 370.04597299431157, "perimeter": 83.256135840664712, "cluster": 0 }, "geometry": { "type": "Polygon", "coordinates": [ [ [ -12426715.548414889723063, 4902518.21380075532943 ], [ -12426720.255759878084064, 4902530.299792702309787 ], [ -12426716.36686902679503, 4902531.814195604994893 ], [ -12426720.305024243891239, 4902541.925311814062297 ], [ -12426736.89762520045042, 4902535.463859425857663 ], [ -12426728.25182431191206, 4902513.265979264862835 ], [ -12426715.548414889723063, 4902518.21380075532943 ] ] ] } },
{ "type": "Feature", "properties": { "type": "Feature", "properties": { "height": 4.8764853477478027, "confidence": 0.96729999780654907 }, "id": 248, "area": 630.03781427315323, "perimeter": 111.46235025398542, "cluster": 4 }, "geometry": { "type": "Polygon", "coordinates": [ [ [ -12427556.785598553717136, 4902813.845182708464563 ], [ -12427562.976261075586081, 4902810.441791464574635 ], [ -12427553.648448036983609, 4902793.474790481850505 ], [ -12427534.847176678478718, 4902803.811015742830932 ], [ -12427551.359926788136363, 4902833.84719315636903 ], [ -12427563.97053562477231, 4902826.914359140209854 ], [ -12427556.785598553717136, 4902813.845182708464563 ] ] ] } },
{ "type": "Feature", "properties": { "type": "Feature", "properties": { "height": 2.0196077823638912, "confidence": 1.0 }, "id": 249, "area": 13.620476163584218, "perimeter": 15.515071220454132, "cluster": 2 }, "geometry": { "type": "Polygon", "coordinates": [ [ [ -12426886.378554847091436, 4903009.381387370638549 ], [ -12426886.185929097235203, 4903014.449963247403502 ], [ -12426888.869292795658112, 4903014.551941582001746 ], [ -12426889.061918545514345, 4903009.483365705236793 ], [ -12426886.378554847091436, 4903009.381387370638549 ] ] ] } },
{ "type": "Feature", "properties": { "type": "Feature", "properties": { "height": 5.6316285133361816, "confidence": 0.9375 }, "id": 250, "area": 472.54588003042744, "perimeter": 93.075843725585671, "cluster": 0 }, "geometry": { "type": "Polygon", "coordinates": [ [ [ -12427231.614856038242579, 4903074.302536371164024 ], [ -12427235.63169045932591, 4903073.492590963840485 ], [ -12427237.830113708972931, 4903084.395427260547876 ], [ -12427251.889034194871783, 4903081.560618336312473 ], [ -12427246.335122831165791, 4903054.016610852442682 ], [ -12427228.259367920458317, 4903057.66136518586427 ], [ -12427231.614856038242579, 4903074.302536371164024 ] ] ] } },
{ "type": "Feature", "properties": { "type": "Feature", "properties": { "height": 6.6373958587646484, "confidence": 0.94609999656677213 }, "id": 251, "area": 439.59687653865853, "perimeter": 94.577873540945262, "cluster": 0 }, "geometry": { "type": "Polygon", "coordinates": [ [ [ -12427330.253776628524065, 4902173.265885007567704 ], [ -12427332.89305267110467, 4902160.99449675809592 ], [ -12427310.918706269934773, 4902156.268351289443672 ], [ -12427305.701532701030374, 4902180.525746663101017 ], [ -12427318.258302070200443, 4902183.226401216350496 ], [ -12427320.836199600249529, 4902171.240394092164934 ], [ -12427330.253776628524065, 4902173.265885007567704 ] ] ] } },
{ "type": "Feature", "properties": { "type": "Feature", "properties": { "height": 2.5237257480621342, "confidence": 0.95959997177124012 }, "id": 252, "area": 50.718702082650395, "perimeter": 29.063670810594946, "cluster": 2 }, "geometry": { "type": "Polygon", "coordinates": [ [ [ -12427419.016629789024591, 4902747.11726941075176 ], [ -12427415.430740430951118, 4902739.183669663034379 ], [ -12427410.122223783284426, 4902741.583425334654748 ], [ -12427413.708574187010527, 4902749.516816658899188 ], [ -12427419.016629789024591, 4902747.11726941075176 ] ] ] } },
{ "type": "Feature", "properties": { "type": "Feature", "properties": { "height": 4.5871682167053223, "confidence": 0.96509999036788907 }, "id": 253, "area": 403.03883774397178, "perimeter": 88.667089978714358, "cluster": 0 }, "geometry": { "type": "Polygon", "coordinates": [ [ [ -12427482.23946856893599, 4902714.018765256740153 ], [ -12427487.445003446191549, 4902722.448628377169371 ], [ -12427483.680588539689779, 4902724.773460202850401 ], [ -12427493.627057371661067, 4902740.878984531387687 ], [ -12427506.812227895483375, 4902732.73699408583343 ], [ -12427491.659384530037642, 4902708.201202376745641 ], [ -12427482.23946856893599, 4902714.018765256740153 ] ] ] } },
{ "type": "Feature", "properties": { "type": "Feature", "properties": { "height": 4.8329677581787109, "confidence": 0.9711999893188471 }, "id": 254, "area": 325.13979427488403, "perimeter": 74.996069984744665, "cluster": 0 }, "geometry": { "type": "Polygon", "coordinates": [ [ [ -12427631.814261393621564, 4902746.616658723913133 ], [ -12427611.268112638965249, 4902758.797959540970623 ], [ -12427618.210144286975265, 4902770.507055069319904 ], [ -12427638.756293041631579, 4902758.325754249468446 ], [ -12427631.814261393621564, 4902746.616658723913133 ] ] ] } },
{ "type": "Feature", "properties": { "type": "Feature", "properties": { "height": 5.0510473251342773, "confidence": 1.0 }, "id": 255, "area": 68.202906782818957, "perimeter": 33.036085658781452, "cluster": 2 }, "geometry": { "type": "Polygon", "coordinates": [ [ [ -12426597.293693713843822, 4903075.046994342468679 ], [ -12426589.136035310104489, 4903075.424388810992241 ], [ -12426589.521395867690444, 4903083.766861 ], [ -12426597.679636901244521, 4903083.389439577236772 ], [ -12426597.293693713843822, 4903075.046994342468679 ] ] ] } },
{ "type": "Feature", "properties": { "type": "Feature", "properties": { "height": 6.0170960426330566, "confidence": 0.9912999868392941 }, "id": 256, "area": 359.83975041978124, "perimeter": 79.114499437430581, "cluster": 0 }, "geometry": { "type": "Polygon", "coordinates": [ [ [ -12426846.758869873359799, 4901929.179202419705689 ], [ -12426833.659986892715096, 4901934.605594381690025 ], [ -12426843.371372794732451, 4901958.05207659304142 ], [ -12426856.471656396985054, 4901952.625104404054582 ], [ -12426846.758869873359799, 4901929.179202419705689 ] ] ] } },
{ "type": "Feature", "properties": { "type": "Feature", "properties": { "height": 5.9026899337768555, "confidence": 0.99400001764297408 }, "id": 257, "area": 494.1120302929661, "perimeter": 96.383732241396956, "cluster": 0 }, "geometry": { "type": "Polygon", "coordinates": [ [ [ -12426889.695087483152747, 4903222.172377470880747 ], [ -12426905.940450623631477, 4903222.340652505867183 ], [ -12426906.21877421438694, 4903195.471142722293735 ], [ -12426884.899943266063929, 4903195.250314964912832 ], [ -12426884.781634928658605, 4903206.595210873521864 ], [ -12426889.856983100995421, 4903206.647783068940043 ], [ -12426889.695087483152747, 4903222.172377470880747 ] ] ] } },
{ "type": "Feature", "properties": { "type": "Feature", "properties": { "height": 5.4175028800964347, "confidence": 0.96689999103546109 }, "id": 258, "area": 506.4305195208193, "perimeter": 110.13322965295299, "cluster": 4 }, "geometry": { "type": "Polygon", "coordinates": [ [ [ -12427190.266650650650263, 4903955.009436815045774 ], [ -12427215.835715711116791, 4903979.624672672711313 ], [ -12427220.758762881159782, 4903974.510859659872949 ], [ -12427215.180057778954506, 4903969.14026274625212 ], [ -12427219.125766757875681, 4903965.041659336537123 ], [ -12427213.85680546425283, 4903959.969620306044817 ], [ -12427216.176977135241032, 4903957.559543035924435 ], [ -12427210.133379938080907, 4903951.741396380588412 ], [ -12427212.520311899483204, 4903949.261971892789006 ], [ -12427206.786642763763666, 4903943.742191730067134 ], [ -12427204.548894051462412, 4903946.066652190871537 ], [ -12427201.604577468708158, 4903943.232170484028757 ], [ -12427190.266650650650263, 4903955.009436815045774 ] ] ] } },
{ "type": "Feature", "properties": { "type": "Feature", "properties": { "height": 6.6441373825073242, "confidence": 0.9733999967575071 }, "id": 259, "area": 412.86447061274879, "perimeter": 83.415133881651272, "cluster": 0 }, "geometry": { "type": "Polygon", "coordinates": [ [ [ -12427220.517056034877896, 4902550.068598321639001 ], [ -12427232.9747558478266, 4902572.371018439531326 ], [ -12427247.084450207650661, 4902564.489616512320936 ], [ -12427234.626750394701958, 4902542.187196398153901 ], [ -12427220.517056034877896, 4902550.068598321639001 ] ] ] } },
{ "type": "Feature", "properties": { "type": "Feature", "properties": { "height": 3.5630435943603511, "confidence": 0.95529997348785411 }, "id": 260, "area": 81.912895420766617, "perimeter": 36.309882330636881, "cluster": 2 }, "geometry": { "type": "Polygon", "coordinates": [ [ [ -12427317.847972683608532, 4902286.812555988319218 ], [ -12427320.809817435219884, 4902294.650829324498773 ], [ -12427329.954469660297036, 4902291.195343784056604 ], [ -12427326.992624910548329, 4902283.357070447877049 ], [ -12427317.847972683608532, 4902286.812555988319218 ] ] ] } },
{ "type": "Feature", "properties": { "type": "Feature", "properties": { "height": 6.0298991203308097, "confidence": 0.98739999532699507 }, "id": 261, "area": 989.89136775472946, "perimeter": 148.75946590473569, "cluster": 4 }, "geometry": { "type": "Polygon", "coordinates": [ [ [ -12427361.624248787760735, 4903915.159220993518829 ], [ -12427360.194383583962917, 4903932.057412937283516 ], [ -12427347.743084253743291, 4903931.003828047774732 ], [ -12427345.786426605656743, 4903954.127669657580554 ], [ -12427367.724430182948709, 4903955.983985891565681 ], [ -12427368.426820108667016, 4903947.68311967048794 ], [ -12427380.581659929826856, 4903948.711619206704199 ], [ -12427382.011525133624673, 4903931.813427260145545 ], [ -12427377.268173007294536, 4903931.412061588838696 ], [ -12427378.522440731525421, 4903916.589086200110614 ], [ -12427361.624248787760735, 4903915.159220993518829 ] ] ] } },
{ "type": "Feature", "properties": { "type": "Feature", "properties": { "height": 3.697810173034668, "confidence": 0.92250001430511408 }, "id": 262, "area": 61.063088078614634, "perimeter": 39.949910585105243, "cluster": 2 }, "geometry": { "type": "Polygon", "coordinates": [ [ [ -12426921.721786133944988, 4902981.771127387881279 ], [ -12426914.87501148879528, 4902982.146818267181516 ], [ -12426915.593724481761456, 4902995.244995847344398 ], [ -12426918.570583023130894, 4902995.081651984713972 ], [ -12426918.162223368883133, 4902987.639505632221699 ], [ -12426922.032139468938112, 4902987.427158610895276 ], [ -12426921.721786133944988, 4902981.771127387881279 ] ] ] } },
{ "type": "Feature", "properties": { "type": "Feature", "properties": { "height": 6.0288577079772949, "confidence": 0.97280001640319802 }, "id": 263, "area": 364.3908774169476, "perimeter": 85.107894456710312, "cluster": 0 }, "geometry": { "type": "Polygon", "coordinates": [ [ [ -12427255.776025485247374, 4902588.693848438560963 ], [ -12427253.115516696125269, 4902583.900235631503165 ], [ -12427257.680862229317427, 4902581.366417739540339 ], [ -12427253.880135389044881, 4902574.51839944254607 ], [ -12427249.543057134374976, 4902576.925526440143585 ], [ -12427245.362257611006498, 4902569.392706316895783 ], [ -12427231.666221020743251, 4902576.994159995578229 ], [ -12427239.647747382521629, 4902591.374998416751623 ], [ -12427242.284842167049646, 4902589.911381279118359 ], [ -12427244.945607440546155, 4902594.704851733520627 ], [ -12427255.776025485247374, 4902588.693848438560963 ] ] ] } },
{ "type": "Feature", "properties": { "type": "Feature", "properties": { "height": 4.5852799415588379, "confidence": 0.95829999446868908 }, "id": 264, "area": 404.20498554577694, "perimeter": 95.326836606183718, "cluster": 0 }, "geometry": { "type": "Polygon", "coordinates": [ [ [ -12427369.737550286576152, 4902134.920563874766231 ], [ -12427359.582640629261732, 4902142.898507664911449 ], [ -12427371.836328556761146, 4902158.497286454774439 ], [ -12427365.743175610899925, 4902163.283789020031691 ], [ -12427370.169363964349031, 4902168.918266856111586 ], [ -12427386.4172194134444, 4902156.153556790202856 ], [ -12427369.737550286576152, 4902134.920563874766231 ] ] ] } },
{ "type": "Feature", "properties": { "type": "Feature", "properties": { "height": 4.6632261276245117, "confidence": 0.99180001020431507 }, "id": 265, "area": 785.4673894586939, "perimeter": 153.47876784765106, "cluster": 4 }, "geometry": { "type": "Polygon", "coordinates": [ [ [ -12427494.018237188458443, 4902327.089138898067176 ], [ -12427472.467437203973532, 4902294.967520887963474 ], [ -12427466.396352335810661, 4902299.04026364069432 ], [ -12427461.423448586836457, 4902291.627342539839447 ], [ -12427456.581061853095889, 4902294.87582216411829 ], [ -12427459.482131084427238, 4902299.199886126443744 ], [ -12427449.704381382092834, 4902305.759217793121934 ], [ -12427456.334919713437557, 4902315.64311259239912 ], [ -12427465.806985560804605, 4902309.28884669393301 ], [ -12427473.057995432987809, 4902320.097655152902007 ], [ -12427469.55756270326674, 4902322.446139765903354 ], [ -12427479.297193955630064, 4902336.964642775245011 ], [ -12427494.018237188458443, 4902327.089138898067176 ] ] ] } },
{ "type": "Feature", "properties": { "type": "Feature", "properties": { "height": 5.135993480682373, "confidence": 0.92040002346038807 }, "id": 266, "area": 536.65259126591604, "perimeter": 97.873788281019671, "cluster": 0 }, "geometry": { "type": "Polygon", "coordinates": [ [ [ -12426826.538447557017207, 4902482.679872673004866 ], [ -12426826.625656282529235, 4902485.171949116513133 ], [ -12426829.765302006155252, 4902485.06185935344547 ], [ -12426828.75099784694612, 4902456.134957563132048 ], [ -12426808.770560527220368, 4902456.835559403523803 ], [ -12426809.697440480813384, 4902483.26921362709254 ], [ -12426826.538447557017207, 4902482.679872673004866 ] ] ] } },
{ "type": "Feature", "properties": { "type": "Feature", "properties": { "height": 6.0868887901306152, "confidence": 0.96850001811981212 }, "id": 267, "area": 286.20609489899965, "perimeter": 69.876166330654769, "cluster": 0 }, "geometry": { "type": "Polygon", "coordinates": [ [ [ -12427204.883239882066846, 4903306.165024612098932 ], [ -12427212.313934504985809, 4903324.323014138266444 ], [ -12427225.101251075044274, 4903319.089235633611679 ], [ -12427221.485254600644112, 4903310.25301918014884 ], [ -12427222.875194767490029, 4903309.684221575967968 ], [ -12427219.059903709217906, 4903300.362593897618353 ], [ -12427204.883239882066846, 4903306.165024612098932 ] ] ] } },
{ "type": "Feature", "properties": { "type": "Feature", "properties": { "height": 6.5268921852111816, "confidence": 0.97630000114440907 }, "id": 268, "area": 822.19143551043828, "perimeter": 126.26126728080489, "cluster": 4 }, "geometry": { "type": "Polygon", "coordinates": [ [ [ -12427052.368717659264803, 4903220.868679334409535 ], [ -12427053.465697214007378, 4903231.380848270840943 ], [ -12427054.056428661569953, 4903231.319203490391374 ], [ -12427056.781457221135497, 4903257.432689798995852 ], [ -12427077.457207256928086, 4903255.276554054580629 ], [ -12427076.858774155378342, 4903249.541871191933751 ], [ -12427081.460425736382604, 4903249.061673648655415 ], [ -12427079.889526830986142, 4903233.997912908904254 ], [ -12427080.184894692152739, 4903233.967090297490358 ], [ -12427079.150440195575356, 4903224.047435369342566 ], [ -12427062.732309194281697, 4903225.759572491049767 ], [ -12427062.115856958553195, 4903219.852215338498354 ], [ -12427052.368717659264803, 4903220.868679334409535 ] ] ] } },
{ "type": "Feature", "properties": { "type": "Feature", "properties": { "height": 4.3011088371276847, "confidence": 0.98509997129440308 }, "id": 269, "area": 257.45891184506752, "perimeter": 69.174941662005395, "cluster": 0 }, "geometry": { "type": "Polygon", "coordinates": [ [ [ -12427465.799130998551846, 4902853.67593733780086 ], [ -12427446.736827626824379, 4902865.401762107387185 ], [ -12427451.999680669978261, 4902873.957416255027056 ], [ -12427458.198710560798645, 4902870.143763347528875 ], [ -12427459.332049096003175, 4902871.985986441373825 ], [ -12427472.195035414770246, 4902864.073557357303798 ], [ -12427465.799130998551846, 4902853.67593733780086 ] ] ] } },
{ "type": "Feature", "properties": { "type": "Feature", "properties": { "height": 7.6448888778686523, "confidence": 0.93760001659393311 }, "id": 270, "area": 570.62891032125162, "perimeter": 100.95264597439176, "cluster": 0 }, "geometry": { "type": "Polygon", "coordinates": [ [ [ -12427789.961742706596851, 4903782.502580086700618 ], [ -12427758.332290520891547, 4903771.825869006104767 ], [ -12427752.866029778495431, 4903788.022868896834552 ], [ -12427784.49615266919136, 4903798.697592623531818 ], [ -12427789.961742706596851, 4903782.502580086700618 ] ] ] } },
{ "type": "Feature", "properties": { "type": "Feature", "properties": { "height": 5.234379768371582, "confidence": 0.95740002393722512 }, "id": 271, "area": 573.58059985352941, "perimeter": 124.04436395469757, "cluster": 4 }, "geometry": { "type": "Polygon", "coordinates": [ [ [ -12427047.575699942186475, 4904047.487011223100126 ], [ -12427026.135142160579562, 4904048.595953847281635 ], [ -12427026.843633281067014, 4904062.29408798366785 ], [ -12427031.012630626559258, 4904062.07846025377512 ], [ -12427031.320670247077942, 4904068.034170746803284 ], [ -12427023.280461076647043, 4904068.450024231337011 ], [ -12427023.511490790173411, 4904072.916807099245489 ], [ -12427029.46720128506422, 4904072.608767485246062 ], [ -12427029.898456748574972, 4904080.946762175299227 ], [ -12427037.640880391001701, 4904080.546310673467815 ], [ -12427037.240428891032934, 4904072.803887031972408 ], [ -12427043.791710436344147, 4904072.46504345163703 ], [ -12427043.699298547580838, 4904070.678330303169787 ], [ -12427048.761652467772365, 4904070.416496628895402 ], [ -12427047.575699942186475, 4904047.487011223100126 ] ] ] } },
{ "type": "Feature", "properties": { "type": "Feature", "properties": { "height": 5.1075592041015616, "confidence": 0.99299997091293313 }, "id": 272, "area": 443.55955034945441, "perimeter": 93.558869302771541, "cluster": 0 }, "geometry": { "type": "Polygon", "coordinates": [ [ [ -12427263.307433597743511, 4903113.17619869671762 ], [ -12427259.207299515604973, 4903099.323582055047154 ], [ -12427255.80705202370882, 4903100.329996295273304 ], [ -12427252.594587657600641, 4903089.473872613161802 ], [ -12427240.240195006132126, 4903093.129693729802966 ], [ -12427243.814775655046105, 4903105.209544321522117 ], [ -12427239.422102712094784, 4903106.509391830302775 ], [ -12427243.159164298325777, 4903119.138326536864042 ], [ -12427263.307433597743511, 4903113.17619869671762 ] ] ] } },
{ "type": "Feature", "properties": { "type": "Feature", "properties": { "height": 4.8497748374938965, "confidence": 0.97539997100830012 }, "id": 273, "area": 395.61999982381309, "perimeter": 82.27430043523816, "cluster": 0 }, "geometry": { "type": "Polygon", "coordinates": [ [ [ -12427332.493354704231024, 4904034.708499327301979 ], [ -12427329.358493568375707, 4904030.444324163720012 ], [ -12427317.922751085832715, 4904038.851451754570007 ], [ -12427331.174664070829749, 4904056.877283126115799 ], [ -12427346.293103288859129, 4904045.762775463052094 ], [ -12427336.176051435992122, 4904032.001119256019592 ], [ -12427332.493354704231024, 4904034.708499327301979 ] ] ] } },
{ "type": "Feature", "properties": { "type": "Feature", "properties": { "height": 5.4538774490356436, "confidence": 0.98170000314712502 }, "id": 274, "area": 351.71054370000712, "perimeter": 85.419590719657762, "cluster": 0 }, "geometry": { "type": "Polygon", "coordinates": [ [ [ -12427362.675865938887, 4902762.654181345365942 ], [ -12427357.087766509503126, 4902766.140485821291804 ], [ -12427355.612791541963816, 4902763.776289909146726 ], [ -12427343.791811984032393, 4902771.151164751499891 ], [ -12427342.719102915376425, 4902769.431749544106424 ], [ -12427336.358196657150984, 4902773.400192878209054 ], [ -12427344.134709361940622, 4902785.866344960406423 ], [ -12427367.905322642996907, 4902771.036330487579107 ], [ -12427362.675865938887, 4902762.654181345365942 ] ] ] } },
{ "type": "Feature", "properties": { "type": "Feature", "properties": { "height": 4.3981389999389648, "confidence": 0.97839999198913508 }, "id": 275, "area": 440.50447685660578, "perimeter": 110.17688774298882, "cluster": 0 }, "geometry": { "type": "Polygon", "coordinates": [ [ [ -12427474.200911017134786, 4902419.87312669865787 ], [ -12427469.775448663160205, 4902412.538594035431743 ], [ -12427481.814152996987104, 4902405.273916767910123 ], [ -12427474.485418932512403, 4902393.127651560120285 ], [ -12427460.257418796420097, 4902401.712449233978987 ], [ -12427466.00175666809082, 4902411.232818046584725 ], [ -12427452.543072532862425, 4902419.354372820816934 ], [ -12427458.553398163989186, 4902429.314420676790178 ], [ -12427474.200911017134786, 4902419.87312669865787 ] ] ] } },
{ "type": "Feature", "properties": { "type": "Feature", "properties": { "height": 4.5902910232543936, "confidence": 0.98500001430511408 }, "id": 276, "area": 380.02250677561881, "perimeter": 83.318031669248029, "cluster": 0 }, "geometry": { "type": "Polygon", "coordinates": [ [ [ -12427705.579171700403094, 4902900.042498991824687 ], [ -12427727.908241629600525, 4902917.21281613688916 ], [ -12427736.131930690258741, 4902906.517379278317094 ], [ -12427713.802860762923956, 4902889.347062136046588 ], [ -12427705.579171700403094, 4902900.042498991824687 ] ] ] } },
{ "type": "Feature", "properties": { "type": "Feature", "properties": { "height": 6.1661901473999023, "confidence": 0.99559998512268011 }, "id": 277, "area": 623.6072597616992, "perimeter": 115.45969945597574, "cluster": 4 }, "geometry": { "type": "Polygon", "coordinates": [ [ [ -12426892.273878114297986, 4902615.717661272734404 ], [ -12426881.368092499673367, 4902616.048162752762437 ], [ -12426881.611616712063551, 4902624.102500544860959 ], [ -12426877.005940424278378, 4902624.242076261900365 ], [ -12426877.882847037166357, 4902653.177969220094383 ], [ -12426893.096563953906298, 4902652.716915232129395 ], [ -12426892.882962772622705, 4902645.668569554574788 ], [ -12426898.382078865543008, 4902645.502302885986865 ], [ -12426897.867971111088991, 4902628.498664936982095 ], [ -12426892.665974851697683, 4902628.655948140658438 ], [ -12426892.273878114297986, 4902615.717661272734404 ] ] ] } },
{ "type": "Feature", "properties": { "type": "Feature", "properties": { "height": 5.0858135223388672, "confidence": 0.97659999132156305 }, "id": 278, "area": 437.29136714393701, "perimeter": 93.028476587505978, "cluster": 0 }, "geometry": { "type": "Polygon", "coordinates": [ [ [ -12427185.291936136782169, 4902574.515968890860677 ], [ -12427171.382710088044405, 4902578.798351685516536 ], [ -12427176.588744077831507, 4902595.707606881856918 ], [ -12427171.679605470970273, 4902597.219036103226244 ], [ -12427174.36659075319767, 4902605.946393625810742 ], [ -12427193.184955408796668, 4902600.152581608854234 ], [ -12427185.291936136782169, 4902574.515968890860677 ] ] ] } },
{ "type": "Feature", "properties": { "type": "Feature", "properties": { "height": 5.1214675903320312, "confidence": 0.99980002641677812 }, "id": 279, "area": 454.17372126236307, "perimeter": 91.351928047090965, "cluster": 0 }, "geometry": { "type": "Polygon", "coordinates": [ [ [ -12427244.224295375868678, 4902884.31170448847115 ], [ -12427258.850270615890622, 4902884.053743555210531 ], [ -12427258.30276170372963, 4902853.010857329703867 ], [ -12427243.676786463707685, 4902853.268818257376552 ], [ -12427244.224295375868678, 4902884.31170448847115 ] ] ] } },
{ "type": "Feature", "properties": { "type": "Feature", "properties": { "height": 3.764705896377563, "confidence": 1.0 }, "id": 280, "area": 31.754621002875833, "perimeter": 23.9077254729375, "cluster": 2 }, "geometry": { "type": "Polygon", "coordinates": [ [ [ -12427267.737003156915307, 4903862.673844288103282 ], [ -12427263.938739804551005, 4903863.878346758894622 ], [ -12427266.347213067114353, 4903871.474873466417193 ], [ -12427270.1454764213413, 4903870.270370996557176 ], [ -12427267.737003156915307, 4903862.673844288103282 ] ] ] } },
{ "type": "Feature", "properties": { "type": "Feature", "properties": { "height": 4.3445053100585938, "confidence": 0.98339998722076405 }, "id": 281, "area": 553.21851655342903, "perimeter": 121.96601309866591, "cluster": 4 }, "geometry": { "type": "Polygon", "coordinates": [ [ [ -12427368.000681541860104, 4903073.854289692826569 ], [ -12427378.372793305665255, 4903091.022585895843804 ], [ -12427369.404043005779386, 4903096.440368918702006 ], [ -12427373.568958282470703, 4903103.33428799174726 ], [ -12427401.703198088333011, 4903086.337174469605088 ], [ -12427395.096145622432232, 4903075.399674108251929 ], [ -12427386.127395324409008, 4903080.818084842525423 ], [ -12427378.198932366445661, 4903067.693084406666458 ], [ -12427368.000681541860104, 4903073.854289692826569 ] ] ] } },
{ "type": "Feature", "properties": { "type": "Feature", "properties": { "height": 4.5513749122619629, "confidence": 0.97579997777938809 }, "id": 282, "area": 492.8528550196977, "perimeter": 113.04441564839122, "cluster": 4 }, "geometry": { "type": "Polygon", "coordinates": [ [ [ -12427405.826824372634292, 4902462.916593598201871 ], [ -12427395.186767943203449, 4902445.548248317092657 ], [ -12427378.252631291747093, 4902455.922303333878517 ], [ -12427373.597606604918838, 4902448.32365227304399 ], [ -12427367.301581440493464, 4902452.180672725662589 ], [ -12427378.074638575315475, 4902469.766122325323522 ], [ -12427390.666688902303576, 4902462.052081415429711 ], [ -12427395.188712885603309, 4902469.433628159575164 ], [ -12427405.826824372634292, 4902462.916593598201871 ] ] ] } },
{ "type": "Feature", "properties": { "type": "Feature", "properties": { "height": 8.4209480285644531, "confidence": 0.96640002727508512 }, "id": 283, "area": 1517.8980295037873, "perimeter": 231.57161969314532, "cluster": 1 }, "geometry": { "type": "Polygon", "coordinates": [ [ [ -12427672.640461917966604, 4903216.833673915825784 ], [ -12427732.906396692618728, 4903297.527111833915114 ], [ -12427744.98166174814105, 4903288.508694043383002 ], [ -12427684.715726975351572, 4903207.815256125293672 ], [ -12427672.640461917966604, 4903216.833673915825784 ] ] ] } },
{ "type": "Feature", "properties": { "type": "Feature", "properties": { "height": 9.0946979522705078, "confidence": 0.98589998483657804 }, "id": 284, "area": 581.64651648637891, "perimeter": 109.06629779309603, "cluster": 4 }, "geometry": { "type": "Polygon", "coordinates": [ [ [ -12427714.693528555333614, 4903177.742031733505428 ], [ -12427706.359688619151711, 4903165.821528682485223 ], [ -12427673.586360214278102, 4903188.731663348153234 ], [ -12427681.920716801658273, 4903200.654098963364959 ], [ -12427714.693528555333614, 4903177.742031733505428 ] ] ] } },
{ "type": "Feature", "properties": { "type": "Feature", "properties": { "height": 5.3140311241149902, "confidence": 0.99150002002716009 }, "id": 285, "area": 440.05518836898977, "perimeter": 91.099423435100292, "cluster": 0 }, "geometry": { "type": "Polygon", "coordinates": [ [ [ -12426536.634950913488865, 4903043.685586820356548 ], [ -12426533.99988416582346, 4903018.280840721912682 ], [ -12426518.343470871448517, 4903019.904777206480503 ], [ -12426520.059328289702535, 4903036.447402571327984 ], [ -12426515.814147582277656, 4903036.887727167457342 ], [ -12426516.732743263244629, 4903045.749911548569798 ], [ -12426536.634950913488865, 4903043.685586820356548 ] ] ] } },
{ "type": "Feature", "properties": { "type": "Feature", "properties": { "height": 6.5248923301696777, "confidence": 0.95740002393722512 }, "id": 286, "area": 435.23709030072456, "perimeter": 90.115748180087976, "cluster": 0 }, "geometry": { "type": "Polygon", "coordinates": [ [ [ -12426636.887112690135837, 4902092.952001336961985 ], [ -12426647.15187818929553, 4902120.613821299746633 ], [ -12426661.732872253283858, 4902115.203096876852214 ], [ -12426653.358919978141785, 4902092.632444149814546 ], [ -12426649.274275781586766, 4902094.148176480084658 ], [ -12426647.385090705007315, 4902089.057139813899994 ], [ -12426636.887112690135837, 4902092.952001336961985 ] ] ] } },
{ "type": "Feature", "properties": { "type": "Feature", "properties": { "height": 6.0486054420471191, "confidence": 0.9779000282287591 }, "id": 287, "area": 322.92303180522021, "perimeter": 76.234407476684808, "cluster": 0 }, "geometry": { "type": "Polygon", "coordinates": [ [ [ -12426737.911388132721186, 4902566.523884444497526 ], [ -12426747.304169030860066, 4902586.854751504957676 ], [ -12426759.607620587572455, 4902581.171466212719679 ], [ -12426753.965948492288589, 4902568.959951159544289 ], [ -12426755.934448285028338, 4902568.050511969253421 ], [ -12426752.183011630550027, 4902559.930450324900448 ], [ -12426737.911388132721186, 4902566.523884444497526 ] ] ] } },
{ "type": "Feature", "properties": { "type": "Feature", "properties": { "height": 5.0700254440307617, "confidence": 0.9801999926567071 }, "id": 288, "area": 522.16270167274445, "perimeter": 96.304810332954432, "cluster": 0 }, "geometry": { "type": "Polygon", "coordinates": [ [ [ -12426802.109439965337515, 4903728.741270783357322 ], [ -12426785.07466284185648, 4903731.888793992809951 ], [ -12426790.676187196746469, 4903762.204922772943974 ], [ -12426805.978614104911685, 4903759.377486668527126 ], [ -12426804.751613531261683, 4903752.736810840666294 ], [ -12426806.483963748440146, 4903752.416723736561835 ], [ -12426802.109439965337515, 4903728.741270783357322 ] ] ] } },
{ "type": "Feature", "properties": { "type": "Feature", "properties": { "height": 5.1222124099731436, "confidence": 0.89279997348785411 }, "id": 289, "area": 499.89176288707347, "perimeter": 96.407202375492091, "cluster": 0 }, "geometry": { "type": "Polygon", "coordinates": [ [ [ -12426841.248760933056474, 4903326.761988395825028 ], [ -12426835.097853001207113, 4903327.618672802112997 ], [ -12426833.30289520137012, 4903314.731056188233197 ], [ -12426816.021772922948003, 4903317.137931420467794 ], [ -12426819.407716048881412, 4903341.448662761598825 ], [ -12426842.839746257290244, 4903338.18510312307626 ], [ -12426841.248760933056474, 4903326.761988395825028 ] ] ] } },
{ "type": "Feature", "properties": { "type": "Feature", "properties": { "height": 4.9213953018188477, "confidence": 0.99409997463226307 }, "id": 290, "area": 362.99302668504282, "perimeter": 84.783292104161333, "cluster": 0 }, "geometry": { "type": "Polygon", "coordinates": [ [ [ -12426882.74250266700983, 4902069.897119679488242 ], [ -12426894.980318121612072, 4902069.674427069723606 ], [ -12426894.524069843813777, 4902044.601829553954303 ], [ -12426877.212038226425648, 4902044.916858122684062 ], [ -12426877.413004728034139, 4902055.960740364156663 ], [ -12426882.487220894545317, 4902055.868404402397573 ], [ -12426882.74250266700983, 4902069.897119679488242 ] ] ] } },
{ "type": "Feature", "properties": { "type": "Feature", "properties": { "height": 5.9543070793151847, "confidence": 0.96410000324249212 }, "id": 291, "area": 476.09855883105354, "perimeter": 91.3177879380262, "cluster": 0 }, "geometry": { "type": "Polygon", "coordinates": [ [ [ -12426883.139759082347155, 4902693.97233778424561 ], [ -12426899.246135450899601, 4902693.448159101419151 ], [ -12426898.285141201689839, 4902663.91980242729187 ], [ -12426882.178764833137393, 4902664.443981111049652 ], [ -12426883.139759082347155, 4902693.97233778424561 ] ] ] } },
{ "type": "Feature", "properties": { "type": "Feature", "properties": { "height": 5.614161491394043, "confidence": 0.9934999942779541 }, "id": 292, "area": 592.32405283699654, "perimeter": 122.05185693490785, "cluster": 4 }, "geometry": { "type": "Polygon", "coordinates": [ [ [ -12426979.043440414592624, 4903472.499790391884744 ], [ -12426979.234390506520867, 4903493.814594596624374 ], [ -12426990.878159554675221, 4903493.71028311457485 ], [ -12426990.818260092288256, 4903487.02400572411716 ], [ -12426997.685093943029642, 4903486.962008134461939 ], [ -12426997.750347016379237, 4903494.245882449671626 ], [ -12427006.707092437893152, 4903494.165642846375704 ], [ -12427006.466373635455966, 4903467.295406585559249 ], [ -12426996.912511851638556, 4903467.380995492450893 ], [ -12426996.956920025870204, 4903472.338057546876371 ], [ -12426979.043440414592624, 4903472.499790391884744 ] ] ] } },
{ "type": "Feature", "properties": { "type": "Feature", "properties": { "height": 4.1041450500488281, "confidence": 0.97670000791549605 }, "id": 293, "area": 520.3012017597971, "perimeter": 94.763346184633235, "cluster": 0 }, "geometry": { "type": "Polygon", "coordinates": [ [ [ -12426998.199985029175878, 4904250.014894527383149 ], [ -12427014.060249013826251, 4904252.057369732297957 ], [ -12427014.892820781096816, 4904245.59578070230782 ], [ -12427020.473284032195807, 4904246.314429387450218 ], [ -12427022.933155160397291, 4904227.223370887339115 ], [ -12427001.492427926510572, 4904224.462247001938522 ], [ -12426998.199985029175878, 4904250.014894527383149 ] ] ] } },
{ "type": "Feature", "properties": { "type": "Feature", "properties": { "height": 5.9942402839660645, "confidence": 0.99070000648498513 }, "id": 294, "area": 479.76605710812703, "perimeter": 93.741568858963063, "cluster": 0 }, "geometry": { "type": "Polygon", "coordinates": [ [ [ -12426609.472304226830602, 4901960.429101143963635 ], [ -12426598.129383241757751, 4901960.238570556975901 ], [ -12426598.034117948263884, 4901965.910031046718359 ], [ -12426585.795703200623393, 4901965.704458572901785 ], [ -12426585.499879393726587, 4901983.315835891291499 ], [ -12426609.081215124577284, 4901983.711938951164484 ], [ -12426609.472304226830602, 4901960.429101143963635 ] ] ] } },
{ "type": "Feature", "properties": { "type": "Feature", "properties": { "height": 5.0979323387145996, "confidence": 0.98280000686645508 }, "id": 295, "area": 556.13139325970246, "perimeter": 107.84355788965752, "cluster": 4 }, "geometry": { "type": "Polygon", "coordinates": [ [ [ -12427320.628137584775686, 4903114.791297456249595 ], [ -12427326.998651798814535, 4903125.237975643947721 ], [ -12427350.286038590595126, 4903111.035407860763371 ], [ -12427344.180962471291423, 4903101.024007929489017 ], [ -12427341.351653795689344, 4903102.749553548172116 ], [ -12427333.584347261115909, 4903090.012347557581961 ], [ -12427320.307947367429733, 4903098.108461236581206 ], [ -12427327.810228841379285, 4903110.411066269502044 ], [ -12427320.628137584775686, 4903114.791297456249595 ] ] ] } },
{ "type": "Feature", "properties": { "type": "Feature", "properties": { "height": 4.9350419044494629, "confidence": 0.98199999332427912 }, "id": 296, "area": 761.4671179985902, "perimeter": 125.1608739414466, "cluster": 4 }, "geometry": { "type": "Polygon", "coordinates": [ [ [ -12426890.268117921426892, 4901908.549790119752288 ], [ -12426889.803294915705919, 4901885.081977094523609 ], [ -12426888.725075799971819, 4901885.103333198465407 ], [ -12426888.505572272464633, 4901874.060141621157527 ], [ -12426869.702300131320953, 4901874.432574855163693 ], [ -12426870.17690235376358, 4901898.309745828621089 ], [ -12426862.001780956983566, 4901898.471669076010585 ], [ -12426862.21244202926755, 4901909.107447730377316 ], [ -12426890.268117921426892, 4901908.549790119752288 ] ] ] } },
{ "type": "Feature", "properties": { "type": "Feature", "properties": { "height": 6.2242283821105957, "confidence": 0.99629998207092207 }, "id": 297, "area": 765.29853929095862, "perimeter": 140.31944491839769, "cluster": 4 }, "geometry": { "type": "Polygon", "coordinates": [ [ [ -12427440.731230756267905, 4903876.262577025219798 ], [ -12427440.341029560193419, 4903903.726590193808079 ], [ -12427434.967635681852698, 4903903.650246481411159 ], [ -12427434.666502151638269, 4903924.845300121232867 ], [ -12427448.099986851215363, 4903925.036159400828183 ], [ -12427448.201778469607234, 4903917.871634229086339 ], [ -12427456.261869290843606, 4903917.98614979442209 ], [ -12427456.452728571370244, 4903904.552665093913674 ], [ -12427453.766031630337238, 4903904.514493236318231 ], [ -12427454.164715459570289, 4903876.453436304815114 ], [ -12427440.731230756267905, 4903876.262577025219798 ] ] ] } },
{ "type": "Feature", "properties": { "type": "Feature", "properties": { "height": 3.953360795974731, "confidence": 0.95759999752044611 }, "id": 298, "area": 130.4931048251226, "perimeter": 46.301515143314376, "cluster": 2 }, "geometry": { "type": "Polygon", "coordinates": [ [ [ -12427855.016303166747093, 4904077.147969298996031 ], [ -12427846.344798730686307, 4904081.507997845299542 ], [ -12427852.385362872853875, 4904093.520187195390463 ], [ -12427861.055952690541744, 4904089.160011674277484 ], [ -12427855.016303166747093, 4904077.147969298996031 ] ] ] } },
{ "type": "Feature", "properties": { "type": "Feature", "properties": { "height": 5.5528378486633301, "confidence": 0.97439998388290405 }, "id": 299, "area": 466.32106332724868, "perimeter": 95.576311903424596, "cluster": 0 }, "geometry": { "type": "Polygon", "coordinates": [ [ [ -12427263.912621468305588, 4902204.605680667795241 ], [ -12427259.009979920461774, 4902190.144709900021553 ], [ -12427265.437078040093184, 4902187.965308276005089 ], [ -12427262.350229660049081, 4902178.860252607613802 ], [ -12427240.658773509785533, 4902186.215733084827662 ], [ -12427248.648263435810804, 4902209.781759523786604 ], [ -12427263.912621468305588, 4902204.605680667795241 ] ] ] } },
{ "type": "Feature", "properties": { "type": "Feature", "properties": { "height": 5.0009245872497559, "confidence": 0.99629998207092207 }, "id": 300, "area": 289.28245233673817, "perimeter": 74.094878250656109, "cluster": 0 }, "geometry": { "type": "Polygon", "coordinates": [ [ [ -12427390.79023564234376, 4902575.634350868873298 ], [ -12427393.458379779011011, 4902573.937816050834954 ], [ -12427401.300229631364346, 4902586.269353656098247 ], [ -12427411.930865494534373, 4902579.509882292710245 ], [ -12427400.507283594459295, 4902561.545966580510139 ], [ -12427387.209205720573664, 4902570.002457031048834 ], [ -12427390.79023564234376, 4902575.634350868873298 ] ] ] } },
{ "type": "Feature", "properties": { "type": "Feature", "properties": { "height": 4.8357405662536621, "confidence": 0.9980999827384941 }, "id": 301, "area": 413.59290497461791, "perimeter": 99.09329714439356, "cluster": 0 }, "geometry": { "type": "Polygon", "coordinates": [ [ [ -12427396.198605876415968, 4902285.009116826578975 ], [ -12427387.156087722629309, 4902270.489056209102273 ], [ -12427371.132202506065369, 4902280.468096703290939 ], [ -12427377.359990229830146, 4902290.469516388140619 ], [ -12427371.224448310211301, 4902294.29005925450474 ], [ -12427377.387841068208218, 4902304.186952460557222 ], [ -12427384.383510287851095, 4902299.830816608853638 ], [ -12427381.034111579880118, 4902294.451901384629309 ], [ -12427396.198605876415968, 4902285.009116826578975 ] ] ] } },
{ "type": "Feature", "properties": { "type": "Feature", "properties": { "height": 5.329780101776123, "confidence": 0.91079998016357411 }, "id": 302, "area": 401.47095570749912, "perimeter": 102.62549086347637, "cluster": 0 }, "geometry": { "type": "Polygon", "coordinates": [ [ [ -12427411.577150138095021, 4902968.344619656912982 ], [ -12427419.395730594173074, 4902964.172667150385678 ], [ -12427422.681623971089721, 4902970.330700273625553 ], [ -12427417.883982535451651, 4902972.890360174700618 ], [ -12427422.534558096900582, 4902981.607062738388777 ], [ -12427435.002055108547211, 4902974.954473347403109 ], [ -12427421.670234994962811, 4902949.96955128852278 ], [ -12427406.182235017418861, 4902958.232780842110515 ], [ -12427411.577150138095021, 4902968.344619656912982 ] ] ] } },
{ "type": "Feature", "properties": { "type": "Feature", "properties": { "height": 4.0343208312988281, "confidence": 0.9757000207901001 }, "id": 303, "area": 550.78380402763594, "perimeter": 125.66603299467005, "cluster": 4 }, "geometry": { "type": "Polygon", "coordinates": [ [ [ -12426985.089093832299113, 4904045.919140634126961 ], [ -12426972.096467209979892, 4904043.518487338908017 ], [ -12426967.348508473485708, 4904069.215015544556081 ], [ -12426972.834284158423543, 4904070.22862471267581 ], [ -12426971.820674987509847, 4904075.714400398544967 ], [ -12426966.334899306297302, 4904074.700791229493916 ], [ -12426964.094289561733603, 4904086.827242739498615 ], [ -12426977.08691618219018, 4904089.227896033786237 ], [ -12426985.089093832299113, 4904045.919140634126961 ] ] ] } },
{ "type": "Feature", "properties": { "type": "Feature", "properties": { "height": 5.678473949432373, "confidence": 0.98949998617172208 }, "id": 304, "area": 457.85820950259478, "perimeter": 90.95352706132897, "cluster": 0 }, "geometry": { "type": "Polygon", "coordinates": [ [ [ -12427203.101797958835959, 4903379.299810724332929 ], [ -12427192.113437861204147, 4903389.577557387761772 ], [ -12427212.901768479496241, 4903411.801550494506955 ], [ -12427223.889744902029634, 4903401.5233936579898 ], [ -12427203.101797958835959, 4903379.299810724332929 ] ] ] } },
{ "type": "Feature", "properties": { "type": "Feature", "properties": { "height": 4.7829174995422363, "confidence": 0.98879998922348011 }, "id": 305, "area": 439.26475462632015, "perimeter": 98.674011496981407, "cluster": 0 }, "geometry": { "type": "Polygon", "coordinates": [ [ [ -12427248.595272088423371, 4902217.020502922125161 ], [ -12427252.601002097129822, 4902227.42098818346858 ], [ -12427250.382550913840532, 4902228.275421055033803 ], [ -12427253.687801115214825, 4902236.855619980022311 ], [ -12427260.447957847267389, 4902234.25195659417659 ], [ -12427263.306588970124722, 4902241.672763551585376 ], [ -12427276.184418713673949, 4902236.711987033486366 ], [ -12427269.220668906345963, 4902218.631293359212577 ], [ -12427261.680317092686892, 4902221.535447620786726 ], [ -12427258.475733082741499, 4902213.215059411711991 ], [ -12427248.595272088423371, 4902217.020502922125161 ] ] ] } },
{ "type": "Feature", "properties": { "type": "Feature", "properties": { "height": 6.8700919151306152, "confidence": 0.98940002918243408 }, "id": 306, "area": 485.95133125924229, "perimeter": 101.05476135704676, "cluster": 0 }, "geometry": { "type": "Polygon", "coordinates": [ [ [ -12426616.795858422294259, 4902158.955334990285337 ], [ -12426606.736348977312446, 4902159.918479511514306 ], [ -12426607.258188208565116, 4902165.364819123409688 ], [ -12426600.749137112870812, 4902165.988481706008315 ], [ -12426601.644679006189108, 4902175.335086916573346 ], [ -12426603.715754479169846, 4902175.136792454868555 ], [ -12426605.189875828102231, 4902190.521924548782408 ], [ -12426620.735162677243352, 4902189.03354602213949 ], [ -12426620.208403374999762, 4902183.531837751157582 ], [ -12426622.710661755874753, 4902183.292084688320756 ], [ -12426621.548381492495537, 4902171.16158037725836 ], [ -12426617.997989987954497, 4902171.50175996683538 ], [ -12426616.795858422294259, 4902158.955334990285337 ] ] ] } },
{ "type": "Feature", "properties": { "type": "Feature", "properties": { "height": 4.7129712104797363, "confidence": 0.75950002670288008 }, "id": 307, "area": 301.1728929691393, "perimeter": 73.410093077447485, "cluster": 0 }, "geometry": { "type": "Polygon", "coordinates": [ [ [ -12426818.052034519612789, 4903961.872643126174808 ], [ -12426831.362508025020361, 4903961.687257894314826 ], [ -12426831.169772081077099, 4903947.84901066776365 ], [ -12426830.099771359935403, 4903947.863838505931199 ], [ -12426829.967390816658735, 4903938.311044470407069 ], [ -12426817.727873457595706, 4903938.480657042935491 ], [ -12426818.052034519612789, 4903961.872643126174808 ] ] ] } },
{ "type": "Feature", "properties": { "type": "Feature", "properties": { "height": 5.927823543548584, "confidence": 0.98509997129440308 }, "id": 308, "area": 629.95518884390685, "perimeter": 129.19930672381818, "cluster": 4 }, "geometry": { "type": "Polygon", "coordinates": [ [ [ -12426963.284001365303993, 4903558.988835393451154 ], [ -12426974.023962244391441, 4903561.208537555299699 ], [ -12426978.662011096253991, 4903538.775077170692384 ], [ -12426990.091992329806089, 4903536.851147659122944 ], [ -12426988.772406615316868, 4903529.011546546593308 ], [ -12426988.482051018625498, 4903529.06042009126395 ], [ -12426987.89556847885251, 4903525.576152933761477 ], [ -12426975.119922222569585, 4903527.726588910445571 ], [ -12426973.995830690488219, 4903521.048410186544061 ], [ -12426960.639473242685199, 4903523.296593252569437 ], [ -12426963.768729316070676, 4903541.887366976588964 ], [ -12426966.693505238741636, 4903542.492055392824113 ], [ -12426963.284001365303993, 4903558.988835393451154 ] ] ] } },
{ "type": "Feature", "properties": { "type": "Feature", "properties": { "height": 4.7474660873413095, "confidence": 0.96590000391006403 }, "id": 309, "area": 413.0877048272709, "perimeter": 93.300790788290513, "cluster": 0 }, "geometry": { "type": "Polygon", "coordinates": [ [ [ -12427575.171913541853428, 4902798.744192131794989 ], [ -12427573.569205505773425, 4902795.519365708343685 ], [ -12427578.453857980668545, 4902793.092081795446575 ], [ -12427580.714658640325069, 4902797.641704309731722 ], [ -12427589.95764266513288, 4902793.048676133155823 ], [ -12427581.746439225971699, 4902776.526823612861335 ], [ -12427559.717302531003952, 4902787.473553072661161 ], [ -12427567.270378397777677, 4902802.671179885976017 ], [ -12427575.171913541853428, 4902798.744192131794989 ] ] ] } },
{ "type": "Feature", "properties": { "type": "Feature", "properties": { "height": 6.7423033714294434, "confidence": 0.94179999828338612 }, "id": 310, "area": 312.56465101555148, "perimeter": 71.131674633477317, "cluster": 0 }, "geometry": { "type": "Polygon", "coordinates": [ [ [ -12427042.066391745582223, 4903632.907026568427682 ], [ -12427035.710535386577249, 4903647.446327826008201 ], [ -12427053.759323151782155, 4903655.336356410756707 ], [ -12427060.115179512649775, 4903640.797055155038834 ], [ -12427042.066391745582223, 4903632.907026568427682 ] ] ] } },
{ "type": "Feature", "properties": { "type": "Feature", "properties": { "height": 5.6404523849487305, "confidence": 0.98430001735687211 }, "id": 311, "area": 709.25679266311033, "perimeter": 124.87509459653282, "cluster": 4 }, "geometry": { "type": "Polygon", "coordinates": [ [ [ -12427335.971713123843074, 4902230.710920873098075 ], [ -12427320.916943687945604, 4902244.54554592166096 ], [ -12427331.62762114405632, 4902256.200851291418076 ], [ -12427342.473530311137438, 4902246.233970880508423 ], [ -12427345.002440266311169, 4902248.985917982645333 ], [ -12427358.276538047939539, 4902236.787646431475878 ], [ -12427349.946011137217283, 4902227.722408923320472 ], [ -12427353.831112928688526, 4902224.152183100581169 ], [ -12427345.649345425888896, 4902215.248824834823608 ], [ -12427332.699006125330925, 4902227.149577564559877 ], [ -12427335.971713123843074, 4902230.710920873098075 ] ] ] } },
{ "type": "Feature", "properties": { "type": "Feature", "properties": { "height": 6.7047433853149414, "confidence": 0.8907999992370601 }, "id": 312, "area": 92.26657347505585, "perimeter": 40.460669028526837, "cluster": 2 }, "geometry": { "type": "Polygon", "coordinates": [ [ [ -12427417.96193908713758, 4902798.390007640235126 ], [ -12427424.24420359171927, 4902810.095927724614739 ], [ -12427430.363485336303711, 4902806.812295784242451 ], [ -12427424.081678502261639, 4902795.105701800435781 ], [ -12427417.96193908713758, 4902798.390007640235126 ] ] ] } },
{ "type": "Feature", "properties": { "type": "Feature", "properties": { "height": 4.9972677230834961, "confidence": 0.95730000734329213 }, "id": 313, "area": 358.92579154072752, "perimeter": 78.680748509559024, "cluster": 0 }, "geometry": { "type": "Polygon", "coordinates": [ [ [ -12427495.244444862008095, 4903224.897318484261632 ], [ -12427484.822992270812392, 4903202.216173838824034 ], [ -12427471.756680680438876, 4903208.219836743548512 ], [ -12427482.178133267909288, 4903230.900981389917433 ], [ -12427495.244444862008095, 4903224.897318484261632 ] ] ] } },
{ "type": "Feature", "properties": { "type": "Feature", "properties": { "height": 7.1725964546203613, "confidence": 0.9578999876976011 }, "id": 314, "area": 841.9065111173893, "perimeter": 132.98118089463892, "cluster": 4 }, "geometry": { "type": "Polygon", "coordinates": [ [ [ -12427718.793859329074621, 4903714.563465011306107 ], [ -12427712.355865549296141, 4903730.314501849934459 ], [ -12427758.151301365345716, 4903749.032681102864444 ], [ -12427764.590417705476284, 4903733.278897843323648 ], [ -12427718.793859329074621, 4903714.563465011306107 ] ] ] } },
{ "type": "Feature", "properties": { "type": "Feature", "properties": { "height": 6.9315853118896484, "confidence": 0.96509999036788907 }, "id": 315, "area": 904.79428005775333, "perimeter": 138.72415379727479, "cluster": 4 }, "geometry": { "type": "Polygon", "coordinates": [ [ [ -12426883.844436321407557, 4902343.990855318494141 ], [ -12426866.517697716131806, 4902300.420907909050584 ], [ -12426850.017835976555943, 4902306.982513060793281 ], [ -12426858.629942737519741, 4902328.638581596314907 ], [ -12426854.247166961431503, 4902330.381507962010801 ], [ -12426858.963320665061474, 4902342.240783589892089 ], [ -12426862.314855083823204, 4902340.907957546412945 ], [ -12426866.313333220779896, 4902350.962560791522264 ], [ -12426883.844436321407557, 4902343.990855318494141 ] ] ] } },
{ "type": "Feature", "properties": { "type": "Feature", "properties": { "height": 6.3869552612304688, "confidence": 0.98479998111724809 }, "id": 316, "area": 1383.0646494528119, "perimeter": 179.06089295700505, "cluster": 1 }, "geometry": { "type": "Polygon", "coordinates": [ [ [ -12427103.434018693864346, 4904465.679451851174235 ], [ -12427102.712245438247919, 4904442.711308644153178 ], [ -12427092.868755487725139, 4904443.020640039816499 ], [ -12427092.793766060844064, 4904440.634339444339275 ], [ -12427084.740001557394862, 4904440.887428767979145 ], [ -12427084.655638452619314, 4904438.202840602956712 ], [ -12427074.513860931620002, 4904438.521545676514506 ], [ -12427074.729455538094044, 4904445.382159883156419 ], [ -12427066.37740346416831, 4904445.644622884690762 ], [ -12427066.199303567409515, 4904439.977158979512751 ], [ -12427056.057526048272848, 4904440.295864052139223 ], [ -12427056.160636514425278, 4904443.5770273655653 ], [ -12427046.913721712306142, 4904443.867611406370997 ], [ -12427047.654242327436805, 4904467.432329763658345 ], [ -12427103.434018693864346, 4904465.679451851174235 ] ] ] } },
{ "type": "Feature", "properties": { "type": "Feature", "properties": { "height": 4.865689754486084, "confidence": 0.98940002918243408 }, "id": 317, "area": 730.23602676917028, "perimeter": 132.96348098154348, "cluster": 4 }, "geometry": { "type": "Polygon", "coordinates": [ [ [ -12427287.91894830390811, 4904215.170260463841259 ], [ -12427254.287176528945565, 4904218.868154741823673 ], [ -12427255.714433969929814, 4904231.848838587291539 ], [ -12427274.005397569388151, 4904229.837703102268279 ], [ -12427275.854344708845019, 4904246.653588991612196 ], [ -12427291.490168429911137, 4904244.934392528608441 ], [ -12427290.192661665380001, 4904233.133770851418376 ], [ -12427292.552785998210311, 4904232.874269497580826 ], [ -12427291.579655926674604, 4904224.0238032406196 ], [ -12427288.924516048282385, 4904224.315742261707783 ], [ -12427287.91894830390811, 4904215.170260463841259 ] ] ] } },
{ "type": "Feature", "properties": { "type": "Feature", "properties": { "height": 4.7699861526489258, "confidence": 0.98489999771118109 }, "id": 318, "area": 453.84686313337022, "perimeter": 91.619360177000473, "cluster": 0 }, "geometry": { "type": "Polygon", "coordinates": [ [ [ -12427461.867765942588449, 4904106.446248483844101 ], [ -12427463.967494601383805, 4904118.160783081315458 ], [ -12427461.363902118057013, 4904118.627454441972077 ], [ -12427463.437997041270137, 4904130.198976594023407 ], [ -12427474.430943086743355, 4904128.228586418554187 ], [ -12427473.808714609593153, 4904124.757129770703614 ], [ -12427484.620766595005989, 4904122.819163287989795 ], [ -12427481.070748450234532, 4904103.005624519661069 ], [ -12427461.867765942588449, 4904106.446248483844101 ] ] ] } },
{ "type": "Feature", "properties": { "type": "Feature", "properties": { "height": 4.1775326728820801, "confidence": 0.98129999637603704 }, "id": 319, "area": 444.30625295811598, "perimeter": 112.26114054996698, "cluster": 4 }, "geometry": { "type": "Polygon", "coordinates": [ [ [ -12427516.179207442328334, 4902665.549291912466288 ], [ -12427526.954475527629256, 4902658.622441593557596 ], [ -12427535.510241383686662, 4902671.933066874742508 ], [ -12427543.75015227124095, 4902666.63606368843466 ], [ -12427534.651163185015321, 4902652.480319344438612 ], [ -12427529.066652385517955, 4902656.070306165143847 ], [ -12427520.037488281726837, 4902642.024721331894398 ], [ -12427506.60708818025887, 4902650.657475709915161 ], [ -12427516.179207442328334, 4902665.549291912466288 ] ] ] } },
{ "type": "Feature", "properties": { "type": "Feature", "properties": { "height": 8.5890541076660156, "confidence": 0.94279998540878307 }, "id": 320, "area": 550.56624269977158, "perimeter": 100.12676113620083, "cluster": 0 }, "geometry": { "type": "Polygon", "coordinates": [ [ [ -12427645.834299001842737, 4903996.489456528797746 ], [ -12427661.200429059565067, 4904001.96568372938782 ], [ -12427672.530554303899407, 4903970.173690505325794 ], [ -12427657.164424248039722, 4903964.69746330473572 ], [ -12427645.834299001842737, 4903996.489456528797746 ] ] ] } },
{ "type": "Feature", "properties": { "type": "Feature", "properties": { "height": 7.6140074729919434, "confidence": 0.97920000553131104 }, "id": 321, "area": 4099.0116620599974, "perimeter": 244.00267967091619, "cluster": 3 }, "geometry": { "type": "Polygon", "coordinates": [ [ [ -12428009.528802894055843, 4903968.544188803061843 ], [ -12428017.380717691034079, 4903951.950762005522847 ], [ -12428017.496058855205774, 4903939.075804391875863 ], [ -12428014.727218488231301, 4903929.672145918011665 ], [ -12428006.492175608873367, 4903916.605816919356585 ], [ -12427987.39484198205173, 4903907.569067713804543 ], [ -12427975.625957440584898, 4903907.46363537851721 ], [ -12427967.740109784528613, 4903909.78556714206934 ], [ -12427952.881849689409137, 4903919.149973088875413 ], [ -12427946.491024196147919, 4903932.655684477649629 ], [ -12427946.310081394389272, 4903952.853424457833171 ], [ -12427948.933188814669847, 4903961.762138225138187 ], [ -12427950.929912516847253, 4903960.503565042279661 ], [ -12427953.70389979891479, 4903954.64130646083504 ], [ -12427955.205831782892346, 4903959.742234488017857 ], [ -12427955.142304083332419, 4903966.833513964898884 ], [ -12427960.076251778751612, 4903974.662080833688378 ], [ -12427971.074422240257263, 4903979.866352285258472 ], [ -12427990.807779403403401, 4903980.044515993446112 ], [ -12427997.971209371462464, 4903975.52977027464658 ], [ -12427998.86035935766995, 4903975.267966384068131 ], [ -12428009.528802894055843, 4903968.544188803061843 ] ] ] } },
{ "type": "Feature", "properties": { "type": "Feature", "properties": { "height": 5.1940813064575186, "confidence": 0.88330000638961703 }, "id": 322, "area": 593.24170578576798, "perimeter": 116.2160347804637, "cluster": 4 }, "geometry": { "type": "Polygon", "coordinates": [ [ [ -12426839.235103387385607, 4903361.852453112602234 ], [ -12426824.310510808601975, 4903362.111502595245838 ], [ -12426824.685046218335629, 4903383.602915904484689 ], [ -12426819.013701038435102, 4903383.701354706659913 ], [ -12426819.214727720245719, 4903395.236572412773967 ], [ -12426844.28801267594099, 4903394.799614966847003 ], [ -12426844.152763944119215, 4903387.038836292922497 ], [ -12426839.67539163120091, 4903387.116864405572414 ], [ -12426839.235103387385607, 4903361.852453112602234 ] ] ] } },
{ "type": "Feature", "properties": { "type": "Feature", "properties": { "height": 5.7892217636108398, "confidence": 0.91070002317428511 }, "id": 323, "area": 446.5801791244391, "perimeter": 99.642049297565109, "cluster": 0 }, "geometry": { "type": "Polygon", "coordinates": [ [ [ -12426946.61741704121232, 4902999.356568204239011 ], [ -12426942.959508895874023, 4902968.135426288470626 ], [ -12426924.698086265474558, 4902970.274957465939224 ], [ -12426925.491783315315843, 4902977.049356184899807 ], [ -12426930.793486660346389, 4902976.428201970644295 ], [ -12426933.657697753980756, 4903000.874945171177387 ], [ -12426946.61741704121232, 4902999.356568204239011 ] ] ] } },
{ "type": "Feature", "properties": { "type": "Feature", "properties": { "height": 7.4112029075622559, "confidence": 0.93610000610351507 }, "id": 324, "area": 475.89265617652524, "perimeter": 98.060749359398372, "cluster": 0 }, "geometry": { "type": "Polygon", "coordinates": [ [ [ -12427198.497397035360336, 4902439.849540312774479 ], [ -12427204.633176108822227, 4902440.757797081954777 ], [ -12427205.022429008036852, 4902438.128177480772138 ], [ -12427213.495647730305791, 4902439.382436828687787 ], [ -12427215.744664495810866, 4902424.189079125411808 ], [ -12427219.250823963433504, 4902424.708082993514836 ], [ -12427221.110587829723954, 4902412.144344893284142 ], [ -12427202.995430564507842, 4902409.4628249052912 ], [ -12427198.497397035360336, 4902439.849540312774479 ] ] ] } },
{ "type": "Feature", "properties": { "type": "Feature", "properties": { "height": 3.4336624145507812, "confidence": 0.89670002460479703 }, "id": 325, "area": 695.48598599383911, "perimeter": 123.95099485325325, "cluster": 4 }, "geometry": { "type": "Polygon", "coordinates": [ [ [ -12427286.159802151843905, 4902961.986346932128072 ], [ -12427264.007264528423548, 4902968.183413904160261 ], [ -12427266.564194206148386, 4902977.321335672400892 ], [ -12427271.172892190515995, 4902976.03207434527576 ], [ -12427276.208100533112884, 4902994.031337990425527 ], [ -12427279.630865732207894, 4902993.073835712857544 ], [ -12427282.306843712925911, 4903002.637210750952363 ], [ -12427293.836482815444469, 4902999.411042138002813 ], [ -12427291.703588146716356, 4902991.786624069325626 ], [ -12427295.126207651570439, 4902990.829162551090121 ], [ -12427291.252071775496006, 4902976.983826537616551 ], [ -12427290.421351615339518, 4902977.216216548345983 ], [ -12427286.159802151843905, 4902961.986346932128072 ] ] ] } },
{ "type": "Feature", "properties": { "type": "Feature", "properties": { "height": 4.3139042854309082, "confidence": 0.96069997549057007 }, "id": 326, "area": 126.99466275196534, "perimeter": 45.264193638176813, "cluster": 2 }, "geometry": { "type": "Polygon", "coordinates": [ [ [ -12427317.234664551913738, 4903691.493462706916034 ], [ -12427315.424484390765429, 4903701.620265431702137 ], [ -12427327.576647657901049, 4903703.792481625452638 ], [ -12427329.386827820912004, 4903693.665678901597857 ], [ -12427317.234664551913738, 4903691.493462706916034 ] ] ] } },
{ "type": "Feature", "properties": { "type": "Feature", "properties": { "height": 5.5945749282836914, "confidence": 0.97269999980926503 }, "id": 327, "area": 486.24334193351001, "perimeter": 96.482139663276442, "cluster": 0 }, "geometry": { "type": "Polygon", "coordinates": [ [ [ -12427562.908958714455366, 4902642.648583008907735 ], [ -12427550.620885759592056, 4902621.148217301815748 ], [ -12427538.467342805117369, 4902628.094314150512218 ], [ -12427541.621942875906825, 4902633.6138985035941 ], [ -12427533.392393780872226, 4902638.316744830459356 ], [ -12427539.566318277269602, 4902649.120545592159033 ], [ -12427544.645423803478479, 4902646.218047228641808 ], [ -12427547.604035744443536, 4902651.394712351262569 ], [ -12427562.908958714455366, 4902642.648583008907735 ] ] ] } },
{ "type": "Feature", "properties": { "type": "Feature", "properties": { "height": 5.5615859031677246, "confidence": 0.98110002279281605 }, "id": 328, "area": 274.00673112660405, "perimeter": 69.191464757228005, "cluster": 0 }, "geometry": { "type": "Polygon", "coordinates": [ [ [ -12427579.522919626906514, 4902721.741118870675564 ], [ -12427572.868333881720901, 4902709.5481564309448 ], [ -12427557.224533013999462, 4902718.086115497164428 ], [ -12427565.260259198024869, 4902732.809692785143852 ], [ -12427573.312215525656939, 4902728.415155029855669 ], [ -12427571.931075086817145, 4902725.884540182538331 ], [ -12427579.522919626906514, 4902721.741118870675564 ] ] ] } },
{ "type": "Feature", "properties": { "type": "Feature", "properties": { "height": 5.9360747337341309, "confidence": 0.94620001316070512 }, "id": 329, "area": 554.9851694852, "perimeter": 98.484444328903876, "cluster": 0 }, "geometry": { "type": "Polygon", "coordinates": [ [ [ -12427336.613502088934183, 4903400.701943857595325 ], [ -12427329.323939638212323, 4903385.536936830729246 ], [ -12427326.898459035903215, 4903386.702654584310949 ], [ -12427321.651965228840709, 4903375.787991870194674 ], [ -12427305.776712192222476, 4903383.417846473865211 ], [ -12427318.311785776168108, 4903409.499269421212375 ], [ -12427336.613502088934183, 4903400.701943857595325 ] ] ] } },
{ "type": "Feature", "properties": { "type": "Feature", "properties": { "height": 6.7295241355895996, "confidence": 0.95020002126693703 }, "id": 330, "area": 690.90163449112276, "perimeter": 122.61575706525599, "cluster": 4 }, "geometry": { "type": "Polygon", "coordinates": [ [ [ -12427121.697750048711896, 4904344.395405434072018 ], [ -12427111.733934646472335, 4904344.150633653625846 ], [ -12427111.539114026352763, 4904352.081109511666 ], [ -12427097.812595747411251, 4904351.744863611645997 ], [ -12427097.819926323369145, 4904351.446461041457951 ], [ -12427087.674238899722695, 4904351.197931465692818 ], [ -12427087.249065360054374, 4904368.505280598066747 ], [ -12427097.693155355751514, 4904368.761119870468974 ], [ -12427097.638760533183813, 4904370.975345525890589 ], [ -12427110.470049053430557, 4904371.290559848770499 ], [ -12427110.514032445847988, 4904369.5001475000754 ], [ -12427121.076426105573773, 4904369.759623995982111 ], [ -12427121.697750048711896, 4904344.395405434072018 ] ] ] } },
{ "type": "Feature", "properties": { "type": "Feature", "properties": { "height": 5.611793041229248, "confidence": 0.96710002422332708 }, "id": 331, "area": 595.92281601169668, "perimeter": 104.09964739785218, "cluster": 4 }, "geometry": { "type": "Polygon", "coordinates": [ [ [ -12427541.37900061532855, 4904025.263056448660791 ], [ -12427547.422767817974091, 4904047.03097824845463 ], [ -12427545.37352223880589, 4904047.599942219443619 ], [ -12427547.837038213387132, 4904056.470586438663304 ], [ -12427567.350103268399835, 4904051.052870240062475 ], [ -12427558.843081429600716, 4904020.413009371608496 ], [ -12427541.37900061532855, 4904025.263056448660791 ] ] ] } },
{ "type": "Feature", "properties": { "type": "Feature", "properties": { "height": 5.0152068138122559, "confidence": 0.98350000381469704 }, "id": 332, "area": 562.75996575032241, "perimeter": 100.27924693330783, "cluster": 0 }, "geometry": { "type": "Polygon", "coordinates": [ [ [ -12426669.119731672108173, 4903477.392514093779027 ], [ -12426669.776374120265245, 4903455.316967589780688 ], [ -12426650.38569138199091, 4903454.74018706381321 ], [ -12426649.471716085448861, 4903485.466961249709129 ], [ -12426664.984262276440859, 4903485.928385668434203 ], [ -12426665.24159512668848, 4903477.277157986536622 ], [ -12426669.119731672108173, 4903477.392514093779027 ] ] ] } },
{ "type": "Feature", "properties": { "type": "Feature", "properties": { "height": 5.1382656097412109, "confidence": 0.99879997968673706 }, "id": 333, "area": 615.45823974042116, "perimeter": 117.60736037056009, "cluster": 4 }, "geometry": { "type": "Polygon", "coordinates": [ [ [ -12426792.721093894913793, 4903506.633985568769276 ], [ -12426782.575063252821565, 4903506.39183856267482 ], [ -12426782.863602736964822, 4903494.266391064971685 ], [ -12426767.047705117613077, 4903493.890032919123769 ], [ -12426766.699751356616616, 4903508.512277888134122 ], [ -12426772.966427771374583, 4903508.661400927230716 ], [ -12426772.53326085023582, 4903526.864603850990534 ], [ -12426792.228529587388039, 4903527.333276256918907 ], [ -12426792.721093894913793, 4903506.633985568769276 ] ] ] } },
{ "type": "Feature", "properties": { "type": "Feature", "properties": { "height": 6.2386026382446289, "confidence": 0.98839998245239202 }, "id": 334, "area": 569.00477179210213, "perimeter": 110.88562086892826, "cluster": 4 }, "geometry": { "type": "Polygon", "coordinates": [ [ [ -12427446.658411659300327, 4904252.799435036256909 ], [ -12427471.357382003217936, 4904254.234215648844838 ], [ -12427473.137892885133624, 4904223.583686182275414 ], [ -12427460.044462822377682, 4904222.823079591616988 ], [ -12427459.093704584985971, 4904239.189867172390223 ], [ -12427447.48816430196166, 4904238.515693148598075 ], [ -12427446.658411659300327, 4904252.799435036256909 ] ] ] } },
{ "type": "Feature", "properties": { "type": "Feature", "properties": { "height": 3.7552890777587891, "confidence": 0.92930001020431507 }, "id": 335, "area": 253.1285533980697, "perimeter": 67.136765423623515, "cluster": 2 }, "geometry": { "type": "Polygon", "coordinates": [ [ [ -12427485.08618775755167, 4903090.722627177834511 ], [ -12427475.5606982819736, 4903097.054730976931751 ], [ -12427487.811942581087351, 4903115.484482354484499 ], [ -12427497.337432060390711, 4903109.152378557249904 ], [ -12427485.08618775755167, 4903090.722627177834511 ] ] ] } },
{ "type": "Feature", "properties": { "type": "Feature", "properties": { "height": 5.5002703666687012, "confidence": 0.97890001535415605 }, "id": 336, "area": 329.85174750652618, "perimeter": 78.568021051555291, "cluster": 0 }, "geometry": { "type": "Polygon", "coordinates": [ [ [ -12426702.219711221754551, 4902481.880645859055221 ], [ -12426709.622434858232737, 4902506.201205839402974 ], [ -12426720.279758894816041, 4902502.957315704785287 ], [ -12426717.867635458707809, 4902495.032638855278492 ], [ -12426720.471912899985909, 4902494.239945506677032 ], [ -12426715.480262488126755, 4902477.844382040202618 ], [ -12426702.219711221754551, 4902481.880645859055221 ] ] ] } },
{ "type": "Feature", "properties": { "type": "Feature", "properties": { "height": 6.324099063873291, "confidence": 0.96189999580383312 }, "id": 337, "area": 865.58375291775974, "perimeter": 120.24660717404575, "cluster": 4 }, "geometry": { "type": "Polygon", "coordinates": [ [ [ -12426782.870624655857682, 4904435.47272864729166 ], [ -12426795.460828939452767, 4904467.908509178087115 ], [ -12426817.257673455402255, 4904459.447891895659268 ], [ -12426814.33674605935812, 4904451.922790816053748 ], [ -12426816.153149768710136, 4904451.217739375308156 ], [ -12426806.483872879296541, 4904426.307059930637479 ], [ -12426782.870624655857682, 4904435.47272864729166 ] ] ] } },
{ "type": "Feature", "properties": { "type": "Feature", "properties": { "height": 6.7178540229797363, "confidence": 0.95429998636245705 }, "id": 338, "area": 482.65968027790603, "perimeter": 92.874827648011404, "cluster": 0 }, "geometry": { "type": "Polygon", "coordinates": [ [ [ -12426849.427819883450866, 4904422.356891823932528 ], [ -12426873.298623070120811, 4904428.358006398193538 ], [ -12426877.701938016340137, 4904410.842815993353724 ], [ -12426850.179850636050105, 4904403.925695626065135 ], [ -12426847.708762563765049, 4904413.755012548528612 ], [ -12426851.359651707112789, 4904414.672589740715921 ], [ -12426849.427819883450866, 4904422.356891823932528 ] ] ] } },
{ "type": "Feature", "properties": { "type": "Feature", "properties": { "height": 4.721099853515625, "confidence": 0.99599999189376809 }, "id": 339, "area": 988.41244777038048, "perimeter": 162.76536976774457, "cluster": 4 }, "geometry": { "type": "Polygon", "coordinates": [ [ [ -12426893.241719037294388, 4903622.903457748703659 ], [ -12426894.976308291777968, 4903658.461293161846697 ], [ -12426892.295448664575815, 4903658.592071380466223 ], [ -12426892.687783315777779, 4903666.634650262072682 ], [ -12426903.411221824586391, 4903666.111537394113839 ], [ -12426902.975294433534145, 4903657.175338636152446 ], [ -12426925.767336985096335, 4903656.063492776826024 ], [ -12426925.476302759721875, 4903650.106047230772674 ], [ -12426929.64651464112103, 4903649.902615142054856 ], [ -12426929.195411596447229, 4903640.668574545532465 ], [ -12426924.276841476559639, 4903640.908513191156089 ], [ -12426923.928099567070603, 4903633.75955418497324 ], [ -12426911.417421305552125, 4903634.369852528907359 ], [ -12426911.286643086001277, 4903631.688992902636528 ], [ -12426906.520670415833592, 4903631.921487509272993 ], [ -12426906.050226960331202, 4903622.277734166011214 ], [ -12426893.241719037294388, 4903622.903457748703659 ] ] ] } },
{ "type": "Feature", "properties": { "type": "Feature", "properties": { "height": 5.2396984100341797, "confidence": 0.98530000448226907 }, "id": 340, "area": 460.80567934026993, "perimeter": 95.917620617217395, "cluster": 0 }, "geometry": { "type": "Polygon", "coordinates": [ [ [ -12426932.65667898952961, 4904285.479959493502975 ], [ -12426929.502551838755608, 4904317.831839432008564 ], [ -12426943.40377913415432, 4904319.187131255865097 ], [ -12426945.306954892352223, 4904299.666258879937232 ], [ -12426946.785808859393001, 4904299.810438863933086 ], [ -12426947.460140388458967, 4904292.893820851109922 ], [ -12426945.389730839058757, 4904292.692112417891622 ], [ -12426945.966454664245248, 4904286.776656562462449 ], [ -12426932.65667898952961, 4904285.479959493502975 ] ] ] } },
{ "type": "Feature", "properties": { "type": "Feature", "properties": { "height": 7.8078141212463379, "confidence": 0.95920002460479703 }, "id": 341, "area": 253.33253918174313, "perimeter": 63.892109106230635, "cluster": 2 }, "geometry": { "type": "Polygon", "coordinates": [ [ [ -12427048.706382591277361, 4902474.800041471607983 ], [ -12427063.334860952571034, 4902474.627014257013798 ], [ -12427063.130053229629993, 4902457.311672524549067 ], [ -12427048.50157486833632, 4902457.484699736349285 ], [ -12427048.706382591277361, 4902474.800041471607983 ] ] ] } },
{ "type": "Feature", "properties": { "type": "Feature", "properties": { "height": 2.268965482711792, "confidence": 0.9980999827384941 }, "id": 342, "area": 284.34491060965718, "perimeter": 71.710428018949088, "cluster": 0 }, "geometry": { "type": "Polygon", "coordinates": [ [ [ -12427223.856755489483476, 4901957.909920025616884 ], [ -12427215.352971710264683, 4901935.451128406450152 ], [ -12427204.280203254893422, 4901939.642940037883818 ], [ -12427212.782612206414342, 4901962.102252125740051 ], [ -12427223.856755489483476, 4901957.909920025616884 ] ] ] } },
{ "type": "Feature", "properties": { "type": "Feature", "properties": { "height": 5.134274959564209, "confidence": 0.98350000381469704 }, "id": 343, "area": 447.81996870262208, "perimeter": 92.571168305908401, "cluster": 0 }, "geometry": { "type": "Polygon", "coordinates": [ [ [ -12427297.505460111424327, 4902436.94979784078896 ], [ -12427303.024785060435534, 4902446.409984365105629 ], [ -12427310.598795168101788, 4902441.991635105572641 ], [ -12427314.367839323356748, 4902448.451820194721222 ], [ -12427330.852449547499418, 4902438.835412982851267 ], [ -12427321.563347524031997, 4902422.913785140961409 ], [ -12427297.505460111424327, 4902436.94979784078896 ] ] ] } },
{ "type": "Feature", "properties": { "type": "Feature", "properties": { "height": 5.1548948287963867, "confidence": 0.99430000782012906 }, "id": 344, "area": 575.93344506286167, "perimeter": 101.19981342035905, "cluster": 0 }, "geometry": { "type": "Polygon", "coordinates": [ [ [ -12427447.756150878965855, 4904395.86243184003979 ], [ -12427447.432743713259697, 4904378.998046440072358 ], [ -12427440.567879039794207, 4904379.129693480208516 ], [ -12427440.510641196742654, 4904376.144969709217548 ], [ -12427422.483478147536516, 4904376.490675383247435 ], [ -12427422.529101368039846, 4904378.878457602113485 ], [ -12427416.678641302511096, 4904378.990651476196945 ], [ -12427417.013454791158438, 4904396.449830777011812 ], [ -12427447.756150878965855, 4904395.86243184003979 ] ] ] } },
{ "type": "Feature", "properties": { "type": "Feature", "properties": { "height": 4.8697857856750488, "confidence": 0.99889999628067005 }, "id": 345, "area": 158.09201142886934, "perimeter": 50.720359966815451, "cluster": 2 }, "geometry": { "type": "Polygon", "coordinates": [ [ [ -12426628.672115799039602, 4904440.352717164903879 ], [ -12426628.11425207182765, 4904426.04256103374064 ], [ -12426617.083506720140576, 4904426.473353020846844 ], [ -12426617.641370451077819, 4904440.783509152941406 ], [ -12426628.672115799039602, 4904440.352717164903879 ] ] ] } },
{ "type": "Feature", "properties": { "type": "Feature", "properties": { "height": 5.4708271026611328, "confidence": 0.97200000286102306 }, "id": 346, "area": 813.1585419314531, "perimeter": 140.92921419725718, "cluster": 4 }, "geometry": { "type": "Polygon", "coordinates": [ [ [ -12427055.802610892802477, 4902687.681578334420919 ], [ -12427052.709010222926736, 4902674.051801475696266 ], [ -12427072.301814462989569, 4902669.604750511236489 ], [ -12427067.854763500392437, 4902650.011946270242333 ], [ -12427040.027302406728268, 4902656.32804763969034 ], [ -12427041.96080282330513, 4902664.846658177673817 ], [ -12427039.68917334638536, 4902665.362258289940655 ], [ -12427042.782774018123746, 4902678.992035151459277 ], [ -12427037.387654010206461, 4902680.216585416346788 ], [ -12427039.901204554364085, 4902691.290779116563499 ], [ -12427055.802610892802477, 4902687.681578334420919 ] ] ] } },
{ "type": "Feature", "properties": { "type": "Feature", "properties": { "height": 5.6300406455993652, "confidence": 0.95730000734329213 }, "id": 347, "area": 417.8840283186961, "perimeter": 88.034210563909866, "cluster": 0 }, "geometry": { "type": "Polygon", "coordinates": [ [ [ -12427107.528013678267598, 4902374.043811350129545 ], [ -12427094.740870516747236, 4902381.135449257679284 ], [ -12427105.832808693870902, 4902401.133129086345434 ], [ -12427124.327948827296495, 4902390.874591462314129 ], [ -12427118.122166810557246, 4902379.686173355206847 ], [ -12427112.413790222257376, 4902382.852388671599329 ], [ -12427107.528013678267598, 4902374.043811350129545 ] ] ] } },
{ "type": "Feature", "properties": { "type": "Feature", "properties": { "height": 4.8552761077880859, "confidence": 0.99730002880096402 }, "id": 348, "area": 456.91132752375722, "perimeter": 92.927864565390223, "cluster": 0 }, "geometry": { "type": "Polygon", "coordinates": [ [ [ -12427252.466611761599779, 4902151.742893050424755 ], [ -12427228.82196737267077, 4902161.968275025486946 ], [ -12427234.755690824240446, 4902175.689110219478607 ], [ -12427246.943522986024618, 4902170.417497487738729 ], [ -12427249.228170013055205, 4902175.699542270973325 ], [ -12427260.684067921712995, 4902170.744513638317585 ], [ -12427252.466611761599779, 4902151.742893050424755 ] ] ] } },
{ "type": "Feature", "properties": { "type": "Feature", "properties": { "height": 6.337822437286377, "confidence": 0.8751999735832211 }, "id": 349, "area": 860.47642736444868, "perimeter": 144.82390936082686, "cluster": 4 }, "geometry": { "type": "Polygon", "coordinates": [ [ [ -12427399.746967321261764, 4904228.688521137461066 ], [ -12427413.130004415288568, 4904229.531517594121397 ], [ -12427413.908403351902962, 4904217.187717385590076 ], [ -12427415.800096826627851, 4904217.307007406838238 ], [ -12427416.914633736014366, 4904199.6131147807464 ], [ -12427418.996448647230864, 4904199.744248138740659 ], [ -12427419.670848775655031, 4904189.037771447561681 ], [ -12427388.146222962066531, 4904187.052037741988897 ], [ -12427387.415622824802995, 4904198.650720820762217 ], [ -12427392.471459042280912, 4904198.969187549315393 ], [ -12427392.227925660088658, 4904202.835415240377188 ], [ -12427398.175968267023563, 4904203.2100819805637 ], [ -12427397.454911988228559, 4904214.657250985503197 ], [ -12427400.619195023551583, 4904214.856790388002992 ], [ -12427399.746967321261764, 4904228.688521137461066 ] ] ] } },
{ "type": "Feature", "properties": { "type": "Feature", "properties": { "height": 6.8655376434326172, "confidence": 0.98930001258850109 }, "id": 350, "area": 357.71551795674486, "perimeter": 90.72117116971647, "cluster": 0 }, "geometry": { "type": "Polygon", "coordinates": [ [ [ -12426588.949092134833336, 4902960.658430800773203 ], [ -12426587.98603561706841, 4902931.130208644084632 ], [ -12426578.4415597692132, 4902931.441499641165137 ], [ -12426579.011469077318907, 4902948.915457190945745 ], [ -12426572.747892519459128, 4902949.119303992949426 ], [ -12426573.141054010018706, 4902961.174006510525942 ], [ -12426588.949092134833336, 4902960.658430800773203 ] ] ] } },
{ "type": "Feature", "properties": { "type": "Feature", "properties": { "height": 8.5962457656860352, "confidence": 0.96869999170303311 }, "id": 351, "area": 3676.1821528663118, "perimeter": 512.83745441377368, "cluster": 3 }, "geometry": { "type": "Polygon", "coordinates": [ [ [ -12426728.247773250564933, 4902239.139808885753155 ], [ -12426714.77240208722651, 4902244.114793692715466 ], [ -12426715.083387782797217, 4902248.777294861152768 ], [ -12426710.092458399012685, 4902250.619900722056627 ], [ -12426708.346259910613298, 4902245.890102810226381 ], [ -12426681.957804875448346, 4902255.632481053471565 ], [ -12426683.122806901112199, 4902273.117301374673843 ], [ -12426699.977527802810073, 4902266.894691302441061 ], [ -12426703.895352812483907, 4902277.50661238655448 ], [ -12426719.135466186329722, 4902271.879034128971398 ], [ -12426714.635921571403742, 4902259.69145243242383 ], [ -12426717.789120178669691, 4902258.527320107445121 ], [ -12426722.542660502716899, 4902271.402881083078682 ], [ -12426730.431596476584673, 4902268.490357479080558 ], [ -12426730.966718103736639, 4902276.513251307420433 ], [ -12426736.24286094121635, 4902276.161705395206809 ], [ -12426761.574564460664988, 4902344.775805852375925 ], [ -12426755.005400700494647, 4902347.201081528328359 ], [ -12426750.542893456295133, 4902335.113820205442607 ], [ -12426727.682203564792871, 4902343.553779551759362 ], [ -12426733.017810048535466, 4902358.005939832888544 ], [ -12426728.156293468549848, 4902359.800767654553056 ], [ -12426731.068439532071352, 4902367.68718596175313 ], [ -12426735.293664475902915, 4902367.405366298742592 ], [ -12426736.235229035839438, 4902369.955712163820863 ], [ -12426772.234246456995606, 4902356.665201461873949 ], [ -12426770.197014888748527, 4902351.147103901952505 ], [ -12426772.824680391699076, 4902350.176993632689118 ], [ -12426769.526305476203561, 4902341.242930916137993 ], [ -12426777.5390246193856, 4902338.284707685001194 ], [ -12426746.87842583283782, 4902255.252365859225392 ], [ -12426735.717622332274914, 4902259.372833277098835 ], [ -12426728.247773250564933, 4902239.139808885753155 ] ] ] } },
{ "type": "Feature", "properties": { "type": "Feature", "properties": { "height": 6.2860908508300781, "confidence": 0.97850000858306807 }, "id": 352, "area": 912.16526094082542, "perimeter": 123.49415094548813, "cluster": 4 }, "geometry": { "type": "Polygon", "coordinates": [ [ [ -12426871.826659621670842, 4904477.431129516102374 ], [ -12426907.289751568809152, 4904475.877385423518717 ], [ -12426906.138928899541497, 4904449.652577933855355 ], [ -12426878.896263794973493, 4904450.846160545945168 ], [ -12426879.000717498362064, 4904453.230241251178086 ], [ -12426870.780457194894552, 4904453.590395432896912 ], [ -12426871.826659621670842, 4904477.431129516102374 ] ] ] } },
{ "type": "Feature", "properties": { "type": "Feature", "properties": { "height": 5.1537113189697275, "confidence": 1.0 }, "id": 353, "area": 354.90643689047255, "perimeter": 79.152881205789726, "cluster": 0 }, "geometry": { "type": "Polygon", "coordinates": [ [ [ -12427161.812668245285749, 4903994.260248984210193 ], [ -12427148.081683607771993, 4903994.488009578548372 ], [ -12427148.51211685501039, 4904020.328472474589944 ], [ -12427162.243085483089089, 4904020.09975113440305 ], [ -12427161.812668245285749, 4903994.260248984210193 ] ] ] } },
{ "type": "Feature", "properties": { "type": "Feature", "properties": { "height": 5.4801182746887207, "confidence": 0.9779999852180481 }, "id": 354, "area": 421.46805770025378, "perimeter": 87.459408366130432, "cluster": 0 }, "geometry": { "type": "Polygon", "coordinates": [ [ [ -12427212.268750783056021, 4902106.626939369365573 ], [ -12427217.764620339497924, 4902119.873394192196429 ], [ -12427244.909702828153968, 4902108.61297258362174 ], [ -12427239.414624264463782, 4902095.366189640946686 ], [ -12427212.268750783056021, 4902106.626939369365573 ] ] ] } },
{ "type": "Feature", "properties": { "type": "Feature", "properties": { "height": 5.1880054473876953, "confidence": 0.96649998426437311 }, "id": 355, "area": 507.2825040483695, "perimeter": 95.175506446848814, "cluster": 0 }, "geometry": { "type": "Polygon", "coordinates": [ [ [ -12426655.094797028228641, 4903237.2509526303038 ], [ -12426638.975305596366525, 4903237.502537636086345 ], [ -12426639.468566458672285, 4903268.965533974580467 ], [ -12426655.588040206581354, 4903268.712821061722934 ], [ -12426655.094797028228641, 4903237.2509526303038 ] ] ] } },
{ "type": "Feature", "properties": { "type": "Feature", "properties": { "height": 6.0173234939575186, "confidence": 0.99489998817443803 }, "id": 356, "area": 262.5364614337791, "perimeter": 70.442901832310397, "cluster": 0 }, "geometry": { "type": "Polygon", "coordinates": [ [ [ -12427008.285585641860962, 4904275.383184926584363 ], [ -12426996.834725521504879, 4904275.099478006362915 ], [ -12426996.330572482198477, 4904295.390572728589177 ], [ -12427011.250495074316859, 4904295.760229265317321 ], [ -12427011.465501517057419, 4904287.106674164533615 ], [ -12427007.997253047302365, 4904287.02074471488595 ], [ -12427008.285585641860962, 4904275.383184926584363 ] ] ] } },
{ "type": "Feature", "properties": { "type": "Feature", "properties": { "height": 4.9021310806274414, "confidence": 0.98189997673034612 }, "id": 357, "area": 113.36749375887132, "perimeter": 46.433071266220338, "cluster": 2 }, "geometry": { "type": "Polygon", "coordinates": [ [ [ -12427147.086957955732942, 4902384.212984868325293 ], [ -12427139.998827781528234, 4902369.609494752250612 ], [ -12427133.715870751067996, 4902372.659068307839334 ], [ -12427140.803828181698918, 4902387.262202520854771 ], [ -12427147.086957955732942, 4902384.212984868325293 ] ] ] } },
{ "type": "Feature", "properties": { "type": "Feature", "properties": { "height": 4.8775510787963867, "confidence": 0.98170000314712502 }, "id": 358, "area": 476.1390984224746, "perimeter": 91.908214581163506, "cluster": 0 }, "geometry": { "type": "Polygon", "coordinates": [ [ [ -12427271.676903354004025, 4902079.756195090711117 ], [ -12427243.700288718566298, 4902091.06197427213192 ], [ -12427249.612485168501735, 4902105.691947060637176 ], [ -12427277.589099803939462, 4902094.386167883872986 ], [ -12427271.676903354004025, 4902079.756195090711117 ] ] ] } },
{ "type": "Feature", "properties": { "type": "Feature", "properties": { "height": 5.1349735260009775, "confidence": 0.99830001592636108 }, "id": 359, "area": 373.04328028265763, "perimeter": 84.673477684104029, "cluster": 0 }, "geometry": { "type": "Polygon", "coordinates": [ [ [ -12427296.336649077013135, 4902063.400230175815523 ], [ -12427277.872869400307536, 4902070.884987447410822 ], [ -12427286.293221332132816, 4902091.65673958696425 ], [ -12427297.063759477809072, 4902087.290631177835166 ], [ -12427293.737200688570738, 4902079.084506876766682 ], [ -12427301.430442221462727, 4902075.965858014300466 ], [ -12427296.336649077013135, 4902063.400230175815523 ] ] ] } },
{ "type": "Feature", "properties": { "type": "Feature", "properties": { "height": 6.4593057632446289, "confidence": 0.98339998722076405 }, "id": 360, "area": 848.01578610591946, "perimeter": 134.95088025347414, "cluster": 4 }, "geometry": { "type": "Polygon", "coordinates": [ [ [ -12427558.544064382091165, 4903655.927758866921067 ], [ -12427536.646610969677567, 4903610.119440510869026 ], [ -12427521.577421497553587, 4903617.321812775917351 ], [ -12427543.475285295397043, 4903663.130989631637931 ], [ -12427558.544064382091165, 4903655.927758866921067 ] ] ] } },
{ "type": "Feature", "properties": { "type": "Feature", "properties": { "height": 6.4573020935058594, "confidence": 0.98439997434616011 }, "id": 361, "area": 799.67500161216776, "perimeter": 130.35084948867956, "cluster": 4 }, "geometry": { "type": "Polygon", "coordinates": [ [ [ -12427619.516920313239098, 4903633.878755662590265 ], [ -12427594.446115132421255, 4903592.031598602421582 ], [ -12427580.384083613753319, 4903600.456219946965575 ], [ -12427605.455322675406933, 4903642.304101223126054 ], [ -12427619.516920313239098, 4903633.878755662590265 ] ] ] } },
{ "type": "Feature", "properties": { "type": "Feature", "properties": { "height": 4.8541779518127441, "confidence": 0.98769998550415006 }, "id": 362, "area": 665.70248634571158, "perimeter": 128.0450917335823, "cluster": 4 }, "geometry": { "type": "Polygon", "coordinates": [ [ [ -12426787.89250797405839, 4902487.934805310331285 ], [ -12426782.149709690362215, 4902478.177033652551472 ], [ -12426785.254455218091607, 4902476.349779654294252 ], [ -12426783.699276685714722, 4902473.707326228730381 ], [ -12426785.739842530339956, 4902459.777271402999759 ], [ -12426767.032023690640926, 4902457.036827334202826 ], [ -12426765.576162777841091, 4902466.975356093607843 ], [ -12426755.345324348658323, 4902465.476675743237138 ], [ -12426754.660213330760598, 4902470.153630455955863 ], [ -12426764.598742090165615, 4902471.60949136596173 ], [ -12426763.874895200133324, 4902476.550879027694464 ], [ -12426775.02999078668654, 4902495.504857589490712 ], [ -12426787.89250797405839, 4902487.934805310331285 ] ] ] } },
{ "type": "Feature", "properties": { "type": "Feature", "properties": { "height": 5.28057861328125, "confidence": 0.99150002002716009 }, "id": 363, "area": 419.11891448029206, "perimeter": 103.00181713396864, "cluster": 0 }, "geometry": { "type": "Polygon", "coordinates": [ [ [ -12427289.553056126460433, 4903184.02286696434021 ], [ -12427295.764534521847963, 4903169.696861583739519 ], [ -12427284.454530274495482, 4903164.793062848970294 ], [ -12427280.422517981380224, 4903174.092399676330388 ], [ -12427269.36384716257453, 4903169.29757424723357 ], [ -12427262.607502240687609, 4903184.880246766842902 ], [ -12427270.398838499560952, 4903188.25841922685504 ], [ -12427271.597544858232141, 4903185.493751522153616 ], [ -12427276.121546555310488, 4903187.455271015875041 ], [ -12427277.974092744290829, 4903183.182602745480835 ], [ -12427283.000761298462749, 4903185.36206884868443 ], [ -12427284.526387572288513, 4903181.843400861136615 ], [ -12427289.553056126460433, 4903184.02286696434021 ] ] ] } },
{ "type": "Feature", "properties": { "type": "Feature", "properties": { "height": 3.6993885040283199, "confidence": 0.96859997510910012 }, "id": 364, "area": 525.14314559968511, "perimeter": 102.48973995673056, "cluster": 0 }, "geometry": { "type": "Polygon", "coordinates": [ [ [ -12427520.795684725046158, 4904275.906670317053795 ], [ -12427513.716043129563332, 4904265.490243676118553 ], [ -12427508.609951641410589, 4904268.960298852063715 ], [ -12427506.039626115933061, 4904265.178524467162788 ], [ -12427489.011423075571656, 4904276.751934302970767 ], [ -12427491.442206768319011, 4904280.328766170889139 ], [ -12427485.391601601615548, 4904284.440704592503607 ], [ -12427492.610059699043632, 4904295.061374890618026 ], [ -12427520.795684725046158, 4904275.906670317053795 ] ] ] } },
{ "type": "Feature", "properties": { "type": "Feature", "properties": { "height": 5.125732421875, "confidence": 0.98199999332427912 }, "id": 365, "area": 640.53375946965798, "perimeter": 106.53875218940746, "cluster": 4 }, "geometry": { "type": "Polygon", "coordinates": [ [ [ -12427354.905159207060933, 4904445.19361143745482 ], [ -12427373.241863748058677, 4904445.287297006696463 ], [ -12427373.420343836769462, 4904410.354098312556744 ], [ -12427355.08608416467905, 4904410.260425235144794 ], [ -12427354.905159207060933, 4904445.19361143745482 ] ] ] } },
{ "type": "Feature", "properties": { "type": "Feature", "properties": { "height": 7.4842085838317871, "confidence": 0.96979999542236306 }, "id": 366, "area": 527.85185106855488, "perimeter": 98.147014026656421, "cluster": 0 }, "geometry": { "type": "Polygon", "coordinates": [ [ [ -12427778.503097124397755, 4903947.673705307766795 ], [ -12427764.582928411662579, 4903955.404426106251776 ], [ -12427780.678035644814372, 4903984.385760970413685 ], [ -12427794.598204357549548, 4903976.655040173791349 ], [ -12427778.503097124397755, 4903947.673705307766795 ] ] ] } },
{ "type": "Feature", "properties": { "type": "Feature", "properties": { "height": 4.2549862861633301, "confidence": 0.98220002651214611 }, "id": 367, "area": 768.36102685421702, "perimeter": 119.39008068957317, "cluster": 4 }, "geometry": { "type": "Polygon", "coordinates": [ [ [ -12426695.481235768646002, 4903053.100123460404575 ], [ -12426675.789038153365254, 4903053.629365053027868 ], [ -12426676.374411430209875, 4903075.410129085183144 ], [ -12426709.493107421323657, 4903074.520040949806571 ], [ -12426708.878739638254046, 4903051.660439690575004 ], [ -12426704.104882521554828, 4903051.789074558764696 ], [ -12426704.005567064508796, 4903048.093711823225021 ], [ -12426695.352934777736664, 4903048.326257369481027 ], [ -12426695.481235768646002, 4903053.100123460404575 ] ] ] } },
{ "type": "Feature", "properties": { "type": "Feature", "properties": { "height": 4.7885875701904297, "confidence": 0.98830002546310403 }, "id": 368, "area": 571.86999591803374, "perimeter": 110.46334800440255, "cluster": 4 }, "geometry": { "type": "Polygon", "coordinates": [ [ [ -12426887.031171919777989, 4902220.953568124212325 ], [ -12426887.520503358915448, 4902254.08895958866924 ], [ -12426900.953770168125629, 4902253.890581976622343 ], [ -12426900.993445690721273, 4902256.577235338278115 ], [ -12426906.963786493986845, 4902256.489067514427006 ], [ -12426906.827126363292336, 4902247.235039265826344 ], [ -12426903.543438922613859, 4902247.283531568944454 ], [ -12426903.151092091575265, 4902220.715514989569783 ], [ -12426887.031171919777989, 4902220.953568124212325 ] ] ] } },
{ "type": "Feature", "properties": { "type": "Feature", "properties": { "height": 5.4833502769470206, "confidence": 0.95759999752044611 }, "id": 369, "area": 780.53746122987877, "perimeter": 128.1862855889498, "cluster": 4 }, "geometry": { "type": "Polygon", "coordinates": [ [ [ -12427310.548924310132861, 4902252.991574630141258 ], [ -12427299.212337737902999, 4902253.963531415909529 ], [ -12427274.272475130856037, 4902245.651407553814352 ], [ -12427271.567049037665129, 4902245.883360731415451 ], [ -12427266.760727480053902, 4902260.304344010539353 ], [ -12427287.731536686420441, 4902267.29510298371315 ], [ -12427288.383293095976114, 4902274.896976938471198 ], [ -12427300.768189104273915, 4902273.835141999647021 ], [ -12427301.792595770210028, 4902270.761491764336824 ], [ -12427311.996264263987541, 4902269.886667162179947 ], [ -12427310.548924310132861, 4902252.991574630141258 ] ] ] } },
{ "type": "Feature", "properties": { "type": "Feature", "properties": { "height": 6.0405535697937012, "confidence": 0.96319997310638406 }, "id": 370, "area": 366.44871476636609, "perimeter": 91.525207053018903, "cluster": 0 }, "geometry": { "type": "Polygon", "coordinates": [ [ [ -12427347.670807518064976, 4902960.299172043800354 ], [ -12427339.341220879927278, 4902947.785962717607617 ], [ -12427328.99611278437078, 4902954.672323515638709 ], [ -12427325.552932383492589, 4902949.499769468791783 ], [ -12427318.800058592110872, 4902953.994911032728851 ], [ -12427325.135048925876617, 4902963.51271775085479 ], [ -12427326.583410819992423, 4902962.548596113920212 ], [ -12427334.223370553925633, 4902974.027013015002012 ], [ -12427339.322163190692663, 4902970.633289752528071 ], [ -12427337.118456590920687, 4902967.32274828478694 ], [ -12427347.670807518064976, 4902960.299172043800354 ] ] ] } },
{ "type": "Feature", "properties": { "type": "Feature", "properties": { "height": 6.5543417930603027, "confidence": 0.97990000247955311 }, "id": 371, "area": 832.4683499678797, "perimeter": 133.83851009768767, "cluster": 4 }, "geometry": { "type": "Polygon", "coordinates": [ [ [ -12427760.984763316810131, 4903629.076395853422582 ], [ -12427712.914565611630678, 4903613.919884050264955 ], [ -12427707.948025017976761, 4903629.671700248494744 ], [ -12427756.018222721293569, 4903644.828212050721049 ], [ -12427760.984763316810131, 4903629.076395853422582 ] ] ] } },
{ "type": "Feature", "properties": { "type": "Feature", "properties": { "height": 3.8866410255432129, "confidence": 0.98540002107620206 }, "id": 372, "area": 511.16574065410123, "perimeter": 102.63789060855015, "cluster": 0 }, "geometry": { "type": "Polygon", "coordinates": [ [ [ -12426872.456008717417717, 4903889.77931703068316 ], [ -12426856.057762188836932, 4903889.15497169829905 ], [ -12426854.729609390720725, 4903924.038514314219356 ], [ -12426868.444506488740444, 4903924.560694047249854 ], [ -12426869.318589951843023, 4903901.603148906491697 ], [ -12426872.001939386129379, 4903901.705314508639276 ], [ -12426872.456008717417717, 4903889.77931703068316 ] ] ] } },
{ "type": "Feature", "properties": { "type": "Feature", "properties": { "height": 4.1252355575561523, "confidence": 0.99839997291564908 }, "id": 373, "area": 613.87221164146047, "perimeter": 118.55844656341087, "cluster": 4 }, "geometry": { "type": "Polygon", "coordinates": [ [ [ -12426876.569096755236387, 4903825.439858581870794 ], [ -12426863.86529347486794, 4903825.260255543515086 ], [ -12426864.153825595974922, 4903804.851607303135097 ], [ -12426849.526209881529212, 4903804.645829674787819 ], [ -12426849.07462315633893, 4903836.587766031734645 ], [ -12426876.406861694529653, 4903836.972269106656313 ], [ -12426876.569096755236387, 4903825.439858581870794 ] ] ] } },
{ "type": "Feature", "properties": { "type": "Feature", "properties": { "height": 4.2169275283813477, "confidence": 0.97890001535415605 }, "id": 374, "area": 376.0763694485554, "perimeter": 87.306509402422563, "cluster": 0 }, "geometry": { "type": "Polygon", "coordinates": [ [ [ -12427381.316636050119996, 4902687.533806276507676 ], [ -12427366.174592336639762, 4902662.047939786687493 ], [ -12427354.131691694259644, 4902669.203047815710306 ], [ -12427364.68328120931983, 4902686.964724417775869 ], [ -12427368.435108408331871, 4902684.735895383171737 ], [ -12427373.023874074220657, 4902692.460245501250029 ], [ -12427381.316636050119996, 4902687.533806276507676 ] ] ] } },
{ "type": "Feature", "properties": { "type": "Feature", "properties": { "height": 2.4206521511077881, "confidence": 0.98799997568130404 }, "id": 375, "area": 81.877146522998487, "perimeter": 36.738831653285267, "cluster": 2 }, "geometry": { "type": "Polygon", "coordinates": [ [ [ -12427418.803683718666434, 4902748.903317004442215 ], [ -12427412.426256529986858, 4902753.054804285056889 ], [ -12427418.296481668949127, 4902762.07252031005919 ], [ -12427424.673465548083186, 4902757.921321606263518 ], [ -12427418.803683718666434, 4902748.903317004442215 ] ] ] } },
{ "type": "Feature", "properties": { "type": "Feature", "properties": { "height": 4.3545489311218262, "confidence": 0.97530001401901212 }, "id": 376, "area": 476.42206940978537, "perimeter": 92.911145112843684, "cluster": 0 }, "geometry": { "type": "Polygon", "coordinates": [ [ [ -12427005.508122971281409, 4902193.252565260976553 ], [ -12426988.136160532012582, 4902196.32378426194191 ], [ -12426991.053818587213755, 4902212.827148577198386 ], [ -12426993.659612951800227, 4902212.366465725935996 ], [ -12426995.758279269561172, 4902224.237306723371148 ], [ -12427010.524447340518236, 4902221.626770571805537 ], [ -12427005.508122971281409, 4902193.252565260976553 ] ] ] } },
{ "type": "Feature", "properties": { "type": "Feature", "properties": { "height": 2.704109668731689, "confidence": 0.95620000362396207 }, "id": 377, "area": 32.528693931007155, "perimeter": 23.358014473108199, "cluster": 2 }, "geometry": { "type": "Polygon", "coordinates": [ [ [ -12427573.841533610597253, 4902849.918597887270153 ], [ -12427576.541256237775087, 4902853.625819117762148 ], [ -12427582.275059336796403, 4902849.450673019513488 ], [ -12427579.575506269931793, 4902845.743328322656453 ], [ -12427573.841533610597253, 4902849.918597887270153 ] ] ] } },
{ "type": "Feature", "properties": { "type": "Feature", "properties": { "height": 5.4853520393371582, "confidence": 0.97039997577667203 }, "id": 378, "area": 295.25011310146652, "perimeter": 74.496159900417354, "cluster": 0 }, "geometry": { "type": "Polygon", "coordinates": [ [ [ -12427774.937631092965603, 4903439.449797538109124 ], [ -12427772.314972491934896, 4903447.36541775520891 ], [ -12427766.539470503106713, 4903445.451838079839945 ], [ -12427763.597208850085735, 4903454.330198066309094 ], [ -12427782.161052454262972, 4903460.480900450609624 ], [ -12427787.726204635575414, 4903443.687892141751945 ], [ -12427774.937631092965603, 4903439.449797538109124 ] ] ] } },
{ "type": "Feature", "properties": { "type": "Feature", "properties": { "height": 5.9471216201782227, "confidence": 0.98290002346038807 }, "id": 379, "area": 475.15184155523463, "perimeter": 108.27183745428262, "cluster": 0 }, "geometry": { "type": "Polygon", "coordinates": [ [ [ -12426699.474248256534338, 4903184.274925345554948 ], [ -12426690.704388989135623, 4903185.039096313528717 ], [ -12426691.494821300730109, 4903194.110338782891631 ], [ -12426715.969899214804173, 4903191.979389947839081 ], [ -12426715.412154702469707, 4903185.573398277163506 ], [ -12426720.866330394521356, 4903185.09814290702343 ], [ -12426719.823627667501569, 4903173.131768172606826 ], [ -12426711.999564055353403, 4903173.812978639267385 ], [ -12426711.509349035099149, 4903168.182599040679634 ], [ -12426704.100954825058579, 4903168.827618803828955 ], [ -12426704.642771428450942, 4903175.050669939257205 ], [ -12426698.716056061908603, 4903175.566685751080513 ], [ -12426699.474248256534338, 4903184.274925345554948 ] ] ] } },
{ "type": "Feature", "properties": { "type": "Feature", "properties": { "height": 5.8570961952209473, "confidence": 0.94580000638961703 }, "id": 380, "area": 544.6077604522153, "perimeter": 96.739059403816398, "cluster": 0 }, "geometry": { "type": "Polygon", "coordinates": [ [ [ -12426827.002612937241793, 4902619.004060524515808 ], [ -12426808.192542534321547, 4902619.110696563497186 ], [ -12426808.360113451257348, 4902648.669378620572388 ], [ -12426824.781603479757905, 4902648.576283665373921 ], [ -12426824.754521314054728, 4902643.799122930504382 ], [ -12426827.143101681023836, 4902643.785581845790148 ], [ -12426827.002612937241793, 4902619.004060524515808 ] ] ] } },
{ "type": "Feature", "properties": { "type": "Feature", "properties": { "height": 5.2478127479553223, "confidence": 0.92619997262954712 }, "id": 381, "area": 560.48812908485525, "perimeter": 114.65492210881668, "cluster": 4 }, "geometry": { "type": "Polygon", "coordinates": [ [ [ -12426845.387362202629447, 4902238.937888151966035 ], [ -12426829.861258836463094, 4902238.886815444566309 ], [ -12426829.900545533746481, 4902226.943659004755318 ], [ -12426812.284389790147543, 4902226.885711126029491 ], [ -12426812.220548907294869, 4902246.293340336531401 ], [ -12426823.865126432850957, 4902246.331644866615534 ], [ -12426823.849411753937602, 4902251.10890744253993 ], [ -12426845.347093340009451, 4902251.17962349858135 ], [ -12426845.387362202629447, 4902238.937888151966035 ] ] ] } },
{ "type": "Feature", "properties": { "type": "Feature", "properties": { "height": 5.8382978439331055, "confidence": 0.93260002136230402 }, "id": 382, "area": 460.4429146882083, "perimeter": 98.733130262257632, "cluster": 0 }, "geometry": { "type": "Polygon", "coordinates": [ [ [ -12426895.656871117651463, 4902703.96496850065887 ], [ -12426885.68772436119616, 4902704.274760014377534 ], [ -12426886.774695815518498, 4902739.175092931836843 ], [ -12426901.215813672170043, 4902738.726334787905216 ], [ -12426900.437175905331969, 4902713.669631071388721 ], [ -12426895.962764527648687, 4902713.808673531748354 ], [ -12426895.656871117651463, 4902703.96496850065887 ] ] ] } },
{ "type": "Feature", "properties": { "type": "Feature", "properties": { "height": 4.7980647087097168, "confidence": 0.97630000114440907 }, "id": 383, "area": 552.7230910411696, "perimeter": 99.930776233276262, "cluster": 0 }, "geometry": { "type": "Polygon", "coordinates": [ [ [ -12427198.969050759449601, 4903372.883293710649014 ], [ -12427178.513533210381866, 4903346.438448002561927 ], [ -12427165.436451328918338, 4903356.552867925725877 ], [ -12427185.892411816865206, 4903382.998286260291934 ], [ -12427198.969050759449601, 4903372.883293710649014 ] ] ] } },
{ "type": "Feature", "properties": { "type": "Feature", "properties": { "height": 5.6125168800354004, "confidence": 0.97699999809265103 }, "id": 384, "area": 1332.1183540991894, "perimeter": 177.29318401342985, "cluster": 1 }, "geometry": { "type": "Polygon", "coordinates": [ [ [ -12427223.122858870774508, 4904469.884229187853634 ], [ -12427244.544957753270864, 4904468.609818209894001 ], [ -12427244.084753790870309, 4904460.874060282483697 ], [ -12427247.481890346854925, 4904460.671962992288172 ], [ -12427246.75533333979547, 4904448.473318406380713 ], [ -12427242.168930934742093, 4904448.746165694668889 ], [ -12427241.761827427893877, 4904441.902995215728879 ], [ -12427250.390172811225057, 4904441.389690795913339 ], [ -12427249.292763357982039, 4904422.942883426323533 ], [ -12427246.317471845075488, 4904423.119884947314858 ], [ -12427245.813814077526331, 4904414.65369410533458 ], [ -12427239.863255741074681, 4904415.008112160488963 ], [ -12427239.782783791422844, 4904413.655426011420786 ], [ -12427223.121151328086853, 4904414.646634547971189 ], [ -12427224.175196751952171, 4904432.364518127404153 ], [ -12427220.902389669790864, 4904432.559448055922985 ], [ -12427223.122858870774508, 4904469.884229187853634 ] ] ] } },
{ "type": "Feature", "properties": { "type": "Feature", "properties": { "height": 4.5815067291259775, "confidence": 0.92869997024536111 }, "id": 385, "area": 223.71451822342158, "perimeter": 62.327569013555021, "cluster": 2 }, "geometry": { "type": "Polygon", "coordinates": [ [ [ -12427282.746969103813171, 4902541.382087671197951 ], [ -12427277.51472102291882, 4902531.463239249773324 ], [ -12427259.869485756382346, 4902540.771199651062489 ], [ -12427265.100681116804481, 4902550.689368343912065 ], [ -12427282.746969103813171, 4902541.382087671197951 ] ] ] } },
{ "type": "Feature", "properties": { "type": "Feature", "properties": { "height": 6.3155326843261719, "confidence": 0.97699999809265103 }, "id": 386, "area": 402.4345524663762, "perimeter": 91.760429637706167, "cluster": 0 }, "geometry": { "type": "Polygon", "coordinates": [ [ [ -12427353.839193344116211, 4904239.860344688408077 ], [ -12427350.808546492829919, 4904231.734639637172222 ], [ -12427353.953980704769492, 4904230.561486017890275 ], [ -12427350.9233338534832, 4904222.435780964791775 ], [ -12427347.515780122950673, 4904223.706697385758162 ], [ -12427343.116454044356942, 4904211.911319081671536 ], [ -12427331.583195263519883, 4904216.212882357649505 ], [ -12427342.043815044686198, 4904244.25967076793313 ], [ -12427353.839193344116211, 4904239.860344688408077 ] ] ] } },
{ "type": "Feature", "properties": { "type": "Feature", "properties": { "height": 4.900238037109375, "confidence": 0.97229999303817705 }, "id": 387, "area": 524.52973347416707, "perimeter": 99.862914447617641, "cluster": 0 }, "geometry": { "type": "Polygon", "coordinates": [ [ [ -12426667.061743289232254, 4903633.725824791938066 ], [ -12426651.973583817481995, 4903635.176771816797554 ], [ -12426654.647878337651491, 4903662.986320642754436 ], [ -12426654.352032074704766, 4903663.014770582318306 ], [ -12426654.97793079353869, 4903669.523388393223286 ], [ -12426670.361936522647738, 4903668.043991425074637 ], [ -12426667.061743289232254, 4903633.725824791938066 ] ] ] } },
{ "type": "Feature", "properties": { "type": "Feature", "properties": { "height": 6.2560172080993652, "confidence": 0.97949999570846502 }, "id": 388, "area": 500.15525975817775, "perimeter": 95.496806562447432, "cluster": 0 }, "geometry": { "type": "Polygon", "coordinates": [ [ [ -12426816.740409720689058, 4903847.436767622828484 ], [ -12426815.70330154709518, 4903815.223285854794085 ], [ -12426800.193106619641185, 4903815.722634237259626 ], [ -12426801.230214795097709, 4903847.93611600343138 ], [ -12426816.740409720689058, 4903847.436767622828484 ] ] ] } },
{ "type": "Feature", "properties": { "type": "Feature", "properties": { "height": 5.6362318992614746, "confidence": 0.99659997224807706 }, "id": 389, "area": 554.55602580903667, "perimeter": 110.42562861759082, "cluster": 4 }, "geometry": { "type": "Polygon", "coordinates": [ [ [ -12426891.534652782604098, 4903548.99509100150317 ], [ -12426890.567306227982044, 4903581.212917536497116 ], [ -12426913.537423295900226, 4903581.90259980596602 ], [ -12426914.012139661237597, 4903566.091999744065106 ], [ -12426902.676237732172012, 4903565.751637067645788 ], [ -12426903.16886792331934, 4903549.344410591758788 ], [ -12426891.534652782604098, 4903548.99509100150317 ] ] ] } },
{ "type": "Feature", "properties": { "type": "Feature", "properties": { "height": 3.5117335319519039, "confidence": 0.95910000801086404 }, "id": 390, "area": 235.60441429232441, "perimeter": 65.947143754199004, "cluster": 2 }, "geometry": { "type": "Polygon", "coordinates": [ [ [ -12427010.234016822651029, 4902581.004114993847907 ], [ -12427003.934025289490819, 4902564.266614253632724 ], [ -12426989.811759043484926, 4902569.583220509812236 ], [ -12426993.650816380977631, 4902579.782635022886097 ], [ -12426998.240522358566523, 4902578.054749491624534 ], [ -12427000.701857339590788, 4902584.592684834264219 ], [ -12427010.234016822651029, 4902581.004114993847907 ] ] ] } },
{ "type": "Feature", "properties": { "type": "Feature", "properties": { "height": 7.5444645881652832, "confidence": 0.97000002861022905 }, "id": 391, "area": 1530.8755117178971, "perimeter": 238.47791184318433, "cluster": 1 }, "geometry": { "type": "Polygon", "coordinates": [ [ [ -12427716.989843526855111, 4903500.99305328913033 ], [ -12427654.721740843728185, 4903416.941409344784915 ], [ -12427642.962221851572394, 4903425.653231048956513 ], [ -12427705.230324534699321, 4903509.704874993301928 ], [ -12427716.989843526855111, 4903500.99305328913033 ] ] ] } },
{ "type": "Feature", "properties": { "type": "Feature", "properties": { "height": 3.9050488471984859, "confidence": 0.94099998474121005 }, "id": 392, "area": 429.14862941467413, "perimeter": 92.660849338271959, "cluster": 0 }, "geometry": { "type": "Polygon", "coordinates": [ [ [ -12426679.59259564243257, 4902592.226383763365448 ], [ -12426695.841786386445165, 4902621.559098531492054 ], [ -12426707.03651512414217, 4902615.356867802329361 ], [ -12426690.787656493484974, 4902586.02475256100297 ], [ -12426679.59259564243257, 4902592.226383763365448 ] ] ] } },
{ "type": "Feature", "properties": { "type": "Feature", "properties": { "height": 4.0274615287780762, "confidence": 0.99239999055862405 }, "id": 393, "area": 588.17925776104289, "perimeter": 119.99592439480736, "cluster": 4 }, "geometry": { "type": "Polygon", "coordinates": [ [ [ -12426886.964173957705498, 4904234.605595867149532 ], [ -12426863.389770586043596, 4904235.171526743099093 ], [ -12426863.676317865028977, 4904247.107933513820171 ], [ -12426872.628622943535447, 4904246.893023055046797 ], [ -12426872.972479678690434, 4904261.216711178421974 ], [ -12426875.658171201124787, 4904261.152238038368523 ], [ -12426875.901736387982965, 4904271.298183794133365 ], [ -12426885.263873513787985, 4904271.07343484275043 ], [ -12426885.038490932434797, 4904261.712195532396436 ], [ -12426887.61341105774045, 4904261.65020137745887 ], [ -12426886.964173957705498, 4904234.605595867149532 ] ] ] } },
{ "type": "Feature", "properties": { "type": "Feature", "properties": { "height": 3.313868522644043, "confidence": 0.96060001850128107 }, "id": 394, "area": 97.484279790718602, "perimeter": 43.258769536537507, "cluster": 2 }, "geometry": { "type": "Polygon", "coordinates": [ [ [ -12426919.852755891159177, 4903152.077335515990853 ], [ -12426921.701886804774404, 4903167.191970794461668 ], [ -12426928.055878836661577, 4903166.415065415203571 ], [ -12426926.207736615091562, 4903151.29986447095871 ], [ -12426919.852755891159177, 4903152.077335515990853 ] ] ] } },
{ "type": "Feature", "properties": { "type": "Feature", "properties": { "height": 5.6909394264221191, "confidence": 0.97740000486373912 }, "id": 395, "area": 531.37298393177491, "perimeter": 92.579683538941367, "cluster": 0 }, "geometry": { "type": "Polygon", "coordinates": [ [ [ -12426941.455279566347599, 4904180.166196221485734 ], [ -12426962.392388641834259, 4904182.50931194331497 ], [ -12426965.197527181357145, 4904157.443758822977543 ], [ -12426944.260418105870485, 4904155.100643101148307 ], [ -12426941.455279566347599, 4904180.166196221485734 ] ] ] } },
{ "type": "Feature", "properties": { "type": "Feature", "properties": { "height": 5.0862984657287598, "confidence": 0.98949998617172208 }, "id": 396, "area": 571.40006599826108, "perimeter": 123.58377602383861, "cluster": 4 }, "geometry": { "type": "Polygon", "coordinates": [ [ [ -12426752.019099783152342, 4903040.329544016160071 ], [ -12426744.558058446273208, 4903040.491422710940242 ], [ -12426744.83001465536654, 4903053.025972159579396 ], [ -12426731.698581900447607, 4903053.310878665186465 ], [ -12426731.81513456441462, 4903058.682828428223729 ], [ -12426723.160326609387994, 4903058.870607716031373 ], [ -12426723.386956786736846, 4903069.316065588966012 ], [ -12426731.743323082104325, 4903069.134761451743543 ], [ -12426731.788649117574096, 4903071.22385302465409 ], [ -12426744.137790784239769, 4903070.955919518135488 ], [ -12426744.183262960985303, 4903073.045007922686636 ], [ -12426752.724890898913145, 4903072.859684247523546 ], [ -12426752.019099783152342, 4903040.329544016160071 ] ] ] } },
{ "type": "Feature", "properties": { "type": "Feature", "properties": { "height": 6.0524425506591797, "confidence": 0.99860000610351507 }, "id": 397, "area": 322.78172611520858, "perimeter": 82.916181069493405, "cluster": 0 }, "geometry": { "type": "Polygon", "coordinates": [ [ [ -12426767.476557036861777, 4902595.924997591413558 ], [ -12426757.072329277172685, 4902599.055440980009735 ], [ -12426763.49797623232007, 4902620.411487435922027 ], [ -12426771.164249319583178, 4902618.104844937101007 ], [ -12426769.629504069685936, 4902613.004021466709673 ], [ -12426780.307321107015014, 4902609.790512698702514 ], [ -12426776.981847286224365, 4902598.738088886253536 ], [ -12426769.041778732091188, 4902601.127111471258104 ], [ -12426767.476557036861777, 4902595.924997591413558 ] ] ] } },
{ "type": "Feature", "properties": { "type": "Feature", "properties": { "height": 5.4019856452941895, "confidence": 0.93010002374649003 }, "id": 398, "area": 529.78018276685441, "perimeter": 98.132933561158552, "cluster": 0 }, "geometry": { "type": "Polygon", "coordinates": [ [ [ -12426842.281825944781303, 4903406.896081471815705 ], [ -12426825.268234390765429, 4903407.204488541930914 ], [ -12426825.849103169515729, 4903439.248709131963551 ], [ -12426840.773325216025114, 4903438.979220799170434 ], [ -12426840.638058787211776, 4903431.51710977870971 ], [ -12426842.727449871599674, 4903431.47938141040504 ], [ -12426842.281825944781303, 4903406.896081471815705 ] ] ] } },
{ "type": "Feature", "properties": { "type": "Feature", "properties": { "height": 7.1944141387939453, "confidence": 0.97670000791549605 }, "id": 399, "area": 574.55420604079973, "perimeter": 101.40456917562311, "cluster": 0 }, "geometry": { "type": "Polygon", "coordinates": [ [ [ -12427565.476016830652952, 4903665.305571109987795 ], [ -12427548.596409946680069, 4903668.025115837343037 ], [ -12427553.941721992567182, 4903701.202274203300476 ], [ -12427570.821328882128, 4903698.482729476876557 ], [ -12427565.476016830652952, 4903665.305571109987795 ] ] ] } },
{ "type": "Feature", "properties": { "type": "Feature", "properties": { "height": 4.5946798324584961, "confidence": 0.99000000953674305 }, "id": 400, "area": 338.58231137439958, "perimeter": 76.737762352732958, "cluster": 0 }, "geometry": { "type": "Polygon", "coordinates": [ [ [ -12427700.54960909858346, 4902793.952816211618483 ], [ -12427693.037182532250881, 4902782.428492529317737 ], [ -12427672.419316746294498, 4902795.870221235789359 ], [ -12427679.932309316471219, 4902807.394175917841494 ], [ -12427700.54960909858346, 4902793.952816211618483 ] ] ] } },
{ "type": "Feature", "properties": { "type": "Feature", "properties": { "height": 5.6508998870849609, "confidence": 0.95429998636245705 }, "id": 401, "area": 599.49438008616971, "perimeter": 109.08764913656509, "cluster": 4 }, "geometry": { "type": "Polygon", "coordinates": [ [ [ -12427765.684592356905341, 4903500.116441278718412 ], [ -12427751.239960186183453, 4903495.192042951472104 ], [ -12427738.564194129779935, 4903532.373596117831767 ], [ -12427753.008826294913888, 4903537.297994444146752 ], [ -12427765.684592356905341, 4903500.116441278718412 ] ] ] } },
{ "type": "Feature", "properties": { "type": "Feature", "properties": { "height": 6.2818841934204102, "confidence": 0.9868000149726861 }, "id": 402, "area": 492.13208670068042, "perimeter": 96.048776610296514, "cluster": 0 }, "geometry": { "type": "Polygon", "coordinates": [ [ [ -12426538.8443533629179, 4903052.436242151074111 ], [ -12426524.128012783825397, 4903054.205746148712933 ], [ -12426528.091701738536358, 4903087.170349044725299 ], [ -12426542.808042315766215, 4903085.400845048949122 ], [ -12426538.8443533629179, 4903052.436242151074111 ] ] ] } },
{ "type": "Feature", "properties": { "type": "Feature", "properties": { "height": 6.1041412353515616, "confidence": 0.98420000076293912 }, "id": 403, "area": 798.43223804629531, "perimeter": 143.2860283896751, "cluster": 4 }, "geometry": { "type": "Polygon", "coordinates": [ [ [ -12426769.329780485481024, 4902877.214798219501972 ], [ -12426769.58217971585691, 4902888.55530209839344 ], [ -12426777.639906156808138, 4902888.37596580106765 ], [ -12426777.825884539633989, 4902896.732126552611589 ], [ -12426768.686444122344255, 4902896.93553795106709 ], [ -12426769.057231789454818, 4902913.64788547437638 ], [ -12426794.01485987007618, 4902913.092417546547949 ], [ -12426793.75339887663722, 4902901.344761396758258 ], [ -12426791.962790213525295, 4902901.384488645941019 ], [ -12426791.832370974123478, 4902895.524645618163049 ], [ -12426794.033536560833454, 4902895.475655510090292 ], [ -12426793.768688229843974, 4902883.538264420814812 ], [ -12426790.969818947836757, 4902883.600557283498347 ], [ -12426790.81705099157989, 4902876.736568094231188 ], [ -12426769.329780485481024, 4902877.214798219501972 ] ] ] } },
{ "type": "Feature", "properties": { "type": "Feature", "properties": { "height": 11.241767883300781, "confidence": 0.98729997873306208 }, "id": 404, "area": 6383.7088721581085, "perimeter": 358.90425614275267, "cluster": 3 }, "geometry": { "type": "Polygon", "coordinates": [ [ [ -12427737.009510364383459, 4904358.673172785900533 ], [ -12427711.971440834924579, 4904286.923486170358956 ], [ -12427697.332457274198532, 4904292.032991421408951 ], [ -12427693.854976886883378, 4904282.067841042764485 ], [ -12427686.668410312384367, 4904284.575695251114666 ], [ -12427688.154546141624451, 4904288.834401370957494 ], [ -12427667.393353810533881, 4904296.07931353058666 ], [ -12427668.693722659721971, 4904299.805681385099888 ], [ -12427661.50715608522296, 4904302.313535592518747 ], [ -12427663.034829933196306, 4904306.691274057142437 ], [ -12427634.555352829396725, 4904316.631584268994629 ], [ -12427650.767805362120271, 4904363.090373232960701 ], [ -12427652.630989287048578, 4904362.440188807435334 ], [ -12427661.269153788685799, 4904387.193918121978641 ], [ -12427690.015420088544488, 4904377.162501282989979 ], [ -12427686.712636979296803, 4904367.697967578656971 ], [ -12427696.028353789821267, 4904364.446464236825705 ], [ -12427698.681155297905207, 4904372.04839523229748 ], [ -12427737.009510364383459, 4904358.673172785900533 ] ] ] } },
{ "type": "Feature", "properties": { "type": "Feature", "properties": { "height": 7.4660401344299316, "confidence": 0.95499998331069902 }, "id": 405, "area": 332.36780211376384, "perimeter": 79.085558650459816, "cluster": 0 }, "geometry": { "type": "Polygon", "coordinates": [ [ [ -12426556.40124742873013, 4903186.265908530913293 ], [ -12426554.676842730492353, 4903167.614663793705404 ], [ -12426541.650576565414667, 4903168.819009931758046 ], [ -12426544.086640346795321, 4903195.167593765072525 ], [ -12426555.336597487330437, 4903194.127476646564901 ], [ -12426554.624938406050205, 4903186.430137548595667 ], [ -12426556.40124742873013, 4903186.265908530913293 ] ] ] } },
{ "type": "Feature", "properties": { "type": "Feature", "properties": { "height": 6.4555435180664062, "confidence": 0.99889999628067005 }, "id": 406, "area": 494.47589025960144, "perimeter": 95.273079432909924, "cluster": 0 }, "geometry": { "type": "Polygon", "coordinates": [ [ [ -12426595.858750227838755, 4903742.351507937535644 ], [ -12426596.544814053922892, 4903770.2788011636585 ], [ -12426612.795048914849758, 4903769.880734099075198 ], [ -12426612.637208599597216, 4903763.437241370789707 ], [ -12426616.081086821854115, 4903763.352638816460967 ], [ -12426615.751211367547512, 4903749.924546184018254 ], [ -12426611.573582546785474, 4903750.027174104936421 ], [ -12426611.375657271593809, 4903741.970318521372974 ], [ -12426595.858750227838755, 4903742.351507937535644 ] ] ] } },
{ "type": "Feature", "properties": { "type": "Feature", "properties": { "height": 5.520228385925293, "confidence": 0.99479997158050504 }, "id": 407, "area": 515.69161482246227, "perimeter": 100.8700422983257, "cluster": 0 }, "geometry": { "type": "Polygon", "coordinates": [ [ [ -12426648.161468612030149, 4903339.292727352119982 ], [ -12426650.47050747089088, 4903359.632768801413476 ], [ -12426665.504451151937246, 4903357.926087903790176 ], [ -12426661.990696363151073, 4903326.973850916139781 ], [ -12426642.829787753522396, 4903329.149032451212406 ], [ -12426644.034503679722548, 4903339.761227989569306 ], [ -12426648.161468612030149, 4903339.292727352119982 ] ] ] } },
{ "type": "Feature", "properties": { "type": "Feature", "properties": { "height": 6.1722936630249023, "confidence": 0.98790001869201605 }, "id": 408, "area": 435.60895897913963, "perimeter": 89.937063495352248, "cluster": 0 }, "geometry": { "type": "Polygon", "coordinates": [ [ [ -12426686.327604213729501, 4902571.070700958371162 ], [ -12426674.1223498955369, 4902548.372708803974092 ], [ -12426657.214661862701178, 4902557.464377836324275 ], [ -12426662.320941733196378, 4902566.960476598702371 ], [ -12426665.795124204829335, 4902565.092325424775481 ], [ -12426672.894098654389381, 4902578.294218821451068 ], [ -12426686.327604213729501, 4902571.070700958371162 ] ] ] } },
{ "type": "Feature", "properties": { "type": "Feature", "properties": { "height": 6.5589175224304199, "confidence": 0.9980000257492061 }, "id": 409, "area": 306.35153078994591, "perimeter": 75.926081122546336, "cluster": 0 }, "geometry": { "type": "Polygon", "coordinates": [ [ [ -12426810.696183364838362, 4902151.034767917357385 ], [ -12426811.256286485120654, 4902153.168835496529937 ], [ -12426801.758725602179766, 4902155.661546393297613 ], [ -12426805.157729085534811, 4902168.612202873453498 ], [ -12426826.792962118983269, 4902162.932348511181772 ], [ -12426823.613482512533665, 4902150.821336884051561 ], [ -12426817.06303208693862, 4902152.540555043146014 ], [ -12426816.282887876033783, 4902149.568101582117379 ], [ -12426810.696183364838362, 4902151.034767917357385 ] ] ] } },
{ "type": "Feature", "properties": { "type": "Feature", "properties": { "height": 5.1895294189453116, "confidence": 0.99140000343322709 }, "id": 410, "area": 488.55868207669977, "perimeter": 114.28970061915702, "cluster": 4 }, "geometry": { "type": "Polygon", "coordinates": [ [ [ -12427075.628444394096732, 4902165.457235814072192 ], [ -12427079.586833285167813, 4902176.44780333712697 ], [ -12427088.308478964492679, 4902173.305984307080507 ], [ -12427089.014607597142458, 4902175.266568441875279 ], [ -12427094.156537869945168, 4902173.414638627320528 ], [ -12427093.164559487253428, 4902170.660920519381762 ], [ -12427102.150296926498413, 4902167.423967092297971 ], [ -12427098.096524065360427, 4902156.170750333927572 ], [ -12427105.906273424625397, 4902153.357972463592887 ], [ -12427102.629688119515777, 4902144.260449956171215 ], [ -12427084.248093647882342, 4902150.882095164619386 ], [ -12427087.905658883973956, 4902161.035445096902549 ], [ -12427075.628444394096732, 4902165.457235814072192 ] ] ] } },
{ "type": "Feature", "properties": { "type": "Feature", "properties": { "height": 5.0721139907836914, "confidence": 0.95270001888275102 }, "id": 411, "area": 325.54579066182555, "perimeter": 79.743713635827646, "cluster": 0 }, "geometry": { "type": "Polygon", "coordinates": [ [ [ -12427466.802934994921088, 4903204.588611080311239 ], [ -12427476.867926696315408, 4903197.809816627763212 ], [ -12427469.674104010686278, 4903187.128600945696235 ], [ -12427473.782263889908791, 4903184.361746065318584 ], [ -12427468.248554131016135, 4903176.14542631059885 ], [ -12427454.075402554124594, 4903185.691075641661882 ], [ -12427466.802934994921088, 4903204.588611080311239 ] ] ] } },
{ "type": "Feature", "properties": { "type": "Feature", "properties": { "height": 5.1708407402038574, "confidence": 0.97549998760223311 }, "id": 412, "area": 359.65742171793875, "perimeter": 87.08467055981356, "cluster": 0 }, "geometry": { "type": "Polygon", "coordinates": [ [ [ -12427411.995482256636024, 4902186.583058312535286 ], [ -12427400.434638263657689, 4902193.353854960761964 ], [ -12427415.668930724263191, 4902219.365753946825862 ], [ -12427423.227944105863571, 4902214.938694597221911 ], [ -12427418.410261873155832, 4902206.712709449231625 ], [ -12427422.412092484533787, 4902204.368972148746252 ], [ -12427411.995482256636024, 4902186.583058312535286 ] ] ] } },
{ "type": "Feature", "properties": { "type": "Feature", "properties": { "height": 6.0561256408691406, "confidence": 0.98760002851486206 }, "id": 413, "area": 756.21285741147688, "perimeter": 118.53908436275806, "cluster": 4 }, "geometry": { "type": "Polygon", "coordinates": [ [ [ -12426601.400055330246687, 4902066.380766951479018 ], [ -12426582.025028942152858, 4902069.365399725735188 ], [ -12426583.975553773343563, 4902082.027416448108852 ], [ -12426581.642290076240897, 4902082.387008180841804 ], [ -12426582.612127413973212, 4902088.682799145579338 ], [ -12426578.52887293882668, 4902089.311805523000658 ], [ -12426580.659148808568716, 4902103.140693112276495 ], [ -12426606.452687676995993, 4902099.165513060986996 ], [ -12426601.400055330246687, 4902066.380766951479018 ] ] ] } },
{ "type": "Feature", "properties": { "type": "Feature", "properties": { "height": 3.1657142639160152, "confidence": 0.9309999942779541 }, "id": 414, "area": 15.535941508142439, "perimeter": 15.785974742779956, "cluster": 2 }, "geometry": { "type": "Polygon", "coordinates": [ [ [ -12426783.180961007252336, 4904180.5142917400226 ], [ -12426779.559414219111204, 4904179.543763842433691 ], [ -12426778.487046545371413, 4904183.546373386867344 ], [ -12426782.108656693249941, 4904184.516664794646204 ], [ -12426783.180961007252336, 4904180.5142917400226 ] ] ] } },
{ "type": "Feature", "properties": { "type": "Feature", "properties": { "height": 4.7393760681152344, "confidence": 0.97490000724792403 }, "id": 415, "area": 363.01392671718457, "perimeter": 76.910707090199139, "cluster": 0 }, "geometry": { "type": "Polygon", "coordinates": [ [ [ -12427050.912879323586822, 4902382.743730057030916 ], [ -12427048.79008518718183, 4902361.032575706019998 ], [ -12427032.227817626670003, 4902362.651940753683448 ], [ -12427034.35049949772656, 4902384.36194690130651 ], [ -12427050.912879323586822, 4902382.743730057030916 ] ] ] } },
{ "type": "Feature", "properties": { "type": "Feature", "properties": { "height": 5.5370526313781738, "confidence": 0.98849999904632513 }, "id": 416, "area": 749.6237988909063, "perimeter": 152.57267312762286, "cluster": 4 }, "geometry": { "type": "Polygon", "coordinates": [ [ [ -12427156.811599628999829, 4903297.704613518901169 ], [ -12427147.097195947542787, 4903305.218862504698336 ], [ -12427154.673421330749989, 4903315.014275432564318 ], [ -12427139.167213343083858, 4903327.007493829354644 ], [ -12427158.755955224856734, 4903352.334065541625023 ], [ -12427170.794813998043537, 4903343.021812802180648 ], [ -12427162.476744322106242, 4903332.26823159493506 ], [ -12427165.757334910333157, 4903329.730871109291911 ], [ -12427159.399484192952514, 4903321.510712659917772 ], [ -12427162.096628213301301, 4903319.424616734497249 ], [ -12427157.616979779675603, 4903313.633337615057826 ], [ -12427164.821643866598606, 4903308.060917207039893 ], [ -12427156.811599628999829, 4903297.704613518901169 ] ] ] } },
{ "type": "Feature", "properties": { "type": "Feature", "properties": { "height": 4.4542083740234366, "confidence": 0.97049999237060502 }, "id": 417, "area": 552.87590424577866, "perimeter": 99.630893117254928, "cluster": 0 }, "geometry": { "type": "Polygon", "coordinates": [ [ [ -12427432.504476767033339, 4902521.863483077846467 ], [ -12427423.987291499972343, 4902507.509444025345147 ], [ -12427395.500044764950871, 4902524.412780939601362 ], [ -12427404.017230032011867, 4902538.76681999117136 ], [ -12427432.504476767033339, 4902521.863483077846467 ] ] ] } },
{ "type": "Feature", "properties": { "type": "Feature", "properties": { "height": 4.4719357490539551, "confidence": 0.93150001764297408 }, "id": 418, "area": 890.89546502579162, "perimeter": 126.95811116076742, "cluster": 4 }, "geometry": { "type": "Polygon", "coordinates": [ [ [ -12426846.707943404093385, 4903482.076887301169336 ], [ -12426844.136540459468961, 4903445.040390046313405 ], [ -12426817.848505910485983, 4903446.863699274137616 ], [ -12426819.819763772189617, 4903475.284821691922843 ], [ -12426829.922904796898365, 4903474.583371814340353 ], [ -12426830.520597163587809, 4903483.200756805017591 ], [ -12426846.707943404093385, 4903482.076887301169336 ] ] ] } },
{ "type": "Feature", "properties": { "type": "Feature", "properties": { "height": 4.8348784446716309, "confidence": 0.97740000486373912 }, "id": 419, "area": 461.87103866683321, "perimeter": 93.250423827279803, "cluster": 0 }, "geometry": { "type": "Polygon", "coordinates": [ [ [ -12426852.382996236905456, 4903759.848508239723742 ], [ -12426859.43122616969049, 4903791.417508007958531 ], [ -12426873.367090933024883, 4903788.306127227842808 ], [ -12426866.318861002102494, 4903756.737127458676696 ], [ -12426852.382996236905456, 4903759.848508239723742 ] ] ] } },
{ "type": "Feature", "properties": { "type": "Feature", "properties": { "height": 4.5170068740844727, "confidence": 0.98890000581741311 }, "id": 420, "area": 681.35249754467009, "perimeter": 108.9788452308055, "cluster": 4 }, "geometry": { "type": "Polygon", "coordinates": [ [ [ -12426909.98327973484993, 4903263.670163217931986 ], [ -12426905.924725, 4903239.264174150303006 ], [ -12426898.370490290224552, 4903240.520393472164869 ], [ -12426897.355851607397199, 4903234.418896205723286 ], [ -12426881.666287206113338, 4903237.027967107482255 ], [ -12426886.739480620250106, 4903267.535453441552818 ], [ -12426909.98327973484993, 4903263.670163217931986 ] ] ] } },
{ "type": "Feature", "properties": { "type": "Feature", "properties": { "height": 4.2851901054382324, "confidence": 0.97469997406005804 }, "id": 421, "area": 267.46314691775166, "perimeter": 73.262381903258017, "cluster": 0 }, "geometry": { "type": "Polygon", "coordinates": [ [ [ -12427317.574255490675569, 4902726.997436573728919 ], [ -12427309.849140385165811, 4902716.630530913360417 ], [ -12427303.897768616676331, 4902721.065319213084877 ], [ -12427305.328345488756895, 4902722.985116557218134 ], [ -12427292.273723540827632, 4902732.713039279915392 ], [ -12427298.568261776119471, 4902741.160147598944604 ], [ -12427317.574255490675569, 4902726.997436573728919 ] ] ] } },
{ "type": "Feature", "properties": { "type": "Feature", "properties": { "height": 5.7412428855895996, "confidence": 0.9713000059127801 }, "id": 422, "area": 394.47128611730318, "perimeter": 94.843167839482732, "cluster": 0 }, "geometry": { "type": "Polygon", "coordinates": [ [ [ -12427357.672521227970719, 4902118.603212707675993 ], [ -12427353.546480603516102, 4902108.486022312194109 ], [ -12427324.617389027029276, 4902120.281997081823647 ], [ -12427330.727823503315449, 4902135.264987958595157 ], [ -12427340.085977179929614, 4902131.448501295410097 ], [ -12427338.102583192288876, 4902126.5843177549541 ], [ -12427357.672521227970719, 4902118.603212707675993 ] ] ] } },
{ "type": "Feature", "properties": { "type": "Feature", "properties": { "height": 4.6459355354309082, "confidence": 0.97310000658035212 }, "id": 423, "area": 490.3832193650029, "perimeter": 109.4859567246103, "cluster": 4 }, "geometry": { "type": "Polygon", "coordinates": [ [ [ -12427393.205108262598515, 4902902.046778960153461 ], [ -12427407.46427589841187, 4902926.160282004624605 ], [ -12427415.428368648514152, 4902921.450832142494619 ], [ -12427409.149102164432406, 4902910.832041809335351 ], [ -12427424.192388467490673, 4902901.936414289288223 ], [ -12427417.259031726047397, 4902890.211499967612326 ], [ -12427399.339823041111231, 4902900.807762158103287 ], [ -12427398.293278628960252, 4902899.03796376939863 ], [ -12427393.205108262598515, 4902902.046778960153461 ] ] ] } },
{ "type": "Feature", "properties": { "type": "Feature", "properties": { "height": 5.3552336692810059, "confidence": 0.97259998321533203 }, "id": 424, "area": 641.54865944248718, "perimeter": 113.10019891163299, "cluster": 4 }, "geometry": { "type": "Polygon", "coordinates": [ [ [ -12426670.4880834184587, 4903386.037425158545375 ], [ -12426670.457782309502363, 4903371.108381691388786 ], [ -12426665.979069270193577, 4903371.117785483598709 ], [ -12426665.968527968972921, 4903365.924195882864296 ], [ -12426652.233806028962135, 4903365.952072908170521 ], [ -12426652.243743261322379, 4903370.848042911849916 ], [ -12426648.063611090183258, 4903370.856819786131382 ], [ -12426648.123001266270876, 4903400.117744975723326 ], [ -12426664.843529945239425, 4903400.082637484185398 ], [ -12426664.815046902745962, 4903386.049336628057063 ], [ -12426670.4880834184587, 4903386.037425158545375 ] ] ] } },
{ "type": "Feature", "properties": { "type": "Feature", "properties": { "height": 6.0419292449951172, "confidence": 0.98780000209808305 }, "id": 425, "area": 452.82842853086458, "perimeter": 93.505158525690547, "cluster": 0 }, "geometry": { "type": "Polygon", "coordinates": [ [ [ -12426762.198694206774235, 4902436.738542918115854 ], [ -12426764.458054836839437, 4902436.198054774664342 ], [ -12426766.484885383397341, 4902444.670657126232982 ], [ -12426779.758629072457552, 4902441.495289270766079 ], [ -12426773.272771323099732, 4902414.382961739785969 ], [ -12426754.915466221049428, 4902418.77442792057991 ], [ -12426757.144979825243354, 4902428.094290510751307 ], [ -12426759.96918061003089, 4902427.41868032887578 ], [ -12426762.198694206774235, 4902436.738542918115854 ] ] ] } },
{ "type": "Feature", "properties": { "type": "Feature", "properties": { "height": 5.9622373580932617, "confidence": 0.98750001192092907 }, "id": 426, "area": 377.61666753216116, "perimeter": 84.361984437642491, "cluster": 0 }, "geometry": { "type": "Polygon", "coordinates": [ [ [ -12427287.747831705957651, 4902133.483795939944685 ], [ -12427292.510537058115005, 4902145.464347711764276 ], [ -12427319.726733054965734, 4902134.646824119612575 ], [ -12427314.964097993448377, 4902122.664339574985206 ], [ -12427287.747831705957651, 4902133.483795939944685 ] ] ] } },
{ "type": "Feature", "properties": { "type": "Feature", "properties": { "height": 8.1719064712524414, "confidence": 0.9466000199317931 }, "id": 427, "area": 490.91468566031403, "perimeter": 96.861994419259418, "cluster": 0 }, "geometry": { "type": "Polygon", "coordinates": [ [ [ -12427949.627643324434757, 4903663.675402728840709 ], [ -12427981.865934917703271, 4903674.435789949260652 ], [ -12427986.439099486917257, 4903660.734516021795571 ], [ -12427954.200807893648744, 4903649.974128801375628 ], [ -12427949.627643324434757, 4903663.675402728840709 ] ] ] } },
{ "type": "Feature", "properties": { "type": "Feature", "properties": { "height": 2.3659999370574951, "confidence": 0.96950000524520807 }, "id": 428, "area": 133.97108126616496, "perimeter": 51.36918524388004, "cluster": 2 }, "geometry": { "type": "Polygon", "coordinates": [ [ [ -12426716.905837712809443, 4902656.270211149007082 ], [ -12426720.772166509181261, 4902654.393331490457058 ], [ -12426723.425131117925048, 4902659.859165427275002 ], [ -12426733.091218857094646, 4902655.167513799853623 ], [ -12426728.444091377779841, 4902645.593158004805446 ], [ -12426714.911940589547157, 4902652.162236801348627 ], [ -12426716.905837712809443, 4902656.270211149007082 ] ] ] } },
{ "type": "Feature", "properties": { "type": "Feature", "properties": { "height": 4.4945764541625977, "confidence": 0.89550000429153409 }, "id": 429, "area": 525.99264260414668, "perimeter": 94.949121069163084, "cluster": 0 }, "geometry": { "type": "Polygon", "coordinates": [ [ [ -12426837.059447916224599, 4904072.240202385932207 ], [ -12426837.059447916224599, 4904042.38198821246624 ], [ -12426819.443101555109024, 4904042.38198821246624 ], [ -12426819.443101555109024, 4904072.240202385932207 ], [ -12426837.059447916224599, 4904072.240202385932207 ] ] ] } },
{ "type": "Feature", "properties": { "type": "Feature", "properties": { "height": 6.2099165916442871, "confidence": 0.94539999961853005 }, "id": 430, "area": 546.53103118520664, "perimeter": 101.72469835895407, "cluster": 0 }, "geometry": { "type": "Polygon", "coordinates": [ [ [ -12426891.94202927313745, 4902825.636840659193695 ], [ -12426907.757119733840227, 4902825.243898530490696 ], [ -12426906.919337464496493, 4902791.524932074360549 ], [ -12426889.791302407160401, 4902791.950495653785765 ], [ -12426890.036653246730566, 4902801.797610336914659 ], [ -12426891.348909081891179, 4902801.765005996450782 ], [ -12426891.94202927313745, 4902825.636840659193695 ] ] ] } },
{ "type": "Feature", "properties": { "type": "Feature", "properties": { "height": 4.6824045181274414, "confidence": 0.97670000791549605 }, "id": 431, "area": 408.38323659666622, "perimeter": 88.751858549192576, "cluster": 0 }, "geometry": { "type": "Polygon", "coordinates": [ [ [ -12427217.762289738282561, 4902678.572554071433842 ], [ -12427222.849532924592495, 4902676.11936919298023 ], [ -12427217.826344840228558, 4902665.702633145265281 ], [ -12427200.384368199855089, 4902674.1135527305305 ], [ -12427211.248472666367888, 4902696.642772555351257 ], [ -12427223.603206118568778, 4902690.685037850402296 ], [ -12427217.762289738282561, 4902678.572554071433842 ] ] ] } },
{ "type": "Feature", "properties": { "type": "Feature", "properties": { "height": 3.898412704467773, "confidence": 0.95599997043609608 }, "id": 432, "area": 224.79490966099655, "perimeter": 77.078385781659179, "cluster": 0 }, "geometry": { "type": "Polygon", "coordinates": [ [ [ -12427563.96365636959672, 4902539.878192295320332 ], [ -12427558.449357705190778, 4902542.744562403298914 ], [ -12427561.195379128679633, 4902548.026624076999724 ], [ -12427548.844634123146534, 4902554.447490110993385 ], [ -12427554.587377578020096, 4902565.495331568643451 ], [ -12427566.340400405228138, 4902559.385207440704107 ], [ -12427562.128543021157384, 4902551.28247170522809 ], [ -12427568.240289937704802, 4902548.105543911457062 ], [ -12427563.96365636959672, 4902539.878192295320332 ] ] ] } },
{ "type": "Feature", "properties": { "type": "Feature", "properties": { "height": 1.985102415084838, "confidence": 0.99070000648498513 }, "id": 433, "area": 95.818109688991669, "perimeter": 40.60303295838338, "cluster": 2 }, "geometry": { "type": "Polygon", "coordinates": [ [ [ -12428184.966182950884104, 4904448.228700054809451 ], [ -12428192.42921513132751, 4904448.335255105048418 ], [ -12428192.612489817664027, 4904435.498839755542576 ], [ -12428185.149457637220621, 4904435.392284702509642 ], [ -12428184.966182950884104, 4904448.228700054809451 ] ] ] } },
{ "type": "Feature", "properties": { "type": "Feature", "properties": { "height": 4.8319907188415527, "confidence": 0.99000000953674305 }, "id": 434, "area": 376.09778489882348, "perimeter": 85.947319154711295, "cluster": 0 }, "geometry": { "type": "Polygon", "coordinates": [ [ [ -12426633.46566498465836, 4903073.619308079592884 ], [ -12426664.18792001157999, 4903072.632359936833382 ], [ -12426663.795057162642479, 4903060.403112791478634 ], [ -12426633.072802131995559, 4903061.390060932375491 ], [ -12426633.46566498465836, 4903073.619308079592884 ] ] ] } },
{ "type": "Feature", "properties": { "type": "Feature", "properties": { "height": 4.9996199607849121, "confidence": 0.95480000972747803 }, "id": 435, "area": 469.33040651265196, "perimeter": 100.95713610095302, "cluster": 0 }, "geometry": { "type": "Polygon", "coordinates": [ [ [ -12427044.040002720430493, 4902176.542969612404704 ], [ -12427050.975724022835493, 4902174.147407977841794 ], [ -12427054.016244558617473, 4902182.950438862666488 ], [ -12427065.341837899759412, 4902179.038638532161713 ], [ -12427057.877390973269939, 4902157.431665734387934 ], [ -12427050.554526375606656, 4902159.960944622755051 ], [ -12427047.844907393679023, 4902152.115952539257705 ], [ -12427036.908044623211026, 4902155.894252835772932 ], [ -12427044.040002720430493, 4902176.542969612404704 ] ] ] } },
{ "type": "Feature", "properties": { "type": "Feature", "properties": { "height": 4.9487180709838867, "confidence": 1.0 }, "id": 436, "area": 139.06069423102895, "perimeter": 47.173378865370154, "cluster": 2 }, "geometry": { "type": "Polygon", "coordinates": [ [ [ -12427121.038036270067096, 4903875.217124341055751 ], [ -12427132.980005757883191, 4903875.091753721237183 ], [ -12427132.857769403606653, 4903863.448333468288183 ], [ -12427120.915799915790558, 4903863.573704089969397 ], [ -12427121.038036270067096, 4903875.217124341055751 ] ] ] } },
{ "type": "Feature", "properties": { "type": "Feature", "properties": { "height": 4.6864514350891113, "confidence": 0.96280002593994107 }, "id": 437, "area": 414.63917899379356, "perimeter": 91.217064511917471, "cluster": 0 }, "geometry": { "type": "Polygon", "coordinates": [ [ [ -12427349.983091836795211, 4902643.776803349144757 ], [ -12427357.840418394654989, 4902657.034418121911585 ], [ -12427373.528595874086022, 4902647.735483695752919 ], [ -12427371.365791570395231, 4902644.086198397912085 ], [ -12427381.654885241761804, 4902637.988210911862552 ], [ -12427375.959549482911825, 4902628.379643509164453 ], [ -12427349.983091836795211, 4902643.776803349144757 ] ] ] } },
{ "type": "Feature", "properties": { "type": "Feature", "properties": { "height": 4.2748990058898926, "confidence": 0.9488000273704521 }, "id": 438, "area": 440.36971223587739, "perimeter": 85.976696824607771, "cluster": 0 }, "geometry": { "type": "Polygon", "coordinates": [ [ [ -12427452.132858894765377, 4902883.361718445084989 ], [ -12427443.045145630836487, 4902869.180280360393226 ], [ -12427421.032167114317417, 4902883.286581544205546 ], [ -12427430.119880376383662, 4902897.468019627034664 ], [ -12427452.132858894765377, 4902883.361718445084989 ] ] ] } },
{ "type": "Feature", "properties": { "type": "Feature", "properties": { "height": 7.7393703460693359, "confidence": 0.8885999917984001 }, "id": 439, "area": 823.97627961821468, "perimeter": 131.23415243528501, "cluster": 4 }, "geometry": { "type": "Polygon", "coordinates": [ [ [ -12427725.139634737744927, 4903825.25302277226001 ], [ -12427679.900271032005548, 4903807.233900509774685 ], [ -12427673.63809615559876, 4903822.953147633932531 ], [ -12427718.878409391269088, 4903840.972648097202182 ], [ -12427725.139634737744927, 4903825.25302277226001 ] ] ] } },
{ "type": "Feature", "properties": { "type": "Feature", "properties": { "height": 6.2627077102661133, "confidence": 0.99320000410079912 }, "id": 440, "area": 541.7230213629407, "perimeter": 105.85426997891602, "cluster": 0 }, "geometry": { "type": "Polygon", "coordinates": [ [ [ -12426602.417005572468042, 4903382.916338025592268 ], [ -12426601.485685929656029, 4903372.72744442615658 ], [ -12426605.335116626694798, 4903372.375855186954141 ], [ -12426604.469003008678555, 4903362.900333474390209 ], [ -12426600.619572315365076, 4903363.251922712661326 ], [ -12426599.872812962159514, 4903355.082169583998621 ], [ -12426583.290755165740848, 4903356.597858797758818 ], [ -12426583.469022253528237, 4903358.548149853013456 ], [ -12426579.027371447533369, 4903358.95382974576205 ], [ -12426580.094162970781326, 4903370.624823026359081 ], [ -12426585.424110116437078, 4903370.137637206353247 ], [ -12426586.723272301256657, 4903384.350829601287842 ], [ -12426602.417005572468042, 4903382.916338025592268 ] ] ] } },
{ "type": "Feature", "properties": { "type": "Feature", "properties": { "height": 5.3418550491333008, "confidence": 0.96149998903274503 }, "id": 441, "area": 544.37800412460001, "perimeter": 110.6923996568735, "cluster": 4 }, "geometry": { "type": "Polygon", "coordinates": [ [ [ -12427174.946073718369007, 4902531.272112524136901 ], [ -12427174.277401594445109, 4902518.057745556347072 ], [ -12427181.783419443294406, 4902491.39953451231122 ], [ -12427173.138776645064354, 4902488.964901071041822 ], [ -12427169.418932307511568, 4902489.153132275678217 ], [ -12427161.160896457731724, 4902518.474905695766211 ], [ -12427161.842013120651245, 4902531.935202936641872 ], [ -12427174.946073718369007, 4902531.272112524136901 ] ] ] } },
{ "type": "Feature", "properties": { "type": "Feature", "properties": { "height": 5.5512094497680664, "confidence": 0.96640002727508512 }, "id": 442, "area": 597.02429687099243, "perimeter": 109.8463535962327, "cluster": 4 }, "geometry": { "type": "Polygon", "coordinates": [ [ [ -12427346.023925947025418, 4903440.191910088993609 ], [ -12427353.41187110543251, 4903434.479799917899072 ], [ -12427355.220711186528206, 4903436.819322601892054 ], [ -12427365.958514669910073, 4903428.516463357955217 ], [ -12427357.647812280803919, 4903417.768516601994634 ], [ -12427352.976160258054733, 4903421.380480480380356 ], [ -12427341.705812830477953, 4903406.804926168173552 ], [ -12427328.251455007120967, 4903417.207382136955857 ], [ -12427346.023925947025418, 4903440.191910088993609 ] ] ] } },
{ "type": "Feature", "properties": { "type": "Feature", "properties": { "height": 3.5699038505554199, "confidence": 0.95870000123977606 }, "id": 443, "area": 250.51282845400723, "perimeter": 63.324193223040254, "cluster": 2 }, "geometry": { "type": "Polygon", "coordinates": [ [ [ -12427500.72569071687758, 4902856.618613336235285 ], [ -12427508.405025877058506, 4902870.838719704188406 ], [ -12427522.043808395043015, 4902863.473318956792355 ], [ -12427514.364074148237705, 4902849.252473574131727 ], [ -12427500.72569071687758, 4902856.618613336235285 ] ] ] } },
{ "type": "Feature", "properties": { "type": "Feature", "properties": { "height": 8.6151504516601562, "confidence": 0.94910001754760709 }, "id": 444, "area": 1524.130054321065, "perimeter": 231.43427090303791, "cluster": 1 }, "geometry": { "type": "Polygon", "coordinates": [ [ [ -12427608.755709175020456, 4903266.556072236970067 ], [ -12427668.316378906369209, 4903347.580812705680728 ], [ -12427680.528241705149412, 4903338.603965352289379 ], [ -12427620.967571971938014, 4903257.579224882647395 ], [ -12427608.755709175020456, 4903266.556072236970067 ] ] ] } },
{ "type": "Feature", "properties": { "type": "Feature", "properties": { "height": 8.2854585647583008, "confidence": 0.95370000600814808 }, "id": 445, "area": 1444.4972665315445, "perimeter": 229.96247950489251, "cluster": 1 }, "geometry": { "type": "Polygon", "coordinates": [ [ [ -12427850.036600029096007, 4903578.429875665344298 ], [ -12427755.177108459174633, 4903544.855936071835458 ], [ -12427750.387508653104305, 4903558.388426098972559 ], [ -12427845.247841926291585, 4903591.962663593702018 ], [ -12427850.036600029096007, 4903578.429875665344298 ] ] ] } },
{ "type": "Feature", "properties": { "type": "Feature", "properties": { "height": 7.6214475631713867, "confidence": 0.97250002622604304 }, "id": 446, "area": 4799.3285590682772, "perimeter": 299.33388712300604, "cluster": 3 }, "geometry": { "type": "Polygon", "coordinates": [ [ [ -12428156.410380855202675, 4904334.251842341385782 ], [ -12428131.756226779893041, 4904366.409826039336622 ], [ -12428128.821614226326346, 4904364.160189187154174 ], [ -12428125.361581036821008, 4904368.673742930404842 ], [ -12428129.236286548897624, 4904371.644043145701289 ], [ -12428116.548768663778901, 4904388.193180957809091 ], [ -12428115.871893260627985, 4904387.674296833574772 ], [ -12428099.580903675407171, 4904408.925612382590771 ], [ -12428140.014822635799646, 4904439.92174300737679 ], [ -12428197.10537020675838, 4904365.448106222786009 ], [ -12428156.410380855202675, 4904334.251842341385782 ] ] ] } },
{ "type": "Feature", "properties": { "type": "Feature", "properties": { "height": 5.3471026420593262, "confidence": 0.95240002870559604 }, "id": 447, "area": 477.11115428080217, "perimeter": 103.59151876826031, "cluster": 0 }, "geometry": { "type": "Polygon", "coordinates": [ [ [ -12426897.557990891858935, 4903018.394970077089965 ], [ -12426897.169619627296925, 4903009.342688458971679 ], [ -12426889.420747127383947, 4903009.67513938434422 ], [ -12426889.642869208008051, 4903014.852431801147759 ], [ -12426886.066455794498324, 4903015.005620840936899 ], [ -12426886.943989811465144, 4903035.459464229643345 ], [ -12426907.508305286988616, 4903034.577190618030727 ], [ -12426907.193443855270743, 4903027.238299697637558 ], [ -12426912.746289525181055, 4903027.000453845597804 ], [ -12426912.350549990311265, 4903017.76135822199285 ], [ -12426897.557990891858935, 4903018.394970077089965 ] ] ] } },
{ "type": "Feature", "properties": { "type": "Feature", "properties": { "height": 5.1566309928894043, "confidence": 0.97909998893737704 }, "id": 448, "area": 248.19611088041393, "perimeter": 65.452613500169448, "cluster": 2 }, "geometry": { "type": "Polygon", "coordinates": [ [ [ -12426898.252951253205538, 4902171.891576928086579 ], [ -12426897.834077188745141, 4902151.110769188962877 ], [ -12426885.895625218749046, 4902151.350574319250882 ], [ -12426886.314516117796302, 4902172.132217277772725 ], [ -12426898.252951253205538, 4902171.891576928086579 ] ] ] } },
{ "type": "Feature", "properties": { "type": "Feature", "properties": { "height": 5.406531810760498, "confidence": 0.99339997768402111 }, "id": 449, "area": 652.37835309112677, "perimeter": 114.74447546195562, "cluster": 4 }, "geometry": { "type": "Polygon", "coordinates": [ [ [ -12427116.7236916013062, 4903266.00405612681061 ], [ -12427103.715342426672578, 4903278.061907220631838 ], [ -12427130.65942944586277, 4903307.129946736618876 ], [ -12427139.813452940434217, 4903298.644792262464762 ], [ -12427133.263509131968021, 4903291.578528514131904 ], [ -12427137.117834817618132, 4903288.005831891670823 ], [ -12427116.7236916013062, 4903266.00405612681061 ] ] ] } },
{ "type": "Feature", "properties": { "type": "Feature", "properties": { "height": 2.9379391670227051, "confidence": 0.99299997091293313 }, "id": 450, "area": 76.091560556775065, "perimeter": 34.901368669587654, "cluster": 2 }, "geometry": { "type": "Polygon", "coordinates": [ [ [ -12427341.661273809149861, 4902646.511347010731697 ], [ -12427337.599236935377121, 4902639.015753202140331 ], [ -12427329.752251213416457, 4902643.268766740337014 ], [ -12427333.814058030024171, 4902650.76393602322787 ], [ -12427341.661273809149861, 4902646.511347010731697 ] ] ] } },
{ "type": "Feature", "properties": { "type": "Feature", "properties": { "height": 4.7364907264709473, "confidence": 0.99629998207092207 }, "id": 451, "area": 414.01041227329728, "perimeter": 90.112737392220623, "cluster": 0 }, "geometry": { "type": "Polygon", "coordinates": [ [ [ -12427423.974542271345854, 4903404.364584429189563 ], [ -12427424.915070975199342, 4903430.307198470458388 ], [ -12427443.999292796477675, 4903429.616650971584022 ], [ -12427443.610108505934477, 4903418.881776194088161 ], [ -12427438.242671117186546, 4903419.075992680154741 ], [ -12427437.691326709464192, 4903403.868253415450454 ], [ -12427423.974542271345854, 4903404.364584429189563 ] ] ] } },
{ "type": "Feature", "properties": { "type": "Feature", "properties": { "height": 4.9340505599975595, "confidence": 0.93669998645782404 }, "id": 452, "area": 571.88830921945964, "perimeter": 112.94035300668287, "cluster": 4 }, "geometry": { "type": "Polygon", "coordinates": [ [ [ -12427401.95719681866467, 4902340.97162211034447 ], [ -12427407.663693379610777, 4902350.331560450606048 ], [ -12427413.976209934800863, 4902346.482993001118302 ], [ -12427417.692068163305521, 4902352.577836574986577 ], [ -12427422.480873823165894, 4902349.658233678899705 ], [ -12427429.11633494310081, 4902360.541882913559675 ], [ -12427439.891722908243537, 4902353.972425708547235 ], [ -12427423.835250917822123, 4902327.6331752166152 ], [ -12427401.95719681866467, 4902340.97162211034447 ] ] ] } },
{ "type": "Feature", "properties": { "type": "Feature", "properties": { "height": 4.2922000885009775, "confidence": 0.99510002136230413 }, "id": 453, "area": 292.58368758702477, "perimeter": 74.293799231925902, "cluster": 0 }, "geometry": { "type": "Polygon", "coordinates": [ [ [ -12427653.411933995783329, 4902881.22910288348794 ], [ -12427637.973778819665313, 4902891.136188885197043 ], [ -12427644.821472162380815, 4902901.805746410042048 ], [ -12427665.414327608421445, 4902888.589307126589119 ], [ -12427660.121500838547945, 4902880.341525596566498 ], [ -12427654.965900568291545, 4902883.650375990197062 ], [ -12427653.411933995783329, 4902881.22910288348794 ] ] ] } },
{ "type": "Feature", "properties": { "type": "Feature", "properties": { "height": 7.5521478652954102, "confidence": 0.91200000047683705 }, "id": 454, "area": 848.74892254050769, "perimeter": 134.00027859222109, "cluster": 4 }, "geometry": { "type": "Polygon", "coordinates": [ [ [ -12427751.994417857378721, 4903764.589787838049233 ], [ -12427704.617788789793849, 4903748.488100357353687 ], [ -12427699.15958964638412, 4903764.547974618151784 ], [ -12427746.536218712106347, 4903780.64966209884733 ], [ -12427751.994417857378721, 4903764.589787838049233 ] ] ] } },
{ "type": "Feature", "properties": { "type": "Feature", "properties": { "height": 3.8875739574432369, "confidence": 0.98030000925064009 }, "id": 455, "area": 421.44835601124151, "perimeter": 89.241489086137094, "cluster": 0 }, "geometry": { "type": "Polygon", "coordinates": [ [ [ -12426712.558535005897284, 4903708.338827222585678 ], [ -12426726.129553837701678, 4903708.625672663562 ], [ -12426726.785606481134892, 4903677.586996657773852 ], [ -12426713.212416252121329, 4903677.300105319358408 ], [ -12426712.558535005897284, 4903708.338827222585678 ] ] ] } },
{ "type": "Feature", "properties": { "type": "Feature", "properties": { "height": 5.3615074157714844, "confidence": 0.9846000075340271 }, "id": 456, "area": 555.70108996361148, "perimeter": 117.06272258578568, "cluster": 4 }, "geometry": { "type": "Polygon", "coordinates": [ [ [ -12426787.381829569116235, 4903395.496282558888197 ], [ -12426786.425469148904085, 4903380.928609129041433 ], [ -12426788.640757890418172, 4903380.783021494746208 ], [ -12426787.910697171464562, 4903369.674280725419521 ], [ -12426785.398871626704931, 4903369.839180804789066 ], [ -12426784.761940520256758, 4903360.137185450643301 ], [ -12426773.002769837155938, 4903360.909992092289031 ], [ -12426774.53908809274435, 4903384.286898644641042 ], [ -12426765.782927038148046, 4903384.861736202612519 ], [ -12426766.570867525413632, 4903396.863968264311552 ], [ -12426787.381829569116235, 4903395.496282558888197 ] ] ] } },
{ "type": "Feature", "properties": { "type": "Feature", "properties": { "height": 5.8262805938720703, "confidence": 0.97810000181198109 }, "id": 457, "area": 280.27975024589404, "perimeter": 70.010313844217535, "cluster": 0 }, "geometry": { "type": "Polygon", "coordinates": [ [ [ -12427069.685131892561913, 4902415.461291640996933 ], [ -12427066.282944142818451, 4902393.111655513755977 ], [ -12427054.026380620896816, 4902394.976560965180397 ], [ -12427057.428696, 4902417.327035485766828 ], [ -12427069.685131892561913, 4902415.461291640996933 ] ] ] } },
{ "type": "Feature", "properties": { "type": "Feature", "properties": { "height": 3.669025182723999, "confidence": 0.99559998512268011 }, "id": 458, "area": 504.06776577435789, "perimeter": 95.794519243833804, "cluster": 0 }, "geometry": { "type": "Polygon", "coordinates": [ [ [ -12427483.26521317102015, 4902465.153403347358108 ], [ -12427491.770680230110884, 4902478.314126036129892 ], [ -12427497.667689379304647, 4902474.502614311873913 ], [ -12427500.732187271118164, 4902479.244388834573328 ], [ -12427508.735526461154222, 4902474.072018027305603 ], [ -12427509.688331607729197, 4902475.54631735291332 ], [ -12427516.63859985396266, 4902471.054521651938558 ], [ -12427504.116017902269959, 4902451.678016245365143 ], [ -12427483.26521317102015, 4902465.153403347358108 ] ] ] } },
{ "type": "Feature", "properties": { "type": "Feature", "properties": { "height": 4.5616436004638672, "confidence": 0.93660002946853604 }, "id": 459, "area": 299.58384176049123, "perimeter": 72.909518386126337, "cluster": 0 }, "geometry": { "type": "Polygon", "coordinates": [ [ [ -12427737.046790393069386, 4902956.929816692136228 ], [ -12427737.873462270945311, 4902969.415533192455769 ], [ -12427761.762428570538759, 4902967.833858911879361 ], [ -12427760.936626741662621, 4902955.34808480553329 ], [ -12427737.046790393069386, 4902956.929816692136228 ] ] ] } },
{ "type": "Feature", "properties": { "type": "Feature", "properties": { "height": 5.177180290222168, "confidence": 0.99680000543594305 }, "id": 460, "area": 450.80575911770507, "perimeter": 90.111271454754487, "cluster": 0 }, "geometry": { "type": "Polygon", "coordinates": [ [ [ -12426578.916673123836517, 4903318.829309939406812 ], [ -12426586.021499322727323, 4903345.928550939075649 ], [ -12426599.990180252119899, 4903342.265291740186512 ], [ -12426597.39652892947197, 4903332.372582159005105 ], [ -12426599.910934668034315, 4903331.713360162451863 ], [ -12426595.39971661567688, 4903314.506664083339274 ], [ -12426578.916673123836517, 4903318.829309939406812 ] ] ] } },
{ "type": "Feature", "properties": { "type": "Feature", "properties": { "height": 5.6893267631530762, "confidence": 0.99099999666213912 }, "id": 461, "area": 655.73677248733475, "perimeter": 118.56957851775149, "cluster": 4 }, "geometry": { "type": "Polygon", "coordinates": [ [ [ -12426785.234987443313003, 4903321.945130668580532 ], [ -12426757.470609419047832, 4903324.842435233294964 ], [ -12426758.703504979610443, 4903336.657064178027213 ], [ -12426769.927402477711439, 4903335.485813397914171 ], [ -12426771.950294200330973, 4903354.870841531082988 ], [ -12426788.490894228219986, 4903353.145932932384312 ], [ -12426785.234987443313003, 4903321.945130668580532 ] ] ] } },
{ "type": "Feature", "properties": { "type": "Feature", "properties": { "height": 6.0999140739440918, "confidence": 0.99040001630783003 }, "id": 462, "area": 1034.7556727867486, "perimeter": 157.3026697141228, "cluster": 4 }, "geometry": { "type": "Polygon", "coordinates": [ [ [ -12426883.783845998346806, 4904302.540322725661099 ], [ -12426869.674611892551184, 4904304.937944532372057 ], [ -12426871.41375364176929, 4904315.168021657504141 ], [ -12426872.507153417915106, 4904316.330669271759689 ], [ -12426873.536316545680165, 4904322.384470325894654 ], [ -12426855.516523443162441, 4904339.330996074713767 ], [ -12426856.811275022104383, 4904346.947056413628161 ], [ -12426864.174534125253558, 4904354.776649778708816 ], [ -12426867.660372968763113, 4904351.498429139144719 ], [ -12426871.011282587423921, 4904355.061560541391373 ], [ -12426873.922624807804823, 4904354.566624214872718 ], [ -12426881.286059688776731, 4904347.641758976504207 ], [ -12426886.711748549714684, 4904346.719376680441201 ], [ -12426892.279797332361341, 4904341.482963502407074 ], [ -12426885.127315932884812, 4904333.877496940083802 ], [ -12426888.930049216374755, 4904330.30125624127686 ], [ -12426885.80083860643208, 4904326.973864619620144 ], [ -12426887.641713423654437, 4904325.242633171379566 ], [ -12426883.783845998346806, 4904302.540322725661099 ] ] ] } },
{ "type": "Feature", "properties": { "type": "Feature", "properties": { "height": 3.7666113376617432, "confidence": 0.99000000953674305 }, "id": 463, "area": 322.24724798565853, "perimeter": 83.729560651807518, "cluster": 0 }, "geometry": { "type": "Polygon", "coordinates": [ [ [ -12427510.373790342360735, 4902881.242693076841533 ], [ -12427518.673164092004299, 4902895.073046718724072 ], [ -12427532.503517735749483, 4902886.773672969080508 ], [ -12427526.311921445652843, 4902876.455790091305971 ], [ -12427530.922039328143001, 4902873.689332177862525 ], [ -12427526.63787330314517, 4902866.550054809078574 ], [ -12427518.515535466372967, 4902871.424708151258528 ], [ -12427520.691673219203949, 4902875.051096786744893 ], [ -12427510.373790342360735, 4902881.242693076841533 ] ] ] } },
{ "type": "Feature", "properties": { "type": "Feature", "properties": { "height": 7.8359384536743164, "confidence": 0.96969997882843006 }, "id": 464, "area": 850.05720293467311, "perimeter": 132.73301564080111, "cluster": 4 }, "geometry": { "type": "Polygon", "coordinates": [ [ [ -12427863.451773263514042, 4903834.360174609348178 ], [ -12427886.213020540773869, 4903877.785558656789362 ], [ -12427901.570218712091446, 4903869.735067731700838 ], [ -12427878.80702923797071, 4903826.311776513233781 ], [ -12427863.451773263514042, 4903834.360174609348178 ] ] ] } },
{ "type": "Feature", "properties": { "type": "Feature", "properties": { "height": 1.409298777580261, "confidence": 0.92720001935958807 }, "id": 465, "area": 117.19323593324546, "perimeter": 43.349567931718305, "cluster": 2 }, "geometry": { "type": "Polygon", "coordinates": [ [ [ -12426908.781051626428962, 4902833.960892398841679 ], [ -12426909.039001131430268, 4902845.30114637222141 ], [ -12426919.368322692811489, 4902845.066191896796227 ], [ -12426919.109579909592867, 4902833.725955971516669 ], [ -12426908.781051626428962, 4902833.960892398841679 ] ] ] } },
{ "type": "Feature", "properties": { "type": "Feature", "properties": { "height": 3.7446897029876709, "confidence": 0.99110001325607311 }, "id": 466, "area": 432.31786816036009, "perimeter": 92.143323038759405, "cluster": 0 }, "geometry": { "type": "Polygon", "coordinates": [ [ [ -12427376.111481418833137, 4903644.471044526435435 ], [ -12427389.213092092424631, 4903643.784236967563629 ], [ -12427387.488084455952048, 4903610.877816245891154 ], [ -12427374.386425843462348, 4903611.563709347508848 ], [ -12427376.111481418833137, 4903644.471044526435435 ] ] ] } },
{ "type": "Feature", "properties": { "type": "Feature", "properties": { "height": 5.2024192810058594, "confidence": 0.99500000476837103 }, "id": 467, "area": 501.34091259902442, "perimeter": 96.865717600607326, "cluster": 0 }, "geometry": { "type": "Polygon", "coordinates": [ [ [ -12427411.374910397455096, 4904091.274841694161296 ], [ -12427395.979698834940791, 4904094.62261061463505 ], [ -12427401.096525609493256, 4904118.145525982603431 ], [ -12427402.629143944010139, 4904117.812142880633473 ], [ -12427404.457533072680235, 4904126.220261288806796 ], [ -12427418.320665918290615, 4904123.205650864169002 ], [ -12427411.374910397455096, 4904091.274841694161296 ] ] ] } },
{ "type": "Feature", "properties": { "type": "Feature", "properties": { "height": 5.4203286170959473, "confidence": 0.99529999494552612 }, "id": 468, "area": 564.02168559841323, "perimeter": 114.64256390567967, "cluster": 4 }, "geometry": { "type": "Polygon", "coordinates": [ [ [ -12426600.037439221516252, 4903046.039051682688296 ], [ -12426588.096857257187366, 4903046.218728692270815 ], [ -12426588.523590158671141, 4903074.577610855922103 ], [ -12426598.076055727899075, 4903074.433869246393442 ], [ -12426598.206321559846401, 4903083.09079117141664 ], [ -12426608.952845327556133, 4903082.929081860929728 ], [ -12426608.584507454186678, 4903058.450888836756349 ], [ -12426600.226100081577897, 4903058.576662745326757 ], [ -12426600.037439221516252, 4903046.039051682688296 ] ] ] } },
{ "type": "Feature", "properties": { "type": "Feature", "properties": { "height": 4.2308487892150879, "confidence": 0.95819997787475508 }, "id": 469, "area": 602.84105927157611, "perimeter": 115.84987099468708, "cluster": 4 }, "geometry": { "type": "Polygon", "coordinates": [ [ [ -12426792.869290938600898, 4903618.395346941426396 ], [ -12426783.911826686933637, 4903618.395346941426396 ], [ -12426783.911826686933637, 4903613.618032674305141 ], [ -12426764.205405332148075, 4903613.618032674305141 ], [ -12426764.205405332148075, 4903625.859900485724211 ], [ -12426775.551526717841625, 4903625.859900485724211 ], [ -12426775.551526717841625, 4903642.879082565195858 ], [ -12426792.869290938600898, 4903642.879082565195858 ], [ -12426792.869290938600898, 4903618.395346941426396 ] ] ] } },
{ "type": "Feature", "properties": { "type": "Feature", "properties": { "height": 4.4272527694702148, "confidence": 0.92930001020431507 }, "id": 470, "area": 647.29745462666426, "perimeter": 126.30958824431526, "cluster": 4 }, "geometry": { "type": "Polygon", "coordinates": [ [ [ -12426807.435848327353597, 4902196.769648128189147 ], [ -12426818.940637476742268, 4902196.602970400825143 ], [ -12426819.024359630420804, 4902202.381821285001934 ], [ -12426821.711032267659903, 4902202.342709586955607 ], [ -12426821.875376602634788, 4902213.68643850274384 ], [ -12426837.099854884669185, 4902213.46480556204915 ], [ -12426836.704761469736695, 4902186.193816604092717 ], [ -12426818.495072908699512, 4902186.457632779143751 ], [ -12426818.401476623490453, 4902179.997228378430009 ], [ -12426807.19405610486865, 4902180.16038231831044 ], [ -12426807.435848327353597, 4902196.769648128189147 ] ] ] } },
{ "type": "Feature", "properties": { "type": "Feature", "properties": { "height": 4.9309582710266113, "confidence": 0.85039997100830012 }, "id": 471, "area": 362.88143484113067, "perimeter": 86.360752876669466, "cluster": 0 }, "geometry": { "type": "Polygon", "coordinates": [ [ [ -12426827.025219110772014, 4902085.769540742971003 ], [ -12426809.064400043338537, 4902089.676471428945661 ], [ -12426812.723271641880274, 4902106.49692103266716 ], [ -12426832.679737271741033, 4902102.155886935070157 ], [ -12426827.842584991827607, 4902079.918682375922799 ], [ -12426825.84693842753768, 4902080.352785785682499 ], [ -12426827.025219110772014, 4902085.769540742971003 ] ] ] } },
{ "type": "Feature", "properties": { "type": "Feature", "properties": { "height": 5.4320359230041504, "confidence": 0.99889999628067005 }, "id": 472, "area": 577.58947412297107, "perimeter": 108.06036826382746, "cluster": 4 }, "geometry": { "type": "Polygon", "coordinates": [ [ [ -12427151.73131057806313, 4902233.434534558095038 ], [ -12427152.379640869796276, 4902204.486587084829807 ], [ -12427137.756450908258557, 4902204.159080031327903 ], [ -12427137.626586763188243, 4902209.957514055073261 ], [ -12427127.181467439979315, 4902209.722849768586457 ], [ -12427126.856815638020635, 4902224.218552896752954 ], [ -12427137.003518871963024, 4902224.44580268766731 ], [ -12427136.809688167646527, 4902233.100343686528504 ], [ -12427151.73131057806313, 4902233.434534558095038 ] ] ] } },
{ "type": "Feature", "properties": { "type": "Feature", "properties": { "height": 5.6688389778137207, "confidence": 0.98430001735687211 }, "id": 473, "area": 533.61651387611676, "perimeter": 96.688793742763721, "cluster": 0 }, "geometry": { "type": "Polygon", "coordinates": [ [ [ -12427195.426577031612396, 4902362.939315709285438 ], [ -12427181.943544572219253, 4902343.174714517779648 ], [ -12427174.811987441033125, 4902348.039726231247187 ], [ -12427176.618991792201996, 4902350.68859030585736 ], [ -12427163.57843017950654, 4902359.584611724130809 ], [ -12427175.254458289593458, 4902376.700348837301135 ], [ -12427195.426577031612396, 4902362.939315709285438 ] ] ] } },
{ "type": "Feature", "properties": { "type": "Feature", "properties": { "height": 5.3790373802185059, "confidence": 0.90119999647140503 }, "id": 474, "area": 270.42005071321432, "perimeter": 71.042312486525148, "cluster": 0 }, "geometry": { "type": "Polygon", "coordinates": [ [ [ -12427415.738390013575554, 4902613.560476463288069 ], [ -12427425.476890996098518, 4902608.336801244877279 ], [ -12427413.910181578248739, 4902586.772977637127042 ], [ -12427404.17168059758842, 4902591.9966528583318 ], [ -12427415.738390013575554, 4902613.560476463288069 ] ] ] } },
{ "type": "Feature", "properties": { "type": "Feature", "properties": { "height": 5.3863940238952637, "confidence": 0.98199999332427912 }, "id": 475, "area": 535.94019056284162, "perimeter": 98.562011698216423, "cluster": 0 }, "geometry": { "type": "Polygon", "coordinates": [ [ [ -12427500.747948110103607, 4902524.758605475537479 ], [ -12427499.027385491877794, 4902521.919875835068524 ], [ -12427506.451755315065384, 4902517.419942837208509 ], [ -12427498.775399023666978, 4902504.754841374233365 ], [ -12427472.135013185441494, 4902520.901659779250622 ], [ -12427481.531932095065713, 4902536.405490880832076 ], [ -12427500.747948110103607, 4902524.758605475537479 ] ] ] } },
{ "type": "Feature", "properties": { "type": "Feature", "properties": { "height": 3.777178049087524, "confidence": 0.99919998645782404 }, "id": 476, "area": 115.6660654143856, "perimeter": 43.349981805202191, "cluster": 2 }, "geometry": { "type": "Polygon", "coordinates": [ [ [ -12427548.04833971709013, 4904059.296429491601884 ], [ -12427547.04649717733264, 4904068.744829621165991 ], [ -12427559.152259845286608, 4904070.028440375812352 ], [ -12427560.154102381318808, 4904060.580040243454278 ], [ -12427548.04833971709013, 4904059.296429491601884 ] ] ] } },
{ "type": "Feature", "properties": { "type": "Feature", "properties": { "height": 4.9959969520568848, "confidence": 0.9711999893188471 }, "id": 477, "area": 334.07597571962839, "perimeter": 74.628534134423134, "cluster": 0 }, "geometry": { "type": "Polygon", "coordinates": [ [ [ -12426760.790795335546136, 4903001.663902533240616 ], [ -12426761.102964825928211, 4903016.287763726897538 ], [ -12426782.292641248553991, 4903015.835436506196856 ], [ -12426781.948617728427052, 4902999.719344579614699 ], [ -12426765.832525802776217, 4903000.06336809694767 ], [ -12426765.864379832521081, 4903001.555598833598197 ], [ -12426760.790795335546136, 4903001.663902533240616 ] ] ] } },
{ "type": "Feature", "properties": { "type": "Feature", "properties": { "height": 5.9718227386474609, "confidence": 0.97259998321533203 }, "id": 478, "area": 465.1465404988686, "perimeter": 96.120388579263775, "cluster": 0 }, "geometry": { "type": "Polygon", "coordinates": [ [ [ -12426785.443113436922431, 4902919.006651869043708 ], [ -12426772.013361923396587, 4902919.300850654020905 ], [ -12426772.771741010248661, 4902953.919765667058527 ], [ -12426786.201492523774505, 4902953.62556688208133 ], [ -12426785.443113436922431, 4902919.006651869043708 ] ] ] } },
{ "type": "Feature", "properties": { "type": "Feature", "properties": { "height": 5.3414311408996582, "confidence": 0.99299997091293313 }, "id": 479, "area": 469.53330196860463, "perimeter": 109.61053441082682, "cluster": 0 }, "geometry": { "type": "Polygon", "coordinates": [ [ [ -12426863.71090860106051, 4903742.437690005637705 ], [ -12426857.213362947106361, 4903715.965795990079641 ], [ -12426862.282449033111334, 4903714.721585121937096 ], [ -12426860.692624034360051, 4903708.244419565424323 ], [ -12426851.962531328201294, 4903710.387227175757289 ], [ -12426853.897970458492637, 4903718.27247219812125 ], [ -12426842.351718813180923, 4903721.10650806967169 ], [ -12426848.503650337457657, 4903746.170322615653276 ], [ -12426863.71090860106051, 4903742.437690005637705 ] ] ] } },
{ "type": "Feature", "properties": { "type": "Feature", "properties": { "height": 4.4085507392883301, "confidence": 0.9868999719619751 }, "id": 480, "area": 765.12605388721715, "perimeter": 127.51813513014491, "cluster": 4 }, "geometry": { "type": "Polygon", "coordinates": [ [ [ -12426901.357026195153594, 4904033.017347534187138 ], [ -12426918.905671037733555, 4904037.938779499381781 ], [ -12426924.446897633373737, 4904018.180095808580518 ], [ -12426929.152771890163422, 4904019.499505963176489 ], [ -12426934.586993414908648, 4904000.122376660816371 ], [ -12426918.531657705083489, 4903995.620859663933516 ], [ -12426915.426388265565038, 4904006.693504977971315 ], [ -12426909.225064646452665, 4904004.954808003269136 ], [ -12426901.357026195153594, 4904033.017347534187138 ] ] ] } },
{ "type": "Feature", "properties": { "type": "Feature", "properties": { "height": 6.3154697418212891, "confidence": 0.96429997682571411 }, "id": 481, "area": 557.35443999664403, "perimeter": 98.355305211970844, "cluster": 0 }, "geometry": { "type": "Polygon", "coordinates": [ [ [ -12426929.153925875201821, 4903694.046680550090969 ], [ -12426914.535220857709646, 4903666.185928608290851 ], [ -12426898.848915142938495, 4903674.416628072969615 ], [ -12426913.467620158568025, 4903702.277380015701056 ], [ -12426929.153925875201821, 4903694.046680550090969 ] ] ] } },
{ "type": "Feature", "properties": { "type": "Feature", "properties": { "height": 5.7122220993041992, "confidence": 0.96249997615814209 }, "id": 482, "area": 549.6029386229435, "perimeter": 95.849362421534224, "cluster": 0 }, "geometry": { "type": "Polygon", "coordinates": [ [ [ -12427279.939699796959758, 4902948.366206219419837 ], [ -12427273.94874682277441, 4902923.219691510312259 ], [ -12427252.475318532437086, 4902928.335561465471983 ], [ -12427255.669863376766443, 4902941.744391283020377 ], [ -12427257.365160780027509, 4902941.340619092807174 ], [ -12427260.161542160436511, 4902953.078191699460149 ], [ -12427279.939699796959758, 4902948.366206219419837 ] ] ] } },
{ "type": "Feature", "properties": { "type": "Feature", "properties": { "height": 4.0, "confidence": 0.91369998455047607 }, "id": 483, "area": 40.292624115260445, "perimeter": 30.188674163333225, "cluster": 2 }, "geometry": { "type": "Polygon", "coordinates": [ [ [ -12427372.0784208830446, 4902282.843732845038176 ], [ -12427366.68717142380774, 4902286.187228189781308 ], [ -12427371.298589548096061, 4902293.623790509998798 ], [ -12427373.774943852797151, 4902292.088201267644763 ], [ -12427371.436577757820487, 4902288.317681602202356 ], [ -12427374.351741135120392, 4902286.50978247821331 ], [ -12427372.0784208830446, 4902282.843732845038176 ] ] ] } },
{ "type": "Feature", "properties": { "type": "Feature", "properties": { "height": 4.6958847045898438, "confidence": 0.98519998788833607 }, "id": 484, "area": 433.20914291655276, "perimeter": 98.470746148281009, "cluster": 0 }, "geometry": { "type": "Polygon", "coordinates": [ [ [ -12427418.245123518630862, 4903308.74030242767185 ], [ -12427427.59387562982738, 4903307.896245159208775 ], [ -12427428.769517136737704, 4903320.927715952508152 ], [ -12427441.338096851482987, 4903319.792954768054187 ], [ -12427440.455687209963799, 4903310.019412932917476 ], [ -12427443.880954703316092, 4903309.710160757414997 ], [ -12427442.999223573133349, 4903299.936557663604617 ], [ -12427439.277109634131193, 4903300.272610784508288 ], [ -12427438.902754027396441, 4903296.126259704120457 ], [ -12427417.282494820654392, 4903298.078256791457534 ], [ -12427418.245123518630862, 4903308.74030242767185 ] ] ] } },
{ "type": "Feature", "properties": { "type": "Feature", "properties": { "height": 5.8816680908203125, "confidence": 0.98659998178482011 }, "id": 485, "area": 605.3301202537931, "perimeter": 108.0067874876854, "cluster": 4 }, "geometry": { "type": "Polygon", "coordinates": [ [ [ -12426612.024296525865793, 4903157.670113876461983 ], [ -12426610.669167993590236, 4903120.219289090484381 ], [ -12426594.15219902805984, 4903120.816942571662366 ], [ -12426595.002949172630906, 4903144.374148048460484 ], [ -12426596.015595272183418, 4903144.33750624768436 ], [ -12426596.518287857994437, 4903158.230101311579347 ], [ -12426612.024296525865793, 4903157.670113876461983 ] ] ] } },
{ "type": "Feature", "properties": { "type": "Feature", "properties": { "height": 5.8779964447021484, "confidence": 0.99099999666213912 }, "id": 486, "area": 416.44209137828238, "perimeter": 91.96669195756769, "cluster": 0 }, "geometry": { "type": "Polygon", "coordinates": [ [ [ -12426707.718050060793757, 4903385.907975663430989 ], [ -12426708.46016488969326, 4903402.296440395526588 ], [ -12426725.308628231287003, 4903401.534674764610827 ], [ -12426724.572784380987287, 4903385.259540188126266 ], [ -12426719.80523100681603, 4903385.475428137928247 ], [ -12426719.225928891450167, 4903372.662628439255059 ], [ -12426708.200961707159877, 4903373.16186932567507 ], [ -12426708.775087641552091, 4903385.860184070654213 ], [ -12426707.718050060793757, 4903385.907975663430989 ] ] ] } },
{ "type": "Feature", "properties": { "type": "Feature", "properties": { "height": 6.7725076675415039, "confidence": 0.98739999532699507 }, "id": 487, "area": 849.62206655409341, "perimeter": 121.09935264402796, "cluster": 4 }, "geometry": { "type": "Polygon", "coordinates": [ [ [ -12426821.811968334019184, 4904400.585991152562201 ], [ -12426819.012296713888645, 4904399.284324121661484 ], [ -12426822.208805322647095, 4904392.410194833762944 ], [ -12426801.43900746293366, 4904382.753576187416911 ], [ -12426786.869972385466099, 4904414.089173537679017 ], [ -12426807.49236024916172, 4904423.678699363954365 ], [ -12426810.761404681950808, 4904416.647522660903633 ], [ -12426813.707538915798068, 4904418.017285377718508 ], [ -12426821.811968334019184, 4904400.585991152562201 ] ] ] } },
{ "type": "Feature", "properties": { "type": "Feature", "properties": { "height": 5.1327600479125977, "confidence": 0.97780001163482611 }, "id": 488, "area": 466.71076287147275, "perimeter": 101.80018674463419, "cluster": 0 }, "geometry": { "type": "Polygon", "coordinates": [ [ [ -12427301.219327861443162, 4902425.556843526661396 ], [ -12427291.513360237702727, 4902407.901991154998541 ], [ -12427298.162590354681015, 4902404.246496855281293 ], [ -12427293.05322646163404, 4902394.952723300084472 ], [ -12427275.39785242639482, 4902404.657742033712566 ], [ -12427290.213705603033304, 4902431.607316849753261 ], [ -12427301.219327861443162, 4902425.556843526661396 ] ] ] } },
{ "type": "Feature", "properties": { "type": "Feature", "properties": { "height": 4.1560187339782706, "confidence": 0.98879998922348011 }, "id": 489, "area": 397.62113778791985, "perimeter": 87.039933018222399, "cluster": 0 }, "geometry": { "type": "Polygon", "coordinates": [ [ [ -12427498.579020211473107, 4902830.576788729056716 ], [ -12427479.159158200025558, 4902842.458677986636758 ], [ -12427486.535573162138462, 4902854.513375116512179 ], [ -12427511.602624222636223, 4902839.174543414264917 ], [ -12427505.621200287714601, 4902829.398452681489289 ], [ -12427499.972792308777571, 4902832.854781836271286 ], [ -12427498.579020211473107, 4902830.576788729056716 ] ] ] } },
{ "type": "Feature", "properties": { "type": "Feature", "properties": { "height": 7.5073981285095206, "confidence": 0.92519998550415006 }, "id": 490, "area": 1488.1058191505872, "perimeter": 231.12161655404637, "cluster": 1 }, "geometry": { "type": "Polygon", "coordinates": [ [ [ -12427572.660118214786053, 4903295.670628909021616 ], [ -12427560.603939224034548, 4903304.195515270344913 ], [ -12427618.8028892762959, 4903386.494268076494336 ], [ -12427630.854830607771873, 4903377.97153464704752 ], [ -12427572.660118214786053, 4903295.670628909021616 ] ] ] } },
{ "type": "Feature", "properties": { "type": "Feature", "properties": { "height": 3.6677463054656982, "confidence": 0.98890000581741311 }, "id": 491, "area": 384.53603603196041, "perimeter": 96.307272518694106, "cluster": 0 }, "geometry": { "type": "Polygon", "coordinates": [ [ [ -12427592.106071969494224, 4902959.946419442072511 ], [ -12427581.239890282973647, 4902941.847095134668052 ], [ -12427572.979396624490619, 4902946.805819527246058 ], [ -12427568.367874700576067, 4902939.123713287524879 ], [ -12427561.124745965003967, 4902943.471719671972096 ], [ -12427566.588716011494398, 4902952.573877076618373 ], [ -12427569.801321864128113, 4902950.645144365727901 ], [ -12427579.815461212769151, 4902967.325258963741362 ], [ -12427592.106071969494224, 4902959.946419442072511 ] ] ] } },
{ "type": "Feature", "properties": { "type": "Feature", "properties": { "height": 5.6636638641357422, "confidence": 0.99220001697540205 }, "id": 492, "area": 1147.7030542739894, "perimeter": 168.59826146356929, "cluster": 1 }, "geometry": { "type": "Polygon", "coordinates": [ [ [ -12426998.144987953826785, 4904368.944681369699538 ], [ -12426997.536686647683382, 4904339.87642365694046 ], [ -12426981.900938130915165, 4904340.203627522103488 ], [ -12426982.031657045707107, 4904346.471116988919675 ], [ -12426961.256768045946956, 4904346.905865857377648 ], [ -12426961.125610668212175, 4904340.638385564088821 ], [ -12426948.590650085359812, 4904340.900700317695737 ], [ -12426949.071560466662049, 4904363.881461389362812 ], [ -12426972.947675867006183, 4904363.381814236752689 ], [ -12426973.075030084699392, 4904369.467557032592595 ], [ -12426998.144987953826785, 4904368.944681369699538 ] ] ] } },
{ "type": "Feature", "properties": { "type": "Feature", "properties": { "height": 4.2321052551269531, "confidence": 0.98769998550415006 }, "id": 493, "area": 595.38905046726256, "perimeter": 112.36240947340238, "cluster": 4 }, "geometry": { "type": "Polygon", "coordinates": [ [ [ -12427580.07254066132009, 4903206.328128645196557 ], [ -12427576.93607903085649, 4903198.29698817897588 ], [ -12427581.599321879446507, 4903196.475816908292472 ], [ -12427577.147569885477424, 4903185.076778829097748 ], [ -12427553.313217537477612, 4903194.384987542405725 ], [ -12427557.157912440598011, 4903204.229611338116229 ], [ -12427551.199324354529381, 4903206.556663518771529 ], [ -12427556.156957257539034, 4903219.251046833582222 ], [ -12427567.037857241928577, 4903215.00164720416069 ], [ -12427565.823743062093854, 4903211.892818635329604 ], [ -12427580.07254066132009, 4903206.328128645196557 ] ] ] } },
{ "type": "Feature", "properties": { "type": "Feature", "properties": { "height": 8.430206298828125, "confidence": 0.96210002899169911 }, "id": 494, "area": 599.7300495317229, "perimeter": 102.84199624645353, "cluster": 0 }, "geometry": { "type": "Polygon", "coordinates": [ [ [ -12427692.752994392067194, 4904021.437430428341031 ], [ -12427683.00328410230577, 4904036.427623109892011 ], [ -12427711.120292535051703, 4904054.713124393485487 ], [ -12427720.869103390723467, 4904039.724314590916038 ], [ -12427692.752994392067194, 4904021.437430428341031 ] ] ] } },
{ "type": "Feature", "properties": { "type": "Feature", "properties": { "height": 5.1184930801391602, "confidence": 0.97820001840591408 }, "id": 495, "area": 799.89507678177745, "perimeter": 128.91805164207813, "cluster": 4 }, "geometry": { "type": "Polygon", "coordinates": [ [ [ -12426724.184772163629532, 4902924.341799836605787 ], [ -12426705.990864798426628, 4902924.939010260626674 ], [ -12426706.421639531850815, 4902938.062484424561262 ], [ -12426694.789469247683883, 4902938.4443074837327 ], [ -12426695.278985992074013, 4902953.357346306554973 ], [ -12426707.507677825167775, 4902952.955942578613758 ], [ -12426707.723065193742514, 4902959.51767965964973 ], [ -12426725.320451006293297, 4902958.94004990439862 ], [ -12426724.184772163629532, 4902924.341799836605787 ] ] ] } },
{ "type": "Feature", "properties": { "type": "Feature", "properties": { "height": 4.5555553436279297, "confidence": 1.0 }, "id": 496, "area": 12.109805677698606, "perimeter": 14.92001078965597, "cluster": 2 }, "geometry": { "type": "Polygon", "coordinates": [ [ [ -12426919.011696713045239, 4903331.512300238013268 ], [ -12426916.625949507579207, 4903331.59562105871737 ], [ -12426916.803006246685982, 4903336.665333866141737 ], [ -12426919.188753452152014, 4903336.582013047300279 ], [ -12426919.011696713045239, 4903331.512300238013268 ] ] ] } },
{ "type": "Feature", "properties": { "type": "Feature", "properties": { "height": 2.1775956153869629, "confidence": 0.96469998359680109 }, "id": 497, "area": 32.638795875673253, "perimeter": 29.090351302799675, "cluster": 2 }, "geometry": { "type": "Polygon", "coordinates": [ [ [ -12427245.454313967376947, 4903747.335280851460993 ], [ -12427234.003594361245632, 4903750.069733213633299 ], [ -12427234.647631336003542, 4903752.766685236245394 ], [ -12427246.098348407074809, 4903750.031432060524821 ], [ -12427245.454313967376947, 4903747.335280851460993 ] ] ] } },
{ "type": "Feature", "properties": { "type": "Feature", "properties": { "height": 6.1840696334838867, "confidence": 0.96850001811981212 }, "id": 498, "area": 665.94284728866353, "perimeter": 107.59177189478692, "cluster": 4 }, "geometry": { "type": "Polygon", "coordinates": [ [ [ -12427603.073187151923776, 4904137.821307145059109 ], [ -12427589.882774049416184, 4904169.68345801346004 ], [ -12427607.725578537210822, 4904177.070089351385832 ], [ -12427620.915991639718413, 4904145.2079384829849 ], [ -12427603.073187151923776, 4904137.821307145059109 ] ] ] } },
{ "type": "Feature", "properties": { "type": "Feature", "properties": { "height": 4.6490345001220703, "confidence": 0.99500000476837103 }, "id": 499, "area": 337.11255397357979, "perimeter": 77.60420371148679, "cluster": 0 }, "geometry": { "type": "Polygon", "coordinates": [ [ [ -12426682.851138917729259, 4903120.219927802681923 ], [ -12426683.198461486026645, 4903133.348353350535035 ], [ -12426708.858565973117948, 4903132.669495604932308 ], [ -12426708.511243402957916, 4903119.541070052422583 ], [ -12426682.851138917729259, 4903120.219927802681923 ] ] ] } },
{ "type": "Feature", "properties": { "type": "Feature", "properties": { "height": 4.6370654106140137, "confidence": 0.99180001020431507 }, "id": 500, "area": 207.58233928371493, "perimeter": 58.260118530488398, "cluster": 2 }, "geometry": { "type": "Polygon", "coordinates": [ [ [ -12426853.358042942360044, 4902277.697250222787261 ], [ -12426847.315858688205481, 4902288.560560732148588 ], [ -12426861.910646690055728, 4902296.677175056189299 ], [ -12426867.952397035434842, 4902285.814644680358469 ], [ -12426853.358042942360044, 4902277.697250222787261 ] ] ] } },
{ "type": "Feature", "properties": { "type": "Feature", "properties": { "height": 5.8096408843994141, "confidence": 0.98640000820159912 }, "id": 501, "area": 471.85255183567375, "perimeter": 97.330561151135896, "cluster": 0 }, "geometry": { "type": "Polygon", "coordinates": [ [ [ -12426879.213643852621317, 4901964.313488834537566 ], [ -12426893.123986, 4901964.155770788900554 ], [ -12426892.826110867783427, 4901937.883919678628445 ], [ -12426870.435328671708703, 4901938.137790530920029 ], [ -12426870.577496349811554, 4901950.676628559827805 ], [ -12426879.056975366547704, 4901950.580486648716033 ], [ -12426879.213643852621317, 4901964.313488834537566 ] ] ] } },
{ "type": "Feature", "properties": { "type": "Feature", "properties": { "height": 6.0899472236633301, "confidence": 0.97780001163482611 }, "id": 502, "area": 876.16496958244625, "perimeter": 131.76685538370381, "cluster": 4 }, "geometry": { "type": "Polygon", "coordinates": [ [ [ -12426944.178267715498805, 4903742.263943347148597 ], [ -12426938.217799177393317, 4903718.568012788891792 ], [ -12426946.229322601109743, 4903716.552235442213714 ], [ -12426943.500984348356724, 4903705.708703603595495 ], [ -12426914.148148821666837, 4903713.092108622193336 ], [ -12426922.836374495178461, 4903747.6322779096663 ], [ -12426944.178267715498805, 4903742.263943347148597 ] ] ] } },
{ "type": "Feature", "properties": { "type": "Feature", "properties": { "height": 4.7928175926208496, "confidence": 0.9311000108718871 }, "id": 503, "area": 484.12305371978539, "perimeter": 93.162529208958318, "cluster": 0 }, "geometry": { "type": "Polygon", "coordinates": [ [ [ -12427444.16879596374929, 4902435.185105624608696 ], [ -12427446.105056608095765, 4902438.549485056661069 ], [ -12427452.609523514285684, 4902434.806047811172903 ], [ -12427440.475623477250338, 4902413.722603363916278 ], [ -12427421.186514727771282, 4902424.823831055313349 ], [ -12427431.384154118597507, 4902442.542896069586277 ], [ -12427444.16879596374929, 4902435.185105624608696 ] ] ] } },
{ "type": "Feature", "properties": { "type": "Feature", "properties": { "height": 5.348757266998291, "confidence": 0.99889999628067005 }, "id": 504, "area": 233.21565203247471, "perimeter": 62.071807539206937, "cluster": 2 }, "geometry": { "type": "Polygon", "coordinates": [ [ [ -12427558.310037868097425, 4902736.25683412514627 ], [ -12427551.688605798408389, 4902725.346094720065594 ], [ -12427536.067344283685088, 4902734.82621500082314 ], [ -12427542.688218247145414, 4902745.737293105572462 ], [ -12427558.310037868097425, 4902736.25683412514627 ] ] ] } },
{ "type": "Feature", "properties": { "type": "Feature", "properties": { "height": 5.0227503776550293, "confidence": 0.95069998502731312 }, "id": 505, "area": 348.85272009185786, "perimeter": 115.05710741758868, "cluster": 0 }, "geometry": { "type": "Polygon", "coordinates": [ [ [ -12427181.709456365555525, 4903660.761742441914976 ], [ -12427199.456747569143772, 4903655.332472435198724 ], [ -12427201.71146684885025, 4903662.704424164257944 ], [ -12427192.023671029135585, 4903665.66812486294657 ], [ -12427192.979421973228455, 4903668.792299987748265 ], [ -12427208.128019358962774, 4903664.159085365012288 ], [ -12427201.911160184070468, 4903643.832658843137324 ], [ -12427191.130036970600486, 4903647.130831403657794 ], [ -12427190.58228026330471, 4903645.340314850211143 ], [ -12427184.162171691656113, 4903647.303911884315312 ], [ -12427185.127480084076524, 4903650.460050634108484 ], [ -12427179.120704598724842, 4903652.297649713233113 ], [ -12427181.709456365555525, 4903660.761742441914976 ] ] ] } },
{ "type": "Feature", "properties": { "type": "Feature", "properties": { "height": 7.1635231971740723, "confidence": 0.96810001134872403 }, "id": 506, "area": 458.58119604946165, "perimeter": 91.617429074869122, "cluster": 0 }, "geometry": { "type": "Polygon", "coordinates": [ [ [ -12427441.06796670332551, 4903438.077084137126803 ], [ -12427426.298971891403198, 4903438.63836382329464 ], [ -12427427.477388240396976, 4903469.646122124046087 ], [ -12427442.244215978309512, 4903469.084924794733524 ], [ -12427441.06796670332551, 4903438.077084137126803 ] ] ] } },
{ "type": "Feature", "properties": { "type": "Feature", "properties": { "height": 6.2472810745239258, "confidence": 0.98220002651214611 }, "id": 507, "area": 590.0313648519234, "perimeter": 115.59928972190656, "cluster": 4 }, "geometry": { "type": "Polygon", "coordinates": [ [ [ -12426910.287541758269072, 4903434.940384109504521 ], [ -12426920.594440136104822, 4903434.715317457914352 ], [ -12426920.372866105288267, 4903424.568363043479621 ], [ -12426912.613430371508002, 4903424.737802010029554 ], [ -12426912.41792387329042, 4903415.784606936387718 ], [ -12426894.213093891739845, 4903416.182136817835271 ], [ -12426894.669275723397732, 4903437.072925322689116 ], [ -12426897.952113917097449, 4903437.00123960711062 ], [ -12426898.190804464742541, 4903447.932042681612074 ], [ -12426910.566204575821757, 4903447.660941042937338 ], [ -12426910.287541758269072, 4903434.940384109504521 ] ] ] } },
{ "type": "Feature", "properties": { "type": "Feature", "properties": { "height": 6.0726199150085449, "confidence": 0.98369997739791804 }, "id": 508, "area": 513.42785570697527, "perimeter": 117.94539469376389, "cluster": 4 }, "geometry": { "type": "Polygon", "coordinates": [ [ [ -12427132.200058959424496, 4903633.1164346979931 ], [ -12427141.661665538325906, 4903643.349379572086036 ], [ -12427150.192924413830042, 4903635.461189412511885 ], [ -12427140.667562710121274, 4903625.159291905350983 ], [ -12427144.369807127863169, 4903621.736115043982863 ], [ -12427136.928118301555514, 4903613.687757613137364 ], [ -12427130.006530910730362, 4903620.087610008195043 ], [ -12427127.17868915386498, 4903617.029234185814857 ], [ -12427122.188707549124956, 4903621.643081259913743 ], [ -12427125.314216857776046, 4903625.023391379974782 ], [ -12427115.334253646433353, 4903634.251085528172553 ], [ -12427122.541693095117807, 4903642.046096867881715 ], [ -12427132.200058959424496, 4903633.1164346979931 ] ] ] } },
{ "type": "Feature", "properties": { "type": "Feature", "properties": { "height": 6.1757988929748526, "confidence": 0.99119997024536111 }, "id": 509, "area": 312.33550884172939, "perimeter": 76.509436062304133, "cluster": 0 }, "geometry": { "type": "Polygon", "coordinates": [ [ [ -12427205.680907318368554, 4902661.070659358985722 ], [ -12427216.691339246928692, 4902656.796873282641172 ], [ -12427207.124283423647285, 4902632.145098064094782 ], [ -12427196.112352063879371, 4902636.419466156512499 ], [ -12427205.680907318368554, 4902661.070659358985722 ] ] ] } },
{ "type": "Feature", "properties": { "type": "Feature", "properties": { "height": 4.9354162216186523, "confidence": 0.95529997348785411 }, "id": 510, "area": 296.84495393216855, "perimeter": 73.406253728671246, "cluster": 0 }, "geometry": { "type": "Polygon", "coordinates": [ [ [ -12427538.642285795882344, 4903155.705993753857911 ], [ -12427537.503072928637266, 4903143.728750625625253 ], [ -12427512.94278421998024, 4903146.06307817902416 ], [ -12427514.082159116864204, 4903158.042024842463434 ], [ -12427538.642285795882344, 4903155.705993753857911 ] ] ] } },
{ "type": "Feature", "properties": { "type": "Feature", "properties": { "height": 3.6077690124511719, "confidence": 0.95730000734329213 }, "id": 511, "area": 447.35400562098124, "perimeter": 96.195437761452652, "cluster": 0 }, "geometry": { "type": "Polygon", "coordinates": [ [ [ -12427566.079795824363828, 4902854.886087372899055 ], [ -12427572.028697233647108, 4902865.419970546849072 ], [ -12427575.650916997343302, 4902863.37461297120899 ], [ -12427580.952430877834558, 4902872.762149256654084 ], [ -12427599.289368892088532, 4902862.406553449109197 ], [ -12427589.956547981128097, 4902845.880671039223671 ], [ -12427571.027583051472902, 4902856.5706079127267 ], [ -12427569.110060324892402, 4902853.17477688472718 ], [ -12427566.079795824363828, 4902854.886087372899055 ] ] ] } },
{ "type": "Feature", "properties": { "type": "Feature", "properties": { "height": 4.3490395545959473, "confidence": 0.98269999027252208 }, "id": 512, "area": 686.66057476768003, "perimeter": 119.05181768100107, "cluster": 4 }, "geometry": { "type": "Polygon", "coordinates": [ [ [ -12427595.598776752129197, 4903080.180214051157236 ], [ -12427596.883775437250733, 4903085.545515401288867 ], [ -12427592.365626933053136, 4903086.627619558013976 ], [ -12427594.326940715312958, 4903094.816763723269105 ], [ -12427598.8450892213732, 4903093.734659566543996 ], [ -12427603.714557921513915, 4903114.066327839158475 ], [ -12427620.939999096095562, 4903109.940805742517114 ], [ -12427615.867635864764452, 4903088.761984625831246 ], [ -12427618.126710118725896, 4903088.220932548865676 ], [ -12427615.083292178809643, 4903075.513639876618981 ], [ -12427595.598776752129197, 4903080.180214051157236 ] ] ] } },
{ "type": "Feature", "properties": { "type": "Feature", "properties": { "height": 4.247126579284668, "confidence": 0.97380000352859508 }, "id": 513, "area": 449.81099370996003, "perimeter": 97.539939785047963, "cluster": 0 }, "geometry": { "type": "Polygon", "coordinates": [ [ [ -12427649.625652289018035, 4902655.068195405416191 ], [ -12427638.975183075293899, 4902661.716539113782346 ], [ -12427642.133211441338062, 4902666.776183576323092 ], [ -12427631.297659834846854, 4902673.539302922785282 ], [ -12427637.333325119689107, 4902683.208277644589543 ], [ -12427663.97672213613987, 4902666.578531382605433 ], [ -12427656.465672003105283, 4902654.546029504388571 ], [ -12427651.308885484933853, 4902657.764690070413053 ], [ -12427649.625652289018035, 4902655.068195405416191 ] ] ] } },
{ "type": "Feature", "properties": { "type": "Feature", "properties": { "height": 5.7665963172912598, "confidence": 0.9846000075340271 }, "id": 514, "area": 463.02661703925662, "perimeter": 97.030826603136333, "cluster": 0 }, "geometry": { "type": "Polygon", "coordinates": [ [ [ -12426814.424528252333403, 4904324.009996850974858 ], [ -12426814.851284328848124, 4904333.844659413211048 ], [ -12426802.748159132897854, 4904334.370698096230626 ], [ -12426803.481780825182796, 4904351.249903805553913 ], [ -12426825.237246487289667, 4904350.30586764216423 ], [ -12426824.07611564733088, 4904323.590509466826916 ], [ -12426814.424528252333403, 4904324.009996850974858 ] ] ] } },
{ "type": "Feature", "properties": { "type": "Feature", "properties": { "height": 5.3659548759460449, "confidence": 0.98930001258850109 }, "id": 515, "area": 601.27219594343308, "perimeter": 103.80868161138852, "cluster": 4 }, "geometry": { "type": "Polygon", "coordinates": [ [ [ -12426985.927471064031124, 4902330.934270625002682 ], [ -12426985.620597826316953, 4902321.930975336581469 ], [ -12426987.975210240110755, 4902320.932143740355968 ], [ -12426987.672902937978506, 4902312.062807649374008 ], [ -12426980.344809075817466, 4902294.790652398951352 ], [ -12426964.656685639172792, 4902301.446685733273625 ], [ -12426968.511481024324894, 4902310.53235324844718 ], [ -12426969.226273845881224, 4902331.503523359075189 ], [ -12426985.927471064031124, 4902330.934270625002682 ] ] ] } },
{ "type": "Feature", "properties": { "type": "Feature", "properties": { "height": 4.8712763786315918, "confidence": 0.93379998207092207 }, "id": 516, "area": 242.34925104851061, "perimeter": 66.149724942371947, "cluster": 2 }, "geometry": { "type": "Polygon", "coordinates": [ [ [ -12427495.84760413505137, 4902659.073221428319812 ], [ -12427489.644481852650642, 4902662.309802940115333 ], [ -12427497.911812325939536, 4902678.1546879587695 ], [ -12427511.390050198882818, 4902671.123138047754765 ], [ -12427504.778073441237211, 4902658.449147716164589 ], [ -12427497.502264175564051, 4902662.244912152178586 ], [ -12427495.84760413505137, 4902659.073221428319812 ] ] ] } },
{ "type": "Feature", "properties": { "type": "Feature", "properties": { "height": 3.0340018272399898, "confidence": 0.92830002307891812 }, "id": 517, "area": 715.70258648288541, "perimeter": 122.3755471730255, "cluster": 4 }, "geometry": { "type": "Polygon", "coordinates": [ [ [ -12427594.501039452850819, 4904187.11476026289165 ], [ -12427580.933979373425245, 4904177.478805220685899 ], [ -12427568.529521448537707, 4904194.943812595680356 ], [ -12427560.987813716754317, 4904189.587342125363648 ], [ -12427552.953108016401529, 4904200.899903723038733 ], [ -12427574.060537101700902, 4904215.891378413885832 ], [ -12427585.197086658328772, 4904200.213083008304238 ], [ -12427585.197086658328772, 4904200.213083008304238 ], [ -12427594.501039452850819, 4904187.11476026289165 ] ] ] } },
{ "type": "Feature", "properties": { "type": "Feature", "properties": { "height": 4.0875234603881836, "confidence": 0.99390000104904108 }, "id": 518, "area": 574.63771435444585, "perimeter": 108.15100842722597, "cluster": 4 }, "geometry": { "type": "Polygon", "coordinates": [ [ [ -12427601.157961321994662, 4903265.656208287924528 ], [ -12427592.396957518532872, 4903254.062504266388714 ], [ -12427560.846877720206976, 4903277.901716296561062 ], [ -12427569.607881525531411, 4903289.495420319959521 ], [ -12427601.157961321994662, 4903265.656208287924528 ] ] ] } },
{ "type": "Feature", "properties": { "type": "Feature", "properties": { "height": 4.7375836372375488, "confidence": 0.99910002946853604 }, "id": 519, "area": 386.06949122491682, "perimeter": 78.833823582699381, "cluster": 0 }, "geometry": { "type": "Polygon", "coordinates": [ [ [ -12427730.771479103714228, 4903333.189752355217934 ], [ -12427717.761185167357326, 4903316.397423560731113 ], [ -12427703.394414976239204, 4903327.528452817350626 ], [ -12427716.404708910733461, 4903344.320781612768769 ], [ -12427730.771479103714228, 4903333.189752355217934 ] ] ] } },
{ "type": "Feature", "properties": { "type": "Feature", "properties": { "height": 5.928192138671875, "confidence": 0.96560001373291005 }, "id": 520, "area": 352.43292040467185, "perimeter": 77.075367350895405, "cluster": 0 }, "geometry": { "type": "Polygon", "coordinates": [ [ [ -12427269.261655466631055, 4903125.117607415653765 ], [ -12427247.80065568163991, 4903134.961909808218479 ], [ -12427254.024065243080258, 4903148.529208523221314 ], [ -12427275.485065024346113, 4903138.684906131587923 ], [ -12427269.261655466631055, 4903125.117607415653765 ] ] ] } },
{ "type": "Feature", "properties": { "type": "Feature", "properties": { "height": 5.354273796081543, "confidence": 0.99819999933242809 }, "id": 521, "area": 346.64022889643894, "perimeter": 76.653626393975458, "cluster": 0 }, "geometry": { "type": "Polygon", "coordinates": [ [ [ -12426605.298947563394904, 4903399.08256249409169 ], [ -12426590.679203651845455, 4903399.479571218602359 ], [ -12426591.322614988312125, 4903423.173027862794697 ], [ -12426605.942331137135625, 4903422.774996677413583 ], [ -12426605.298947563394904, 4903399.08256249409169 ] ] ] } },
{ "type": "Feature", "properties": { "type": "Feature", "properties": { "height": 5.0326724052429199, "confidence": 0.99500000476837103 }, "id": 522, "area": 548.99509855188023, "perimeter": 103.5060242519347, "cluster": 0 }, "geometry": { "type": "Polygon", "coordinates": [ [ [ -12426770.357455005869269, 4903485.501013074070215 ], [ -12426784.839684857055545, 4903485.800023277290165 ], [ -12426785.571541683748364, 4903450.473096527159214 ], [ -12426769.156568882986903, 4903450.133032698184252 ], [ -12426768.758569594472647, 4903469.344565718434751 ], [ -12426770.690208839252591, 4903469.38444768730551 ], [ -12426770.357455005869269, 4903485.501013074070215 ] ] ] } },
{ "type": "Feature", "properties": { "type": "Feature", "properties": { "height": 5.606926441192627, "confidence": 0.98849999904632513 }, "id": 523, "area": 780.11734471231341, "perimeter": 140.03675945429123, "cluster": 4 }, "geometry": { "type": "Polygon", "coordinates": [ [ [ -12426960.458108214661479, 4903965.289046863093972 ], [ -12426952.355600131675601, 4903940.798114879988134 ], [ -12426949.12602668069303, 4903941.866351449862123 ], [ -12426946.721985824406147, 4903934.599811192601919 ], [ -12426931.650643065571785, 4903939.584915188141167 ], [ -12426937.315036764368415, 4903956.706315050832927 ], [ -12426929.352423775941133, 4903959.340642568655312 ], [ -12426929.085364634171128, 4903958.533249205909669 ], [ -12426921.438647469505668, 4903961.063066679984331 ], [ -12426924.73300507478416, 4903971.020710319280624 ], [ -12426940.991289924830198, 4903965.641867060214281 ], [ -12426942.805865097790956, 4903971.127827724441886 ], [ -12426960.458108214661479, 4903965.289046863093972 ] ] ] } },
{ "type": "Feature", "properties": { "type": "Feature", "properties": { "height": 2.587191104888916, "confidence": 0.98809999227523804 }, "id": 524, "area": 396.52201498877793, "perimeter": 83.86639815439986, "cluster": 0 }, "geometry": { "type": "Polygon", "coordinates": [ [ [ -12426968.419156271964312, 4903866.309497724287212 ], [ -12426962.593581, 4903853.04271106980741 ], [ -12426959.229929255321622, 4903854.519723321311176 ], [ -12426955.449732316657901, 4903845.91232031956315 ], [ -12426942.293323943391442, 4903851.690348217263818 ], [ -12426951.898252135142684, 4903873.563987685367465 ], [ -12426968.419156271964312, 4903866.309497724287212 ] ] ] } },
{ "type": "Feature", "properties": { "type": "Feature", "properties": { "height": 5.648989200592041, "confidence": 0.98739999532699507 }, "id": 525, "area": 784.81844915795398, "perimeter": 142.49725187260438, "cluster": 4 }, "geometry": { "type": "Polygon", "coordinates": [ [ [ -12427201.823262441903353, 4903243.452442926354706 ], [ -12427213.870392801240087, 4903243.959184621460736 ], [ -12427214.153136145323515, 4903237.237326296046376 ], [ -12427221.341542828828096, 4903237.540197296068072 ], [ -12427223.933053467422724, 4903240.336625358089805 ], [ -12427229.525909593328834, 4903240.572270612232387 ], [ -12427237.101016772910953, 4903248.746361042372882 ], [ -12427248.987261226400733, 4903237.730288182385266 ], [ -12427244.207562029361725, 4903232.572645850479603 ], [ -12427244.427950248122215, 4903227.333200114779174 ], [ -12427237.048701241612434, 4903219.370454869233072 ], [ -12427231.105371640995145, 4903224.878267526626587 ], [ -12427229.315686021000147, 4903222.947066846303642 ], [ -12427216.070900378748775, 4903222.389020866714418 ], [ -12427212.861090132966638, 4903225.363621753640473 ], [ -12427212.713423160836101, 4903228.874213567003608 ], [ -12427211.665090696886182, 4903227.742986751720309 ], [ -12427206.03829387947917, 4903227.506305278278887 ], [ -12427202.351157991215587, 4903230.923254206776619 ], [ -12427201.823262441903353, 4903243.452442926354706 ] ] ] } },
{ "type": "Feature", "properties": { "type": "Feature", "properties": { "height": 4.5651688575744629, "confidence": 0.99839997291564908 }, "id": 526, "area": 561.47621383544026, "perimeter": 106.93932162148796, "cluster": 4 }, "geometry": { "type": "Polygon", "coordinates": [ [ [ -12427369.509930705651641, 4903337.421377248130739 ], [ -12427367.201456740498543, 4903319.505312048830092 ], [ -12427352.057231597602367, 4903321.456636130809784 ], [ -12427355.957229340448976, 4903351.708084423094988 ], [ -12427378.735727451741695, 4903348.773088971152902 ], [ -12427377.146286362782121, 4903336.437437524087727 ], [ -12427369.509930705651641, 4903337.421377248130739 ] ] ] } },
{ "type": "Feature", "properties": { "type": "Feature", "properties": { "height": 4.3196735382080078, "confidence": 0.96030002832412709 }, "id": 527, "area": 458.94311749490817, "perimeter": 92.637226308133648, "cluster": 0 }, "geometry": { "type": "Polygon", "coordinates": [ [ [ -12426937.672296576201916, 4904227.757682650350034 ], [ -12426951.956517646089196, 4904229.251287510618567 ], [ -12426955.279940279200673, 4904197.46744373999536 ], [ -12426940.998023105785251, 4904195.973080207593739 ], [ -12426937.672296576201916, 4904227.757682650350034 ] ] ] } },
{ "type": "Feature", "properties": { "type": "Feature", "properties": { "height": 4.3661508560180664, "confidence": 0.94090002775192205 }, "id": 528, "area": 190.17961996700998, "perimeter": 59.563540772490455, "cluster": 2 }, "geometry": { "type": "Polygon", "coordinates": [ [ [ -12427316.839395875111222, 4902418.173733889125288 ], [ -12427309.005390662699938, 4902403.762472594156861 ], [ -12427297.251134153455496, 4902410.152121970430017 ], [ -12427300.825843399390578, 4902416.728077381849289 ], [ -12427303.709400523453951, 4902415.160365192219615 ], [ -12427307.969464985653758, 4902422.996075931936502 ], [ -12427316.839395875111222, 4902418.173733889125288 ] ] ] } },
{ "type": "Feature", "properties": { "type": "Feature", "properties": { "height": 2.664206743240356, "confidence": 0.9936000108718871 }, "id": 529, "area": 96.809301169746249, "perimeter": 39.900629156408705, "cluster": 2 }, "geometry": { "type": "Polygon", "coordinates": [ [ [ -12427371.048849420621991, 4902774.165727648884058 ], [ -12427377.246644971892238, 4902783.990880518220365 ], [ -12427384.295124204829335, 4902779.544635884463787 ], [ -12427378.097328655421734, 4902769.719483016058803 ], [ -12427371.048849420621991, 4902774.165727648884058 ] ] ] } },
{ "type": "Feature", "properties": { "type": "Feature", "properties": { "height": 4.5349349975585938, "confidence": 0.93709999322891202 }, "id": 530, "area": 564.01839813138236, "perimeter": 100.78965995791553, "cluster": 0 }, "geometry": { "type": "Polygon", "coordinates": [ [ [ -12427385.96542332880199, 4903517.283090703189373 ], [ -12427362.140872724354267, 4903518.498663027770817 ], [ -12427363.493196932598948, 4903545.003475579433143 ], [ -12427381.063803007826209, 4903544.106990989297628 ], [ -12427380.501600803807378, 4903533.088136332109571 ], [ -12427386.75554534047842, 4903532.769048595800996 ], [ -12427385.96542332880199, 4903517.283090703189373 ] ] ] } },
{ "type": "Feature", "properties": { "type": "Feature", "properties": { "height": 6.625981330871582, "confidence": 0.91839998960494995 }, "id": 531, "area": 499.73160140020332, "perimeter": 97.686337968755453, "cluster": 0 }, "geometry": { "type": "Polygon", "coordinates": [ [ [ -12426810.036279736086726, 4902768.835764666087925 ], [ -12426827.860370807349682, 4902767.563328152522445 ], [ -12426827.3938107509166, 4902761.027828093618155 ], [ -12426834.523447180166841, 4902760.518853487446904 ], [ -12426833.293425219133496, 4902743.288898788392544 ], [ -12426826.757925160229206, 4902743.755458840169013 ], [ -12426826.94879063591361, 4902746.429072502069175 ], [ -12426808.53056319616735, 4902747.743923562578857 ], [ -12426810.036279736086726, 4902768.835764666087925 ] ] ] } },
{ "type": "Feature", "properties": { "type": "Feature", "properties": { "height": 5.6321368217468262, "confidence": 0.98989999294281006 }, "id": 532, "area": 563.79182399951196, "perimeter": 110.93741938250258, "cluster": 4 }, "geometry": { "type": "Polygon", "coordinates": [ [ [ -12427361.462628440931439, 4904080.704779530875385 ], [ -12427349.759311866015196, 4904083.21532441303134 ], [ -12427348.534655826166272, 4904077.506389498710632 ], [ -12427343.682061145082116, 4904078.547347135841846 ], [ -12427342.518637906759977, 4904073.123858965933323 ], [ -12427334.526129027828574, 4904074.838377424515784 ], [ -12427337.220372319221497, 4904087.398034235462546 ], [ -12427334.080458117648959, 4904088.071595056913793 ], [ -12427337.080865414813161, 4904102.058485594578087 ], [ -12427364.769199751317501, 4904096.118903798982501 ], [ -12427361.462628440931439, 4904080.704779530875385 ] ] ] } },
{ "type": "Feature", "properties": { "type": "Feature", "properties": { "height": 4.1462111473083496, "confidence": 0.97189998626708907 }, "id": 533, "area": 383.41320144951078, "perimeter": 82.881577138579516, "cluster": 0 }, "geometry": { "type": "Polygon", "coordinates": [ [ [ -12427600.668873701244593, 4902683.872158328071237 ], [ -12427610.078796740621328, 4902700.707743154838681 ], [ -12427629.416968503966928, 4902689.899047768674791 ], [ -12427621.278656683862209, 4902675.338541970588267 ], [ -12427606.587422197684646, 4902683.549922052770853 ], [ -12427605.315932305529714, 4902681.274775206111372 ], [ -12427600.668873701244593, 4902683.872158328071237 ] ] ] } },
{ "type": "Feature", "properties": { "type": "Feature", "properties": { "height": 4.9735770225524902, "confidence": 0.98830002546310403 }, "id": 534, "area": 394.73468871645207, "perimeter": 94.940113690963116, "cluster": 0 }, "geometry": { "type": "Polygon", "coordinates": [ [ [ -12427603.10987601801753, 4902834.702878651209176 ], [ -12427591.218726510182023, 4902841.698749504983425 ], [ -12427599.961926955729723, 4902856.559902011416852 ], [ -12427606.394366100430489, 4902852.775531670078635 ], [ -12427607.498387457802892, 4902854.652079033665359 ], [ -12427625.242504397407174, 4902844.211514146067202 ], [ -12427620.153334438800812, 4902835.56125713698566 ], [ -12427607.868181336671114, 4902842.789790321141481 ], [ -12427603.10987601801753, 4902834.702878651209176 ] ] ] } },
{ "type": "Feature", "properties": { "type": "Feature", "properties": { "height": 8.42779541015625, "confidence": 0.90979999303817705 }, "id": 535, "area": 541.45260864694239, "perimeter": 99.541441680666537, "cluster": 0 }, "geometry": { "type": "Polygon", "coordinates": [ [ [ -12427911.133024791255593, 4903627.236516544595361 ], [ -12427906.672470930963755, 4903642.668088841252029 ], [ -12427939.055336628109217, 4903652.026211214251816 ], [ -12427943.514893697574735, 4903636.594350856728852 ], [ -12427911.133024791255593, 4903627.236516544595361 ] ] ] } },
{ "type": "Feature", "properties": { "type": "Feature", "properties": { "height": 3.7792515754699703, "confidence": 0.98530000448226907 }, "id": 536, "area": 376.28234784496732, "perimeter": 81.478532622293798, "cluster": 0 }, "geometry": { "type": "Polygon", "coordinates": [ [ [ -12427509.471192218363285, 4902375.247689919546247 ], [ -12427505.128564421087503, 4902377.907427871599793 ], [ -12427512.841804482042789, 4902390.501048491336405 ], [ -12427528.909527340903878, 4902380.660018064081669 ], [ -12427517.472654141485691, 4902361.986718528904021 ], [ -12427505.747559083625674, 4902369.16801100037992 ], [ -12427509.471192218363285, 4902375.247689919546247 ] ] ] } },
{ "type": "Feature", "properties": { "type": "Feature", "properties": { "height": 4.0627574920654297, "confidence": 0.92949998378753607 }, "id": 537, "area": 282.7134285646664, "perimeter": 85.380739867495961, "cluster": 0 }, "geometry": { "type": "Polygon", "coordinates": [ [ [ -12427143.166590491309762, 4904195.196975156664848 ], [ -12427133.508486034348607, 4904195.376104332506657 ], [ -12427133.591837903484702, 4904199.853290529921651 ], [ -12427141.458752317354083, 4904199.70738261193037 ], [ -12427141.591614117845893, 4904206.870889821089804 ], [ -12427154.917215555906296, 4904206.623739460483193 ], [ -12427154.803669955581427, 4904200.524718530476093 ], [ -12427153.417675714939833, 4904200.550521616823971 ], [ -12427153.132207399234176, 4904185.158931857906282 ], [ -12427142.983905518427491, 4904185.347152742557228 ], [ -12427143.166590491309762, 4904195.196975156664848 ] ] ] } },
{ "type": "Feature", "properties": { "type": "Feature", "properties": { "height": 6.8970589637756348, "confidence": 0.97359997034072809 }, "id": 538, "area": 418.31663411770853, "perimeter": 83.664723188515126, "cluster": 0 }, "geometry": { "type": "Polygon", "coordinates": [ [ [ -12427163.043537002056837, 4902268.111166952177882 ], [ -12427157.211170006543398, 4902248.989354279823601 ], [ -12427136.320796571671963, 4902255.361152109690011 ], [ -12427140.521744543686509, 4902269.137407473288476 ], [ -12427143.657092416658998, 4902268.18131070304662 ], [ -12427145.287568090483546, 4902273.526936305686831 ], [ -12427163.043537002056837, 4902268.111166952177882 ] ] ] } },
{ "type": "Feature", "properties": { "type": "Feature", "properties": { "height": 4.0939955711364746, "confidence": 0.97729998826980513 }, "id": 539, "area": 1192.4142235132874, "perimeter": 218.63210363180119, "cluster": 1 }, "geometry": { "type": "Polygon", "coordinates": [ [ [ -12427164.931748755276203, 4903934.30447697173804 ], [ -12427174.295120310038328, 4903932.162854755297303 ], [ -12427174.814301451668143, 4903934.432763010263443 ], [ -12427185.596365666016936, 4903931.966652580536902 ], [ -12427184.103719878941774, 4903925.440666346810758 ], [ -12427194.602045560255647, 4903923.039453557692468 ], [ -12427192.265730414539576, 4903912.824866407550871 ], [ -12427178.930019414052367, 4903915.875055628828704 ], [ -12427177.603576008230448, 4903910.075721677392721 ], [ -12427185.711282657459378, 4903908.220731963403523 ], [ -12427183.532743385061622, 4903898.698869278654456 ], [ -12427172.588161377236247, 4903901.20215133484453 ], [ -12427169.898984672501683, 4903889.444820642471313 ], [ -12427162.400174809619784, 4903891.160498792305589 ], [ -12427159.507199168205261, 4903878.516009349375963 ], [ -12427152.413843775168061, 4903880.138425743207335 ], [ -12427151.180430011823773, 4903874.747475645504892 ], [ -12427145.344734568148851, 4903876.082235772162676 ], [ -12427149.563081361353397, 4903894.525240347720683 ], [ -12427155.521590530872345, 4903893.162389846518636 ], [ -12427164.931748755276203, 4903934.30447697173804 ] ] ] } },
{ "type": "Feature", "properties": { "type": "Feature", "properties": { "height": 5.7797436714172363, "confidence": 0.9756000041961671 }, "id": 540, "area": 383.05479078304631, "perimeter": 82.787873168487366, "cluster": 0 }, "geometry": { "type": "Polygon", "coordinates": [ [ [ -12427316.539053918793797, 4902544.946749281138182 ], [ -12427309.083816278725863, 4902528.65174615662545 ], [ -12427287.737508475780487, 4902538.419534539803863 ], [ -12427291.35262637026608, 4902546.3199328975752 ], [ -12427295.05593810044229, 4902544.625346383079886 ], [ -12427298.89700086414814, 4902553.019519640132785 ], [ -12427316.539053918793797, 4902544.946749281138182 ] ] ] } },
{ "type": "Feature", "properties": { "type": "Feature", "properties": { "height": 5.0232639312744141, "confidence": 0.99830001592636108 }, "id": 541, "area": 521.06162166339516, "perimeter": 95.541235396479252, "cluster": 0 }, "geometry": { "type": "Polygon", "coordinates": [ [ [ -12427636.050634020939469, 4902941.288900918327272 ], [ -12427650.732297878712416, 4902963.557649663649499 ], [ -12427663.843804147094488, 4902954.91330552380532 ], [ -12427659.590237986296415, 4902948.461611962877214 ], [ -12427664.093106366693974, 4902945.492895545437932 ], [ -12427653.664237083867192, 4902929.676349068060517 ], [ -12427636.050634020939469, 4902941.288900918327272 ] ] ] } },
{ "type": "Feature", "properties": { "type": "Feature", "properties": { "height": 4.7501158714294434, "confidence": 0.97210001945495605 }, "id": 542, "area": 770.98651990183419, "perimeter": 120.00082502034256, "cluster": 4 }, "geometry": { "type": "Polygon", "coordinates": [ [ [ -12426668.769592767581344, 4903542.742157742381096 ], [ -12426653.250912170857191, 4903542.398939441889524 ], [ -12426652.927494924515486, 4903557.022311542183161 ], [ -12426647.707053828984499, 4903556.90685385838151 ], [ -12426647.263431495055556, 4903576.902045999653637 ], [ -12426672.630466300994158, 4903577.463075045496225 ], [ -12426673.248839689418674, 4903549.591406308114529 ], [ -12426668.620382742956281, 4903549.488717281259596 ], [ -12426668.769592767581344, 4903542.742157742381096 ] ] ] } },
{ "type": "Feature", "properties": { "type": "Feature", "properties": { "height": 7.8649954795837402, "confidence": 0.92259997129440308 }, "id": 543, "area": 572.39449205645735, "perimeter": 101.14844829578695, "cluster": 0 }, "geometry": { "type": "Polygon", "coordinates": [ [ [ -12427802.905214427039027, 4903748.936197959817946 ], [ -12427770.953994911164045, 4903738.949205635115504 ], [ -12427765.853761019185185, 4903755.269954087212682 ], [ -12427797.803939932957292, 4903765.256621152162552 ], [ -12427802.905214427039027, 4903748.936197959817946 ] ] ] } },
{ "type": "Feature", "properties": { "type": "Feature", "properties": { "height": 7.9622454643249512, "confidence": 0.94319999217987005 }, "id": 544, "area": 2769.7970454482611, "perimeter": 457.66907310255579, "cluster": 3 }, "geometry": { "type": "Polygon", "coordinates": [ [ [ -12427972.826917221769691, 4903717.29497632663697 ], [ -12427941.814260710030794, 4903725.321628329344094 ], [ -12427938.653466273099184, 4903732.452755902893841 ], [ -12427956.737259235233068, 4903740.468199691735208 ], [ -12427950.912528732791543, 4903753.607408625073731 ], [ -12427942.050531538203359, 4903755.900437994860113 ], [ -12427939.276501644402742, 4903745.179491528309882 ], [ -12427932.044015791267157, 4903738.387899794615805 ], [ -12427922.183293122798204, 4903748.888757330365479 ], [ -12427928.392356583848596, 4903772.878778632730246 ], [ -12427935.309643814340234, 4903779.374386329203844 ], [ -12427942.402152797207236, 4903763.37537016812712 ], [ -12427954.982044544070959, 4903768.951269833371043 ], [ -12427956.97060783393681, 4903776.636580171994865 ], [ -12427938.452085854485631, 4903781.42951790150255 ], [ -12427951.663041565567255, 4903793.835130497813225 ], [ -12427976.872848236933351, 4903787.310363904573023 ], [ -12427981.22880850546062, 4903782.671624967828393 ], [ -12427971.946792876347899, 4903773.954793658107519 ], [ -12427963.139337852597237, 4903776.234326741658151 ], [ -12427970.520567953586578, 4903759.581395168788731 ], [ -12427979.021949894726276, 4903757.381674490869045 ], [ -12427984.436474643647671, 4903778.301828534342349 ], [ -12427997.778359888121486, 4903764.093819562345743 ], [ -12427990.772078897804022, 4903737.023580837994814 ], [ -12427981.888945732265711, 4903739.322079108096659 ], [ -12427977.198985746130347, 4903749.903185738250613 ], [ -12427972.745298800989985, 4903751.055882710963488 ], [ -12427970.645449852570891, 4903742.940480541437864 ], [ -12427965.048620771616697, 4903744.389043946750462 ], [ -12427963.09358898922801, 4903736.833324685692787 ], [ -12427976.955252841114998, 4903733.245668407529593 ], [ -12427972.826917221769691, 4903717.29497632663697 ] ] ] } },
{ "type": "Feature", "properties": { "type": "Feature", "properties": { "height": 4.9734973907470703, "confidence": 0.98309999704360906 }, "id": 545, "area": 427.24849750148314, "perimeter": 89.534483661752503, "cluster": 0 }, "geometry": { "type": "Polygon", "coordinates": [ [ [ -12426683.008304793387651, 4903002.676260410808027 ], [ -12426672.265520660206676, 4903002.934153396636248 ], [ -12426672.74128414131701, 4903022.810494331642985 ], [ -12426697.619024207815528, 4903022.215016510337591 ], [ -12426697.256447542458773, 4903007.111531496979296 ], [ -12426683.122589729726315, 4903007.450831136666238 ], [ -12426683.008304793387651, 4903002.676260410808027 ] ] ] } },
{ "type": "Feature", "properties": { "type": "Feature", "properties": { "height": 5.0132942199707031, "confidence": 0.94580000638961703 }, "id": 546, "area": 335.42740028217008, "perimeter": 81.996884654982438, "cluster": 0 }, "geometry": { "type": "Polygon", "coordinates": [ [ [ -12427093.55590096861124, 4902309.261531149037182 ], [ -12427085.049080189317465, 4902313.002317471429706 ], [ -12427088.0197046212852, 4902319.757733977399766 ], [ -12427077.511278947815299, 4902324.378705314360559 ], [ -12427082.682365924119949, 4902336.138134041801095 ], [ -12427101.697612378746271, 4902327.776376379653811 ], [ -12427093.55590096861124, 4902309.261531149037182 ] ] ] } },
{ "type": "Feature", "properties": { "type": "Feature", "properties": { "height": 4.5491328239440918, "confidence": 0.95380002260208108 }, "id": 547, "area": 15.301017875715754, "perimeter": 15.671968851947174, "cluster": 2 }, "geometry": { "type": "Polygon", "coordinates": [ [ [ -12427150.549212496727705, 4904089.060411017388105 ], [ -12427147.031397664919496, 4904090.191488936543465 ], [ -12427148.299164852127433, 4904094.133568924851716 ], [ -12427151.816907925531268, 4904093.00226787570864 ], [ -12427150.549212496727705, 4904089.060411017388105 ] ] ] } },
{ "type": "Feature", "properties": { "type": "Feature", "properties": { "height": 5.138247013092041, "confidence": 0.97409999370574907 }, "id": 548, "area": 447.37426355133539, "perimeter": 93.984825865668711, "cluster": 0 }, "geometry": { "type": "Polygon", "coordinates": [ [ [ -12427181.68417920358479, 4902606.913427005521953 ], [ -12427186.201037589460611, 4902619.642593210563064 ], [ -12427180.101645452901721, 4902621.806921188719571 ], [ -12427184.430301409214735, 4902634.005705467425287 ], [ -12427202.728477828204632, 4902627.512721535749733 ], [ -12427200.187744984403253, 4902620.352565544657409 ], [ -12427201.248508833348751, 4902619.976160677149892 ], [ -12427194.943727334961295, 4902602.208366183564067 ], [ -12427181.68417920358479, 4902606.913427005521953 ] ] ] } },
{ "type": "Feature", "properties": { "type": "Feature", "properties": { "height": 5.9974870681762686, "confidence": 0.97439998388290405 }, "id": 549, "area": 532.26209935103464, "perimeter": 101.63192209881117, "cluster": 0 }, "geometry": { "type": "Polygon", "coordinates": [ [ [ -12427261.879443118348718, 4903415.228130578063428 ], [ -12427256.694515844807029, 4903407.252865116111934 ], [ -12427260.682148575782776, 4903404.66040147934109 ], [ -12427247.521248178556561, 4903384.416785920970142 ], [ -12427233.13567591458559, 4903393.770227012224495 ], [ -12427251.482431655749679, 4903421.987497841008008 ], [ -12427261.879443118348718, 4903415.228130578063428 ] ] ] } },
{ "type": "Feature", "properties": { "type": "Feature", "properties": { "height": 4.822080135345459, "confidence": 0.99449998140335005 }, "id": 550, "area": 97.809337368622224, "perimeter": 39.622734439584811, "cluster": 2 }, "geometry": { "type": "Polygon", "coordinates": [ [ [ -12427619.988057913258672, 4902585.452247468754649 ], [ -12427625.287233715876937, 4902593.15073489677161 ], [ -12427633.907925136387348, 4902587.21676932182163 ], [ -12427628.608383757993579, 4902579.518533535301685 ], [ -12427619.988057913258672, 4902585.452247468754649 ] ] ] } },
{ "type": "Feature", "properties": { "type": "Feature", "properties": { "height": 3.7533409595489502, "confidence": 0.98049998283386208 }, "id": 551, "area": 233.35956511682838, "perimeter": 75.522562317363452, "cluster": 0 }, "geometry": { "type": "Polygon", "coordinates": [ [ [ -12427667.395503597334027, 4902796.764573527500033 ], [ -12427662.339245377108455, 4902799.63667541090399 ], [ -12427664.647587226703763, 4902803.69994858559221 ], [ -12427650.966863200068474, 4902811.470998151227832 ], [ -12427656.66648730263114, 4902821.505033287219703 ], [ -12427669.218677951022983, 4902814.374145024456084 ], [ -12427666.269218694418669, 4902809.182340926490724 ], [ -12427672.453506836667657, 4902805.669052372686565 ], [ -12427667.395503597334027, 4902796.764573527500033 ] ] ] } },
{ "type": "Feature", "properties": { "type": "Feature", "properties": { "height": 5.9910521507263184, "confidence": 0.99320000410079912 }, "id": 552, "area": 537.87870728487189, "perimeter": 109.92040016038864, "cluster": 4 }, "geometry": { "type": "Polygon", "coordinates": [ [ [ -12426630.030657276511192, 4903173.193372782319784 ], [ -12426616.990006539970636, 4903175.088136985898018 ], [ -12426616.165524888783693, 4903169.413669820874929 ], [ -12426604.176634382456541, 4903171.154777590185404 ], [ -12426605.493716152384877, 4903180.219548460096121 ], [ -12426612.10101774148643, 4903179.259991434402764 ], [ -12426615.048453066498041, 4903199.555391881614923 ], [ -12426633.470406770706177, 4903196.878741832450032 ], [ -12426630.030657276511192, 4903173.193372782319784 ] ] ] } },
{ "type": "Feature", "properties": { "type": "Feature", "properties": { "height": 5.6281652450561523, "confidence": 0.99690002202987604 }, "id": 553, "area": 633.90931238465441, "perimeter": 122.87492992755958, "cluster": 4 }, "geometry": { "type": "Polygon", "coordinates": [ [ [ -12426757.394811416044831, 4903267.778297837823629 ], [ -12426774.705096106976271, 4903267.418474590405822 ], [ -12426774.599630670621991, 4903262.344770457595587 ], [ -12426778.651553617790341, 4903262.260544455610216 ], [ -12426778.402876758947968, 4903250.256845293566585 ], [ -12426781.356637405231595, 4903248.709263251163065 ], [ -12426781.170096414163709, 4903239.704879191704094 ], [ -12426773.961155051365495, 4903239.854224560782313 ], [ -12426768.883758392184973, 4903230.163355808705091 ], [ -12426755.998783569782972, 4903236.914260167628527 ], [ -12426763.804582685232162, 4903251.81263817474246 ], [ -12426763.88282230310142, 4903255.589285580441356 ], [ -12426757.144344186410308, 4903255.728884511627257 ], [ -12426757.394811416044831, 4903267.778297837823629 ] ] ] } },
{ "type": "Feature", "properties": { "type": "Feature", "properties": { "height": 5.6206088066101074, "confidence": 0.99489998817443803 }, "id": 554, "area": 418.76738601954253, "perimeter": 83.895148250550676, "cluster": 0 }, "geometry": { "type": "Polygon", "coordinates": [ [ [ -12427169.175200011581182, 4904093.724602650851011 ], [ -12427162.216124076396227, 4904069.118990934453905 ], [ -12427146.457473874092102, 4904073.575927208177745 ], [ -12427153.416549809277058, 4904098.181538924574852 ], [ -12427169.175200011581182, 4904093.724602650851011 ] ] ] } },
{ "type": "Feature", "properties": { "type": "Feature", "properties": { "height": 6.0519905090332031, "confidence": 0.98210000991821211 }, "id": 555, "area": 651.0440830207209, "perimeter": 116.30257563601218, "cluster": 4 }, "geometry": { "type": "Polygon", "coordinates": [ [ [ -12427207.04362004250288, 4904008.320254264399409 ], [ -12427207.689512021839619, 4904029.633197916671634 ], [ -12427224.214821346104145, 4904029.133552508428693 ], [ -12427224.156646721065044, 4904027.20948061812669 ], [ -12427234.895763773471117, 4904026.884030049666762 ], [ -12427234.020880494266748, 4903997.948075773194432 ], [ -12427230.320677077397704, 4903998.060210996307433 ], [ -12427230.392999272793531, 4904000.446676397696137 ], [ -12427222.757301151752472, 4904000.678077382035553 ], [ -12427222.97376711666584, 4904007.837488748133183 ], [ -12427207.04362004250288, 4904008.320254264399409 ] ] ] } },
{ "type": "Feature", "properties": { "type": "Feature", "properties": { "height": 4.4673662185668936, "confidence": 0.9512000083923341 }, "id": 556, "area": 662.43823723483933, "perimeter": 117.92665006304429, "cluster": 4 }, "geometry": { "type": "Polygon", "coordinates": [ [ [ -12427305.100681979209185, 4902792.951575472950935 ], [ -12427292.666501535102725, 4902800.252131165936589 ], [ -12427291.623565007001162, 4902798.475819674320519 ], [ -12427280.299579244107008, 4902805.124540036544204 ], [ -12427285.514261884614825, 4902814.006097497418523 ], [ -12427287.734651247039437, 4902812.70242684148252 ], [ -12427291.384929096326232, 4902818.919517062604427 ], [ -12427285.611916745081544, 4902822.30906077567488 ], [ -12427289.262194590643048, 4902828.526150998659432 ], [ -12427316.572983782738447, 4902812.491001886315644 ], [ -12427305.100681979209185, 4902792.951575472950935 ] ] ] } },
{ "type": "Feature", "properties": { "type": "Feature", "properties": { "height": 5.0129122734069824, "confidence": 0.99180001020431507 }, "id": 557, "area": 586.96666143792049, "perimeter": 110.69405541166455, "cluster": 4 }, "geometry": { "type": "Polygon", "coordinates": [ [ [ -12427344.87060003913939, 4902467.488131005316973 ], [ -12427342.193911369889975, 4902462.933584415353835 ], [ -12427347.182567985728383, 4902460.002120182849467 ], [ -12427342.164320781826973, 4902451.462254052981734 ], [ -12427336.172017462551594, 4902454.983906557783484 ], [ -12427331.278159337118268, 4902446.655721127986908 ], [ -12427310.975144354626536, 4902458.586300199851394 ], [ -12427317.30475989356637, 4902469.356521327979863 ], [ -12427322.409158516675234, 4902466.356686836108565 ], [ -12427328.669682674109936, 4902477.009344831109047 ], [ -12427344.87060003913939, 4902467.488131005316973 ] ] ] } },
{ "type": "Feature", "properties": { "type": "Feature", "properties": { "height": 3.7082521915435791, "confidence": 0.95440000295639005 }, "id": 558, "area": 137.05063516685394, "perimeter": 49.332893821652739, "cluster": 2 }, "geometry": { "type": "Polygon", "coordinates": [ [ [ -12427352.369309511035681, 4902595.882407186552882 ], [ -12427344.725083522498608, 4902599.834527663886547 ], [ -12427351.425338331609964, 4902612.792464954778552 ], [ -12427360.378095004707575, 4902608.163824586197734 ], [ -12427356.786635559052229, 4902601.218132578767836 ], [ -12427355.477810207754374, 4902601.894896415062249 ], [ -12427352.369309511035681, 4902595.882407186552882 ] ] ] } },
{ "type": "Feature", "properties": { "type": "Feature", "properties": { "height": 5.163729190826416, "confidence": 0.99980002641677812 }, "id": 559, "area": 384.65583519015894, "perimeter": 87.537763626605468, "cluster": 0 }, "geometry": { "type": "Polygon", "coordinates": [ [ [ -12427368.261260502040386, 4902617.657324994914234 ], [ -12427364.253913853317499, 4902611.688705277629197 ], [ -12427340.058040324598551, 4902627.932183644734323 ], [ -12427348.210332149639726, 4902640.075630848295987 ], [ -12427367.763340359553695, 4902626.94905926566571 ], [ -12427363.618107225745916, 4902620.774425095878541 ], [ -12427368.261260502040386, 4902617.657324994914234 ] ] ] } },
{ "type": "Feature", "properties": { "type": "Feature", "properties": { "height": 6.3530669212341309, "confidence": 0.97740000486373912 }, "id": 560, "area": 375.01567851973704, "perimeter": 81.892959720324797, "cluster": 0 }, "geometry": { "type": "Polygon", "coordinates": [ [ [ -12427434.385544756427407, 4904251.45495209749788 ], [ -12427423.035442931577563, 4904276.082173792645335 ], [ -12427435.59532599709928, 4904281.870725722983479 ], [ -12427446.945427820086479, 4904257.243504026904702 ], [ -12427434.385544756427407, 4904251.45495209749788 ] ] ] } },
{ "type": "Feature", "properties": { "type": "Feature", "properties": { "height": 3.4649090766906738, "confidence": 0.93250000476837103 }, "id": 561, "area": 490.49024735227653, "perimeter": 99.697207374756402, "cluster": 0 }, "geometry": { "type": "Polygon", "coordinates": [ [ [ -12426876.57107962667942, 4904227.646742023527622 ], [ -12426877.257574796676636, 4904199.298062809742987 ], [ -12426878.749610545113683, 4904199.334194134920835 ], [ -12426878.894135845825076, 4904193.366051143966615 ], [ -12426863.376964066177607, 4904192.990285365842283 ], [ -12426862.545943593606353, 4904227.307107570581138 ], [ -12426876.57107962667942, 4904227.646742023527622 ] ] ] } },
{ "type": "Feature", "properties": { "type": "Feature", "properties": { "height": 5.5220856666564941, "confidence": 0.95300000905990612 }, "id": 562, "area": 123.2208764841279, "perimeter": 44.503132677313118, "cluster": 2 }, "geometry": { "type": "Polygon", "coordinates": [ [ [ -12427394.158705441281199, 4902663.400591809302568 ], [ -12427398.672242375090718, 4902674.384992374107242 ], [ -12427408.269936172291636, 4902670.441259152255952 ], [ -12427403.755741519853473, 4902659.457128847017884 ], [ -12427394.158705441281199, 4902663.400591809302568 ] ] ] } },
{ "type": "Feature", "properties": { "type": "Feature", "properties": { "height": 6.5271415710449219, "confidence": 0.95029997825622503 }, "id": 563, "area": 557.00164595588444, "perimeter": 100.22876553178135, "cluster": 0 }, "geometry": { "type": "Polygon", "coordinates": [ [ [ -12427665.852470546960831, 4903782.834788859821856 ], [ -12427641.482262935489416, 4903759.885380729101598 ], [ -12427630.075353730469942, 4903771.998492488637567 ], [ -12427654.444710085168481, 4903794.948804575018585 ], [ -12427665.852470546960831, 4903782.834788859821856 ] ] ] } },
{ "type": "Feature", "properties": { "type": "Feature", "properties": { "height": 5.3487706184387207, "confidence": 0.97170001268386808 }, "id": 564, "area": 434.99175881145072, "perimeter": 87.534881868086245, "cluster": 0 }, "geometry": { "type": "Polygon", "coordinates": [ [ [ -12427227.805051892995834, 4902274.732482920400798 ], [ -12427213.235604150220752, 4902279.266061073169112 ], [ -12427221.708127997815609, 4902306.487878198735416 ], [ -12427236.27583871036768, 4902301.954840556718409 ], [ -12427233.781007705256343, 4902293.937263984233141 ], [ -12427233.781007705256343, 4902293.937263984233141 ], [ -12427227.805051892995834, 4902274.732482920400798 ] ] ] } },
{ "type": "Feature", "properties": { "type": "Feature", "properties": { "height": 5.9285712242126465, "confidence": 0.98360002040863004 }, "id": 565, "area": 677.67361934817177, "perimeter": 115.42507618477489, "cluster": 4 }, "geometry": { "type": "Polygon", "coordinates": [ [ [ -12426609.352559240534902, 4902109.612104649655521 ], [ -12426592.430613977834582, 4902113.430438321083784 ], [ -12426600.674433331936598, 4902149.965081903152168 ], [ -12426620.435448106378317, 4902145.507512571290135 ], [ -12426618.320440063253045, 4902136.131392522715032 ], [ -12426615.47919156588614, 4902136.772304051555693 ], [ -12426609.352559240534902, 4902109.612104649655521 ] ] ] } },
{ "type": "Feature", "properties": { "type": "Feature", "properties": { "height": 5.6808085441589347, "confidence": 0.99210000038146906 }, "id": 566, "area": 666.5612147923041, "perimeter": 115.56620881417874, "cluster": 4 }, "geometry": { "type": "Polygon", "coordinates": [ [ [ -12426748.807948678731918, 4903172.849638622254133 ], [ -12426748.970368357375264, 4903177.808297522366047 ], [ -12426741.215552615001798, 4903178.062304644845426 ], [ -12426741.586793793365359, 4903189.396266113966703 ], [ -12426754.113803839311004, 4903188.985946916043758 ], [ -12426754.211498886346817, 4903191.968568354845047 ], [ -12426780.16030541062355, 4903191.118621446192265 ], [ -12426779.528879156336188, 4903171.841231822036207 ], [ -12426748.807948678731918, 4903172.849638622254133 ] ] ] } },
{ "type": "Feature", "properties": { "type": "Feature", "properties": { "height": 6.356633186340332, "confidence": 1.0 }, "id": 567, "area": 487.43044489316759, "perimeter": 101.83230580855556, "cluster": 0 }, "geometry": { "type": "Polygon", "coordinates": [ [ [ -12426892.417061191052198, 4903370.166784807108343 ], [ -12426893.028158543631434, 4903387.949593350291252 ], [ -12426890.344088938087225, 4903388.041830066591501 ], [ -12426890.723284319043159, 4903399.076338449493051 ], [ -12426904.143632354214787, 4903398.615154877305031 ], [ -12426903.907916305586696, 4903391.755865882150829 ], [ -12426912.556585038080812, 4903391.458658689633012 ], [ -12426912.06465589441359, 4903377.143620787188411 ], [ -12426906.562145337462425, 4903377.332711821421981 ], [ -12426906.300065372139215, 4903369.690673939883709 ], [ -12426892.417061191052198, 4903370.166784807108343 ] ] ] } },
{ "type": "Feature", "properties": { "type": "Feature", "properties": { "height": 5.5913834571838379, "confidence": 0.98030000925064009 }, "id": 568, "area": 854.69016014716647, "perimeter": 144.80840159776233, "cluster": 4 }, "geometry": { "type": "Polygon", "coordinates": [ [ [ -12427074.276290258392692, 4904359.910807170905173 ], [ -12427070.105457173660398, 4904361.741676788777113 ], [ -12427065.888594307005405, 4904359.848397443071008 ], [ -12427063.750129964202642, 4904354.976844743825495 ], [ -12427071.316215826198459, 4904351.655561815947294 ], [ -12427071.584506066516042, 4904351.058004378341138 ], [ -12427064.068594813346863, 4904333.936298385262489 ], [ -12427059.203711835667491, 4904336.07183492090553 ], [ -12427054.528739517554641, 4904346.484306384809315 ], [ -12427049.176873367279768, 4904348.833613813854754 ], [ -12427045.368498366326094, 4904357.31460851803422 ], [ -12427046.614028563722968, 4904360.15200256742537 ], [ -12427049.960894392803311, 4904361.654672238975763 ], [ -12427055.641862405464053, 4904374.596265183761716 ], [ -12427054.169291194528341, 4904377.876093310303986 ], [ -12427057.796483222395182, 4904379.504623327404261 ], [ -12427059.102414695546031, 4904382.479615174233913 ], [ -12427065.452813185751438, 4904385.33080542460084 ], [ -12427068.318502394482493, 4904378.948113705031574 ], [ -12427075.384108033031225, 4904375.846526458859444 ], [ -12427078.361028639599681, 4904369.21609128639102 ], [ -12427074.276290258392692, 4904359.910807170905173 ] ] ] } },
{ "type": "Feature", "properties": { "type": "Feature", "properties": { "height": 6.3544521331787109, "confidence": 0.98720002174377408 }, "id": 569, "area": 572.61328016777838, "perimeter": 106.5468394842315, "cluster": 4 }, "geometry": { "type": "Polygon", "coordinates": [ [ [ -12427253.494340358301997, 4903823.656773753464222 ], [ -12427248.445969592779875, 4903807.120523980818689 ], [ -12427252.66557521186769, 4903805.832611040212214 ], [ -12427249.914460510015488, 4903796.819098794832826 ], [ -12427224.512744186446071, 4903804.572240233421326 ], [ -12427228.180897122249007, 4903816.590256560593843 ], [ -12427232.277948144823313, 4903815.339749874547124 ], [ -12427236.408555835485458, 4903828.872912617400289 ], [ -12427253.494340358301997, 4903823.656773753464222 ] ] ] } },
{ "type": "Feature", "properties": { "type": "Feature", "properties": { "height": 4.2322497367858887, "confidence": 0.93580001592636108 }, "id": 570, "area": 268.2521712151414, "perimeter": 68.11226352004725, "cluster": 0 }, "geometry": { "type": "Polygon", "coordinates": [ [ [ -12427625.209007941186428, 4902826.390802251175046 ], [ -12427630.848121602088213, 4902837.399362980388105 ], [ -12427650.150114260613918, 4902827.511955068446696 ], [ -12427644.509842094033957, 4902816.502636935561895 ], [ -12427625.209007941186428, 4902826.390802251175046 ] ] ] } },
{ "type": "Feature", "properties": { "type": "Feature", "properties": { "height": 5.9788765907287598, "confidence": 0.97699999809265103 }, "id": 571, "area": 582.36789094552819, "perimeter": 111.0670717024479, "cluster": 4 }, "geometry": { "type": "Polygon", "coordinates": [ [ [ -12426896.13470670580864, 4903502.536596054211259 ], [ -12426895.722274435684085, 4903544.035414833575487 ], [ -12426909.754249131307006, 4903544.174870349466801 ], [ -12426910.166681399568915, 4903502.676051567308605 ], [ -12426896.13470670580864, 4903502.536596054211259 ] ] ] } },
{ "type": "Feature", "properties": { "type": "Feature", "properties": { "height": 6.7285594940185547, "confidence": 0.97500002384185702 }, "id": 572, "area": 635.91463887556483, "perimeter": 105.90070616856683, "cluster": 4 }, "geometry": { "type": "Polygon", "coordinates": [ [ [ -12427302.215644687414169, 4904156.697336493059993 ], [ -12427300.086116831749678, 4904134.649007517844439 ], [ -12427292.098854782059789, 4904135.419894581660628 ], [ -12427291.61312947049737, 4904130.390877735801041 ], [ -12427273.973858311772346, 4904132.093324190936983 ], [ -12427275.572745887562633, 4904148.659608200192451 ], [ -12427277.830290732905269, 4904148.441722257994115 ], [ -12427278.845664096996188, 4904158.954515472985804 ], [ -12427302.215644687414169, 4904156.697336493059993 ] ] ] } },
{ "type": "Feature", "properties": { "type": "Feature", "properties": { "height": 4.2909135818481436, "confidence": 0.9733999967575071 }, "id": 573, "area": 355.27019823197787, "perimeter": 86.519831322954943, "cluster": 0 }, "geometry": { "type": "Polygon", "coordinates": [ [ [ -12427426.473381390795112, 4903369.684643446467817 ], [ -12427427.109200110659003, 4903385.483909350819886 ], [ -12427423.532007830217481, 4903385.627868305891752 ], [ -12427423.915898378938437, 4903395.167047720402479 ], [ -12427441.801859779283404, 4903394.447252938523889 ], [ -12427441.381979491561651, 4903384.013775456696749 ], [ -12427438.564298015087843, 4903384.127168993465602 ], [ -12427437.965510528534651, 4903369.222159248776734 ], [ -12427426.473381390795112, 4903369.684643446467817 ] ] ] } },
{ "type": "Feature", "properties": { "type": "Feature", "properties": { "height": 5.6857843399047852, "confidence": 0.97579997777938809 }, "id": 574, "area": 545.29825535875307, "perimeter": 99.460015837588728, "cluster": 0 }, "geometry": { "type": "Polygon", "coordinates": [ [ [ -12426604.359440529718995, 4903653.924825613386929 ], [ -12426602.381687989458442, 4903623.176046210341156 ], [ -12426590.341421566903591, 4903623.950472640804946 ], [ -12426590.693941527977586, 4903629.425260912626982 ], [ -12426583.854907132685184, 4903629.865624270401895 ], [ -12426585.482336929067969, 4903655.140316605567932 ], [ -12426604.359440529718995, 4903653.924825613386929 ] ] ] } },
{ "type": "Feature", "properties": { "type": "Feature", "properties": { "height": 3.7611656188964839, "confidence": 0.95889997482299805 }, "id": 575, "area": 373.17790876970849, "perimeter": 80.783993121712669, "cluster": 0 }, "geometry": { "type": "Polygon", "coordinates": [ [ [ -12427124.211387341842055, 4903377.647654604166746 ], [ -12427119.309062169864774, 4903364.208586673252285 ], [ -12427094.802526533603668, 4903373.149835991673172 ], [ -12427099.70485170558095, 4903386.588903922587633 ], [ -12427124.211387341842055, 4903377.647654604166746 ] ] ] } },
{ "type": "Feature", "properties": { "type": "Feature", "properties": { "height": 7.9757461547851562, "confidence": 0.97939997911453203 }, "id": 576, "area": 606.54526858070949, "perimeter": 110.24949899162665, "cluster": 4 }, "geometry": { "type": "Polygon", "coordinates": [ [ [ -12427856.900620980188251, 4903578.929408001713455 ], [ -12427871.20638464204967, 4903584.028739913366735 ], [ -12427884.615738924592733, 4903546.409879913553596 ], [ -12427870.309975262731314, 4903541.310548002831638 ], [ -12427856.900620980188251, 4903578.929408001713455 ] ] ] } },
{ "type": "Feature", "properties": { "type": "Feature", "properties": { "height": 5.6331362724304199, "confidence": 0.98760002851486206 }, "id": 577, "area": 482.38809288344038, "perimeter": 101.15716696051228, "cluster": 0 }, "geometry": { "type": "Polygon", "coordinates": [ [ [ -12426719.115499157458544, 4902426.771034777164459 ], [ -12426691.121552485972643, 4902425.344691470265388 ], [ -12426689.972659649327397, 4902447.862360724247992 ], [ -12426704.422112116590142, 4902448.599598325788975 ], [ -12426704.983545122668147, 4902437.580704423598945 ], [ -12426718.528708811849356, 4902438.271803549490869 ], [ -12426719.115499157458544, 4902426.771034777164459 ] ] ] } },
{ "type": "Feature", "properties": { "type": "Feature", "properties": { "height": 5.4105896949768066, "confidence": 0.99140000343322709 }, "id": 578, "area": 384.27049794422481, "perimeter": 87.015868792582211, "cluster": 0 }, "geometry": { "type": "Polygon", "coordinates": [ [ [ -12427028.16202181763947, 4902296.996399967931211 ], [ -12427017.288876608014107, 4902297.566387770697474 ], [ -12427017.850810062140226, 4902308.285887416452169 ], [ -12427011.300004726275802, 4902308.629291196353734 ], [ -12427012.102324156090617, 4902323.934418077580631 ], [ -12427029.524521917104721, 4902323.022337735630572 ], [ -12427028.16202181763947, 4902296.996399967931211 ] ] ] } },
{ "type": "Feature", "properties": { "type": "Feature", "properties": { "height": 4.9552469253540039, "confidence": 0.9265999794006341 }, "id": 579, "area": 571.79127640895547, "perimeter": 103.58208517384303, "cluster": 0 }, "geometry": { "type": "Polygon", "coordinates": [ [ [ -12427183.21755700558424, 4904339.367182009853423 ], [ -12427183.301824804395437, 4904339.639707658439875 ], [ -12427205.648928185924888, 4904332.729748060926795 ], [ -12427200.883117606863379, 4904317.316913849674165 ], [ -12427166.816738331690431, 4904327.848212651908398 ], [ -12427171.498954014852643, 4904342.99069740716368 ], [ -12427183.21755700558424, 4904339.367182009853423 ] ] ] } },
{ "type": "Feature", "properties": { "type": "Feature", "properties": { "height": 5.4292082786560059, "confidence": 0.96490001678466808 }, "id": 580, "area": 639.80667277723182, "perimeter": 113.87703305780629, "cluster": 4 }, "geometry": { "type": "Polygon", "coordinates": [ [ [ -12427285.1634367313236, 4903281.032864608801901 ], [ -12427272.641736302524805, 4903257.974473614245653 ], [ -12427265.954802913591266, 4903261.605766741558909 ], [ -12427260.820905739441514, 4903252.151826432906091 ], [ -12427255.978643629699945, 4903254.7813835227862 ], [ -12427255.728209624066949, 4903254.32021570391953 ], [ -12427250.194195780903101, 4903257.325423805043101 ], [ -12427268.100227396935225, 4903290.29892292432487 ], [ -12427285.1634367313236, 4903281.032864608801901 ] ] ] } },
{ "type": "Feature", "properties": { "type": "Feature", "properties": { "height": 5.932680606842041, "confidence": 0.99720001220703103 }, "id": 581, "area": 448.78164446862178, "perimeter": 91.383003571180936, "cluster": 0 }, "geometry": { "type": "Polygon", "coordinates": [ [ [ -12427603.054330047219992, 4904520.653715340420604 ], [ -12427602.908534198999405, 4904504.991075522266328 ], [ -12427577.957670206204057, 4904505.223330906592309 ], [ -12427578.087778504937887, 4904519.096371280029416 ], [ -12427583.332954237237573, 4904519.04717940185219 ], [ -12427583.396873822435737, 4904525.913969193585217 ], [ -12427596.662643324583769, 4904525.789556181058288 ], [ -12427596.61504322104156, 4904520.714106188155711 ], [ -12427603.054330047219992, 4904520.653715340420604 ] ] ] } },
{ "type": "Feature", "properties": { "type": "Feature", "properties": { "height": 4.325371265411377, "confidence": 0.99049997329711903 }, "id": 582, "area": 413.89959334778354, "perimeter": 95.709078122039543, "cluster": 0 }, "geometry": { "type": "Polygon", "coordinates": [ [ [ -12426721.483278626576066, 4903517.003001767210662 ], [ -12426721.884450001642108, 4903506.269038050435483 ], [ -12426702.205516522750258, 4903505.533557195216417 ], [ -12426701.543740782886744, 4903523.240395796485245 ], [ -12426701.245574345812201, 4903523.229272986762226 ], [ -12426700.966982383280993, 4903530.683433926664293 ], [ -12426716.471637139096856, 4903531.261820052750409 ], [ -12426716.739085420966148, 4903524.105825550854206 ], [ -12426714.055587481707335, 4903524.005720259621739 ], [ -12426714.327302815392613, 4903516.735554182901978 ], [ -12426721.483278626576066, 4903517.003001767210662 ] ] ] } },
{ "type": "Feature", "properties": { "type": "Feature", "properties": { "height": 3.0178570747375488, "confidence": 0.89200001955032304 }, "id": 583, "area": 159.75495738741711, "perimeter": 54.160209371358889, "cluster": 2 }, "geometry": { "type": "Polygon", "coordinates": [ [ [ -12426936.974441934376955, 4904190.188538730144501 ], [ -12426926.297263948246837, 4904189.313470463268459 ], [ -12426925.153838088735938, 4904203.253119500353932 ], [ -12426938.203722292557359, 4904204.322647382505238 ], [ -12426938.544317232444882, 4904200.170411501079798 ], [ -12426936.171611012890935, 4904199.975951886735857 ], [ -12426936.974441934376955, 4904190.188538730144501 ] ] ] } },
{ "type": "Feature", "properties": { "type": "Feature", "properties": { "height": 3.1539018154144278, "confidence": 0.99419999122619607 }, "id": 584, "area": 123.21969163020796, "perimeter": 44.678395275351704, "cluster": 2 }, "geometry": { "type": "Polygon", "coordinates": [ [ [ -12427236.245108004659414, 4902756.642150150611997 ], [ -12427229.347085077315569, 4902746.325082050636411 ], [ -12427221.09343059360981, 4902751.843500391580164 ], [ -12427227.9914535228163, 4902762.160568493418396 ], [ -12427236.245108004659414, 4902756.642150150611997 ] ] ] } },
{ "type": "Feature", "properties": { "type": "Feature", "properties": { "height": 5.3049983978271484, "confidence": 0.93830001354217507 }, "id": 585, "area": 630.86911323271295, "perimeter": 113.76361591315016, "cluster": 4 }, "geometry": { "type": "Polygon", "coordinates": [ [ [ -12427307.459371216595173, 4904303.084604225121439 ], [ -12427290.757542485371232, 4904303.644526955671608 ], [ -12427290.79753696359694, 4904304.837514723651111 ], [ -12427283.937857303768396, 4904305.06748298369348 ], [ -12427284.647759340703487, 4904326.243015845306218 ], [ -12427299.858353365212679, 4904325.733086214400828 ], [ -12427300.028329906985164, 4904330.803284222260118 ], [ -12427314.228679727762938, 4904330.327222662977874 ], [ -12427313.834267878904939, 4904318.537773893214762 ], [ -12427307.983994506299496, 4904318.733492725528777 ], [ -12427307.459371216595173, 4904303.084604225121439 ] ] ] } },
{ "type": "Feature", "properties": { "type": "Feature", "properties": { "height": 5.148625373840332, "confidence": 0.86799997091293302 }, "id": 586, "area": 567.29106011394697, "perimeter": 107.09215984015675, "cluster": 4 }, "geometry": { "type": "Polygon", "coordinates": [ [ [ -12427326.321878332644701, 4903037.449274175800383 ], [ -12427289.408607406541705, 4903050.036162189207971 ], [ -12427294.101852187886834, 4903063.802756612189114 ], [ -12427331.015912164002657, 4903051.218183113262057 ], [ -12427326.321878332644701, 4903037.449274175800383 ] ] ] } },
{ "type": "Feature", "properties": { "type": "Feature", "properties": { "height": 5.2270221710205078, "confidence": 0.9868000149726861 }, "id": 587, "area": 291.01743621055527, "perimeter": 69.313615682025656, "cluster": 0 }, "geometry": { "type": "Polygon", "coordinates": [ [ [ -12427397.872139954939485, 4904377.39668149035424 ], [ -12427385.214158464223146, 4904370.773566314019263 ], [ -12427375.770086824893951, 4904388.822910295799375 ], [ -12427388.428068313747644, 4904395.446025470271707 ], [ -12427397.872139954939485, 4904377.39668149035424 ] ] ] } },
{ "type": "Feature", "properties": { "type": "Feature", "properties": { "height": 6.7058472633361816, "confidence": 0.97020000219345004 }, "id": 588, "area": 597.24184086707567, "perimeter": 113.45360179259323, "cluster": 4 }, "geometry": { "type": "Polygon", "coordinates": [ [ [ -12426568.481459686532617, 4901984.182541374117136 ], [ -12426568.747003380209208, 4901962.986517454497516 ], [ -12426562.179221319034696, 4901962.904695980250835 ], [ -12426562.120946034789085, 4901967.556300762109458 ], [ -12426558.837057884782553, 4901967.515160225331783 ], [ -12426558.975439686328173, 4901956.469354630447924 ], [ -12426544.34721065312624, 4901956.286092241294682 ], [ -12426544.001544740051031, 4901983.877570427954197 ], [ -12426568.481459686532617, 4901984.182541374117136 ] ] ] } },
{ "type": "Feature", "properties": { "type": "Feature", "properties": { "height": 5.618891716003418, "confidence": 0.98540002107620206 }, "id": 589, "area": 519.04617832931012, "perimeter": 97.118832191966931, "cluster": 0 }, "geometry": { "type": "Polygon", "coordinates": [ [ [ -12426783.432436181232333, 4904230.798691208474338 ], [ -12426783.333456885069609, 4904216.656529122963548 ], [ -12426780.049214204773307, 4904216.679515144787729 ], [ -12426779.970575943589211, 4904205.443680595606565 ], [ -12426760.073459427803755, 4904205.5843307049945 ], [ -12426760.230963930487633, 4904227.865759945474565 ], [ -12426770.680821895599365, 4904227.792622645385563 ], [ -12426770.7027074880898, 4904230.88867599144578 ], [ -12426783.432436181232333, 4904230.798691208474338 ] ] ] } },
{ "type": "Feature", "properties": { "type": "Feature", "properties": { "height": 4.5237994194030762, "confidence": 0.85720002651214611 }, "id": 590, "area": 425.61221673815254, "perimeter": 87.652934171454149, "cluster": 0 }, "geometry": { "type": "Polygon", "coordinates": [ [ [ -12426832.852017402648926, 4903299.498172448016703 ], [ -12426832.668922314420342, 4903270.430809848941863 ], [ -12426826.271897457540035, 4903270.470656937919557 ], [ -12426826.274420591071248, 4903270.875719071365893 ], [ -12426817.914448637515306, 4903270.928378468379378 ], [ -12426818.092989072203636, 4903299.591139449737966 ], [ -12426832.852017402648926, 4903299.498172448016703 ] ] ] } },
{ "type": "Feature", "properties": { "type": "Feature", "properties": { "height": 6.8863973617553711, "confidence": 0.99140000343322709 }, "id": 591, "area": 540.55346946429768, "perimeter": 104.43008811341184, "cluster": 0 }, "geometry": { "type": "Polygon", "coordinates": [ [ [ -12426866.168213108554482, 4902361.201778795570135 ], [ -12426866.557045044377446, 4902371.528229913674295 ], [ -12426872.222073735669255, 4902371.31491906195879 ], [ -12426872.79877152107656, 4902386.63064016867429 ], [ -12426891.134176772087812, 4902385.941522546112537 ], [ -12426890.898849137127399, 4902379.680142119526863 ], [ -12426893.434219537302852, 4902379.584852791391313 ], [ -12426893.104458959773183, 4902370.827196385711432 ], [ -12426889.526546103879809, 4902370.961919027380645 ], [ -12426889.126547696068883, 4902360.338913060724735 ], [ -12426866.168213108554482, 4902361.201778795570135 ] ] ] } },
{ "type": "Feature", "properties": { "type": "Feature", "properties": { "height": 5.7308244705200186, "confidence": 0.97759997844696012 }, "id": 592, "area": 1364.4082580326858, "perimeter": 172.92160512548952, "cluster": 1 }, "geometry": { "type": "Polygon", "coordinates": [ [ [ -12427017.56042343005538, 4904419.779629713855684 ], [ -12426993.188032260164618, 4904416.618792590685189 ], [ -12426990.118404716253281, 4904440.287890473380685 ], [ -12426990.239696087315679, 4904440.303612172603607 ], [ -12426986.113944554701447, 4904472.133384251967072 ], [ -12427008.307351687923074, 4904475.011630569584668 ], [ -12427009.52598768658936, 4904465.61504602432251 ], [ -12427013.930636692792177, 4904466.186281651258469 ], [ -12427016.215579194948077, 4904448.567685621790588 ], [ -12427010.342713849619031, 4904447.806038123555481 ], [ -12427011.409020351245999, 4904439.584026643075049 ], [ -12427014.932739553973079, 4904440.041015144437551 ], [ -12427017.56042343005538, 4904419.779629713855684 ] ] ] } },
{ "type": "Feature", "properties": { "type": "Feature", "properties": { "height": 5.7167892456054688, "confidence": 0.98320001363754206 }, "id": 593, "area": 254.45037447275081, "perimeter": 69.553847814337288, "cluster": 0 }, "geometry": { "type": "Polygon", "coordinates": [ [ [ -12427038.666767263785005, 4902353.374924890697002 ], [ -12427037.483825035393238, 4902340.947073021903634 ], [ -12427034.524812685325742, 4902341.228725933469832 ], [ -12427033.877010991796851, 4902334.422997528687119 ], [ -12427029.438492467626929, 4902334.84547689370811 ], [ -12427029.72014538012445, 4902337.804489246569574 ], [ -12427021.730812033638358, 4902338.56495210621506 ], [ -12427023.279903046786785, 4902354.839520028792322 ], [ -12427038.666767263785005, 4902353.374924890697002 ] ] ] } },
{ "type": "Feature", "properties": { "type": "Feature", "properties": { "height": 6.3219208717346191, "confidence": 0.99459999799728305 }, "id": 594, "area": 414.09195386784768, "perimeter": 91.0692674749003, "cluster": 0 }, "geometry": { "type": "Polygon", "coordinates": [ [ [ -12427218.035166976973414, 4903766.168340047821403 ], [ -12427222.289323078468442, 4903781.870582981966436 ], [ -12427224.084830516949296, 4903781.384257828816772 ], [ -12427227.968823319301009, 4903795.723919100128114 ], [ -12427239.095600605010986, 4903792.709378588013351 ], [ -12427237.362687593325973, 4903786.311481646262109 ], [ -12427238.34917831979692, 4903786.044215017929673 ], [ -12427231.943392883986235, 4903762.400230967439711 ], [ -12427218.035166976973414, 4903766.168340047821403 ] ] ] } },
{ "type": "Feature", "properties": { "type": "Feature", "properties": { "height": 5.6411442756652832, "confidence": 1.0 }, "id": 595, "area": 405.1638200577882, "perimeter": 87.182875227685201, "cluster": 0 }, "geometry": { "type": "Polygon", "coordinates": [ [ [ -12427436.53214955329895, 4903329.826500812545419 ], [ -12427423.096908757463098, 4903329.940279095433652 ], [ -12427423.350167309865355, 4903360.094930655322969 ], [ -12427436.785408101975918, 4903359.981152367778122 ], [ -12427436.53214955329895, 4903329.826500812545419 ] ] ] } },
{ "type": "Feature", "properties": { "type": "Feature", "properties": { "height": 4.5929141044616699, "confidence": 0.9711999893188471 }, "id": 596, "area": 616.36948885765059, "perimeter": 109.47502359397039, "cluster": 4 }, "geometry": { "type": "Polygon", "coordinates": [ [ [ -12427571.477357193827629, 4903036.959458287805319 ], [ -12427568.809845872223377, 4903029.906645218841732 ], [ -12427571.944429457187653, 4903028.721084631048143 ], [ -12427565.819033082574606, 4903012.525736104696989 ], [ -12427559.288650611415505, 4903014.995653999038041 ], [ -12427558.103090021759272, 4903011.861070414073765 ], [ -12427549.22176986373961, 4903015.220158749260008 ], [ -12427549.122973145917058, 4903014.958943452686071 ], [ -12427539.980437688529491, 4903018.416828502900898 ], [ -12427546.797411076724529, 4903036.44068411923945 ], [ -12427554.730507461354136, 4903033.440232492983341 ], [ -12427557.991326875984669, 4903042.060137728229165 ], [ -12427571.477357193827629, 4903036.959458287805319 ] ] ] } },
{ "type": "Feature", "properties": { "type": "Feature", "properties": { "height": 6.0261631011962891, "confidence": 0.97359997034072809 }, "id": 597, "area": 814.48859054053321, "perimeter": 163.00824374899634, "cluster": 4 }, "geometry": { "type": "Polygon", "coordinates": [ [ [ -12427196.565632298588753, 4903507.882645438425243 ], [ -12427214.178173983469605, 4903507.623782490380108 ], [ -12427214.09042383171618, 4903501.653429377824068 ], [ -12427226.329647716134787, 4903501.473541569896042 ], [ -12427226.237510059028864, 4903495.204670798964798 ], [ -12427232.506380828097463, 4903495.112533139996231 ], [ -12427232.172930255532265, 4903472.425191306509078 ], [ -12427228.292200731113553, 4903472.482228904031217 ], [ -12427228.173738026991487, 4903464.422252203337848 ], [ -12427214.441925866529346, 4903464.624077548272908 ], [ -12427214.639363706111908, 4903478.057372055947781 ], [ -12427212.848257768899202, 4903478.083697100169957 ], [ -12427212.949170446023345, 4903484.949603182263672 ], [ -12427215.337311688810587, 4903484.914503121748567 ], [ -12427215.486486945301294, 4903495.064103413373232 ], [ -12427196.381356978788972, 4903495.344903897494078 ], [ -12427196.565632298588753, 4903507.882645438425243 ] ] ] } },
{ "type": "Feature", "properties": { "type": "Feature", "properties": { "height": 5.4450349807739258, "confidence": 0.99299997091293313 }, "id": 598, "area": 587.10619748128352, "perimeter": 118.07770981832893, "cluster": 4 }, "geometry": { "type": "Polygon", "coordinates": [ [ [ -12427460.714283980429173, 4904025.453302894718945 ], [ -12427457.892251044511795, 4904004.231615221127868 ], [ -12427454.250076040625572, 4903997.239891928620636 ], [ -12427457.303148239850998, 4903995.649465252645314 ], [ -12427453.388251800090075, 4903988.134210609830916 ], [ -12427448.221514234319329, 4903990.825701910071075 ], [ -12427445.53002293407917, 4903985.658964345231652 ], [ -12427433.951917368918657, 4903991.690308108925819 ], [ -12427434.125819720327854, 4903992.998742412775755 ], [ -12427442.276372995227575, 4904008.64500134345144 ], [ -12427445.581656942144036, 4904008.205468902364373 ], [ -12427446.79310766980052, 4904017.31557840295136 ], [ -12427450.000535966828465, 4904023.472737543284893 ], [ -12427450.445401595905423, 4904026.818127058446407 ], [ -12427460.714283980429173, 4904025.453302894718945 ] ] ] } },
{ "type": "Feature", "properties": { "type": "Feature", "properties": { "height": 3.3140096664428711, "confidence": 0.98430001735687211 }, "id": 599, "area": 73.831726179139821, "perimeter": 34.371515437349018, "cluster": 2 }, "geometry": { "type": "Polygon", "coordinates": [ [ [ -12427529.377646781504154, 4902999.182409411296248 ], [ -12427521.001383174210787, 4903000.721301623620093 ], [ -12427522.567265572026372, 4903009.247722232714295 ], [ -12427530.943633332848549, 4903007.709397135302424 ], [ -12427529.377646781504154, 4902999.182409411296248 ] ] ] } },
{ "type": "Feature", "properties": { "type": "Feature", "properties": { "height": 7.1774716377258301, "confidence": 0.97189998626708907 }, "id": 600, "area": 524.08248165105886, "perimeter": 93.540737599623611, "cluster": 0 }, "geometry": { "type": "Polygon", "coordinates": [ [ [ -12426826.861895384266973, 4902553.217856198549271 ], [ -12426822.146775599569082, 4902540.578150488436222 ], [ -12426801.178175296634436, 4902548.400283719412982 ], [ -12426807.292734721675515, 4902564.791432894766331 ], [ -12426807.327193379402161, 4902566.122095889411867 ], [ -12426809.83023894764483, 4902572.833207747898996 ], [ -12426818.760849472135305, 4902569.50235503911972 ], [ -12426818.661294488236308, 4902565.657918252050877 ], [ -12426827.103156980127096, 4902562.509354054927826 ], [ -12426826.861895384266973, 4902553.217856198549271 ] ] ] } },
{ "type": "Feature", "properties": { "type": "Feature", "properties": { "height": 4.5958371162414551, "confidence": 0.96100002527236905 }, "id": 601, "area": 102.8263359904289, "perimeter": 40.599720755117467, "cluster": 2 }, "geometry": { "type": "Polygon", "coordinates": [ [ [ -12426980.043148601427674, 4904027.133006552234292 ], [ -12426970.476979995146394, 4904025.475932968780398 ], [ -12426968.669263361021876, 4904035.911753266118467 ], [ -12426978.235431971028447, 4904037.568826846778393 ], [ -12426980.043148601427674, 4904027.133006552234292 ] ] ] } },
{ "type": "Feature", "properties": { "type": "Feature", "properties": { "height": 6.1449980735778809, "confidence": 0.96139997243881203 }, "id": 602, "area": 660.38025530832101, "perimeter": 128.35049335532804, "cluster": 4 }, "geometry": { "type": "Polygon", "coordinates": [ [ [ -12427116.880409555509686, 4903543.946312498301268 ], [ -12427112.617599565535784, 4903535.873810287564993 ], [ -12427119.969030478969216, 4903531.991773177869618 ], [ -12427115.283491605892777, 4903523.119923265650868 ], [ -12427106.41164169088006, 4903527.804841209203005 ], [ -12427096.300742017105222, 4903508.660322977229953 ], [ -12427084.514534825459123, 4903514.884212480857968 ], [ -12427103.572634685784578, 4903550.974620809778571 ], [ -12427116.880409555509686, 4903543.946312498301268 ] ] ] } },
{ "type": "Feature", "properties": { "type": "Feature", "properties": { "height": 5.0133562088012686, "confidence": 0.99889999628067005 }, "id": 603, "area": 727.28341279189544, "perimeter": 125.2499550417817, "cluster": 4 }, "geometry": { "type": "Polygon", "coordinates": [ [ [ -12426768.002122918143868, 4903424.297473535872996 ], [ -12426768.830957155674696, 4903440.976886999793351 ], [ -12426786.701757296919823, 4903440.088850323110819 ], [ -12426786.450146906077862, 4903435.025456947274506 ], [ -12426795.38554697856307, 4903434.581438605673611 ], [ -12426793.861084006726742, 4903403.90323169529438 ], [ -12426776.883823871612549, 4903404.746866543777287 ], [ -12426777.831063, 4903423.809053363278508 ], [ -12426768.002122918143868, 4903424.297473535872996 ] ] ] } },
{ "type": "Feature", "properties": { "type": "Feature", "properties": { "height": 4.0446648597717276, "confidence": 0.96939998865127508 }, "id": 604, "area": 323.33025637062622, "perimeter": 73.105347007450845, "cluster": 0 }, "geometry": { "type": "Polygon", "coordinates": [ [ [ -12427371.610821837559342, 4904018.304262082092464 ], [ -12427392.232005985453725, 4904024.549213356338441 ], [ -12427396.582133203744888, 4904010.188164906576276 ], [ -12427375.96042874827981, 4904003.941612772643566 ], [ -12427371.610821837559342, 4904018.304262082092464 ] ] ] } },
{ "type": "Feature", "properties": { "type": "Feature", "properties": { "height": 6.3653559684753418, "confidence": 0.9735000133514401 }, "id": 605, "area": 537.35727353730385, "perimeter": 99.593107660886545, "cluster": 0 }, "geometry": { "type": "Polygon", "coordinates": [ [ [ -12427433.088029379025102, 4903604.600272783078253 ], [ -12427428.395232517272234, 4903620.373192464932799 ], [ -12427443.207776499912143, 4903624.779219333082438 ], [ -12427442.024317635223269, 4903628.756932886317372 ], [ -12427455.190771516412497, 4903632.674247794784606 ], [ -12427461.06674388423562, 4903612.924566970206797 ], [ -12427433.088029379025102, 4903604.600272783078253 ] ] ] } },
{ "type": "Feature", "properties": { "type": "Feature", "properties": { "height": 5.2086577415466309, "confidence": 0.96719998121261608 }, "id": 606, "area": 492.26327328762784, "perimeter": 100.74001575411182, "cluster": 0 }, "geometry": { "type": "Polygon", "coordinates": [ [ [ -12427446.63796828687191, 4902259.39675481710583 ], [ -12427436.683148495852947, 4902232.645868016406894 ], [ -12427425.020303340628743, 4902236.985967941582203 ], [ -12427428.386603020131588, 4902246.0336898798123 ], [ -12427419.593242734670639, 4902249.305351647548378 ], [ -12427423.39958443492651, 4902259.533865889534354 ], [ -12427428.120437165722251, 4902257.777423203922808 ], [ -12427430.902152519673109, 4902265.252531161531806 ], [ -12427446.63796828687191, 4902259.39675481710583 ] ] ] } },
{ "type": "Feature", "properties": { "type": "Feature", "properties": { "height": 7.0315384864807129, "confidence": 0.97420001029968206 }, "id": 607, "area": 279.84533486115623, "perimeter": 68.535626542593533, "cluster": 0 }, "geometry": { "type": "Polygon", "coordinates": [ [ [ -12427528.595871491357684, 4903181.774477424100041 ], [ -12427542.267853647470474, 4903197.501494660042226 ], [ -12427552.402406327426434, 4903188.691214784048498 ], [ -12427538.731402335688472, 4903172.964056571945548 ], [ -12427528.595871491357684, 4903181.774477424100041 ] ] ] } },
{ "type": "Feature", "properties": { "type": "Feature", "properties": { "height": 6.0564208030700684, "confidence": 0.98439997434616011 }, "id": 608, "area": 515.13301752039661, "perimeter": 102.34613670400788, "cluster": 0 }, "geometry": { "type": "Polygon", "coordinates": [ [ [ -12426549.174747699871659, 4903124.813387956470251 ], [ -12426533.644088907167315, 4903126.950375301763415 ], [ -12426534.854319650679827, 4903135.741314240731299 ], [ -12426531.924006670713425, 4903136.144519401714206 ], [ -12426532.949694488197565, 4903143.594965520314872 ], [ -12426536.936158541589975, 4903143.046157096512616 ], [ -12426539.136691922321916, 4903159.038639789447188 ], [ -12426553.61226043663919, 4903157.046830738894641 ], [ -12426549.174747699871659, 4903124.813387956470251 ] ] ] } },
{ "type": "Feature", "properties": { "type": "Feature", "properties": { "height": 7.1842665672302246, "confidence": 0.97630000114440907 }, "id": 609, "area": 966.91906804129587, "perimeter": 148.67842961506102, "cluster": 4 }, "geometry": { "type": "Polygon", "coordinates": [ [ [ -12426889.899830168113112, 4902959.450034094974399 ], [ -12426922.247615352272987, 4902958.981389671564102 ], [ -12426922.117869690060616, 4902950.025805132463574 ], [ -12426916.63618422485888, 4902950.105222049169242 ], [ -12426916.423242771998048, 4902935.477782132104039 ], [ -12426907.577016519382596, 4902935.605943444184959 ], [ -12426907.428346687927842, 4902925.344133980572224 ], [ -12426893.696464315056801, 4902925.54403820540756 ], [ -12426893.667801154777408, 4902923.565587921999395 ], [ -12426887.288706615567207, 4902923.658006215468049 ], [ -12426887.497302327305079, 4902937.986926949582994 ], [ -12426883.427212251350284, 4902938.045893121510744 ], [ -12426883.569932479411364, 4902947.897036110982299 ], [ -12426889.730346150696278, 4902947.807785999029875 ], [ -12426889.899830168113112, 4902959.450034094974399 ] ] ] } },
{ "type": "Feature", "properties": { "type": "Feature", "properties": { "height": 5.0041494369506836, "confidence": 1.0 }, "id": 610, "area": 107.18418315120563, "perimeter": 41.497815076736018, "cluster": 2 }, "geometry": { "type": "Polygon", "coordinates": [ [ [ -12427047.202212559059262, 4902481.946839893236756 ], [ -12427037.500511672347784, 4902482.264616770669818 ], [ -12427037.861211797222495, 4902493.300341369584203 ], [ -12427047.563684234395623, 4902492.982539219781756 ], [ -12427047.202212559059262, 4902481.946839893236756 ] ] ] } },
{ "type": "Feature", "properties": { "type": "Feature", "properties": { "height": 3.3223235607147212, "confidence": 0.94480001926422108 }, "id": 611, "area": 234.36026895498969, "perimeter": 64.452306057172834, "cluster": 2 }, "geometry": { "type": "Polygon", "coordinates": [ [ [ -12427090.005407456308603, 4904045.735199823975563 ], [ -12427090.763611748814583, 4904066.608461654745042 ], [ -12427102.094811026006937, 4904066.197658098302782 ], [ -12427101.830292550846934, 4904058.915500119328499 ], [ -12427101.648299032822251, 4904058.922110887244344 ], [ -12427101.155562732368708, 4904045.330959871411324 ], [ -12427090.005407456308603, 4904045.735199823975563 ] ] ] } },
{ "type": "Feature", "properties": { "type": "Feature", "properties": { "height": 4.7067809104919434, "confidence": 0.99010002613067605 }, "id": 612, "area": 665.11498913779565, "perimeter": 108.18313889624085, "cluster": 4 }, "geometry": { "type": "Polygon", "coordinates": [ [ [ -12427193.428657406941056, 4902895.650642840191722 ], [ -12427174.549651097506285, 4902896.559710333123803 ], [ -12427176.244716063141823, 4902931.710781789384782 ], [ -12427195.121267883107066, 4902930.801832486875355 ], [ -12427193.428657406941056, 4902895.650642840191722 ] ] ] } },
{ "type": "Feature", "properties": { "type": "Feature", "properties": { "height": 4.5741539001464844, "confidence": 0.98390001058578402 }, "id": 613, "area": 621.66042208293243, "perimeter": 114.78758409204376, "cluster": 4 }, "geometry": { "type": "Polygon", "coordinates": [ [ [ -12427349.535083439201117, 4902835.623055763542652 ], [ -12427367.962617792189121, 4902865.914428384974599 ], [ -12427377.115406639873981, 4902860.345755830407143 ], [ -12427371.547374678775668, 4902851.192966980859637 ], [ -12427381.136010613292456, 4902845.359119538217783 ], [ -12427371.458240775391459, 4902829.450700826942921 ], [ -12427366.445999262854457, 4902832.500211986713111 ], [ -12427363.264266712591052, 4902827.270046931691468 ], [ -12427349.535083439201117, 4902835.623055763542652 ] ] ] } },
{ "type": "Feature", "properties": { "type": "Feature", "properties": { "height": 5.7756104469299316, "confidence": 0.9689999818801881 }, "id": 614, "area": 507.03927072526022, "perimeter": 92.203485400203519, "cluster": 0 }, "geometry": { "type": "Polygon", "coordinates": [ [ [ -12427358.010591084137559, 4904521.414115647785366 ], [ -12427379.629503829404712, 4904521.830213144421577 ], [ -12427380.10056584328413, 4904497.355544014833868 ], [ -12427360.102970333769917, 4904496.970651880837977 ], [ -12427359.83871603384614, 4904510.700344320386648 ], [ -12427358.218150544911623, 4904510.669153423979878 ], [ -12427358.010591084137559, 4904521.414115647785366 ] ] ] } },
{ "type": "Feature", "properties": { "type": "Feature", "properties": { "height": 5.2922029495239258, "confidence": 0.98659998178482011 }, "id": 615, "area": 457.25517143486297, "perimeter": 91.979190091821636, "cluster": 0 }, "geometry": { "type": "Polygon", "coordinates": [ [ [ -12427481.210134143009782, 4902588.540893732570112 ], [ -12427461.858352910727262, 4902601.074585189111531 ], [ -12427468.125198638066649, 4902610.75047580525279 ], [ -12427471.701071254909039, 4902608.434467600658536 ], [ -12427477.901079477742314, 4902618.007162375375628 ], [ -12427487.997983425855637, 4902611.468342931941152 ], [ -12427486.157197622582316, 4902608.626204662024975 ], [ -12427491.836524724960327, 4902604.947838690131903 ], [ -12427481.210134143009782, 4902588.540893732570112 ] ] ] } },
{ "type": "Feature", "properties": { "type": "Feature", "properties": { "height": 4.7979264259338379, "confidence": 0.9958000183105461 }, "id": 616, "area": 739.20271145966854, "perimeter": 116.64140853490568, "cluster": 4 }, "geometry": { "type": "Polygon", "coordinates": [ [ [ -12426907.517637556418777, 4904131.368652267381549 ], [ -12426906.774050805717707, 4904097.533086942508817 ], [ -12426882.302171904593706, 4904098.072605549357831 ], [ -12426882.540707448497415, 4904108.926732452586293 ], [ -12426886.420401530340314, 4904108.841470417566597 ], [ -12426886.925415117293596, 4904131.82119691092521 ], [ -12426907.517637556418777, 4904131.368652267381549 ] ] ] } },
{ "type": "Feature", "properties": { "type": "Feature", "properties": { "height": 4.3989953994750977, "confidence": 0.99159997701644909 }, "id": 617, "area": 479.23975394183458, "perimeter": 92.984326302423582, "cluster": 0 }, "geometry": { "type": "Polygon", "coordinates": [ [ [ -12427278.636204428970814, 4903009.711733429692686 ], [ -12427286.970306925475597, 4903039.638261815533042 ], [ -12427301.8309241887182, 4903035.500836318358779 ], [ -12427293.498765537515283, 4903005.573766740038991 ], [ -12427278.636204428970814, 4903009.711733429692686 ] ] ] } },
{ "type": "Feature", "properties": { "type": "Feature", "properties": { "height": 6.5309915542602539, "confidence": 0.96619999408721913 }, "id": 618, "area": 474.66331223914443, "perimeter": 99.288867232060298, "cluster": 0 }, "geometry": { "type": "Polygon", "coordinates": [ [ [ -12427336.828007826581597, 4903788.389048903249204 ], [ -12427328.837533792480826, 4903762.488891681656241 ], [ -12427314.660605628043413, 4903766.862624839879572 ], [ -12427319.875441312789917, 4903783.765885340049863 ], [ -12427312.514343997463584, 4903786.036862173117697 ], [ -12427315.289982348680496, 4903795.033758888952434 ], [ -12427336.828007826581597, 4903788.389048903249204 ] ] ] } },
{ "type": "Feature", "properties": { "type": "Feature", "properties": { "height": 5.3573217391967773, "confidence": 0.96920001506805409 }, "id": 619, "area": 391.27500246798911, "perimeter": 89.317164340067507, "cluster": 0 }, "geometry": { "type": "Polygon", "coordinates": [ [ [ -12426819.568868706002831, 4902687.837236576713622 ], [ -12426817.985467100515962, 4902678.355408348143101 ], [ -12426815.080651564523578, 4902678.840493023395538 ], [ -12426811.830584226176143, 4902659.378228935413063 ], [ -12426799.630358977243304, 4902661.415584580041468 ], [ -12426804.463656166568398, 4902690.35864838398993 ], [ -12426819.568868706002831, 4902687.837236576713622 ] ] ] } },
{ "type": "Feature", "properties": { "type": "Feature", "properties": { "height": 5.9954419136047363, "confidence": 0.9980999827384941 }, "id": 620, "area": 606.5737622663645, "perimeter": 113.95409941810624, "cluster": 4 }, "geometry": { "type": "Polygon", "coordinates": [ [ [ -12427104.116580862551928, 4903056.42347308434546 ], [ -12427087.724343424662948, 4903055.724783792160451 ], [ -12427087.147381, 4903069.261137041263282 ], [ -12427092.214057484641671, 4903069.477449515834451 ], [ -12427091.698539013043046, 4903081.572240835987031 ], [ -12427095.757472775876522, 4903081.745245504193008 ], [ -12427095.579333091154695, 4903085.917802608571947 ], [ -12427109.999213030561805, 4903086.532423748634756 ], [ -12427110.494647255167365, 4903074.908837203867733 ], [ -12427114.071135424077511, 4903075.061278504319489 ], [ -12427114.370629411190748, 4903068.034726656042039 ], [ -12427111.390231478959322, 4903067.907484020106494 ], [ -12427111.707816574722528, 4903060.456489193253219 ], [ -12427103.958781952038407, 4903060.125658349134028 ], [ -12427104.116580862551928, 4903056.42347308434546 ] ] ] } },
{ "type": "Feature", "properties": { "type": "Feature", "properties": { "height": 6.1118831634521484, "confidence": 0.96869999170303311 }, "id": 621, "area": 256.58926836090757, "perimeter": 67.250509878619567, "cluster": 2 }, "geometry": { "type": "Polygon", "coordinates": [ [ [ -12427273.318536680191755, 4902643.577898671850562 ], [ -12427264.930702546611428, 4902623.326906086876988 ], [ -12427254.115132205188274, 4902627.8074044669047 ], [ -12427262.503908446058631, 4902648.057249867357314 ], [ -12427273.318536680191755, 4902643.577898671850562 ] ] ] } },
{ "type": "Feature", "properties": { "type": "Feature", "properties": { "height": 5.5625734329223633, "confidence": 0.99299997091293313 }, "id": 622, "area": 532.10879680067364, "perimeter": 98.323151415175005, "cluster": 0 }, "geometry": { "type": "Polygon", "coordinates": [ [ [ -12427426.289508746936917, 4904171.523571629077196 ], [ -12427424.136789862066507, 4904138.521374810487032 ], [ -12427408.081667086109519, 4904139.568643457256258 ], [ -12427410.234385970979929, 4904172.570840276777744 ], [ -12427426.289508746936917, 4904171.523571629077196 ] ] ] } },
{ "type": "Feature", "properties": { "type": "Feature", "properties": { "height": 4.7353777885437012, "confidence": 0.99970000982284513 }, "id": 623, "area": 657.19051485660509, "perimeter": 113.52413317605513, "cluster": 4 }, "geometry": { "type": "Polygon", "coordinates": [ [ [ -12426724.543172238394618, 4903351.086203401908278 ], [ -12426722.921250883489847, 4903337.430332826450467 ], [ -12426717.621489621698856, 4903338.059419828467071 ], [ -12426716.922091923654079, 4903332.170796206220984 ], [ -12426713.553778467699885, 4903332.570618409663439 ], [ -12426712.483739692717791, 4903323.556046476587653 ], [ -12426693.345712918788195, 4903325.829088989645243 ], [ -12426695.254384448751807, 4903341.908746323548257 ], [ -12426698.198720382526517, 4903341.559250679798424 ], [ -12426699.680104691535234, 4903354.039214716292918 ], [ -12426724.543172238394618, 4903351.086203401908278 ] ] ] } },
{ "type": "Feature", "properties": { "type": "Feature", "properties": { "height": 4.5702853202819824, "confidence": 0.98449999094009411 }, "id": 624, "area": 568.27686771442723, "perimeter": 109.95775051742088, "cluster": 4 }, "geometry": { "type": "Polygon", "coordinates": [ [ [ -12427152.505812482908368, 4904254.451894297264516 ], [ -12427151.586960755288601, 4904244.986462803557515 ], [ -12427153.065934425219893, 4904244.842892219312489 ], [ -12427150.969803921878338, 4904223.249876626767218 ], [ -12427136.475861946120858, 4904224.656868332065642 ], [ -12427137.107572510838509, 4904231.164352484978735 ], [ -12427127.937935750931501, 4904232.054490095004439 ], [ -12427129.258785109966993, 4904245.661047868430614 ], [ -12427138.241250012069941, 4904244.789079866372049 ], [ -12427139.304431151598692, 4904255.733411365188658 ], [ -12427152.505812482908368, 4904254.451894297264516 ] ] ] } },
{ "type": "Feature", "properties": { "type": "Feature", "properties": { "height": 3.649763822555542, "confidence": 0.99589997529983509 }, "id": 625, "area": 283.115219876239, "perimeter": 67.71119175669881, "cluster": 0 }, "geometry": { "type": "Polygon", "coordinates": [ [ [ -12427428.854407258331776, 4902633.621263361535966 ], [ -12427439.3952920679003, 4902649.165505511686206 ], [ -12427451.871591687202454, 4902640.705058490857482 ], [ -12427441.330706875771284, 4902625.160816342569888 ], [ -12427428.854407258331776, 4902633.621263361535966 ] ] ] } },
{ "type": "Feature", "properties": { "type": "Feature", "properties": { "height": 2.9123711585998531, "confidence": 0.94870001077651911 }, "id": 626, "area": 17.475166767042804, "perimeter": 17.066129597415607, "cluster": 2 }, "geometry": { "type": "Polygon", "coordinates": [ [ [ -12427074.528348574414849, 4902276.708086656406522 ], [ -12427073.490177715197206, 4902273.456577398814261 ], [ -12427068.612913830205798, 4902275.013833688572049 ], [ -12427069.651084691286087, 4902278.265342944301665 ], [ -12427074.528348574414849, 4902276.708086656406522 ] ] ] } },
{ "type": "Feature", "properties": { "type": "Feature", "properties": { "height": 6.4490690231323242, "confidence": 0.96410000324249212 }, "id": 627, "area": 407.05340269540926, "perimeter": 83.959857410043327, "cluster": 0 }, "geometry": { "type": "Polygon", "coordinates": [ [ [ -12427336.395540500059724, 4902714.908456248231232 ], [ -12427334.973388990387321, 4902712.961378751322627 ], [ -12427345.098191974684596, 4902705.566190905869007 ], [ -12427335.210818877443671, 4902692.02931980509311 ], [ -12427316.794794302433729, 4902705.479152983054519 ], [ -12427328.104226065799594, 4902720.964458305388689 ], [ -12427336.395540500059724, 4902714.908456248231232 ] ] ] } },
{ "type": "Feature", "properties": { "type": "Feature", "properties": { "height": 8.0081310272216797, "confidence": 0.91070002317428511 }, "id": 628, "area": 570.13717706763055, "perimeter": 100.94551006036909, "cluster": 0 }, "geometry": { "type": "Polygon", "coordinates": [ [ [ -12427833.950511340051889, 4903674.320311578921974 ], [ -12427838.180223185569048, 4903657.785667839460075 ], [ -12427805.815581124275923, 4903649.508763996884227 ], [ -12427801.586955476552248, 4903666.043685520999134 ], [ -12427833.950511340051889, 4903674.320311578921974 ] ] ] } },
{ "type": "Feature", "properties": { "type": "Feature", "properties": { "height": 4.8873739242553711, "confidence": 0.9979000091552731 }, "id": 629, "area": 505.75753457515418, "perimeter": 99.463361470841022, "cluster": 0 }, "geometry": { "type": "Polygon", "coordinates": [ [ [ -12427715.366630770266056, 4903047.150182955898345 ], [ -12427731.377516113221645, 4903047.284652878530324 ], [ -12427731.469212904572487, 4903036.366621748544276 ], [ -12427736.953977210447192, 4903036.412302524782717 ], [ -12427737.098201103508472, 4903019.095739498734474 ], [ -12427727.136229814961553, 4903019.012769551947713 ], [ -12427727.106139656156301, 4903022.595504641532898 ], [ -12427715.571938609704375, 4903022.499440116807818 ], [ -12427715.366630770266056, 4903047.150182955898345 ] ] ] } },
{ "type": "Feature", "properties": { "type": "Feature", "properties": { "height": 7.180152416229248, "confidence": 0.98159998655319203 }, "id": 630, "area": 724.95206974367022, "perimeter": 109.27908436713024, "cluster": 4 }, "geometry": { "type": "Polygon", "coordinates": [ [ [ -12426899.231566034257412, 4902574.808061743155122 ], [ -12426876.54014534689486, 4902574.944642242975533 ], [ -12426876.732436310499907, 4902606.891774001531303 ], [ -12426899.423857001587749, 4902606.755193501710892 ], [ -12426899.231566034257412, 4902574.808061743155122 ] ] ] } },
{ "type": "Feature", "properties": { "type": "Feature", "properties": { "height": 5.7016167640686026, "confidence": 0.98729997873306208 }, "id": 631, "area": 363.80941380518198, "perimeter": 77.823080134706032, "cluster": 0 }, "geometry": { "type": "Polygon", "coordinates": [ [ [ -12427159.675208838656545, 4902315.562409018166363 ], [ -12427168.925662945955992, 4902336.938842509873211 ], [ -12427183.260447759181261, 4902330.735596814192832 ], [ -12427174.009993653744459, 4902309.359163323417306 ], [ -12427159.675208838656545, 4902315.562409018166363 ] ] ] } },
{ "type": "Feature", "properties": { "type": "Feature", "properties": { "height": 5.7269673347473145, "confidence": 0.96969997882843006 }, "id": 632, "area": 717.14284798568565, "perimeter": 122.87779338076929, "cluster": 4 }, "geometry": { "type": "Polygon", "coordinates": [ [ [ -12427199.260509407147765, 4903707.826316414400935 ], [ -12427204.479983143508434, 4903706.287652965635061 ], [ -12427205.856682019308209, 4903710.957708411850035 ], [ -12427219.187724683433771, 4903707.027812574990094 ], [ -12427212.950726546347141, 4903685.875610012561083 ], [ -12427209.654279394075274, 4903686.847379011102021 ], [ -12427205.037280771881342, 4903671.189255033619702 ], [ -12427186.214362975209951, 4903676.738116298802197 ], [ -12427190.58740646392107, 4903691.572410075925291 ], [ -12427194.158625336363912, 4903690.519640343263745 ], [ -12427199.260509407147765, 4903707.826316414400935 ] ] ] } },
{ "type": "Feature", "properties": { "type": "Feature", "properties": { "height": 4.8838286399841309, "confidence": 0.97780001163482611 }, "id": 633, "area": 518.42463485904341, "perimeter": 97.12088956135203, "cluster": 0 }, "geometry": { "type": "Polygon", "coordinates": [ [ [ -12427288.102717699483037, 4902390.034028659574687 ], [ -12427275.106007987633348, 4902366.637658702209592 ], [ -12427268.374448651447892, 4902370.376576315611601 ], [ -12427266.473325122147799, 4902366.953787383623421 ], [ -12427257.574073893949389, 4902371.896708560176194 ], [ -12427272.471120109781623, 4902398.717398625798523 ], [ -12427288.102717699483037, 4902390.034028659574687 ] ] ] } },
{ "type": "Feature", "properties": { "type": "Feature", "properties": { "height": 5.9108552932739258, "confidence": 0.97149997949600209 }, "id": 634, "area": 372.05573075078087, "perimeter": 86.775433336748023, "cluster": 0 }, "geometry": { "type": "Polygon", "coordinates": [ [ [ -12427307.61643123999238, 4902594.592640188522637 ], [ -12427297.908095460385084, 4902600.740528074093163 ], [ -12427313.158457573503256, 4902624.822885932400823 ], [ -12427325.732432030141354, 4902616.860307482071221 ], [ -12427318.7145662792027, 4902605.778160505928099 ], [ -12427315.849577017128468, 4902607.592439819127321 ], [ -12427307.61643123999238, 4902594.592640188522637 ] ] ] } },
{ "type": "Feature", "properties": { "type": "Feature", "properties": { "height": 4.723691463470459, "confidence": 0.96549999713897705 }, "id": 635, "area": 330.41411672819669, "perimeter": 84.817545907679275, "cluster": 0 }, "geometry": { "type": "Polygon", "coordinates": [ [ [ -12427388.231529679149389, 4902544.408253866247833 ], [ -12427390.26620320789516, 4902548.655356183648109 ], [ -12427397.177256442606449, 4902545.344938464462757 ], [ -12427390.373216181993484, 4902531.140361130237579 ], [ -12427366.330786626785994, 4902542.65844835806638 ], [ -12427371.100206680595875, 4902552.615414133295417 ], [ -12427388.231529679149389, 4902544.408253866247833 ] ] ] } },
{ "type": "Feature", "properties": { "type": "Feature", "properties": { "height": 5.1268410682678223, "confidence": 0.99150002002716009 }, "id": 636, "area": 764.592737806331, "perimeter": 132.21603709824993, "cluster": 4 }, "geometry": { "type": "Polygon", "coordinates": [ [ [ -12427386.268605351448059, 4904427.175012920051813 ], [ -12427421.799799809232354, 4904427.229722205549479 ], [ -12427421.832274306565523, 4904405.134693718515337 ], [ -12427411.261055529117584, 4904405.118416645564139 ], [ -12427411.253699658438563, 4904409.895719587802887 ], [ -12427377.812579069286585, 4904409.844228501431644 ], [ -12427377.794649137184024, 4904421.488904420286417 ], [ -12427386.276943400502205, 4904421.501965064555407 ], [ -12427386.268605351448059, 4904427.175012920051813 ] ] ] } },
{ "type": "Feature", "properties": { "type": "Feature", "properties": { "height": 4.6336669921875, "confidence": 0.99430000782012906 }, "id": 637, "area": 763.970336200171, "perimeter": 139.09152556316039, "cluster": 4 }, "geometry": { "type": "Polygon", "coordinates": [ [ [ -12427281.423908228054643, 4904290.227929596789181 ], [ -12427300.048655096441507, 4904290.171878074295819 ], [ -12427300.001342799514532, 4904274.808285648003221 ], [ -12427315.746174167841673, 4904259.527380232699215 ], [ -12427305.598920019343495, 4904249.072057000361383 ], [ -12427297.603672843426466, 4904256.831721935421228 ], [ -12427292.679270094260573, 4904251.757815074175596 ], [ -12427281.859345318749547, 4904262.25892767496407 ], [ -12427286.729315867647529, 4904267.277111665345728 ], [ -12427286.768684949725866, 4904280.358633713796735 ], [ -12427281.394255077466369, 4904280.3748081587255 ], [ -12427281.423908228054643, 4904290.227929596789181 ] ] ] } },
{ "type": "Feature", "properties": { "type": "Feature", "properties": { "height": 5.1400570869445801, "confidence": 0.95980000495910611 }, "id": 638, "area": 436.66073852781608, "perimeter": 91.744970937676939, "cluster": 0 }, "geometry": { "type": "Polygon", "coordinates": [ [ [ -12427541.313009593635798, 4904067.139494174160063 ], [ -12427535.371617773547769, 4904079.899242600426078 ], [ -12427546.319590410217643, 4904084.997007296420634 ], [ -12427543.294964633882046, 4904091.493677927181125 ], [ -12427554.67648290283978, 4904096.792520276270807 ], [ -12427563.642569346353412, 4904077.53692985419184 ], [ -12427541.313009593635798, 4904067.139494174160063 ] ] ] } },
{ "type": "Feature", "properties": { "type": "Feature", "properties": { "height": 7.0530505180358887, "confidence": 0.99459999799728305 }, "id": 639, "area": 3193.4326960577009, "perimeter": 283.39939221390898, "cluster": 3 }, "geometry": { "type": "Polygon", "coordinates": [ [ [ -12427155.664754444733262, 4901836.665346201509237 ], [ -12427161.103316478431225, 4901852.74026848655194 ], [ -12427155.209178308025002, 4901854.734407899901271 ], [ -12427161.191596543416381, 4901872.416822412982583 ], [ -12427168.961142314597964, 4901869.788184097036719 ], [ -12427177.662841565907001, 4901895.508059752173722 ], [ -12427174.447857111692429, 4901896.595772158354521 ], [ -12427176.855433106422424, 4901903.711917344480753 ], [ -12427181.409897651523352, 4901902.17070541344583 ], [ -12427183.35326805151999, 4901907.914784076623619 ], [ -12427217.110604846850038, 4901896.493803807534277 ], [ -12427214.391323830932379, 4901888.456342667341232 ], [ -12427218.410054402425885, 4901887.09670215845108 ], [ -12427216.053344188258052, 4901880.130902502685785 ], [ -12427210.695036759600043, 4901881.943756511434913 ], [ -12427201.902694806456566, 4901855.955965485423803 ], [ -12427207.796832976862788, 4901853.961826073937118 ], [ -12427201.814414743334055, 4901836.279411559924483 ], [ -12427194.044868972152472, 4901838.908049877732992 ], [ -12427188.878235040232539, 4901823.636873706243932 ], [ -12427179.769112413749099, 4901826.718725523911417 ], [ -12427178.318829204887152, 4901822.432079581543803 ], [ -12427161.440160801634192, 4901828.142569717019796 ], [ -12427163.434300215914845, 4901834.036707887426019 ], [ -12427155.664754444733262, 4901836.665346201509237 ] ] ] } },
{ "type": "Feature", "properties": { "type": "Feature", "properties": { "height": 3.8081343173980708, "confidence": 0.97409999370574907 }, "id": 640, "area": 503.46671011865385, "perimeter": 117.65019766710304, "cluster": 4 }, "geometry": { "type": "Polygon", "coordinates": [ [ [ -12427368.940081529319286, 4903007.51566375605762 ], [ -12427355.487993808463216, 4903014.255830047652125 ], [ -12427353.215915167704225, 4903009.721193975768983 ], [ -12427337.702686503529549, 4903017.494094592519104 ], [ -12427341.648928353562951, 4903025.370041457004845 ], [ -12427336.159632055088878, 4903028.120452443137765 ], [ -12427341.301704769954085, 4903038.383049866184592 ], [ -12427348.938986575230956, 4903034.556391101330519 ], [ -12427346.729252446442842, 4903030.146182798780501 ], [ -12427373.546345854178071, 4903016.707605752162635 ], [ -12427368.940081529319286, 4903007.51566375605762 ] ] ] } },
{ "type": "Feature", "properties": { "type": "Feature", "properties": { "height": 4.4575967788696289, "confidence": 0.99049997329711903 }, "id": 641, "area": 600.74341459904144, "perimeter": 108.26889161084458, "cluster": 4 }, "geometry": { "type": "Polygon", "coordinates": [ [ [ -12426699.76594191417098, 4903490.59342831466347 ], [ -12426715.576970269903541, 4903491.060411376878619 ], [ -12426715.756986748427153, 4903484.979854685254395 ], [ -12426719.038514140993357, 4903485.077005169354379 ], [ -12426719.89520475640893, 4903456.13989997189492 ], [ -12426705.874133165925741, 4903455.724802457727492 ], [ -12426705.591513583436608, 4903465.27106396574527 ], [ -12426700.520062156021595, 4903465.120922311209142 ], [ -12426699.76594191417098, 4903490.59342831466347 ] ] ] } },
{ "type": "Feature", "properties": { "type": "Feature", "properties": { "height": 5.6254944801330566, "confidence": 0.9980000257492061 }, "id": 642, "area": 314.5727562655253, "perimeter": 77.121558681508446, "cluster": 0 }, "geometry": { "type": "Polygon", "coordinates": [ [ [ -12426709.937030378729105, 4903301.049141219817102 ], [ -12426709.654655933380127, 4903289.112555222585797 ], [ -12426697.547958981245756, 4903289.399801183491945 ], [ -12426698.083318777382374, 4903311.963874249719083 ], [ -12426714.067854283377528, 4903311.585740642622113 ], [ -12426713.816420827060938, 4903300.957098011858761 ], [ -12426709.937030378729105, 4903301.049141219817102 ] ] ] } },
{ "type": "Feature", "properties": { "type": "Feature", "properties": { "height": 5.278292179107666, "confidence": 0.98509997129440308 }, "id": 643, "area": 818.27927302998205, "perimeter": 126.76200350873052, "cluster": 4 }, "geometry": { "type": "Polygon", "coordinates": [ [ [ -12427124.580717161297798, 4902138.882412032224238 ], [ -12427114.6393390763551, 4902141.13188539352268 ], [ -12427119.074015127494931, 4902160.730602187104523 ], [ -12427131.568531725555658, 4902157.903420485556126 ], [ -12427133.687827127054334, 4902158.319625894539058 ], [ -12427138.889379842206836, 4902157.142650816589594 ], [ -12427143.724482275545597, 4902132.522571143694222 ], [ -12427141.384133890271187, 4902132.062953454442322 ], [ -12427138.413638496771455, 4902118.939132133498788 ], [ -12427136.513554325327277, 4902118.565977305173874 ], [ -12427120.788747785612941, 4902122.124088978394866 ], [ -12427124.580717161297798, 4902138.882412032224238 ] ] ] } },
{ "type": "Feature", "properties": { "type": "Feature", "properties": { "height": 5.208733081817627, "confidence": 0.90119999647140503 }, "id": 644, "area": 371.54123275704626, "perimeter": 81.44121434965956, "cluster": 0 }, "geometry": { "type": "Polygon", "coordinates": [ [ [ -12427268.211115946993232, 4902819.621510152705014 ], [ -12427242.287551073357463, 4902826.868060967884958 ], [ -12427246.003472639247775, 4902840.161272620782256 ], [ -12427271.92790044285357, 4902832.914480578154325 ], [ -12427268.211115946993232, 4902819.621510152705014 ] ] ] } },
{ "type": "Feature", "properties": { "type": "Feature", "properties": { "height": 3.1950232982635498, "confidence": 0.97259998321533203 }, "id": 645, "area": 286.52334633854406, "perimeter": 69.549167062866033, "cluster": 0 }, "geometry": { "type": "Polygon", "coordinates": [ [ [ -12427427.56079051271081, 4902810.250072354450822 ], [ -12427409.790176825597882, 4902822.104196028783917 ], [ -12427417.23346378467977, 4902833.262488346546888 ], [ -12427435.004077471792698, 4902821.40836467128247 ], [ -12427427.56079051271081, 4902810.250072354450822 ] ] ] } },
{ "type": "Feature", "properties": { "type": "Feature", "properties": { "height": 4.7066183090209961, "confidence": 0.98500001430511408 }, "id": 646, "area": 392.0991984618725, "perimeter": 85.548981132632861, "cluster": 0 }, "geometry": { "type": "Polygon", "coordinates": [ [ [ -12427484.436025215312839, 4902939.493538997136056 ], [ -12427470.845819279551506, 4902920.919130882248282 ], [ -12427459.955266192555428, 4902928.887344907969236 ], [ -12427465.861217649653554, 4902936.959301520138979 ], [ -12427460.804720779880881, 4902940.65859895478934 ], [ -12427468.488612012937665, 4902951.160553992725909 ], [ -12427484.436025215312839, 4902939.493538997136056 ] ] ] } },
{ "type": "Feature", "properties": { "type": "Feature", "properties": { "height": 6.4949069023132324, "confidence": 0.98259997367858809 }, "id": 647, "area": 744.07243477365046, "perimeter": 120.34803115286313, "cluster": 4 }, "geometry": { "type": "Polygon", "coordinates": [ [ [ -12426910.631338499486446, 4902782.21525916364044 ], [ -12426910.278470089659095, 4902767.892009644769132 ], [ -12426904.31044945679605, 4902768.039038146845996 ], [ -12426903.78114684484899, 4902746.554163873195648 ], [ -12426885.402780624106526, 4902747.006934372708201 ], [ -12426886.282446993514895, 4902782.815119869075716 ], [ -12426910.631338499486446, 4902782.21525916364044 ] ] ] } },
{ "type": "Feature", "properties": { "type": "Feature", "properties": { "height": 4.1999382972717276, "confidence": 0.99599999189376809 }, "id": 648, "area": 289.89615248932984, "perimeter": 71.824686358169259, "cluster": 0 }, "geometry": { "type": "Polygon", "coordinates": [ [ [ -12427244.762816904112697, 4902722.034505162388086 ], [ -12427232.05065156146884, 4902728.620132810436189 ], [ -12427241.983131021261215, 4902747.795280293561518 ], [ -12427252.950827334076166, 4902742.114154847338796 ], [ -12427248.438452834263444, 4902733.40396748110652 ], [ -12427250.183765875175595, 4902732.499917800538242 ], [ -12427244.762816904112697, 4902722.034505162388086 ] ] ] } },
{ "type": "Feature", "properties": { "type": "Feature", "properties": { "height": 2.9447512626647949, "confidence": 1.0 }, "id": 649, "area": 16.394272131746302, "perimeter": 18.559795615298814, "cluster": 2 }, "geometry": { "type": "Polygon", "coordinates": [ [ [ -12427256.562694063410163, 4902755.755101604387164 ], [ -12427251.790185950696468, 4902750.76354930922389 ], [ -12427250.074339848011732, 4902752.404098971746862 ], [ -12427254.846847960725427, 4902757.395651268772781 ], [ -12427256.562694063410163, 4902755.755101604387164 ] ] ] } },
{ "type": "Feature", "properties": { "type": "Feature", "properties": { "height": 4.6091909408569345, "confidence": 0.98059999942779508 }, "id": 650, "area": 234.66697552722752, "perimeter": 63.170622962413063, "cluster": 2 }, "geometry": { "type": "Polygon", "coordinates": [ [ [ -12428036.233695032075047, 4904111.477528064511716 ], [ -12428029.496812192723155, 4904093.03756982460618 ], [ -12428018.26969943754375, 4904097.138514774851501 ], [ -12428025.00544361025095, 4904115.578888938762248 ], [ -12428036.233695032075047, 4904111.477528064511716 ] ] ] } },
{ "type": "Feature", "properties": { "type": "Feature", "properties": { "height": 5.4096474647521973, "confidence": 0.98669999837875311 }, "id": 651, "area": 603.76389093765101, "perimeter": 122.49805850550189, "cluster": 4 }, "geometry": { "type": "Polygon", "coordinates": [ [ [ -12426645.901575492694974, 4903424.56291854288429 ], [ -12426656.094807086512446, 4903437.31382845249027 ], [ -12426645.787698842585087, 4903436.90913306362927 ], [ -12426645.347565073519945, 4903448.11881459876895 ], [ -12426659.219978904351592, 4903448.664468055590987 ], [ -12426659.539830487221479, 4903440.532725314609706 ], [ -12426676.033660097047687, 4903427.347358444705606 ], [ -12426664.204513052478433, 4903412.551345754414797 ], [ -12426661.080520663410425, 4903412.42868619877845 ], [ -12426645.901575492694974, 4903424.56291854288429 ] ] ] } },
{ "type": "Feature", "properties": { "type": "Feature", "properties": { "height": 4.2392902374267578, "confidence": 0.88249999284744207 }, "id": 652, "area": 944.8451806516714, "perimeter": 134.30002217325242, "cluster": 4 }, "geometry": { "type": "Polygon", "coordinates": [ [ [ -12426845.404730163514614, 4903578.903139459900558 ], [ -12426846.555491657927632, 4903541.018162002786994 ], [ -12426832.83337383903563, 4903540.601350751705468 ], [ -12426832.570601526647806, 4903549.252251117490232 ], [ -12426826.007849527522922, 4903549.052906603552401 ], [ -12426825.908177275210619, 4903552.334282608702779 ], [ -12426816.958969997242093, 4903552.062449183315039 ], [ -12426816.170653069391847, 4903578.015150278806686 ], [ -12426845.404730163514614, 4903578.903139459900558 ] ] ] } },
{ "type": "Feature", "properties": { "type": "Feature", "properties": { "height": 5.1174139976501456, "confidence": 0.98250001668930009 }, "id": 653, "area": 719.50437876531134, "perimeter": 134.94004451860198, "cluster": 4 }, "geometry": { "type": "Polygon", "coordinates": [ [ [ -12427054.387201257050037, 4903999.264237122610211 ], [ -12427051.005098417401314, 4903988.041876375675201 ], [ -12427043.614763291552663, 4903990.269632073119283 ], [ -12427045.26456955447793, 4903995.743954385630786 ], [ -12427032.947344344109297, 4903999.456880548968911 ], [ -12427042.87979075498879, 4904032.414333946071565 ], [ -12427058.755632445216179, 4904027.629803265444934 ], [ -12427057.188286192715168, 4904022.429096506908536 ], [ -12427062.553608162328601, 4904020.812139870598912 ], [ -12427057.981678582727909, 4904005.645265062339604 ], [ -12427051.522569002583623, 4904007.592310480773449 ], [ -12427049.46031117066741, 4904000.749407587572932 ], [ -12427054.387201257050037, 4903999.264237122610211 ] ] ] } },
{ "type": "Feature", "properties": { "type": "Feature", "properties": { "height": 5.688483715057373, "confidence": 0.93889999389648404 }, "id": 654, "area": 430.63023937832736, "perimeter": 90.626015572198213, "cluster": 0 }, "geometry": { "type": "Polygon", "coordinates": [ [ [ -12427094.530795577913523, 4903843.188081286847591 ], [ -12427121.774188986048102, 4903857.503828606568277 ], [ -12427125.410554178059101, 4903850.584613551385701 ], [ -12427123.202237626537681, 4903849.424041812308133 ], [ -12427126.328359168022871, 4903843.474917594343424 ], [ -12427101.292966473847628, 4903830.319421488791704 ], [ -12427094.530795577913523, 4903843.188081286847591 ] ] ] } },
{ "type": "Feature", "properties": { "type": "Feature", "properties": { "height": 5.8433637619018555, "confidence": 0.94029998779296808 }, "id": 655, "area": 540.5689742525077, "perimeter": 99.176396620069085, "cluster": 0 }, "geometry": { "type": "Polygon", "coordinates": [ [ [ -12427491.217507388442755, 4903595.8244404271245 ], [ -12427520.418364387005568, 4903612.051680389791727 ], [ -12427528.278433743864298, 4903597.907515279017389 ], [ -12427499.07757674343884, 4903581.680275321006775 ], [ -12427491.217507388442755, 4903595.8244404271245 ] ] ] } },
{ "type": "Feature", "properties": { "type": "Feature", "properties": { "height": 7.1484360694885254, "confidence": 0.95509999990463212 }, "id": 656, "area": 458.85864011705286, "perimeter": 90.201433790031871, "cluster": 0 }, "geometry": { "type": "Polygon", "coordinates": [ [ [ -12427820.047142449766397, 4903708.175037066452205 ], [ -12427825.15974360704422, 4903693.538922995328903 ], [ -12427797.218071283772588, 4903683.778502601198852 ], [ -12427792.105470126494765, 4903698.414616676978767 ], [ -12427820.047142449766397, 4903708.175037066452205 ] ] ] } },
{ "type": "Feature", "properties": { "type": "Feature", "properties": { "height": 6.1303420066833496, "confidence": 0.9979000091552731 }, "id": 657, "area": 459.65270093212661, "perimeter": 91.923235820939851, "cluster": 0 }, "geometry": { "type": "Polygon", "coordinates": [ [ [ -12426906.11234163865447, 4903063.468317448161542 ], [ -12426891.012160517275333, 4903063.942840216681361 ], [ -12426891.359758304432034, 4903074.979456210508943 ], [ -12426889.755063595250249, 4903075.029883697628975 ], [ -12426890.229637520387769, 4903090.131692645139992 ], [ -12426910.030846579000354, 4903089.508054343052208 ], [ -12426909.621022092178464, 4903076.495671497657895 ], [ -12426906.524783499538898, 4903076.592970709316432 ], [ -12426906.11234163865447, 4903063.468317448161542 ] ] ] } },
{ "type": "Feature", "properties": { "type": "Feature", "properties": { "height": 4.0404314994812012, "confidence": 0.97600001096725408 }, "id": 658, "area": 463.11936548393243, "perimeter": 96.447582950395841, "cluster": 0 }, "geometry": { "type": "Polygon", "coordinates": [ [ [ -12427541.69245240278542, 4902888.788419704884291 ], [ -12427535.027069695293903, 4902893.176805419847369 ], [ -12427533.92997326515615, 4902891.510459740646183 ], [ -12427520.52118699811399, 4902900.338598911650479 ], [ -12427524.015669757500291, 4902905.645696026273072 ], [ -12427517.767275208607316, 4902909.759980454109609 ], [ -12427523.461455527693033, 4902918.407774713821709 ], [ -12427549.78353856317699, 4902901.077719065360725 ], [ -12427541.69245240278542, 4902888.788419704884291 ] ] ] } },
{ "type": "Feature", "properties": { "type": "Feature", "properties": { "height": 5.3047990798950186, "confidence": 0.91900002956390303 }, "id": 659, "area": 523.94362123262499, "perimeter": 110.45388639172498, "cluster": 4 }, "geometry": { "type": "Polygon", "coordinates": [ [ [ -12427558.999159403145313, 4903984.441907434724271 ], [ -12427519.654545743018389, 4903999.471505794674158 ], [ -12427524.332632649689913, 4904011.717842496931553 ], [ -12427540.071036776527762, 4904005.705789742991328 ], [ -12427539.672965377569199, 4904004.663524005562067 ], [ -12427563.279111254960299, 4903995.646002718247473 ], [ -12427558.999159403145313, 4903984.441907434724271 ] ] ] } },
{ "type": "Feature", "properties": { "type": "Feature", "properties": { "height": 4.1205673217773438, "confidence": 0.97610002756118708 }, "id": 660, "area": 376.96611291917276, "perimeter": 91.869384972923129, "cluster": 0 }, "geometry": { "type": "Polygon", "coordinates": [ [ [ -12427634.346041180193424, 4903148.41014046408236 ], [ -12427613.681465888395905, 4903153.246530424803495 ], [ -12427617.060313666239381, 4903167.683425491675735 ], [ -12427631.497208734974265, 4903164.304577709175646 ], [ -12427633.021002830937505, 4903170.815334308892488 ], [ -12427642.362523170188069, 4903168.629021039232612 ], [ -12427640.97123290784657, 4903162.684417187236249 ], [ -12427637.85739279538393, 4903163.413188276812434 ], [ -12427634.346041180193424, 4903148.41014046408236 ] ] ] } },
{ "type": "Feature", "properties": { "type": "Feature", "properties": { "height": 5.0332603454589844, "confidence": 0.98390001058578402 }, "id": 661, "area": 243.83279663976276, "perimeter": 65.67660490426546, "cluster": 2 }, "geometry": { "type": "Polygon", "coordinates": [ [ [ -12426790.504884630441666, 4904044.910957098938525 ], [ -12426790.906476130709052, 4904066.401366760022938 ], [ -12426802.248636785894632, 4904066.189415688626468 ], [ -12426801.847045283764601, 4904044.6990060294047 ], [ -12426790.504884630441666, 4904044.910957098938525 ] ] ] } },
{ "type": "Feature", "properties": { "type": "Feature", "properties": { "height": 5.9850564002990723, "confidence": 0.98489999771118109 }, "id": 662, "area": 441.55252105554518, "perimeter": 86.876599581708433, "cluster": 0 }, "geometry": { "type": "Polygon", "coordinates": [ [ [ -12427328.119882231578231, 4904519.90387952607125 ], [ -12427325.693747403100133, 4904508.937535195611417 ], [ -12427304.344996055588126, 4904513.660617711953819 ], [ -12427309.005104141309857, 4904534.724719041027129 ], [ -12427327.507355308160186, 4904530.63138085976243 ], [ -12427325.273424068465829, 4904520.533813789486885 ], [ -12427328.119882231578231, 4904519.90387952607125 ] ] ] } },
{ "type": "Feature", "properties": { "type": "Feature", "properties": { "height": 3.71003246307373, "confidence": 0.98919999599456709 }, "id": 663, "area": 356.13406450442, "perimeter": 81.210798293022265, "cluster": 0 }, "geometry": { "type": "Polygon", "coordinates": [ [ [ -12427477.839920461177826, 4902489.252186615951359 ], [ -12427475.99487810768187, 4902486.430612695403397 ], [ -12427486.980887122452259, 4902479.246802346780896 ], [ -12427479.595030440017581, 4902467.953018074855208 ], [ -12427459.726335890591145, 4902480.945264242589474 ], [ -12427468.95765802077949, 4902495.060967429541051 ], [ -12427477.839920461177826, 4902489.252186615951359 ] ] ] } },
{ "type": "Feature", "properties": { "type": "Feature", "properties": { "height": 1.6402367353439331, "confidence": 0.97750002145767212 }, "id": 664, "area": 75.290959463818666, "perimeter": 46.565863385154366, "cluster": 2 }, "geometry": { "type": "Polygon", "coordinates": [ [ [ -12426814.913928119465709, 4903900.526905563659966 ], [ -12426814.456424947828054, 4903919.92395400442183 ], [ -12426818.335834635421634, 4903920.015454638749361 ], [ -12426818.793337807059288, 4903900.618406197056174 ], [ -12426814.913928119465709, 4903900.526905563659966 ] ] ] } },
{ "type": "Feature", "properties": { "type": "Feature", "properties": { "height": 4.8937849998474121, "confidence": 0.98720002174377408 }, "id": 665, "area": 744.71412675370948, "perimeter": 135.27981837206156, "cluster": 4 }, "geometry": { "type": "Polygon", "coordinates": [ [ [ -12427040.293989324942231, 4904337.152375524863601 ], [ -12427023.872532354667783, 4904337.247768926434219 ], [ -12427023.899834031239152, 4904341.891653727740049 ], [ -12427019.408609718084335, 4904351.605642972514033 ], [ -12427006.042471121996641, 4904351.683287813328207 ], [ -12427006.103907398879528, 4904362.133305884897709 ], [ -12427008.896528173238039, 4904362.117083356715739 ], [ -12427013.105620978400111, 4904364.063140681013465 ], [ -12427015.018688978627324, 4904364.051893642172217 ], [ -12427033.132345542311668, 4904372.426670742221177 ], [ -12427035.167037123814225, 4904372.414851076900959 ], [ -12427037.074352942407131, 4904368.289551582187414 ], [ -12427037.044713454321027, 4904363.1872742427513 ], [ -12427038.75047261081636, 4904359.497918087989092 ], [ -12427031.218991540372372, 4904356.015767756849527 ], [ -12427038.289345541968942, 4904355.974695571698248 ], [ -12427040.378087026998401, 4904351.456993732601404 ], [ -12427040.293989324942231, 4904337.152375524863601 ] ] ] } },
{ "type": "Feature", "properties": { "type": "Feature", "properties": { "height": 4.5127201080322275, "confidence": 0.96069997549057007 }, "id": 666, "area": 90.97279314202072, "perimeter": 38.155648242230384, "cluster": 2 }, "geometry": { "type": "Polygon", "coordinates": [ [ [ -12427167.327573511749506, 4903425.937525193206966 ], [ -12427171.545534374192357, 4903434.642743280157447 ], [ -12427180.008940849453211, 4903430.541947995312512 ], [ -12427175.79097998701036, 4903421.836729908362031 ], [ -12427167.327573511749506, 4903425.937525193206966 ] ] ] } },
{ "type": "Feature", "properties": { "type": "Feature", "properties": { "height": 4.6560702323913574, "confidence": 0.98519998788833607 }, "id": 667, "area": 294.67146211650106, "perimeter": 72.718775323014782, "cluster": 0 }, "geometry": { "type": "Polygon", "coordinates": [ [ [ -12427327.094474479556084, 4902568.290763226337731 ], [ -12427331.791976645588875, 4902565.325892390683293 ], [ -12427323.571198415011168, 4902552.301000031642616 ], [ -12427310.332783227786422, 4902560.656545115634799 ], [ -12427321.3836654368788, 4902578.165416812524199 ], [ -12427329.9245784599334, 4902572.774742565117776 ], [ -12427327.094474479556084, 4902568.290763226337731 ] ] ] } },
{ "type": "Feature", "properties": { "type": "Feature", "properties": { "height": 5.6266422271728525, "confidence": 0.99010002613067605 }, "id": 668, "area": 244.30397575634953, "perimeter": 63.350351384438383, "cluster": 2 }, "geometry": { "type": "Polygon", "coordinates": [ [ [ -12427592.194379637017846, 4902539.192047229036689 ], [ -12427585.316917207092047, 4902527.827969141304493 ], [ -12427569.582039855420589, 4902537.35060943197459 ], [ -12427576.459502287209034, 4902548.714687519706786 ], [ -12427592.194379637017846, 4902539.192047229036689 ] ] ] } },
{ "type": "Feature", "properties": { "type": "Feature", "properties": { "height": 6.8387980461120597, "confidence": 0.90710002183914107 }, "id": 669, "area": 552.13539279948577, "perimeter": 99.384689039440573, "cluster": 0 }, "geometry": { "type": "Polygon", "coordinates": [ [ [ -12427633.146276071667671, 4904091.719897228293121 ], [ -12427625.108320975676179, 4904106.440007767640054 ], [ -12427654.002326302230358, 4904122.217655413784087 ], [ -12427662.039487767964602, 4904107.497111509554088 ], [ -12427633.146276071667671, 4904091.719897228293121 ] ] ] } },
{ "type": "Feature", "properties": { "type": "Feature", "properties": { "height": 6.5188727378845215, "confidence": 0.95389997959136907 }, "id": 670, "area": 540.89510574940368, "perimeter": 99.648652035321348, "cluster": 0 }, "geometry": { "type": "Polygon", "coordinates": [ [ [ -12427702.187410758808255, 4904069.38648266158998 ], [ -12427673.432378716766834, 4904051.543389572761953 ], [ -12427665.004923002794385, 4904065.124653640203178 ], [ -12427693.759268781170249, 4904082.967320891097188 ], [ -12427702.187410758808255, 4904069.38648266158998 ] ] ] } },
{ "type": "Feature", "properties": { "type": "Feature", "properties": { "height": 6.0377497673034668, "confidence": 0.97409999370574907 }, "id": 671, "area": 1329.5323400036921, "perimeter": 173.91394545296774, "cluster": 1 }, "geometry": { "type": "Polygon", "coordinates": [ [ [ -12426973.99744020588696, 4904417.897671577520669 ], [ -12426949.837930627167225, 4904418.685628706589341 ], [ -12426950.472629651427269, 4904438.187950490042567 ], [ -12426954.05182439647615, 4904438.071466337889433 ], [ -12426954.310160361230373, 4904446.009324949234724 ], [ -12426946.853521605953574, 4904446.252521595917642 ], [ -12426947.177589429542422, 4904456.210115396417677 ], [ -12426949.389759918674827, 4904456.138120766729116 ], [ -12426949.658389326184988, 4904464.374552092514932 ], [ -12426954.604021236300468, 4904464.213251386769116 ], [ -12426954.918399687856436, 4904473.873120836913586 ], [ -12426975.797035718336701, 4904473.193629952147603 ], [ -12426973.99744020588696, 4904417.897671577520669 ] ] ] } },
{ "type": "Feature", "properties": { "type": "Feature", "properties": { "height": 5.2068324089050293, "confidence": 0.99720001220703103 }, "id": 672, "area": 480.05141740635963, "perimeter": 91.321055411780605, "cluster": 0 }, "geometry": { "type": "Polygon", "coordinates": [ [ [ -12427153.297939104959369, 4904059.832259634509683 ], [ -12427152.379318594932556, 4904030.600077366456389 ], [ -12427135.973502017557621, 4904031.115629693493247 ], [ -12427136.892122525721788, 4904060.347811960615218 ], [ -12427153.297939104959369, 4904059.832259634509683 ] ] ] } },
{ "type": "Feature", "properties": { "type": "Feature", "properties": { "height": 6.527350902557373, "confidence": 0.98559999465942305 }, "id": 673, "area": 766.61255106429826, "perimeter": 126.16253481564905, "cluster": 4 }, "geometry": { "type": "Polygon", "coordinates": [ [ [ -12427427.135582081973553, 4903804.815991560928524 ], [ -12427433.69873284548521, 4903804.659354214556515 ], [ -12427462.200809782370925, 4903820.552134655416012 ], [ -12427465.078543510288, 4903820.483655547723174 ], [ -12427468.850344790145755, 4903813.718466407619417 ], [ -12427468.697674898430705, 4903807.302738707512617 ], [ -12427458.273213801905513, 4903801.490780625492334 ], [ -12427458.211860377341509, 4903798.920054126530886 ], [ -12427449.875492740422487, 4903794.271688998676836 ], [ -12427449.767482809722424, 4903789.732730448246002 ], [ -12427441.144856095314026, 4903784.924747032113373 ], [ -12427436.816489990800619, 4903785.027745667845011 ], [ -12427436.814774449914694, 4903784.955652548000216 ], [ -12427433.231169963255525, 4903791.383287611417472 ], [ -12427426.819565499201417, 4903791.535859381780028 ], [ -12427427.135582081973553, 4903804.815991560928524 ] ] ] } },
{ "type": "Feature", "properties": { "type": "Feature", "properties": { "height": 3.9810554981231689, "confidence": 0.99930000305175704 }, "id": 674, "area": 131.71666065073748, "perimeter": 47.881702149736157, "cluster": 2 }, "geometry": { "type": "Polygon", "coordinates": [ [ [ -12427470.246589034795761, 4902847.893084263429046 ], [ -12427478.491093169897795, 4902860.86780340410769 ], [ -12427485.722903842106462, 4902856.272506017237902 ], [ -12427477.478399705141783, 4902843.297786876559258 ], [ -12427470.246589034795761, 4902847.893084263429046 ] ] ] } },
{ "type": "Feature", "properties": { "type": "Feature", "properties": { "height": 4.6085257530212402, "confidence": 0.98299998044967607 }, "id": 675, "area": 1072.687872130442, "perimeter": 182.6840349188611, "cluster": 1 }, "geometry": { "type": "Polygon", "coordinates": [ [ [ -12426951.188368454575539, 4903908.244355116039515 ], [ -12426938.293881228193641, 4903909.203680416569114 ], [ -12426937.246139984577894, 4903895.134012275375426 ], [ -12426922.823333306238055, 4903896.208051069639623 ], [ -12426923.803745571523905, 4903909.385972501710057 ], [ -12426929.616370467469096, 4903908.953524272888899 ], [ -12426930.987335037440062, 4903927.363619909621775 ], [ -12426961.102994978427887, 4903925.123072138987482 ], [ -12426960.904170002788305, 4903922.450625061988831 ], [ -12426967.733756974339485, 4903921.942516794428229 ], [ -12426966.929849619045854, 4903911.137033904902637 ], [ -12426971.383905014023185, 4903910.805348929017782 ], [ -12426970.500243034213781, 4903898.927867875434458 ], [ -12426965.452313587069511, 4903899.303777514956892 ], [ -12426965.120940344408154, 4903894.84972211997956 ], [ -12426950.274089025333524, 4903895.95533870626241 ], [ -12426951.188368454575539, 4903908.244355116039515 ] ] ] } },
{ "type": "Feature", "properties": { "type": "Feature", "properties": { "height": 4.3707914352416992, "confidence": 0.99629998207092207 }, "id": 676, "area": 407.9807954166323, "perimeter": 83.528382769053579, "cluster": 0 }, "geometry": { "type": "Polygon", "coordinates": [ [ [ -12427048.553735626861453, 4904293.718649707734585 ], [ -12427047.951068855822086, 4904277.440950634889305 ], [ -12427037.514972468838096, 4904277.826607052236795 ], [ -12427037.437695102766156, 4904275.739387773908675 ], [ -12427024.504511969164014, 4904276.21732175257057 ], [ -12427025.183232881128788, 4904294.583920982666314 ], [ -12427048.553735626861453, 4904293.718649707734585 ] ] ] } },
{ "type": "Feature", "properties": { "type": "Feature", "properties": { "height": 5.0126810073852539, "confidence": 0.99699997901916504 }, "id": 677, "area": 541.38185457480211, "perimeter": 110.84356033998813, "cluster": 4 }, "geometry": { "type": "Polygon", "coordinates": [ [ [ -12427218.629417167976499, 4902978.219485772773623 ], [ -12427205.703941637650132, 4902981.044671950861812 ], [ -12427206.264351909980178, 4902983.609419533982873 ], [ -12427199.994968924671412, 4902984.979750095866621 ], [ -12427202.236610010266304, 4902995.238740432076156 ], [ -12427209.178710013628006, 4902993.72137073148042 ], [ -12427213.414215361699462, 4903013.099180670455098 ], [ -12427226.52273385040462, 4903010.233985873870552 ], [ -12427224.467268018051982, 4903000.830048699863255 ], [ -12427226.358823735266924, 4903000.416601855307817 ], [ -12427223.086629806086421, 4902985.441231292672455 ], [ -12427220.339130273088813, 4902986.041573782451451 ], [ -12427218.629417167976499, 4902978.219485772773623 ] ] ] } },
{ "type": "Feature", "properties": { "type": "Feature", "properties": { "height": 5.2601404190063477, "confidence": 0.94779998064041104 }, "id": 678, "area": 621.77021603669857, "perimeter": 128.7255544905816, "cluster": 4 }, "geometry": { "type": "Polygon", "coordinates": [ [ [ -12427443.205935196951032, 4903684.246200890280306 ], [ -12427451.384964194148779, 4903714.103627133183181 ], [ -12427443.052757291123271, 4903716.386119982227683 ], [ -12427445.411333233118057, 4903724.996067115105689 ], [ -12427469.019252792000771, 4903718.529004044830799 ], [ -12427466.469957929104567, 4903709.22284026350826 ], [ -12427463.692605158314109, 4903709.983852026052773 ], [ -12427455.704022660851479, 4903680.821647951379418 ], [ -12427443.205935196951032, 4903684.246200890280306 ] ] ] } },
{ "type": "Feature", "properties": { "type": "Feature", "properties": { "height": 4.7000241279602051, "confidence": 0.96859997510910012 }, "id": 679, "area": 369.11947485996711, "perimeter": 79.674102619915786, "cluster": 0 }, "geometry": { "type": "Polygon", "coordinates": [ [ [ -12427473.404595972970128, 4904089.541275435127318 ], [ -12427469.770870318636298, 4904071.149964015930891 ], [ -12427449.08064497448504, 4904075.237905374728143 ], [ -12427451.749162251129746, 4904088.744024697691202 ], [ -12427456.921718586236238, 4904087.722039357759058 ], [ -12427457.886926963925362, 4904092.607231450267136 ], [ -12427473.404595972970128, 4904089.541275435127318 ] ] ] } },
{ "type": "Feature", "properties": { "type": "Feature", "properties": { "height": 3.9797048568725581, "confidence": 0.97140002250671309 }, "id": 680, "area": 96.641411565656412, "perimeter": 40.60008073704573, "cluster": 2 }, "geometry": { "type": "Polygon", "coordinates": [ [ [ -12427607.698149718344212, 4902604.092938861809671 ], [ -12427610.826873380690813, 4902611.045225590467453 ], [ -12427622.386638380587101, 4902605.84300772100687 ], [ -12427619.257510095834732, 4902598.890903082676232 ], [ -12427607.698149718344212, 4902604.092938861809671 ] ] ] } },
{ "type": "Feature", "properties": { "type": "Feature", "properties": { "height": 7.7785234451293936, "confidence": 0.94529998302459706 }, "id": 681, "area": 557.82541502538743, "perimeter": 100.4789556752699, "cluster": 0 }, "geometry": { "type": "Polygon", "coordinates": [ [ [ -12427657.856947919353843, 4903851.534687367267907 ], [ -12427688.483960242941976, 4903865.532055119983852 ], [ -12427695.369762120768428, 4903850.465540994890034 ], [ -12427664.74274979904294, 4903836.468173237517476 ], [ -12427657.856947919353843, 4903851.534687367267907 ] ] ] } },
{ "type": "Feature", "properties": { "type": "Feature", "properties": { "height": 6.5683050155639648, "confidence": 0.99000000953674305 }, "id": 682, "area": 509.61223507926047, "perimeter": 110.83121078487753, "cluster": 4 }, "geometry": { "type": "Polygon", "coordinates": [ [ [ -12426659.635898593813181, 4902508.081100465729833 ], [ -12426634.544572921469808, 4902514.180076812393963 ], [ -12426637.217158062383533, 4902525.175152108073235 ], [ -12426650.749558426439762, 4902521.885816548019648 ], [ -12426655.06681134738028, 4902539.647092024795711 ], [ -12426666.625736655667424, 4902536.8374512353912 ], [ -12426659.635898593813181, 4902508.081100465729833 ] ] ] } },
{ "type": "Feature", "properties": { "type": "Feature", "properties": { "height": 6.3821043968200684, "confidence": 0.99089998006820612 }, "id": 683, "area": 453.0750297356069, "perimeter": 97.914805979722203, "cluster": 0 }, "geometry": { "type": "Polygon", "coordinates": [ [ [ -12426756.80167418718338, 4904081.204247383400798 ], [ -12426756.696563398465514, 4904076.130521164275706 ], [ -12426761.586937064304948, 4904076.029551101848483 ], [ -12426761.334290632978082, 4904063.792899606749415 ], [ -12426745.814635075628757, 4904064.113329223357141 ], [ -12426745.870094049721956, 4904066.799423455260694 ], [ -12426732.439622893929482, 4904067.076718318276107 ], [ -12426732.713088637217879, 4904080.321730342693627 ], [ -12426738.085269341245294, 4904080.210436566732824 ], [ -12426738.169213622808456, 4904084.276185418479145 ], [ -12426745.630586490035057, 4904084.122132719494402 ], [ -12426745.575127515941858, 4904081.436038486659527 ], [ -12426756.80167418718338, 4904081.204247383400798 ] ] ] } },
{ "type": "Feature", "properties": { "type": "Feature", "properties": { "height": 5.7988429069519043, "confidence": 0.98830002546310403 }, "id": 684, "area": 338.46971249188618, "perimeter": 75.559546580691617, "cluster": 0 }, "geometry": { "type": "Polygon", "coordinates": [ [ [ -12426834.641742626205087, 4902725.025692774914205 ], [ -12426829.027019776403904, 4902702.541623244062066 ], [ -12426814.856404904276133, 4902706.08130160998553 ], [ -12426820.472608970478177, 4902728.565001147799194 ], [ -12426834.641742626205087, 4902725.025692774914205 ] ] ] } },
{ "type": "Feature", "properties": { "type": "Feature", "properties": { "height": 5.6055684089660645, "confidence": 0.99830001592636108 }, "id": 685, "area": 307.54846009672144, "perimeter": 72.200907324190212, "cluster": 0 }, "geometry": { "type": "Polygon", "coordinates": [ [ [ -12427238.987952403724194, 4902525.479664571583271 ], [ -12427229.786124242469668, 4902515.226547453552485 ], [ -12427213.172544008120894, 4902530.137840351089835 ], [ -12427222.374769609421492, 4902540.390600753948092 ], [ -12427238.987952403724194, 4902525.479664571583271 ] ] ] } },
{ "type": "Feature", "properties": { "type": "Feature", "properties": { "height": 3.9333522319793701, "confidence": 0.93440002202987604 }, "id": 686, "area": 625.81795584008228, "perimeter": 108.29814243002465, "cluster": 4 }, "geometry": { "type": "Polygon", "coordinates": [ [ [ -12427500.007106862962246, 4902983.648001122288406 ], [ -12427510.695875782519579, 4903001.621536526829004 ], [ -12427531.791636751964688, 4902989.075996145606041 ], [ -12427525.758157121017575, 4902978.929296883754432 ], [ -12427530.248413363471627, 4902976.258964626118541 ], [ -12427523.820887098088861, 4902965.450856439769268 ], [ -12427507.719011638313532, 4902975.026558833196759 ], [ -12427509.492064870893955, 4902978.008009294979274 ], [ -12427500.007106862962246, 4902983.648001122288406 ] ] ] } },
{ "type": "Feature", "properties": { "type": "Feature", "properties": { "height": 4.1692953109741211, "confidence": 0.98489999771118109 }, "id": 687, "area": 531.22225062904272, "perimeter": 97.785482107842824, "cluster": 0 }, "geometry": { "type": "Polygon", "coordinates": [ [ [ -12426768.491819694638252, 4903653.004553406499326 ], [ -12426772.496852984651923, 4903685.352725062519312 ], [ -12426788.6709388140589, 4903683.350208416581154 ], [ -12426784.665905524045229, 4903651.002036759629846 ], [ -12426768.491819694638252, 4903653.004553406499326 ] ] ] } },
{ "type": "Feature", "properties": { "type": "Feature", "properties": { "height": 4.804110050201416, "confidence": 0.98519998788833607 }, "id": 688, "area": 1019.2848171340778, "perimeter": 157.00504329284925, "cluster": 4 }, "geometry": { "type": "Polygon", "coordinates": [ [ [ -12426803.905351018533111, 4903115.103498605079949 ], [ -12426762.42760762758553, 4903116.125346707180142 ], [ -12426762.802530311048031, 4903131.343799318186939 ], [ -12426786.49341337941587, 4903130.76014934387058 ], [ -12426787.031591076403856, 4903152.543387113139033 ], [ -12426804.816927742213011, 4903152.105226523242891 ], [ -12426803.905351018533111, 4903115.103498605079949 ] ] ] } },
{ "type": "Feature", "properties": { "type": "Feature", "properties": { "height": 5.597928524017334, "confidence": 0.97589999437332109 }, "id": 689, "area": 559.44189269214598, "perimeter": 110.83199464366999, "cluster": 4 }, "geometry": { "type": "Polygon", "coordinates": [ [ [ -12427436.811873953789473, 4904494.160902845673263 ], [ -12427423.40731249563396, 4904500.520751817151904 ], [ -12427430.923497645184398, 4904516.36250626668334 ], [ -12427426.780269559472799, 4904518.328277765773237 ], [ -12427431.752515118569136, 4904528.80820763297379 ], [ -12427445.157076574862003, 4904522.448358660563827 ], [ -12427443.82712678797543, 4904519.645242777653039 ], [ -12427449.188806042075157, 4904517.100996885448694 ], [ -12427444.968487506732345, 4904508.205892709083855 ], [ -12427449.947286749258637, 4904505.843681057915092 ], [ -12427445.263359216973186, 4904495.972891 ], [ -12427439.066695345565677, 4904498.913357198238373 ], [ -12427436.811873953789473, 4904494.160902845673263 ] ] ] } },
{ "type": "Feature", "properties": { "type": "Feature", "properties": { "height": 4.3218002319335938, "confidence": 0.99210000038146906 }, "id": 690, "area": 394.24568102379465, "perimeter": 91.452419334443135, "cluster": 0 }, "geometry": { "type": "Polygon", "coordinates": [ [ [ -12427465.208274567499757, 4902502.386606520041823 ], [ -12427458.761077592149377, 4902492.873278997838497 ], [ -12427454.054910693317652, 4902496.062326309271157 ], [ -12427448.854480905458331, 4902488.388698220252991 ], [ -12427438.515469059348106, 4902495.395462756045163 ], [ -12427441.149899445474148, 4902499.283165847882628 ], [ -12427437.575665252283216, 4902501.705429963767529 ], [ -12427444.924859600141644, 4902512.549722943454981 ], [ -12427450.74934914894402, 4902508.602457246743143 ], [ -12427453.799742225557566, 4902513.104008194990456 ], [ -12427460.865854570642114, 4902508.315292780287564 ], [ -12427459.479214126244187, 4902506.26919976528734 ], [ -12427465.208274567499757, 4902502.386606520041823 ] ] ] } },
{ "type": "Feature", "properties": { "type": "Feature", "properties": { "height": 4.5146808624267578, "confidence": 0.98619997501373202 }, "id": 691, "area": 470.82916599410993, "perimeter": 95.537609357394572, "cluster": 0 }, "geometry": { "type": "Polygon", "coordinates": [ [ [ -12427405.348672389984131, 4902179.335832985118032 ], [ -12427400.002854991704226, 4902170.234183919616044 ], [ -12427394.998052984476089, 4902173.174084761179984 ], [ -12427389.130172627046704, 4902163.184775271452963 ], [ -12427372.037354165688157, 4902173.225370549596846 ], [ -12427377.774837180972099, 4902182.992695383727551 ], [ -12427380.115230983123183, 4902181.617910588160157 ], [ -12427385.591434169560671, 4902190.941551095806062 ], [ -12427405.348672389984131, 4902179.335832985118032 ] ] ] } },
{ "type": "Feature", "properties": { "type": "Feature", "properties": { "height": 3.2385294437408438, "confidence": 0.97269999980926503 }, "id": 692, "area": 303.11714100536801, "perimeter": 76.331672648073095, "cluster": 0 }, "geometry": { "type": "Polygon", "coordinates": [ [ [ -12427427.369285879656672, 4903034.7388024488464 ], [ -12427431.300415208563209, 4903041.363947041332722 ], [ -12427427.767004759982228, 4903043.460302050225437 ], [ -12427432.419006619602442, 4903051.30033537838608 ], [ -12427436.173139909282327, 4903049.072763849981129 ], [ -12427438.728323796764016, 4903053.379023269750178 ], [ -12427449.02530132420361, 4903047.269877238199115 ], [ -12427437.888073289766908, 4903028.49805770535022 ], [ -12427427.369285879656672, 4903034.7388024488464 ] ] ] } },
{ "type": "Feature", "properties": { "type": "Feature", "properties": { "height": 2.8220338821411133, "confidence": 0.98940002918243408 }, "id": 693, "area": 41.978142816353653, "perimeter": 28.398364427174482, "cluster": 2 }, "geometry": { "type": "Polygon", "coordinates": [ [ [ -12427514.961840901523829, 4903119.228514734655619 ], [ -12427509.335712330415845, 4903110.95833726041019 ], [ -12427505.865829300135374, 4903113.319110842421651 ], [ -12427511.491844931617379, 4903121.589122296310961 ], [ -12427514.961840901523829, 4903119.228514734655619 ] ] ] } },
{ "type": "Feature", "properties": { "type": "Feature", "properties": { "height": 7.6287298202514648, "confidence": 0.97369998693466109 }, "id": 694, "area": 546.61967678881774, "perimeter": 102.19133759340244, "cluster": 0 }, "geometry": { "type": "Polygon", "coordinates": [ [ [ -12427911.473008453845978, 4903813.049672137014568 ], [ -12427898.146854689344764, 4903820.463557654060423 ], [ -12427915.57635185867548, 4903851.788419987075031 ], [ -12427928.90043524093926, 4903844.374753773212433 ], [ -12427911.473008453845978, 4903813.049672137014568 ] ] ] } },
{ "type": "Feature", "properties": { "type": "Feature", "properties": { "height": 0.82867133617401112, "confidence": 0.9979000091552731 }, "id": 695, "area": 127.46474673323995, "perimeter": 46.248411779424487, "cluster": 2 }, "geometry": { "type": "Polygon", "coordinates": [ [ [ -12426545.282565185800195, 4903114.25919053889811 ], [ -12426531.320974702015519, 4903115.879313510842621 ], [ -12426532.365617467090487, 4903124.887072027660906 ], [ -12426546.327941907569766, 4903123.267841093242168 ], [ -12426545.282565185800195, 4903114.25919053889811 ] ] ] } },
{ "type": "Feature", "properties": { "type": "Feature", "properties": { "height": 5.9636650085449219, "confidence": 0.97619998455047607 }, "id": 696, "area": 682.04182295851615, "perimeter": 116.4423627721477, "cluster": 4 }, "geometry": { "type": "Polygon", "coordinates": [ [ [ -12426887.753890492022038, 4902872.38678624946624 ], [ -12426906.264497693628073, 4902872.552614755928516 ], [ -12426906.36880917660892, 4902860.90884571056813 ], [ -12426910.84718188457191, 4902860.948965511284769 ], [ -12426910.92474683187902, 4902852.290778271853924 ], [ -12426905.849257761612535, 4902852.245309164747596 ], [ -12426905.982990426942706, 4902837.317400129511952 ], [ -12426888.069499585777521, 4902837.156920931302011 ], [ -12426887.753890492022038, 4902872.38678624946624 ] ] ] } },
{ "type": "Feature", "properties": { "type": "Feature", "properties": { "height": 4.3596992492675781, "confidence": 0.97229999303817705 }, "id": 697, "area": 640.19100349833184, "perimeter": 134.8272942498605, "cluster": 4 }, "geometry": { "type": "Polygon", "coordinates": [ [ [ -12427013.693776480853558, 4904111.900707239285111 ], [ -12427014.221031313762069, 4904123.820670885965228 ], [ -12427038.656956790015101, 4904122.739798482507467 ], [ -12427037.101555038243532, 4904087.575905723497272 ], [ -12427033.525565944612026, 4904087.734082174487412 ], [ -12427033.802374733611941, 4904093.992063088342547 ], [ -12427029.332388361915946, 4904094.189783648587763 ], [ -12427029.147849170491099, 4904090.017796373926103 ], [ -12427018.419881887733936, 4904090.492325719445944 ], [ -12427018.881229866296053, 4904100.922293912619352 ], [ -12427022.457218959927559, 4904100.764117462560534 ], [ -12427022.931748308241367, 4904111.492084744386375 ], [ -12427013.693776480853558, 4904111.900707239285111 ] ] ] } },
{ "type": "Feature", "properties": { "type": "Feature", "properties": { "height": 5.2971677780151367, "confidence": 0.9824000000953671 }, "id": 698, "area": 875.47139892551502, "perimeter": 139.18517397025809, "cluster": 4 }, "geometry": { "type": "Polygon", "coordinates": [ [ [ -12427116.345460407435894, 4902467.3314288565889 ], [ -12427125.755576515570283, 4902470.51379734929651 ], [ -12427127.270951298996806, 4902475.331704542972147 ], [ -12427116.002744801342487, 4902478.876678521744907 ], [ -12427119.678135707974434, 4902490.559433872811496 ], [ -12427149.835946030914783, 4902481.071796875447035 ], [ -12427145.391287257894874, 4902466.943813661113381 ], [ -12427147.422541156411171, 4902466.304781867191195 ], [ -12427144.517006423324347, 4902457.067069297656417 ], [ -12427143.9291568454355, 4902457.252006580121815 ], [ -12427122.235298765823245, 4902449.915449870750308 ], [ -12427116.345460407435894, 4902467.3314288565889 ] ] ] } },
{ "type": "Feature", "properties": { "type": "Feature", "properties": { "height": 5.9264559745788574, "confidence": 0.94999998807907104 }, "id": 699, "area": 355.09497936765308, "perimeter": 79.199005525430138, "cluster": 0 }, "geometry": { "type": "Polygon", "coordinates": [ [ [ -12427371.364409679546952, 4903305.355454538948834 ], [ -12427363.897607227787375, 4903280.579404041171074 ], [ -12427350.758979622274637, 4903284.539015638642013 ], [ -12427358.226036120206118, 4903309.315909110940993 ], [ -12427371.364409679546952, 4903305.355454538948834 ] ] ] } },
{ "type": "Feature", "properties": { "type": "Feature", "properties": { "height": 7.0142498016357422, "confidence": 0.99430000782012906 }, "id": 700, "area": 813.29593486333476, "perimeter": 134.36246401116603, "cluster": 4 }, "geometry": { "type": "Polygon", "coordinates": [ [ [ -12427517.378268588334322, 4903379.453733828850091 ], [ -12427515.107030868530273, 4903380.418946277350187 ], [ -12427502.976918429136276, 4903389.907906714826822 ], [ -12427503.116233460605145, 4903389.84871147852391 ], [ -12427509.943718116730452, 4903398.576554435305297 ], [ -12427509.750391209498048, 4903398.121562699787319 ], [ -12427524.130996176972985, 4903416.506502194330096 ], [ -12427525.387829691171646, 4903419.464439479634166 ], [ -12427533.041121335700154, 4903429.24794408865273 ], [ -12427545.086761124432087, 4903419.825906693935394 ], [ -12427544.194622978568077, 4903417.726619826629758 ], [ -12427537.656703667715192, 4903409.368191846646369 ], [ -12427536.073463013395667, 4903405.642674311995506 ], [ -12427524.642479518428445, 4903391.029997191391885 ], [ -12427525.7539077475667, 4903390.160643758252263 ], [ -12427517.378268588334322, 4903379.453733828850091 ] ] ] } },
{ "type": "Feature", "properties": { "type": "Feature", "properties": { "height": 5.5076518058776847, "confidence": 0.9868000149726861 }, "id": 701, "area": 1788.7041857363358, "perimeter": 200.24605170885249, "cluster": 1 }, "geometry": { "type": "Polygon", "coordinates": [ [ [ -12427593.66736076772213, 4903554.604572898708284 ], [ -12427566.526088846847415, 4903526.163465950638056 ], [ -12427574.258900720626116, 4903518.78406435996294 ], [ -12427557.178931519389153, 4903500.887423120439053 ], [ -12427531.083696292713284, 4903525.791862339712679 ], [ -12427565.163982724770904, 4903561.501684321090579 ], [ -12427570.164442116394639, 4903556.729759362526238 ], [ -12427580.305526353418827, 4903567.355735569261014 ], [ -12427593.66736076772213, 4903554.604572898708284 ] ] ] } },
{ "type": "Feature", "properties": { "type": "Feature", "properties": { "height": 4.3465690612792969, "confidence": 0.98350000381469704 }, "id": 702, "area": 280.53563550226772, "perimeter": 68.097937110139412, "cluster": 0 }, "geometry": { "type": "Polygon", "coordinates": [ [ [ -12427449.498040335252881, 4902754.017350233159959 ], [ -12427441.380445685237646, 4902742.641890016384423 ], [ -12427425.040312737226486, 4902754.301160410046577 ], [ -12427433.157920554280281, 4902765.677754859440029 ], [ -12427449.498040335252881, 4902754.017350233159959 ] ] ] } },
{ "type": "Feature", "properties": { "type": "Feature", "properties": { "height": 7.2500824928283691, "confidence": 0.9623000025749201 }, "id": 703, "area": 808.72403051261711, "perimeter": 131.8969113152213, "cluster": 4 }, "geometry": { "type": "Polygon", "coordinates": [ [ [ -12427492.471316069364548, 4903471.706793715246022 ], [ -12427522.542159914970398, 4903511.233216614462435 ], [ -12427535.500843057408929, 4903501.37453200109303 ], [ -12427505.431751506403089, 4903461.846775990910828 ], [ -12427492.471316069364548, 4903471.706793715246022 ] ] ] } },
{ "type": "Feature", "properties": { "type": "Feature", "properties": { "height": 6.5579652786254883, "confidence": 0.99199998378753607 }, "id": 704, "area": 571.45841838762215, "perimeter": 110.57601379204067, "cluster": 4 }, "geometry": { "type": "Polygon", "coordinates": [ [ [ -12426955.610864624381065, 4903590.967825367115438 ], [ -12426953.448566183447838, 4903572.106457774527371 ], [ -12426949.468913555145264, 4903572.56269174721092 ], [ -12426947.900804089382291, 4903558.892680753953755 ], [ -12426933.314857847988605, 4903560.565858656540513 ], [ -12426935.422482067719102, 4903578.950312200002372 ], [ -12426931.591266775503755, 4903579.389529071748257 ], [ -12426932.70620190910995, 4903589.114921737462282 ], [ -12426941.694811757653952, 4903588.084452607668936 ], [ -12426942.201905833557248, 4903592.505050626583397 ], [ -12426955.610864624381065, 4903590.967825367115438 ] ] ] } },
{ "type": "Feature", "properties": { "type": "Feature", "properties": { "height": 4.2151999473571777, "confidence": 0.98780000209808305 }, "id": 705, "area": 438.69137083023043, "perimeter": 86.809687859021892, "cluster": 0 }, "geometry": { "type": "Polygon", "coordinates": [ [ [ -12427663.296526901423931, 4903049.346095280721784 ], [ -12427662.279893862083554, 4903069.46472804248333 ], [ -12427685.509901529178023, 4903070.640210653655231 ], [ -12427685.894537562504411, 4903063.028465986251831 ], [ -12427683.511964270845056, 4903062.908069996163249 ], [ -12427684.144043220207095, 4903050.399560200050473 ], [ -12427663.296526901423931, 4903049.346095280721784 ] ] ] } },
{ "type": "Feature", "properties": { "type": "Feature", "properties": { "height": 6.132573127746582, "confidence": 0.99260002374649003 }, "id": 706, "area": 398.84926880713266, "perimeter": 85.643050954132377, "cluster": 0 }, "geometry": { "type": "Polygon", "coordinates": [ [ [ -12426639.869771225377917, 4903768.441850482486188 ], [ -12426652.539034862071276, 4903768.126182939857244 ], [ -12426651.899636810645461, 4903742.464050000533462 ], [ -12426638.034992733970284, 4903742.809501657262444 ], [ -12426638.146828722208738, 4903747.285447275266051 ], [ -12426634.864468600600958, 4903747.367230605334044 ], [ -12426635.244710959494114, 4903762.585445710457861 ], [ -12426639.720656575635076, 4903762.473922990262508 ], [ -12426639.869771225377917, 4903768.441850482486188 ] ] ] } },
{ "type": "Feature", "properties": { "type": "Feature", "properties": { "height": 3.7802526950836182, "confidence": 0.9713000059127801 }, "id": 707, "area": 388.15751858621451, "perimeter": 91.935875431123776, "cluster": 0 }, "geometry": { "type": "Polygon", "coordinates": [ [ [ -12427485.385532151907682, 4904300.694654939696193 ], [ -12427473.628403965383768, 4904297.659920289181173 ], [ -12427469.437579916790128, 4904313.895954449661076 ], [ -12427461.879426084458828, 4904311.945053599774837 ], [ -12427459.567247301340103, 4904320.902865548618138 ], [ -12427478.882529320195317, 4904325.888501055538654 ], [ -12427485.385532151907682, 4904300.694654939696193 ] ] ] } },
{ "type": "Feature", "properties": { "type": "Feature", "properties": { "height": 5.2914462089538574, "confidence": 0.96579998731613104 }, "id": 708, "area": 437.788130214999, "perimeter": 85.382175118277431, "cluster": 0 }, "geometry": { "type": "Polygon", "coordinates": [ [ [ -12427269.675110338255763, 4902918.199831116013229 ], [ -12427268.58173169195652, 4902909.074717730283737 ], [ -12427267.219583701342344, 4902909.237836095504463 ], [ -12427265.703835060819983, 4902896.580316174775362 ], [ -12427246.460014961659908, 4902898.88477979414165 ], [ -12427249.070015603676438, 4902920.667308514006436 ], [ -12427269.675110338255763, 4902918.199831116013229 ] ] ] } },
{ "type": "Feature", "properties": { "type": "Feature", "properties": { "height": 5.2246212959289551, "confidence": 0.97479999065399103 }, "id": 709, "area": 317.90513584038848, "perimeter": 77.329087072868077, "cluster": 0 }, "geometry": { "type": "Polygon", "coordinates": [ [ [ -12427692.210260318592191, 4902874.322838386520743 ], [ -12427684.241012765094638, 4902859.922356655821204 ], [ -12427677.067489264532924, 4902863.892195004038513 ], [ -12427678.712096380069852, 4902866.863634872250259 ], [ -12427666.45623928681016, 4902873.646044028922915 ], [ -12427672.781038934364915, 4902885.074997786432505 ], [ -12427692.210260318592191, 4902874.322838386520743 ] ] ] } },
{ "type": "Feature", "properties": { "type": "Feature", "properties": { "height": 4.933927059173584, "confidence": 0.95990002155303911 }, "id": 710, "area": 360.21158991387023, "perimeter": 94.03217887358575, "cluster": 0 }, "geometry": { "type": "Polygon", "coordinates": [ [ [ -12427713.437993224710226, 4902856.392638350836933 ], [ -12427718.241797726601362, 4902865.50532538164407 ], [ -12427723.004537938162684, 4902862.994953283108771 ], [ -12427712.28947209008038, 4902842.666064576245844 ], [ -12427691.025921830907464, 4902853.873777130618691 ], [ -12427696.9376822989434, 4902865.089715730398893 ], [ -12427713.437993224710226, 4902856.392638350836933 ] ] ] } },
{ "type": "Feature", "properties": { "type": "Feature", "properties": { "height": 7.6705670356750488, "confidence": 0.95870000123977606 }, "id": 711, "area": 693.24285610763002, "perimeter": 117.6552649161946, "cluster": 4 }, "geometry": { "type": "Polygon", "coordinates": [ [ [ -12426749.633340988308191, 4902716.920203164219856 ], [ -12426754.801017677411437, 4902735.608070681802928 ], [ -12426770.726139610633254, 4902731.204364301636815 ], [ -12426761.37086359411478, 4902697.364317781291902 ], [ -12426738.509230384603143, 4902703.6861481834203 ], [ -12426742.698905225843191, 4902718.837267922237515 ], [ -12426749.633340988308191, 4902716.920203164219856 ] ] ] } },
{ "type": "Feature", "properties": { "type": "Feature", "properties": { "height": 5.7773017883300781, "confidence": 0.89359998703002907 }, "id": 712, "area": 499.69838825336097, "perimeter": 98.161919229078123, "cluster": 0 }, "geometry": { "type": "Polygon", "coordinates": [ [ [ -12426820.712740253657103, 4904080.247128112241626 ], [ -12426812.397737983614206, 4904106.583805670030415 ], [ -12426823.089263323694468, 4904109.960076828487217 ], [ -12426825.489953996613622, 4904102.357889705337584 ], [ -12426833.363647805526853, 4904104.844319330528378 ], [ -12426839.879808196797967, 4904084.209811417385936 ], [ -12426826.575980730354786, 4904080.0086027411744 ], [ -12426825.975808061659336, 4904081.909149525687099 ], [ -12426820.712740253657103, 4904080.247128112241626 ] ] ] } },
{ "type": "Feature", "properties": { "type": "Feature", "properties": { "height": 4.7638683319091797, "confidence": 0.96939998865127508 }, "id": 713, "area": 538.47427856346485, "perimeter": 98.960839867889973, "cluster": 0 }, "geometry": { "type": "Polygon", "coordinates": [ [ [ -12427308.692000551149249, 4902880.46926844958216 ], [ -12427292.569313952699304, 4902887.052397903986275 ], [ -12427296.017619855701923, 4902895.497614695690572 ], [ -12427288.596065705642104, 4902898.527944124303758 ], [ -12427294.238748094066978, 4902912.347389787435532 ], [ -12427317.782988844439387, 4902902.733930901624262 ], [ -12427308.692000551149249, 4902880.46926844958216 ] ] ] } },
{ "type": "Feature", "properties": { "type": "Feature", "properties": { "height": 2.7289094924926762, "confidence": 0.96350002288818304 }, "id": 714, "area": 173.24663846921027, "perimeter": 62.69078834406271, "cluster": 2 }, "geometry": { "type": "Polygon", "coordinates": [ [ [ -12427143.400693789124489, 4904080.274663718417287 ], [ -12427143.263824135065079, 4904073.111317056231201 ], [ -12427119.087529148906469, 4904073.574944213032722 ], [ -12427119.22439880669117, 4904080.738290875218809 ], [ -12427143.400693789124489, 4904080.274663718417287 ] ] ] } },
{ "type": "Feature", "properties": { "type": "Feature", "properties": { "height": 6.6384930610656738, "confidence": 0.95950001478195113 }, "id": 715, "area": 437.59353653868874, "perimeter": 84.825415746042069, "cluster": 0 }, "geometry": { "type": "Polygon", "coordinates": [ [ [ -12427217.883907409384847, 4902234.811808519996703 ], [ -12427210.200899353250861, 4902211.350637529045343 ], [ -12427193.355989173054695, 4902216.86578939575702 ], [ -12427201.037514181807637, 4902240.327445943839848 ], [ -12427217.883907409384847, 4902234.811808519996703 ] ] ] } },
{ "type": "Feature", "properties": { "type": "Feature", "properties": { "height": 7.6980328559875488, "confidence": 0.9243000149726861 }, "id": 716, "area": 1486.3944726694422, "perimeter": 230.43258973924998, "cluster": 1 }, "geometry": { "type": "Polygon", "coordinates": [ [ [ -12427734.395050380378962, 4903169.072139077819884 ], [ -12427722.28077469393611, 4903177.582994297146797 ], [ -12427780.004574490711093, 4903259.746537979692221 ], [ -12427792.114999869838357, 4903251.238387787714601 ], [ -12427734.395050380378962, 4903169.072139077819884 ] ] ] } },
{ "type": "Feature", "properties": { "type": "Feature", "properties": { "height": 4.0475025177001953, "confidence": 0.98720002174377408 }, "id": 717, "area": 473.01199284228028, "perimeter": 88.246373913627338, "cluster": 0 }, "geometry": { "type": "Polygon", "coordinates": [ [ [ -12427663.370960734784603, 4903078.873787828721106 ], [ -12427666.666834183037281, 4903104.425301549956203 ], [ -12427684.875958900898695, 4903102.076518175192177 ], [ -12427681.580085454508662, 4903076.525004455819726 ], [ -12427663.370960734784603, 4903078.873787828721106 ] ] ] } },
{ "type": "Feature", "properties": { "type": "Feature", "properties": { "height": 6.1042442321777344, "confidence": 0.98589998483657804 }, "id": 718, "area": 479.03101707644532, "perimeter": 91.534242443842317, "cluster": 0 }, "geometry": { "type": "Polygon", "coordinates": [ [ [ -12427823.203702434897423, 4903820.309792552143335 ], [ -12427851.35023820027709, 4903829.353797710500658 ], [ -12427856.307048719376326, 4903813.927330994978547 ], [ -12427828.160512953996658, 4903804.88332583475858 ], [ -12427823.203702434897423, 4903820.309792552143335 ] ] ] } },
{ "type": "Feature", "properties": { "type": "Feature", "properties": { "height": 4.9411225318908691, "confidence": 0.96929997205734209 }, "id": 719, "area": 682.89527965223499, "perimeter": 125.40416504730081, "cluster": 4 }, "geometry": { "type": "Polygon", "coordinates": [ [ [ -12426830.108419392257929, 4903616.663792953826487 ], [ -12426830.160140195861459, 4903639.057334127835929 ], [ -12426827.771495806053281, 4903639.062851013615727 ], [ -12426827.81632050126791, 4903658.470586698502302 ], [ -12426840.356703558936715, 4903658.441623047925532 ], [ -12426840.343600954860449, 4903652.768592615611851 ], [ -12426848.703856326639652, 4903652.749283514916897 ], [ -12426848.670065399259329, 4903638.118836615234613 ], [ -12426844.489937717095017, 4903638.128491164185107 ], [ -12426844.440285744145513, 4903616.630691637285054 ], [ -12426830.108419392257929, 4903616.663792953826487 ] ] ] } },
{ "type": "Feature", "properties": { "type": "Feature", "properties": { "height": 5.9157896041870117, "confidence": 0.96770000457763605 }, "id": 720, "area": 508.10737679958555, "perimeter": 98.011154747947799, "cluster": 0 }, "geometry": { "type": "Polygon", "coordinates": [ [ [ -12427398.137028897181153, 4903200.75997962616384 ], [ -12427403.29276380687952, 4903198.362894870340824 ], [ -12427396.786390895023942, 4903184.36875724978745 ], [ -12427376.899984804913402, 4903193.614655601792037 ], [ -12427384.945926409214735, 4903210.920152159407735 ], [ -12427387.155586211010814, 4903209.892957285046577 ], [ -12427390.524274803698063, 4903217.138452189974487 ], [ -12427403.045345304533839, 4903211.316960635595024 ], [ -12427398.137028897181153, 4903200.75997962616384 ] ] ] } },
{ "type": "Feature", "properties": { "type": "Feature", "properties": { "height": 6.003387451171875, "confidence": 0.95649999380111606 }, "id": 721, "area": 816.0828011706684, "perimeter": 129.62866679573713, "cluster": 4 }, "geometry": { "type": "Polygon", "coordinates": [ [ [ -12427421.015721812844276, 4903718.141387461684644 ], [ -12427417.624820381402969, 4903707.586006274446845 ], [ -12427421.143280778080225, 4903706.45570579636842 ], [ -12427414.970101248472929, 4903687.239499016664922 ], [ -12427407.804281875491142, 4903689.541508458554745 ], [ -12427406.760721547529101, 4903686.293765051290393 ], [ -12427395.93491019308567, 4903689.771541797555983 ], [ -12427397.500250689685345, 4903694.643156904727221 ], [ -12427386.802793620154262, 4903698.079700014553964 ], [ -12427392.150914829224348, 4903714.727620673365891 ], [ -12427400.413452060893178, 4903712.072713868692517 ], [ -12427404.108632648363709, 4903723.572766189463437 ], [ -12427421.015721812844276, 4903718.141387461684644 ] ] ] } },
{ "type": "Feature", "properties": { "type": "Feature", "properties": { "height": 6.717498779296875, "confidence": 0.92960000038146906 }, "id": 722, "area": 593.31253476855397, "perimeter": 102.33085917392788, "cluster": 0 }, "geometry": { "type": "Polygon", "coordinates": [ [ [ -12426819.172614643350244, 4902920.362902070395648 ], [ -12426819.381073545664549, 4902946.039288433268666 ], [ -12426829.640843771398067, 4902945.956710493192077 ], [ -12426829.674486413598061, 4902950.136589699424803 ], [ -12426840.721310028806329, 4902950.047676996327937 ], [ -12426840.481005422770977, 4902920.191396963782609 ], [ -12426819.172614643350244, 4902920.362902070395648 ] ] ] } },
{ "type": "Feature", "properties": { "type": "Feature", "properties": { "height": 4.4887528419494629, "confidence": 0.99390000104904108 }, "id": 723, "area": 408.33651612047123, "perimeter": 89.618420587476905, "cluster": 0 }, "geometry": { "type": "Polygon", "coordinates": [ [ [ -12427353.508933745324612, 4902375.080530463717878 ], [ -12427359.956170497462153, 4902385.607112420722842 ], [ -12427366.252980802208185, 4902381.750492389313877 ], [ -12427369.178692553192377, 4902386.527382967062294 ], [ -12427371.567137842997909, 4902385.064527092501521 ], [ -12427374.22687579318881, 4902389.40715489257127 ], [ -12427384.107275752350688, 4902383.355686528608203 ], [ -12427372.073010675609112, 4902363.709253778681159 ], [ -12427353.508933745324612, 4902375.080530463717878 ] ] ] } },
{ "type": "Feature", "properties": { "type": "Feature", "properties": { "height": 5.4197878837585449, "confidence": 0.9890999794006341 }, "id": 724, "area": 285.59914332105768, "perimeter": 70.702145802853494, "cluster": 0 }, "geometry": { "type": "Polygon", "coordinates": [ [ [ -12427403.225003944709897, 4902826.320004120469093 ], [ -12427384.960424147546291, 4902836.288312719203532 ], [ -12427391.04862174205482, 4902847.443502154201269 ], [ -12427399.190082242712379, 4902843.000685278326273 ], [ -12427400.068928815424442, 4902844.611171335913241 ], [ -12427410.191984029486775, 4902839.086992897093296 ], [ -12427403.225003944709897, 4902826.320004120469093 ] ] ] } },
{ "type": "Feature", "properties": { "type": "Feature", "properties": { "height": 6.9644856452941895, "confidence": 0.98509997129440308 }, "id": 725, "area": 605.25524624615264, "perimeter": 102.06292101122399, "cluster": 0 }, "geometry": { "type": "Polygon", "coordinates": [ [ [ -12427130.112201735377312, 4902915.841464817523956 ], [ -12427108.93458247743547, 4902916.520310678519309 ], [ -12427109.558740248903632, 4902936.034459981136024 ], [ -12427107.470801286399364, 4902936.101242464035749 ], [ -12427107.733899177983403, 4902944.326937607489526 ], [ -12427130.999452730640769, 4902943.581163282506168 ], [ -12427130.112201735377312, 4902915.841464817523956 ] ] ] } },
{ "type": "Feature", "properties": { "type": "Feature", "properties": { "height": 4.7653517723083496, "confidence": 0.98140001296997004 }, "id": 726, "area": 397.90208984122438, "perimeter": 87.691819552806734, "cluster": 0 }, "geometry": { "type": "Polygon", "coordinates": [ [ [ -12427155.055554959923029, 4904285.703780686482787 ], [ -12427148.680818734690547, 4904279.745758037082851 ], [ -12427153.894088551402092, 4904274.167863837443292 ], [ -12427144.013247398659587, 4904264.932928736321628 ], [ -12427129.267141347751021, 4904280.710400898009539 ], [ -12427138.829245686531067, 4904289.647434869781137 ], [ -12427140.020850216969848, 4904288.372487625107169 ], [ -12427146.714323258027434, 4904294.628411403857172 ], [ -12427155.055554959923029, 4904285.703780686482787 ] ] ] } },
{ "type": "Feature", "properties": { "type": "Feature", "properties": { "height": 3.5546138286590572, "confidence": 0.99720001220703103 }, "id": 727, "area": 95.372041318031989, "perimeter": 39.217702519056282, "cluster": 2 }, "geometry": { "type": "Polygon", "coordinates": [ [ [ -12427398.954716766253114, 4902783.41030612681061 ], [ -12427393.988140262663364, 4902775.98201709240675 ], [ -12427385.115461692214012, 4902781.91431680880487 ], [ -12427390.082038199529052, 4902789.342605844140053 ], [ -12427398.954716766253114, 4902783.41030612681061 ] ] ] } },
{ "type": "Feature", "properties": { "type": "Feature", "properties": { "height": 4.7402944564819345, "confidence": 0.98129999637603704 }, "id": 728, "area": 199.801729545607, "perimeter": 56.597945225034437, "cluster": 2 }, "geometry": { "type": "Polygon", "coordinates": [ [ [ -12427543.980761190876365, 4902572.231888194568455 ], [ -12427536.284031080082059, 4902559.606069610454142 ], [ -12427524.746645133942366, 4902566.639288507401943 ], [ -12427532.443375246599317, 4902579.265107091516256 ], [ -12427543.980761190876365, 4902572.231888194568455 ] ] ] } },
{ "type": "Feature", "properties": { "type": "Feature", "properties": { "height": 7.5035171508789062, "confidence": 0.97780001163482611 }, "id": 729, "area": 811.17659116608866, "perimeter": 131.11193861890459, "cluster": 4 }, "geometry": { "type": "Polygon", "coordinates": [ [ [ -12427857.284649360924959, 4903906.296194769442081 ], [ -12427831.7062598913908, 4903864.500217105261981 ], [ -12427817.586119931191206, 4903873.140501517802477 ], [ -12427843.164949400350451, 4903914.937198160216212 ], [ -12427857.284649360924959, 4903906.296194769442081 ] ] ] } },
{ "type": "Feature", "properties": { "type": "Feature", "properties": { "height": 6.1285529136657706, "confidence": 0.95260000228881803 }, "id": 730, "area": 485.58892338789036, "perimeter": 94.59382742678909, "cluster": 0 }, "geometry": { "type": "Polygon", "coordinates": [ [ [ -12426651.464095920324326, 4903498.620277713052928 ], [ -12426650.453988885506988, 4903530.835477132350206 ], [ -12426665.513596890494227, 4903531.307670887559652 ], [ -12426666.521451434120536, 4903499.092400842346251 ], [ -12426651.464095920324326, 4903498.620277713052928 ] ] ] } },
{ "type": "Feature", "properties": { "type": "Feature", "properties": { "height": 4.2922806739807129, "confidence": 0.99830001592636108 }, "id": 731, "area": 766.41603663697742, "perimeter": 124.80069471078392, "cluster": 4 }, "geometry": { "type": "Polygon", "coordinates": [ [ [ -12426698.87231969460845, 4903583.005486731417477 ], [ -12426716.934088384732604, 4903583.20016145054251 ], [ -12426717.089516080915928, 4903568.68544917460531 ], [ -12426722.912564266473055, 4903568.747804042883217 ], [ -12426723.032849527895451, 4903557.587831386364996 ], [ -12426717.658995261415839, 4903557.529910506680608 ], [ -12426717.797361811622977, 4903544.69236976467073 ], [ -12426699.287419347092509, 4903544.49286450445652 ], [ -12426698.87231969460845, 4903583.005486731417477 ] ] ] } },
{ "type": "Feature", "properties": { "type": "Feature", "properties": { "height": 5.7747936248779297, "confidence": 0.94539999961853005 }, "id": 732, "area": 258.5434622036787, "perimeter": 64.848217645837451, "cluster": 2 }, "geometry": { "type": "Polygon", "coordinates": [ [ [ -12427247.968778239563107, 4902437.300829390063882 ], [ -12427231.631320629268885, 4902445.506148248910904 ], [ -12427237.977512024343014, 4902458.143692869693041 ], [ -12427254.315675957128406, 4902449.938019268214703 ], [ -12427247.968778239563107, 4902437.300829390063882 ] ] ] } },
{ "type": "Feature", "properties": { "type": "Feature", "properties": { "height": 5.462864875793457, "confidence": 0.97659999132156305 }, "id": 733, "area": 522.30163316685378, "perimeter": 102.1028794373224, "cluster": 0 }, "geometry": { "type": "Polygon", "coordinates": [ [ [ -12427731.369148135185242, 4902950.379756975919008 ], [ -12427717.339144071564078, 4902950.162747531197965 ], [ -12427717.302206294611096, 4902952.550833329558372 ], [ -12427702.675180781632662, 4902952.324589444324374 ], [ -12427702.42123356461525, 4902968.742679305374622 ], [ -12427715.854216177016497, 4902968.95045430213213 ], [ -12427715.854216177016497, 4902968.95045430213213 ], [ -12427721.525919947773218, 4902969.038181525655091 ], [ -12427721.470513282343745, 4902972.620310219936073 ], [ -12427726.54519560188055, 4902972.698802996426821 ], [ -12427726.600602269172668, 4902969.116674298420548 ], [ -12427731.078263141214848, 4902969.185932633467019 ], [ -12427731.369148135185242, 4902950.379756975919008 ] ] ] } },
{ "type": "Feature", "properties": { "type": "Feature", "properties": { "height": 6.8034629821777344, "confidence": 0.98409998416900613 }, "id": 734, "area": 571.69064114524315, "perimeter": 101.85424998324197, "cluster": 0 }, "geometry": { "type": "Polygon", "coordinates": [ [ [ -12427741.199243936687708, 4903833.666214060038328 ], [ -12427726.693273337557912, 4903841.953744715079665 ], [ -12427743.671021806076169, 4903871.666884124279022 ], [ -12427758.175424570217729, 4903863.380249204114079 ], [ -12427741.199243936687708, 4903833.666214060038328 ] ] ] } },
{ "type": "Feature", "properties": { "type": "Feature", "properties": { "height": 5.1116423606872559, "confidence": 0.98610001802444402 }, "id": 735, "area": 895.19232561601439, "perimeter": 164.57227477497841, "cluster": 4 }, "geometry": { "type": "Polygon", "coordinates": [ [ [ -12427926.552099021151662, 4904507.098377270624042 ], [ -12427942.501193637028337, 4904506.853916764259338 ], [ -12427942.392635894939303, 4904499.803584991954267 ], [ -12427956.593732511624694, 4904499.584923090413213 ], [ -12427956.639487033709884, 4904502.57003999967128 ], [ -12427964.229929262772202, 4904502.453165890648961 ], [ -12427964.274161705747247, 4904505.32586199324578 ], [ -12427973.400182949379086, 4904505.185982466675341 ], [ -12427973.011269100010395, 4904479.812461514025927 ], [ -12427963.584960719570518, 4904479.956943702884018 ], [ -12427963.67229126766324, 4904485.628665834665298 ], [ -12427948.918729877099395, 4904485.854801748879254 ], [ -12427948.872975306585431, 4904482.869681636802852 ], [ -12427941.410175025463104, 4904482.984068064950407 ], [ -12427941.47423142567277, 4904487.16323621943593 ], [ -12427926.250118853524327, 4904487.396584531292319 ], [ -12427926.552099021151662, 4904507.098377270624042 ] ] ] } },
{ "type": "Feature", "properties": { "type": "Feature", "properties": { "height": 3.171701192855835, "confidence": 0.99919998645782404 }, "id": 736, "area": 112.26705992361916, "perimeter": 43.580655471615181, "cluster": 2 }, "geometry": { "type": "Polygon", "coordinates": [ [ [ -12426823.784468403086066, 4904009.080141016282141 ], [ -12426815.428899850696325, 4904009.278971736319363 ], [ -12426815.74844921939075, 4904022.70756405685097 ], [ -12426824.104017771780491, 4904022.508733335882425 ], [ -12426823.784468403086066, 4904009.080141016282141 ] ] ] } },
{ "type": "Feature", "properties": { "type": "Feature", "properties": { "height": 4.9527974128723145, "confidence": 0.98839998245239202 }, "id": 737, "area": 714.25299125267793, "perimeter": 126.50923165389102, "cluster": 4 }, "geometry": { "type": "Polygon", "coordinates": [ [ [ -12427152.296292182058096, 4904178.264749268069863 ], [ -12427147.53124138340354, 4904144.907059008255601 ], [ -12427139.446169463917613, 4904146.06198844499886 ], [ -12427138.861268769949675, 4904141.96538985427469 ], [ -12427125.878044806420803, 4904143.82000632211566 ], [ -12427128.636758428066969, 4904163.132353314198554 ], [ -12427133.903762152418494, 4904162.379976872354746 ], [ -12427135.115924194455147, 4904170.865705097094178 ], [ -12427131.019365744665265, 4904171.450886776670814 ], [ -12427132.398722553625703, 4904181.107060270383954 ], [ -12427152.296292182058096, 4904178.264749268069863 ] ] ] } },
{ "type": "Feature", "properties": { "type": "Feature", "properties": { "height": 5.4859709739685059, "confidence": 0.96549999713897705 }, "id": 738, "area": 555.96799577329659, "perimeter": 103.83527559672926, "cluster": 0 }, "geometry": { "type": "Polygon", "coordinates": [ [ [ -12427170.1614690721035, 4902301.985477500595152 ], [ -12427164.860223760828376, 4902288.352613385766745 ], [ -12427168.750678729265928, 4902286.839779694564641 ], [ -12427165.119877865538001, 4902277.50268776435405 ], [ -12427139.702238725498319, 4902287.386534563265741 ], [ -12427146.459562556818128, 4902304.763900096528232 ], [ -12427155.018563494086266, 4902301.435665969736874 ], [ -12427157.19359241053462, 4902307.02904487401247 ], [ -12427170.1614690721035, 4902301.985477500595152 ] ] ] } },
{ "type": "Feature", "properties": { "type": "Feature", "properties": { "height": 3.365089893341064, "confidence": 0.93400001525878906 }, "id": 739, "area": 133.64089659157924, "perimeter": 50.711548744665066, "cluster": 2 }, "geometry": { "type": "Polygon", "coordinates": [ [ [ -12427548.791007112711668, 4902701.18131114076823 ], [ -12427542.110633544623852, 4902704.531316502019763 ], [ -12427550.126717802137136, 4902720.516496109776199 ], [ -12427556.807091372087598, 4902717.166490745730698 ], [ -12427548.791007112711668, 4902701.18131114076823 ] ] ] } },
{ "type": "Feature", "properties": { "type": "Feature", "properties": { "height": 7.3563523292541504, "confidence": 0.96149998903274503 }, "id": 740, "area": 539.97291190777537, "perimeter": 107.16294113546748, "cluster": 4 }, "geometry": { "type": "Polygon", "coordinates": [ [ [ -12427785.54970888979733, 4903267.711246090941131 ], [ -12427752.059767693281174, 4903289.80973192397505 ], [ -12427759.471682196483016, 4903301.042383008636534 ], [ -12427792.961623391136527, 4903278.943897174671292 ], [ -12427785.54970888979733, 4903267.711246090941131 ] ] ] } },
{ "type": "Feature", "properties": { "type": "Feature", "properties": { "height": 7.6343259811401367, "confidence": 0.98509997129440308 }, "id": 741, "area": 847.62021396309683, "perimeter": 127.91166138220746, "cluster": 4 }, "geometry": { "type": "Polygon", "coordinates": [ [ [ -12426783.396060183644295, 4902824.485523506999016 ], [ -12426782.669594690203667, 4902807.497407387010753 ], [ -12426777.006889315322042, 4902807.73956255055964 ], [ -12426776.178463753312826, 4902788.367149430327117 ], [ -12426756.806050634011626, 4902789.195574992336333 ], [ -12426757.583496160805225, 4902807.375839611515403 ], [ -12426755.081075720489025, 4902807.482851011678576 ], [ -12426755.859791338443756, 4902825.663061319850385 ], [ -12426783.396060183644295, 4902824.485523506999016 ] ] ] } },
{ "type": "Feature", "properties": { "type": "Feature", "properties": { "height": 4.3794560432434082, "confidence": 0.9868000149726861 }, "id": 742, "area": 822.80793050202817, "perimeter": 119.36799642099334, "cluster": 4 }, "geometry": { "type": "Polygon", "coordinates": [ [ [ -12426795.123999278992414, 4903045.24643175303936 ], [ -12426779.725783968344331, 4903045.75402969494462 ], [ -12426779.715931121259928, 4903045.455772350542247 ], [ -12426763.200557785108685, 4903046.000197100453079 ], [ -12426764.114933244884014, 4903073.738194144330919 ], [ -12426779.624350948259234, 4903073.226930445060134 ], [ -12426779.506367018446326, 4903069.647834053263068 ], [ -12426795.910558817908168, 4903069.107074369676411 ], [ -12426795.123999278992414, 4903045.24643175303936 ] ] ] } },
{ "type": "Feature", "properties": { "type": "Feature", "properties": { "height": 2.5570175647735591, "confidence": 0.99540001153945912 }, "id": 743, "area": 19.884372105697295, "perimeter": 18.266489746467137, "cluster": 2 }, "geometry": { "type": "Polygon", "coordinates": [ [ [ -12427021.743853202089667, 4902341.399643364362419 ], [ -12427018.16302234865725, 4902341.487359686754644 ], [ -12427018.299358893185854, 4902347.037150415591896 ], [ -12427021.880183594301343, 4902346.949183627031744 ], [ -12427021.743853202089667, 4902341.399643364362419 ] ] ] } },
{ "type": "Feature", "properties": { "type": "Feature", "properties": { "height": 3.9590015411376949, "confidence": 0.97960001230239813 }, "id": 744, "area": 489.43782520104764, "perimeter": 110.65199771533536, "cluster": 4 }, "geometry": { "type": "Polygon", "coordinates": [ [ [ -12427447.607600839808583, 4903018.553610747680068 ], [ -12427461.14721080288291, 4903040.268050879240036 ], [ -12427469.181635200977325, 4903035.25834434479475 ], [ -12427466.700499190017581, 4903031.279615801759064 ], [ -12427472.075022822245955, 4903027.928061663173139 ], [ -12427474.756266133859754, 4903032.227680565789342 ], [ -12427482.280599215999246, 4903027.535504773259163 ], [ -12427472.494061129167676, 4903011.841895768418908 ], [ -12427459.380223469808698, 4903020.019687868654728 ], [ -12427455.425943261012435, 4903013.67863786034286 ], [ -12427447.607600839808583, 4903018.553610747680068 ] ] ] } },
{ "type": "Feature", "properties": { "type": "Feature", "properties": { "height": 5.6669678688049316, "confidence": 0.92150002717971802 }, "id": 745, "area": 493.00881928849196, "perimeter": 95.911430617788739, "cluster": 0 }, "geometry": { "type": "Polygon", "coordinates": [ [ [ -12426830.670854620635509, 4901919.866640381515026 ], [ -12426845.594533400610089, 4901919.581494501791894 ], [ -12426844.965879734605551, 4901886.55868727248162 ], [ -12426830.042181082069874, 4901886.842789037153125 ], [ -12426830.670854620635509, 4901919.866640381515026 ] ] ] } },
{ "type": "Feature", "properties": { "type": "Feature", "properties": { "height": 4.852241039276123, "confidence": 0.98320001363754206 }, "id": 746, "area": 449.80805093751002, "perimeter": 106.78756665664099, "cluster": 0 }, "geometry": { "type": "Polygon", "coordinates": [ [ [ -12427024.830893808975816, 4904164.396409779787064 ], [ -12427027.944742588326335, 4904137.284483327530324 ], [ -12427017.630422739312053, 4904136.099866944365203 ], [ -12427015.193497613072395, 4904157.31789634283632 ], [ -12427011.06776967458427, 4904156.844049788080156 ], [ -12427009.510845286771655, 4904170.400013015605509 ], [ -12427027.781926155090332, 4904172.498476321808994 ], [ -12427028.66192689910531, 4904164.83641014713794 ], [ -12427024.830893808975816, 4904164.396409779787064 ] ] ] } },
{ "type": "Feature", "properties": { "type": "Feature", "properties": { "height": 3.5180723667144771, "confidence": 0.96399998664855913 }, "id": 747, "area": 22.270245709538592, "perimeter": 19.620323759948551, "cluster": 2 }, "geometry": { "type": "Polygon", "coordinates": [ [ [ -12427662.114665800705552, 4903098.726450523361564 ], [ -12427662.697591619566083, 4903104.942005808465183 ], [ -12427666.249337494373322, 4903104.608905341476202 ], [ -12427665.666411677375436, 4903098.393350057303905 ], [ -12427662.114665800705552, 4903098.726450523361564 ] ] ] } },
{ "type": "Feature", "properties": { "type": "Feature", "properties": { "height": 5.255927562713623, "confidence": 0.99559998512268011 }, "id": 748, "area": 582.51559227634004, "perimeter": 116.35509164313659, "cluster": 4 }, "geometry": { "type": "Polygon", "coordinates": [ [ [ -12426724.375986322760582, 4903133.018764392472804 ], [ -12426734.330978389829397, 4903132.624410704709589 ], [ -12426734.536566235125065, 4903137.805079355835915 ], [ -12426736.921467646956444, 4903137.710437761619687 ], [ -12426737.217222625389695, 4903145.163254666142166 ], [ -12426746.75682826526463, 4903144.784688290208578 ], [ -12426746.461073283106089, 4903137.331871383823454 ], [ -12426748.728433441370726, 4903137.241894255392253 ], [ -12426748.511437503620982, 4903131.764088649302721 ], [ -12426755.964295705780387, 4903131.468853645958006 ], [ -12426755.425471497699618, 4903117.866874263621867 ], [ -12426723.825440185144544, 4903119.120878866873682 ], [ -12426724.375986322760582, 4903133.018764392472804 ] ] ] } },
{ "type": "Feature", "properties": { "type": "Feature", "properties": { "height": 5.7110185623168936, "confidence": 0.98089998960494995 }, "id": 749, "area": 471.69823955323636, "perimeter": 87.39831247065375, "cluster": 0 }, "geometry": { "type": "Polygon", "coordinates": [ [ [ -12426895.629180818796158, 4902181.811996852979064 ], [ -12426876.2749487105757, 4902183.854702763259411 ], [ -12426878.82073950022459, 4902207.959579388611019 ], [ -12426898.173161746934056, 4902205.915710046887398 ], [ -12426895.629180818796158, 4902181.811996852979064 ] ] ] } },
{ "type": "Feature", "properties": { "type": "Feature", "properties": { "height": 5.6121082305908203, "confidence": 0.98619997501373202 }, "id": 750, "area": 491.6458449248226, "perimeter": 96.491840657049593, "cluster": 0 }, "geometry": { "type": "Polygon", "coordinates": [ [ [ -12427293.802116561681032, 4903565.100369148887694 ], [ -12427290.107119794934988, 4903580.009748936630785 ], [ -12427307.829590108245611, 4903584.400674534961581 ], [ -12427307.029982667416334, 4903587.627105230465531 ], [ -12427318.000856433063745, 4903590.346020684577525 ], [ -12427322.495639927685261, 4903572.209486778825521 ], [ -12427293.802116561681032, 4903565.100369148887694 ] ] ] } },
{ "type": "Feature", "properties": { "type": "Feature", "properties": { "height": 6.3207831382751456, "confidence": 0.97219997644424405 }, "id": 751, "area": 473.49171671335256, "perimeter": 98.706677407855096, "cluster": 0 }, "geometry": { "type": "Polygon", "coordinates": [ [ [ -12427443.31634271889925, 4903271.742787830531597 ], [ -12427421.046977484598756, 4903261.479366071522236 ], [ -12427420.989779559895396, 4903261.60347297322005 ], [ -12427412.720364592969418, 4903257.792874701321125 ], [ -12427408.805737288668752, 4903266.288044036366045 ], [ -12427416.686657903715968, 4903269.920173251070082 ], [ -12427414.076461475342512, 4903275.584584944881499 ], [ -12427436.734108246862888, 4903286.026956444606185 ], [ -12427443.31634271889925, 4903271.742787830531597 ] ] ] } },
{ "type": "Feature", "properties": { "type": "Feature", "properties": { "height": 6.5542607307434082, "confidence": 0.96439999341964711 }, "id": 752, "area": 390.16595312477551, "perimeter": 94.789902446819625, "cluster": 0 }, "geometry": { "type": "Polygon", "coordinates": [ [ [ -12427295.079681837931275, 4903963.715488431975245 ], [ -12427297.274553654715419, 4903975.240783745422959 ], [ -12427311.393040413036942, 4903972.552065768279135 ], [ -12427310.295604504644871, 4903966.789418109692633 ], [ -12427306.261751145124435, 4903967.557623244822025 ], [ -12427301.872007505968213, 4903944.507032620720565 ], [ -12427288.161480838432908, 4903947.118058872409165 ], [ -12427291.452620934695005, 4903964.406224202364683 ], [ -12427295.079681837931275, 4903963.715488431975245 ] ] ] } },
{ "type": "Feature", "properties": { "type": "Feature", "properties": { "height": 5.0924854278564453, "confidence": 0.90069997310638406 }, "id": 753, "area": 370.17613267676819, "perimeter": 83.567714347407815, "cluster": 0 }, "geometry": { "type": "Polygon", "coordinates": [ [ [ -12427318.42499477788806, 4902185.961276791058481 ], [ -12427328.386741684749722, 4902213.2334438348189 ], [ -12427340.363057807087898, 4902208.857997993007302 ], [ -12427330.399897061288357, 4902181.587185592390597 ], [ -12427318.42499477788806, 4902185.961276791058481 ] ] ] } },
{ "type": "Feature", "properties": { "type": "Feature", "properties": { "height": 5.6477251052856436, "confidence": 0.99180001020431507 }, "id": 754, "area": 480.07005341680787, "perimeter": 96.994270756715281, "cluster": 0 }, "geometry": { "type": "Polygon", "coordinates": [ [ [ -12427445.340624773874879, 4903499.746519601903856 ], [ -12427444.555406793951988, 4903477.081480281427503 ], [ -12427427.698009807616472, 4903477.665495644323528 ], [ -12427428.795392060652375, 4903509.277184455655515 ], [ -12427439.686095206066966, 4903508.899881960824132 ], [ -12427439.376140741631389, 4903499.953155913390219 ], [ -12427445.340624773874879, 4903499.746519601903856 ] ] ] } },
{ "type": "Feature", "properties": { "type": "Feature", "properties": { "height": 4.0717720985412598, "confidence": 0.96380001306533802 }, "id": 755, "area": 278.08749011043648, "perimeter": 78.746620070331389, "cluster": 0 }, "geometry": { "type": "Polygon", "coordinates": [ [ [ -12427469.98196348361671, 4902692.304688301868737 ], [ -12427472.159610010683537, 4902695.674945407547057 ], [ -12427485.851279499009252, 4902686.828256385400891 ], [ -12427480.748790431767702, 4902678.931336565874517 ], [ -12427473.255066128447652, 4902683.772781768813729 ], [ -12427470.736223919317126, 4902679.874047343619168 ], [ -12427456.954768676310778, 4902688.778750225901604 ], [ -12427462.398884994909167, 4902697.204392989166081 ], [ -12427469.98196348361671, 4902692.304688301868737 ] ] ] } },
{ "type": "Feature", "properties": { "type": "Feature", "properties": { "height": 8.6478900909423828, "confidence": 0.92619997262954712 }, "id": 756, "area": 1476.8912187195911, "perimeter": 230.24107836838004, "cluster": 1 }, "geometry": { "type": "Polygon", "coordinates": [ [ [ -12427872.809531511738896, 4903519.892904095351696 ], [ -12427777.687452072277665, 4903487.730616456829011 ], [ -12427772.976356416940689, 4903501.66399147361517 ], [ -12427868.09843585640192, 4903533.826279111206532 ], [ -12427872.809531511738896, 4903519.892904095351696 ] ] ] } },
{ "type": "Feature", "properties": { "type": "Feature", "properties": { "height": 7.1117682456970206, "confidence": 0.98360002040863004 }, "id": 757, "area": 708.61335180122103, "perimeter": 116.98119501455182, "cluster": 4 }, "geometry": { "type": "Polygon", "coordinates": [ [ [ -12426652.387487320229411, 4902938.343231149017811 ], [ -12426634.193579953163862, 4902938.94044157397002 ], [ -12426634.017353927716613, 4902933.571747597306967 ], [ -12426617.911271998658776, 4902934.100425678305328 ], [ -12426618.449740411713719, 4902950.50476838555187 ], [ -12426621.432348178699613, 4902950.406865037046373 ], [ -12426621.686896884813905, 4902958.161645224317908 ], [ -12426653.004278413951397, 4902957.133660064078867 ], [ -12426652.387487320229411, 4902938.343231149017811 ] ] ] } },
{ "type": "Feature", "properties": { "type": "Feature", "properties": { "height": 1.0189274549484251, "confidence": 0.96530002355575506 }, "id": 758, "area": 84.802774462766095, "perimeter": 39.121398111063982, "cluster": 2 }, "geometry": { "type": "Polygon", "coordinates": [ [ [ -12426664.0357301607728, 4902230.5450045671314 ], [ -12426657.564301945269108, 4902219.184423855505884 ], [ -12426651.928500689566135, 4902222.394795247353613 ], [ -12426658.400098547339439, 4902233.755673752166331 ], [ -12426664.0357301607728, 4902230.5450045671314 ] ] ] } },
{ "type": "Feature", "properties": { "type": "Feature", "properties": { "height": 4.8350644111633301, "confidence": 0.98070001602172807 }, "id": 759, "area": 351.80172938868776, "perimeter": 81.790026514089334, "cluster": 0 }, "geometry": { "type": "Polygon", "coordinates": [ [ [ -12427018.014085203409195, 4902256.013716522604227 ], [ -12427014.141912514343858, 4902237.724260848946869 ], [ -12427003.568320952355862, 4902239.962860690429807 ], [ -12427004.717872221022844, 4902245.392542841844261 ], [ -12426993.572735169902444, 4902247.752148073166609 ], [ -12426996.295356592163444, 4902260.611921595409513 ], [ -12427018.014085203409195, 4902256.013716522604227 ] ] ] } },
{ "type": "Feature", "properties": { "type": "Feature", "properties": { "height": 3.4055285453796382, "confidence": 0.96200001239776611 }, "id": 760, "area": 274.11919895970522, "perimeter": 69.746711259449171, "cluster": 0 }, "geometry": { "type": "Polygon", "coordinates": [ [ [ -12427365.722650421783328, 4902756.201280106790364 ], [ -12427373.56071831099689, 4902769.493898977525532 ], [ -12427390.307743715122342, 4902759.617748639546335 ], [ -12427383.906091215088964, 4902748.762442336417735 ], [ -12427376.021375449374318, 4902753.412261416204274 ], [ -12427374.584396339952946, 4902750.975281291641295 ], [ -12427365.722650421783328, 4902756.201280106790364 ] ] ] } }
]
}
