{
"type": "FeatureCollection",
"name": "provo_oakhills_wasatch",
"crs": { "type": "name", "properties": { "name": "urn:ogc:def:crs:OGC:1.3:CRS84" } },
"features": [
{ "type": "Feature", "properties": { "type": "Feature", "properties": { "height": 4.6216645240783691, "confidence": 0.95240002870559604 }, "id": 0 }, "geometry": { "type": "Polygon", "coordinates": [ [ [ -111.632677400617553, 40.262533959520326 ], [ -111.632702350264921, 40.26242127212489 ], [ -111.632518843899675, 40.262397613246684 ], [ -111.632481849206002, 40.262564772447355 ], [ -111.632719158999507, 40.262595367949217 ], [ -111.632731214712891, 40.262540894709211 ], [ -111.632677400617553, 40.262533959520326 ] ] ] } },
{ "type": "Feature", "properties": { "type": "Feature", "properties": { "height": 6.1666383743286133, "confidence": 0.98180001974105813 }, "id": 1 }, "geometry": { "type": "Polygon", "coordinates": [ [ [ -111.632835342246338, 40.264377370436101 ], [ -111.632770351716829, 40.264230362930689 ], [ -111.632727985745078, 40.264241268748421 ], [ -111.632711735086318, 40.264204517607126 ], [ -111.632572065039327, 40.264240471376446 ], [ -111.632640016134005, 40.26439414371859 ], [ -111.632736338262106, 40.264369343455492 ], [ -111.632749642503541, 40.264399431152 ], [ -111.632835342246338, 40.264377370436101 ] ] ] } },
{ "type": "Feature", "properties": { "type": "Feature", "properties": { "height": 5.8692307472229004, "confidence": 0.97109997272491411 }, "id": 2 }, "geometry": { "type": "Polygon", "coordinates": [ [ [ -111.636639456170485, 40.256301460680127 ], [ -111.636668010710665, 40.256361039708189 ], [ -111.636705862224204, 40.2563504740328 ], [ -111.636722302717033, 40.256384777091121 ], [ -111.636762519950153, 40.25637355106489 ], [ -111.636799727381288, 40.256451184250814 ], [ -111.636877796127962, 40.256429392572571 ], [ -111.636820687047617, 40.256310234584355 ], [ -111.636865635719943, 40.25629768783525 ], [ -111.636818044819634, 40.256198389333029 ], [ -111.636678467363467, 40.256237350340385 ], [ -111.636700964879992, 40.256284291441673 ], [ -111.636639456170485, 40.256301460680127 ] ] ] } },
{ "type": "Feature", "properties": { "type": "Feature", "properties": { "height": 3.74870753288269, "confidence": 0.98919999599456709 }, "id": 3 }, "geometry": { "type": "Polygon", "coordinates": [ [ [ -111.63719852396892, 40.253975812382308 ], [ -111.63712520525722, 40.253882423883667 ], [ -111.636927840283875, 40.253972675454506 ], [ -111.63699642875612, 40.254060038776096 ], [ -111.637070181361622, 40.254026313049515 ], [ -111.637074911194503, 40.254032338290948 ], [ -111.63719852396892, 40.253975812382308 ] ] ] } },
{ "type": "Feature", "properties": { "type": "Feature", "properties": { "height": 4.6609339714050293, "confidence": 0.96530002355575506 }, "id": 4 }, "geometry": { "type": "Polygon", "coordinates": [ [ [ -111.635689039118006, 40.262267439310861 ], [ -111.635549890647439, 40.262272582010681 ], [ -111.635560388362123, 40.262437982828075 ], [ -111.635493490058991, 40.262440455273733 ], [ -111.635496859695792, 40.262493546806461 ], [ -111.635565454851246, 40.262491011650049 ], [ -111.635564805909937, 40.262480801777286 ], [ -111.635643387955682, 40.262477897522416 ], [ -111.635640925528776, 40.262439099859016 ], [ -111.635699796035553, 40.262436924106801 ], [ -111.635689039118006, 40.262267439310861 ] ] ] } },
{ "type": "Feature", "properties": { "type": "Feature", "properties": { "height": 5.449012279510498, "confidence": 0.98159998655319203 }, "id": 5 }, "geometry": { "type": "Polygon", "coordinates": [ [ [ -111.636761958646957, 40.253709121180229 ], [ -111.636726550040009, 40.253665388918172 ], [ -111.636866305152907, 40.253599480436243 ], [ -111.636815929049177, 40.253537262093595 ], [ -111.636720817930666, 40.253582116525337 ], [ -111.636707624189214, 40.253565821246468 ], [ -111.636618336200414, 40.253607929471599 ], [ -111.636717316049769, 40.253730176977122 ], [ -111.636761958646957, 40.253709121180229 ] ] ] } },
{ "type": "Feature", "properties": { "type": "Feature", "properties": { "height": 4.8924770355224609, "confidence": 0.94599997997283902 }, "id": 6 }, "geometry": { "type": "Polygon", "coordinates": [ [ [ -111.638254974951877, 40.251627070083799 ], [ -111.638109701915923, 40.251695846651238 ], [ -111.63817217420177, 40.251772719469265 ], [ -111.638317447237725, 40.251703942979979 ], [ -111.638254974951877, 40.251627070083799 ] ] ] } },
{ "type": "Feature", "properties": { "type": "Feature", "properties": { "height": 5.4316434860229492, "confidence": 0.97689998149871804 }, "id": 7 }, "geometry": { "type": "Polygon", "coordinates": [ [ [ -111.632849302123176, 40.261734837781738 ], [ -111.632702537230173, 40.261703507340485 ], [ -111.632600243218192, 40.261982548541631 ], [ -111.632740496343331, 40.26201248876869 ], [ -111.632771122063474, 40.26192896790652 ], [ -111.632837327700443, 40.26194310102192 ], [ -111.632874209214961, 40.261842494404362 ], [ -111.632814508241538, 40.261829749840118 ], [ -111.632849302123176, 40.261734837781738 ] ] ] } },
{ "type": "Feature", "properties": { "type": "Feature", "properties": { "height": 6.9652304649353027, "confidence": 0.98869997262954712 }, "id": 8 }, "geometry": { "type": "Polygon", "coordinates": [ [ [ -111.635615884284263, 40.25851823943524 ], [ -111.635688372489398, 40.258428666718686 ], [ -111.635556336106816, 40.258366445086473 ], [ -111.63553181711211, 40.258396742925108 ], [ -111.635396856741394, 40.258333136135803 ], [ -111.635308657286942, 40.258442135526224 ], [ -111.635544583642414, 40.258553314739835 ], [ -111.635584817872214, 40.25850359787453 ], [ -111.635615884284263, 40.25851823943524 ] ] ] } },
{ "type": "Feature", "properties": { "type": "Feature", "properties": { "height": 5.6168146133422852, "confidence": 0.89929997920989913 }, "id": 9 }, "geometry": { "type": "Polygon", "coordinates": [ [ [ -111.639908816245537, 40.259495726670629 ], [ -111.639951095212183, 40.259402503106166 ], [ -111.639701984345294, 40.25933670941798 ], [ -111.639659705378634, 40.259429933073079 ], [ -111.639908816245537, 40.259495726670629 ] ] ] } },
{ "type": "Feature", "properties": { "type": "Feature", "properties": { "height": 7.9570069313049316, "confidence": 0.96740001440048207 }, "id": 10 }, "geometry": { "type": "Polygon", "coordinates": [ [ [ -111.640829528936678, 40.258949198194692 ], [ -111.640552467192393, 40.258866758201165 ], [ -111.640498906851633, 40.258971587145062 ], [ -111.640775968595946, 40.259054027010862 ], [ -111.640829528936678, 40.258949198194692 ] ] ] } },
{ "type": "Feature", "properties": { "type": "Feature", "properties": { "height": 2.079032182693481, "confidence": 0.9645000100135801 }, "id": 11 }, "geometry": { "type": "Polygon", "coordinates": [ [ [ -111.64455970998975, 40.264173460042379 ], [ -111.644498105233012, 40.264171703130678 ], [ -111.644495402395179, 40.264226887473612 ], [ -111.644557007151917, 40.264228644383877 ], [ -111.64455970998975, 40.264173460042379 ] ] ] } },
{ "type": "Feature", "properties": { "type": "Feature", "properties": { "height": 4.5776991844177246, "confidence": 0.99819999933242809 }, "id": 12 }, "geometry": { "type": "Polygon", "coordinates": [ [ [ -111.629220475069815, 40.254186686305943 ], [ -111.629326012700318, 40.254188304191352 ], [ -111.629331429007692, 40.25398251457019 ], [ -111.629225872364785, 40.253980902026662 ], [ -111.629220475069815, 40.254186686305943 ] ] ] } },
{ "type": "Feature", "properties": { "type": "Feature", "properties": { "height": 5.8338794708251953, "confidence": 0.99040001630783003 }, "id": 13 }, "geometry": { "type": "Polygon", "coordinates": [ [ [ -111.631049729400061, 40.248212146574623 ], [ -111.631103242497048, 40.248255929233181 ], [ -111.631199325987382, 40.248187510389926 ], [ -111.630992785454296, 40.248018525381639 ], [ -111.630897312826292, 40.248086504313747 ], [ -111.630952167865871, 40.248131381621704 ], [ -111.630975113176987, 40.248115043995419 ], [ -111.631073294243578, 40.248195366587147 ], [ -111.631049729400061, 40.248212146574623 ] ] ] } },
{ "type": "Feature", "properties": { "type": "Feature", "properties": { "height": 6.9515352249145508, "confidence": 0.96850001811981212 }, "id": 14 }, "geometry": { "type": "Polygon", "coordinates": [ [ [ -111.63144333782553, 40.252806678024584 ], [ -111.631466341062449, 40.253046947141044 ], [ -111.631618414283039, 40.253038458563793 ], [ -111.631614320486662, 40.252995698862826 ], [ -111.631608984584176, 40.252995996707838 ], [ -111.631604428954049, 40.252948413122333 ], [ -111.631640698435405, 40.252946390530141 ], [ -111.631626330764632, 40.252796463502726 ], [ -111.63144333782553, 40.252806678024584 ] ] ] } },
{ "type": "Feature", "properties": { "type": "Feature", "properties": { "height": 3.1945204734802242, "confidence": 0.98879998922348011 }, "id": 15 }, "geometry": { "type": "Polygon", "coordinates": [ [ [ -111.636297603588545, 40.252446351644743 ], [ -111.636200754117638, 40.252302014788533 ], [ -111.636105132046481, 40.252339388110784 ], [ -111.636141042524471, 40.252392906277308 ], [ -111.63612191811022, 40.252400380933366 ], [ -111.636161093177137, 40.252458764333042 ], [ -111.636199342005597, 40.252443815032983 ], [ -111.636221105931639, 40.252476250240427 ], [ -111.636297603588545, 40.252446351644743 ] ] ] } },
{ "type": "Feature", "properties": { "type": "Feature", "properties": { "height": 5.288395881652832, "confidence": 0.97640001773834206 }, "id": 16 }, "geometry": { "type": "Polygon", "coordinates": [ [ [ -111.636590853419293, 40.258715283302173 ], [ -111.636682769903985, 40.258918244966779 ], [ -111.636845699393405, 40.258875273608581 ], [ -111.636827481711748, 40.258835046995188 ], [ -111.636863422040278, 40.258825568009804 ], [ -111.636789723237243, 40.258662832806912 ], [ -111.636590853419293, 40.258715283302173 ] ] ] } },
{ "type": "Feature", "properties": { "type": "Feature", "properties": { "height": 5.3667764663696289, "confidence": 0.96609997749328602 }, "id": 17 }, "geometry": { "type": "Polygon", "coordinates": [ [ [ -111.636959953555746, 40.25096420082437 ], [ -111.63699171893586, 40.251005102762271 ], [ -111.637064112794491, 40.250972352641192 ], [ -111.637012922509726, 40.250906430857846 ], [ -111.636942506874675, 40.250938282323965 ], [ -111.636897798670901, 40.250880714802371 ], [ -111.636805449803916, 40.250922487452804 ], [ -111.636869586777678, 40.25100508168304 ], [ -111.636959953555746, 40.25096420082437 ] ] ] } },
{ "type": "Feature", "properties": { "type": "Feature", "properties": { "height": 4.3656563758850098, "confidence": 0.97979998588562012 }, "id": 18 }, "geometry": { "type": "Polygon", "coordinates": [ [ [ -111.633298338905234, 40.260541480586163 ], [ -111.633281042882416, 40.260507756528824 ], [ -111.633211264936321, 40.260528596793741 ], [ -111.633228560959139, 40.260562320840677 ], [ -111.633298338905234, 40.260541480586163 ] ] ] } },
{ "type": "Feature", "properties": { "type": "Feature", "properties": { "height": 5.6470589637756348, "confidence": 0.98119997978210405 }, "id": 19 }, "geometry": { "type": "Polygon", "coordinates": [ [ [ -111.636018508242515, 40.263709220616555 ], [ -111.636006533549562, 40.26361708339315 ], [ -111.635793020165139, 40.263633241590178 ], [ -111.635804985023015, 40.263725368132263 ], [ -111.636018508242515, 40.263709220616555 ] ] ] } },
{ "type": "Feature", "properties": { "type": "Feature", "properties": { "height": 6.0412168502807617, "confidence": 0.95029997825622503 }, "id": 20 }, "geometry": { "type": "Polygon", "coordinates": [ [ [ -111.632910824002295, 40.2566843555093 ], [ -111.632908651865577, 40.256620168612493 ], [ -111.632848164018384, 40.256621364011139 ], [ -111.632841153451523, 40.256414760422274 ], [ -111.632653524643516, 40.25641846847126 ], [ -111.632658478667906, 40.256564465170612 ], [ -111.632722808661455, 40.25656319727603 ], [ -111.632724170971855, 40.25660334494961 ], [ -111.632645278817762, 40.256604904066052 ], [ -111.632648142720797, 40.256689532745455 ], [ -111.632910824002295, 40.2566843555093 ] ] ] } },
{ "type": "Feature", "properties": { "type": "Feature", "properties": { "height": 5.0200695991516113, "confidence": 0.96770000457763605 }, "id": 21 }, "geometry": { "type": "Polygon", "coordinates": [ [ [ -111.634138328887644, 40.260938259884654 ], [ -111.63410777257964, 40.260858249106917 ], [ -111.634073161306858, 40.260865946505469 ], [ -111.634003566773757, 40.260683714971542 ], [ -111.633847813117924, 40.260718345680054 ], [ -111.633947963308302, 40.260980586144498 ], [ -111.634138328887644, 40.260938259884654 ] ] ] } },
{ "type": "Feature", "properties": { "type": "Feature", "properties": { "height": 6.054995059967041, "confidence": 0.97049999237060502 }, "id": 22 }, "geometry": { "type": "Polygon", "coordinates": [ [ [ -111.636705118870751, 40.25038681265233 ], [ -111.636591390278085, 40.250441919753932 ], [ -111.636634508692339, 40.250493750208364 ], [ -111.636669853568932, 40.250476622005642 ], [ -111.636710482916442, 40.250525465839509 ], [ -111.636856744724184, 40.250454594872956 ], [ -111.636785764370387, 40.250369272926498 ], [ -111.636717889497859, 40.250402165283099 ], [ -111.636705118870751, 40.25038681265233 ] ] ] } },
{ "type": "Feature", "properties": { "type": "Feature", "properties": { "height": 5.0903291702270508, "confidence": 0.96399998664855913 }, "id": 23 }, "geometry": { "type": "Polygon", "coordinates": [ [ [ -111.637482139247183, 40.255355963343995 ], [ -111.637400503150701, 40.25539436598816 ], [ -111.637387917410493, 40.255378783224678 ], [ -111.637342449232449, 40.255400169593045 ], [ -111.637374796015607, 40.255440223594725 ], [ -111.637374796015607, 40.255440223594725 ], [ -111.637413132943792, 40.255487694973453 ], [ -111.637388630954177, 40.255499219687927 ], [ -111.637419188024239, 40.255537053193201 ], [ -111.637570797917633, 40.255465734129935 ], [ -111.637482139247183, 40.255355963343995 ] ] ] } },
{ "type": "Feature", "properties": { "type": "Feature", "properties": { "height": 6.4665699005126953, "confidence": 0.97729998826980513 }, "id": 24 }, "geometry": { "type": "Polygon", "coordinates": [ [ [ -111.638087630844723, 40.256890016333244 ], [ -111.637970380908882, 40.256958666780356 ], [ -111.638154311396931, 40.257141639599588 ], [ -111.638271571895643, 40.25707298315352 ], [ -111.638087630844723, 40.256890016333244 ] ] ] } },
{ "type": "Feature", "properties": { "type": "Feature", "properties": { "height": 3.2520458698272701, "confidence": 0.98849999904632513 }, "id": 25 }, "geometry": { "type": "Polygon", "coordinates": [ [ [ -111.635132510694831, 40.263254109954474 ], [ -111.635059514459684, 40.263197548718601 ], [ -111.634999602859409, 40.263242571925836 ], [ -111.635072596998157, 40.263299131499657 ], [ -111.635132510694831, 40.263254109954474 ] ] ] } },
{ "type": "Feature", "properties": { "type": "Feature", "properties": { "height": 5.2891926765441895, "confidence": 0.96909999847412109 }, "id": 26 }, "geometry": { "type": "Polygon", "coordinates": [ [ [ -111.636730130650719, 40.26222628542817 ], [ -111.636851468630979, 40.262234852553391 ], [ -111.636838309291917, 40.262343465267108 ], [ -111.636955326231814, 40.262351721039295 ], [ -111.636977947412248, 40.262165013416812 ], [ -111.636855611520531, 40.262156382358398 ], [ -111.636856968469303, 40.262145182541303 ], [ -111.636740957527024, 40.262136991523263 ], [ -111.636730130650719, 40.26222628542817 ] ] ] } },
{ "type": "Feature", "properties": { "type": "Feature", "properties": { "height": 3.7960784435272212, "confidence": 0.62360000610351507 }, "id": 27 }, "geometry": { "type": "Polygon", "coordinates": [ [ [ -111.632099882623677, 40.262108705491038 ], [ -111.632072505782844, 40.262102881759624 ], [ -111.632055160973934, 40.26215036164497 ], [ -111.632082537814767, 40.262156185372284 ], [ -111.632099882623677, 40.262108705491038 ] ] ] } },
{ "type": "Feature", "properties": { "type": "Feature", "properties": { "height": 4.982151985168457, "confidence": 0.9689000248908991 }, "id": 28 }, "geometry": { "type": "Polygon", "coordinates": [ [ [ -111.632340621013768, 40.260581893289498 ], [ -111.632510394947658, 40.260587868784519 ], [ -111.632525602031208, 40.260336643625557 ], [ -111.632355805105206, 40.260330667299087 ], [ -111.632340621013768, 40.260581893289498 ] ] ] } },
{ "type": "Feature", "properties": { "type": "Feature", "properties": { "height": 4.0614142417907706, "confidence": 0.98309999704360906 }, "id": 29 }, "geometry": { "type": "Polygon", "coordinates": [ [ [ -111.635761468497506, 40.252920986220154 ], [ -111.635896819583252, 40.253018032228027 ], [ -111.636005237561918, 40.252929955553086 ], [ -111.635869886476186, 40.252832909418899 ], [ -111.635761468497506, 40.252920986220154 ] ] ] } },
{ "type": "Feature", "properties": { "type": "Feature", "properties": { "height": 6.0534801483154297, "confidence": 0.97149997949600209 }, "id": 30 }, "geometry": { "type": "Polygon", "coordinates": [ [ [ -111.634394114120795, 40.259183726427999 ], [ -111.634199430639839, 40.259089144902454 ], [ -111.634126525324675, 40.259176538256277 ], [ -111.634233410373071, 40.259228465317619 ], [ -111.634199387892664, 40.259269248812799 ], [ -111.634287186325238, 40.259311903129102 ], [ -111.634394114120795, 40.259183726427999 ] ] ] } },
{ "type": "Feature", "properties": { "type": "Feature", "properties": { "height": 4.8818888664245597, "confidence": 0.98799997568130404 }, "id": 31 }, "geometry": { "type": "Polygon", "coordinates": [ [ [ -111.635177202925107, 40.259836278602194 ], [ -111.634974967142341, 40.259802545804575 ], [ -111.634939968630334, 40.259924776886741 ], [ -111.635003968229896, 40.259935448542834 ], [ -111.634993899580678, 40.259970612902436 ], [ -111.634947819868998, 40.259962929314227 ], [ -111.634923766984784, 40.260046932997781 ], [ -111.634980086632396, 40.260056324038274 ], [ -111.63498120537119, 40.260052416893053 ], [ -111.635104084602347, 40.26007290643259 ], [ -111.635136528027573, 40.259959599157455 ], [ -111.635165845670329, 40.25996448774513 ], [ -111.63517983418042, 40.259915649060247 ], [ -111.635155632230536, 40.259911613488939 ], [ -111.635177202925107, 40.259836278602194 ] ] ] } },
{ "type": "Feature", "properties": { "type": "Feature", "properties": { "height": 5.423945426940918, "confidence": 0.98309999704360906 }, "id": 32 }, "geometry": { "type": "Polygon", "coordinates": [ [ [ -111.637236772997113, 40.256163529672925 ], [ -111.637268826115232, 40.256230306391906 ], [ -111.637371476194303, 40.256201609258802 ], [ -111.637442175178819, 40.256229542047912 ], [ -111.637510070858056, 40.256129455631111 ], [ -111.637354535158394, 40.256068004205332 ], [ -111.637332944629591, 40.256023024247568 ], [ -111.637240123463215, 40.256048968694458 ], [ -111.637228868636271, 40.256065559696239 ], [ -111.637271258800368, 40.256153888720561 ], [ -111.637236772997113, 40.256163529672925 ] ] ] } },
{ "type": "Feature", "properties": { "type": "Feature", "properties": { "height": 4.4304604530334473, "confidence": 0.96569997072219804 }, "id": 33 }, "geometry": { "type": "Polygon", "coordinates": [ [ [ -111.638300684011043, 40.254807336726721 ], [ -111.638218524942772, 40.25495213799104 ], [ -111.638361679701177, 40.254999438865426 ], [ -111.638480477598222, 40.254790029690653 ], [ -111.638363022766072, 40.25475121413691 ], [ -111.638326369756967, 40.254815823773932 ], [ -111.638300684011043, 40.254807336726721 ] ] ] } },
{ "type": "Feature", "properties": { "type": "Feature", "properties": { "height": 5.7765851020812988, "confidence": 0.97759997844696012 }, "id": 34 }, "geometry": { "type": "Polygon", "coordinates": [ [ [ -111.630612974776128, 40.256610997582015 ], [ -111.630608837864443, 40.256540734483067 ], [ -111.630563332042385, 40.256542292486508 ], [ -111.630557679035888, 40.256446279260707 ], [ -111.630414663351871, 40.256451175760134 ], [ -111.630429122128533, 40.256697132999371 ], [ -111.630564129460865, 40.256692503491614 ], [ -111.630559438682909, 40.256612833379073 ], [ -111.630612974776128, 40.256610997582015 ] ] ] } },
{ "type": "Feature", "properties": { "type": "Feature", "properties": { "height": 5.0459976196289062, "confidence": 0.99650001525878906 }, "id": 35 }, "geometry": { "type": "Polygon", "coordinates": [ [ [ -111.631291626363421, 40.261458145535393 ], [ -111.631197490276961, 40.261469668986763 ], [ -111.631201426413128, 40.261488385315637 ], [ -111.63108637245621, 40.261502475518036 ], [ -111.631101319267714, 40.261573547549673 ], [ -111.631217414536195, 40.261559336037401 ], [ -111.631232254897952, 40.261629932629667 ], [ -111.631203491093757, 40.261633455211729 ], [ -111.631212560243384, 40.261676597723842 ], [ -111.631371039045348, 40.261657197965981 ], [ -111.631343919590975, 40.261528245168357 ], [ -111.631307311513766, 40.261532728412234 ], [ -111.631291626363421, 40.261458145535393 ] ] ] } },
{ "type": "Feature", "properties": { "type": "Feature", "properties": { "height": 6.247713565826416, "confidence": 0.97659999132156305 }, "id": 36 }, "geometry": { "type": "Polygon", "coordinates": [ [ [ -111.632512846168282, 40.24772855582686 ], [ -111.632517693657633, 40.247943449643898 ], [ -111.632651764365306, 40.247941687799255 ], [ -111.632646916875984, 40.247726793976632 ], [ -111.632512846168282, 40.24772855582686 ] ] ] } },
{ "type": "Feature", "properties": { "type": "Feature", "properties": { "height": 5.2715129852294922, "confidence": 0.98970001935958807 }, "id": 37 }, "geometry": { "type": "Polygon", "coordinates": [ [ [ -111.635680442728045, 40.259474035491081 ], [ -111.635708397035444, 40.259552129444785 ], [ -111.635680941466049, 40.259557852831357 ], [ -111.635724577458063, 40.259679755397855 ], [ -111.635846879539983, 40.259654260354466 ], [ -111.635825743356335, 40.259595213803983 ], [ -111.635873166612598, 40.259585327959613 ], [ -111.635860893989843, 40.259551042837124 ], [ -111.6358722094444, 40.259548684017894 ], [ -111.635834018848215, 40.259442020975222 ], [ -111.635680442728045, 40.259474035491081 ] ] ] } },
{ "type": "Feature", "properties": { "type": "Feature", "properties": { "height": 4.0168085098266602, "confidence": 0.99330002069473211 }, "id": 38 }, "geometry": { "type": "Polygon", "coordinates": [ [ [ -111.63817304484013, 40.254547514537485 ], [ -111.638073866754823, 40.254430787955862 ], [ -111.638000225475309, 40.25446723175088 ], [ -111.638034509257878, 40.254507581681374 ], [ -111.637921214981716, 40.254563648986533 ], [ -111.637986109284455, 40.254640025511534 ], [ -111.63817304484013, 40.254547514537485 ] ] ] } },
{ "type": "Feature", "properties": { "type": "Feature", "properties": { "height": 5.0324811935424796, "confidence": 0.99449998140335005 }, "id": 39 }, "geometry": { "type": "Polygon", "coordinates": [ [ [ -111.636004810779667, 40.251913933097001 ], [ -111.63599225282087, 40.251896766053221 ], [ -111.636055642698324, 40.251869755541264 ], [ -111.636013926656602, 40.251812728614816 ], [ -111.635944400203726, 40.251842350240352 ], [ -111.635893646074464, 40.251772967976059 ], [ -111.63579549400616, 40.251814790759482 ], [ -111.635900524207074, 40.251958369710977 ], [ -111.636004810779667, 40.251913933097001 ] ] ] } },
{ "type": "Feature", "properties": { "type": "Feature", "properties": { "height": 5.1258230209350586, "confidence": 0.98140001296997004 }, "id": 40 }, "geometry": { "type": "Polygon", "coordinates": [ [ [ -111.637798203013389, 40.251849208987295 ], [ -111.637752218365861, 40.251872286186689 ], [ -111.637765762676253, 40.251888007047711 ], [ -111.637666516281342, 40.251937813389652 ], [ -111.637733006532471, 40.25201498841588 ], [ -111.637837870647843, 40.251962362905964 ], [ -111.637807088124191, 40.251926633710305 ], [ -111.637847458711093, 40.251906373920008 ], [ -111.637798203013389, 40.251849208987295 ] ] ] } },
{ "type": "Feature", "properties": { "type": "Feature", "properties": { "height": 5.3212671279907227, "confidence": 0.92720001935958807 }, "id": 41 }, "geometry": { "type": "Polygon", "coordinates": [ [ [ -111.632268118823291, 40.259097974291755 ], [ -111.632161672867795, 40.259109475726433 ], [ -111.632205253462701, 40.259344250650493 ], [ -111.632311678309435, 40.259332751536512 ], [ -111.632268118823291, 40.259097974291755 ] ] ] } },
{ "type": "Feature", "properties": { "type": "Feature", "properties": { "height": 3.9919774532318111, "confidence": 0.96249997615814209 }, "id": 42 }, "geometry": { "type": "Polygon", "coordinates": [ [ [ -111.639929384047676, 40.254718214163681 ], [ -111.639862386579338, 40.2546331761814 ], [ -111.639643717022494, 40.254733519251737 ], [ -111.639710707731936, 40.254818548529073 ], [ -111.639929384047676, 40.254718214163681 ] ] ] } },
{ "type": "Feature", "properties": { "type": "Feature", "properties": { "height": 4.1840167045593262, "confidence": 0.94870001077651911 }, "id": 43 }, "geometry": { "type": "Polygon", "coordinates": [ [ [ -111.63559778632893, 40.252592473337792 ], [ -111.635637055128058, 40.252583340519124 ], [ -111.635656500576786, 40.252632041879231 ], [ -111.63577430697427, 40.252604643435539 ], [ -111.635720868140368, 40.252470805095172 ], [ -111.63556379600908, 40.252507344100422 ], [ -111.63559778632893, 40.252592473337792 ] ] ] } },
{ "type": "Feature", "properties": { "type": "Feature", "properties": { "height": 5.3472762107849121, "confidence": 0.97909998893737704 }, "id": 44 }, "geometry": { "type": "Polygon", "coordinates": [ [ [ -111.636020520816828, 40.251052427567238 ], [ -111.63607798969268, 40.25112029542489 ], [ -111.636195292418705, 40.251062435699453 ], [ -111.636137823542853, 40.250994567783792 ], [ -111.636020520816828, 40.251052427567238 ] ] ] } },
{ "type": "Feature", "properties": { "type": "Feature", "properties": { "height": 4.743868350982666, "confidence": 0.96319997310638406 }, "id": 45 }, "geometry": { "type": "Polygon", "coordinates": [ [ [ -111.639086116809622, 40.252985945758944 ], [ -111.639062840348757, 40.252953913932586 ], [ -111.639114122612739, 40.252932208014123 ], [ -111.639077105066292, 40.252881266389693 ], [ -111.638913006692832, 40.252950732060086 ], [ -111.638973299177863, 40.253033703341117 ], [ -111.639086116809622, 40.252985945758944 ] ] ] } },
{ "type": "Feature", "properties": { "type": "Feature", "properties": { "height": 7.2335495948791504, "confidence": 0.98199999332427912 }, "id": 46 }, "geometry": { "type": "Polygon", "coordinates": [ [ [ -111.639832712153108, 40.260613058759169 ], [ -111.639697891201422, 40.260942285447186 ], [ -111.639838193045406, 40.260975750934882 ], [ -111.639973044301385, 40.260646524143034 ], [ -111.639832712153108, 40.260613058759169 ] ] ] } },
{ "type": "Feature", "properties": { "type": "Feature", "properties": { "height": 3.1879699230194092, "confidence": 0.98150002956390303 }, "id": 47 }, "geometry": { "type": "Polygon", "coordinates": [ [ [ -111.631957201648007, 40.259210026971807 ], [ -111.631945846423164, 40.259125685898333 ], [ -111.631851674535639, 40.259133074629702 ], [ -111.631863036744249, 40.259217410116605 ], [ -111.631957201648007, 40.259210026971807 ] ] ] } },
{ "type": "Feature", "properties": { "type": "Feature", "properties": { "height": 5.25, "confidence": 0.98390001058578402 }, "id": 48 }, "geometry": { "type": "Polygon", "coordinates": [ [ [ -111.635268160799257, 40.248464889552643 ], [ -111.635259478049889, 40.248448195598165 ], [ -111.635180699819401, 40.248472068998588 ], [ -111.635257042987348, 40.248618850581956 ], [ -111.63554306246219, 40.248532173770762 ], [ -111.635475396713801, 40.248402098654907 ], [ -111.635268160799257, 40.248464889552643 ] ] ] } },
{ "type": "Feature", "properties": { "type": "Feature", "properties": { "height": 4.6319351196289062, "confidence": 0.99459999799728305 }, "id": 49 }, "geometry": { "type": "Polygon", "coordinates": [ [ [ -111.63044507719475, 40.25062207731952 ], [ -111.630491626483504, 40.250678192527083 ], [ -111.630543323808041, 40.250653211759648 ], [ -111.630496776154672, 40.25059709850278 ], [ -111.63044507719475, 40.25062207731952 ] ] ] } },
{ "type": "Feature", "properties": { "type": "Feature", "properties": { "height": 5.2234692573547363, "confidence": 0.93470001220703103 }, "id": 50 }, "geometry": { "type": "Polygon", "coordinates": [ [ [ -111.635948337242539, 40.260628033309494 ], [ -111.635991198657635, 40.260619769297875 ], [ -111.636007761188182, 40.260669793417151 ], [ -111.63611617535571, 40.260648890339901 ], [ -111.636093536535313, 40.260580513858855 ], [ -111.63605067440777, 40.260588775723399 ], [ -111.635995597451171, 40.260422425423997 ], [ -111.635887183283629, 40.26044332857122 ], [ -111.635948337242539, 40.260628033309494 ] ] ] } },
{ "type": "Feature", "properties": { "type": "Feature", "properties": { "height": 4.9195060729980469, "confidence": 0.96050000190734808 }, "id": 51 }, "geometry": { "type": "Polygon", "coordinates": [ [ [ -111.638966305649561, 40.251757016401228 ], [ -111.638859776647223, 40.251794146181439 ], [ -111.638911466568771, 40.251880531879365 ], [ -111.639017995571109, 40.251843402146548 ], [ -111.638966305649561, 40.251757016401228 ] ] ] } },
{ "type": "Feature", "properties": { "type": "Feature", "properties": { "height": 7.4967403411865234, "confidence": 0.97659999132156305 }, "id": 52 }, "geometry": { "type": "Polygon", "coordinates": [ [ [ -111.640882866894387, 40.26060339846655 ], [ -111.640760644086058, 40.260659407323558 ], [ -111.640924007763658, 40.260867007354797 ], [ -111.641046230572016, 40.260810998669648 ], [ -111.640882866894387, 40.26060339846655 ] ] ] } },
{ "type": "Feature", "properties": { "type": "Feature", "properties": { "height": 4.9551815986633301, "confidence": 0.96820002794265703 }, "id": 53 }, "geometry": { "type": "Polygon", "coordinates": [ [ [ -111.630696189410813, 40.259189674239018 ], [ -111.630581085176473, 40.259245870995152 ], [ -111.630735722506998, 40.259430325379959 ], [ -111.63083849623618, 40.259380148822821 ], [ -111.630795879649042, 40.259329314949724 ], [ -111.630808201458294, 40.259323299144988 ], [ -111.630696189410813, 40.259189674239018 ] ] ] } },
{ "type": "Feature", "properties": { "type": "Feature", "properties": { "height": 5.605832576751709, "confidence": 0.97079998254776001 }, "id": 54 }, "geometry": { "type": "Polygon", "coordinates": [ [ [ -111.638042287141104, 40.261389658509245 ], [ -111.637986555797923, 40.261514330462688 ], [ -111.638098031052579, 40.261543354945907 ], [ -111.638085735114672, 40.261570855481139 ], [ -111.638167420834691, 40.261592123734552 ], [ -111.63823424290274, 40.261442672450187 ], [ -111.638161198975581, 40.261423658092646 ], [ -111.638162415769486, 40.261420936102979 ], [ -111.638042287141104, 40.261389658509245 ] ] ] } },
{ "type": "Feature", "properties": { "type": "Feature", "properties": { "height": 7.6688575744628906, "confidence": 0.94260001182556108 }, "id": 55 }, "geometry": { "type": "Polygon", "coordinates": [ [ [ -111.641968583511925, 40.258417534566931 ], [ -111.641922581098882, 40.258529323405071 ], [ -111.642208228710004, 40.258597780285292 ], [ -111.642254231123061, 40.258485991560271 ], [ -111.641968583511925, 40.258417534566931 ] ] ] } },
{ "type": "Feature", "properties": { "type": "Feature", "properties": { "height": 5.6504716873168936, "confidence": 0.99059998989105202 }, "id": 56 }, "geometry": { "type": "Polygon", "coordinates": [ [ [ -111.630923361069506, 40.251990547278709 ], [ -111.630970601267194, 40.25206790754379 ], [ -111.631042355541652, 40.252042380870805 ], [ -111.631063924379447, 40.25207769655097 ], [ -111.631028669060782, 40.252090238669403 ], [ -111.631065644211247, 40.252150779781331 ], [ -111.631237513889744, 40.252089636986746 ], [ -111.6311882136891, 40.252008915419204 ], [ -111.631159568742675, 40.252019105900963 ], [ -111.631103078929428, 40.251926612333733 ], [ -111.630923361069506, 40.251990547278709 ] ] ] } },
{ "type": "Feature", "properties": { "type": "Feature", "properties": { "height": 4.6741180419921866, "confidence": 0.96909999847412109 }, "id": 57 }, "geometry": { "type": "Polygon", "coordinates": [ [ [ -111.631340683866824, 40.248164645100417 ], [ -111.631324649578161, 40.248313082722149 ], [ -111.631282023736105, 40.248310402655072 ], [ -111.631273540435132, 40.248388936788089 ], [ -111.631372112129938, 40.248395139665931 ], [ -111.631377603293217, 40.248344305253603 ], [ -111.631476174988009, 40.248350508135537 ], [ -111.63148575768929, 40.248261796250212 ], [ -111.631480429459032, 40.24826146124159 ], [ -111.631489874314013, 40.248174025354921 ], [ -111.631340683866824, 40.248164645100417 ] ] ] } },
{ "type": "Feature", "properties": { "type": "Feature", "properties": { "height": 4.7176589965820312, "confidence": 0.97979998588562012 }, "id": 58 }, "geometry": { "type": "Polygon", "coordinates": [ [ [ -111.63761362287417, 40.250000217671747 ], [ -111.637589405788475, 40.24996483597635 ], [ -111.637680013980329, 40.24992870956418 ], [ -111.637622773595993, 40.249845079984162 ], [ -111.637490022059112, 40.249898009437594 ], [ -111.637571479529115, 40.250017020638786 ], [ -111.63761362287417, 40.250000217671747 ] ] ] } },
{ "type": "Feature", "properties": { "type": "Feature", "properties": { "height": 4.3943133354187012, "confidence": 0.98580002784729004 }, "id": 59 }, "geometry": { "type": "Polygon", "coordinates": [ [ [ -111.637993388888688, 40.250323217203629 ], [ -111.63794568208003, 40.250344738244522 ], [ -111.638039673307873, 40.250466108802122 ], [ -111.638208634921853, 40.250389888554849 ], [ -111.638148715514092, 40.250312514762399 ], [ -111.63802746070877, 40.250367214069911 ], [ -111.637993388888688, 40.250323217203629 ] ] ] } },
{ "type": "Feature", "properties": { "type": "Feature", "properties": { "height": 5.6772894859313965, "confidence": 0.99029999971389704 }, "id": 60 }, "geometry": { "type": "Polygon", "coordinates": [ [ [ -111.639175752810473, 40.264847840360254 ], [ -111.639176145070962, 40.264868302977177 ], [ -111.639094546221031, 40.264869213771433 ], [ -111.639096341987539, 40.264963341824568 ], [ -111.639253035255564, 40.264961592839967 ], [ -111.639252603769037, 40.26493908399209 ], [ -111.639401619294219, 40.264937420704598 ], [ -111.639399862566094, 40.264845338879589 ], [ -111.639175752810473, 40.264847840360254 ] ] ] } },
{ "type": "Feature", "properties": { "type": "Feature", "properties": { "height": 7.0264678001403809, "confidence": 0.9466000199317931 }, "id": 61 }, "geometry": { "type": "Polygon", "coordinates": [ [ [ -111.632706751413536, 40.251001801941889 ], [ -111.632500329109533, 40.251005396563478 ], [ -111.632503642220399, 40.251115883183438 ], [ -111.63271006452436, 40.251112288567732 ], [ -111.632706751413536, 40.251001801941889 ] ] ] } },
{ "type": "Feature", "properties": { "type": "Feature", "properties": { "height": 4.1338272094726562, "confidence": 0.97699999809265103 }, "id": 62 }, "geometry": { "type": "Polygon", "coordinates": [ [ [ -111.638313741998587, 40.255448074629946 ], [ -111.638166556685917, 40.255304878879784 ], [ -111.638061947481248, 40.255367504086749 ], [ -111.638167451997433, 40.255470148763777 ], [ -111.63819734034162, 40.255452255880549 ], [ -111.638239021138148, 40.255492806831889 ], [ -111.638313741998587, 40.255448074629946 ] ] ] } },
{ "type": "Feature", "properties": { "type": "Feature", "properties": { "height": 3.1547677516937251, "confidence": 0.96770000457763605 }, "id": 63 }, "geometry": { "type": "Polygon", "coordinates": [ [ [ -111.630886277754087, 40.250403302676631 ], [ -111.630644389093106, 40.249811998596172 ], [ -111.630522190706813, 40.249841118115604 ], [ -111.630764079367793, 40.25043242194166 ], [ -111.630886277754087, 40.250403302676631 ] ] ] } },
{ "type": "Feature", "properties": { "type": "Feature", "properties": { "height": 6.4184150695800781, "confidence": 0.97060000896453813 }, "id": 64 }, "geometry": { "type": "Polygon", "coordinates": [ [ [ -111.631155245012948, 40.252267860664922 ], [ -111.63124221530903, 40.252398744473943 ], [ -111.631237948317718, 40.252400396017698 ], [ -111.631283391416716, 40.252468784389983 ], [ -111.631426335625264, 40.252413457708016 ], [ -111.63129392614556, 40.252214191259334 ], [ -111.631155245012948, 40.252267860664922 ] ] ] } },
{ "type": "Feature", "properties": { "type": "Feature", "properties": { "height": 6.0372238159179688, "confidence": 0.96950000524520807 }, "id": 65 }, "geometry": { "type": "Polygon", "coordinates": [ [ [ -111.636591364635322, 40.256036213177914 ], [ -111.636387692484817, 40.256126550114388 ], [ -111.636431428542153, 40.256183973496981 ], [ -111.63651362742273, 40.256147510583453 ], [ -111.636588208768501, 40.256245432316774 ], [ -111.636709665196705, 40.256191555040644 ], [ -111.636591364635322, 40.256036213177914 ] ] ] } },
{ "type": "Feature", "properties": { "type": "Feature", "properties": { "height": 4.332944393157959, "confidence": 0.99610000848770108 }, "id": 66 }, "geometry": { "type": "Polygon", "coordinates": [ [ [ -111.638098046874902, 40.249955263506266 ], [ -111.637942542250386, 40.250026734392101 ], [ -111.637990535860794, 40.250087563427982 ], [ -111.637912781856443, 40.250123303741624 ], [ -111.63796080297125, 40.250184160477751 ], [ -111.638042492111012, 40.250146615741329 ], [ -111.638063220512834, 40.250172887713255 ], [ -111.638214783623553, 40.250103220426723 ], [ -111.638098046874902, 40.249955263506266 ] ] ] } },
{ "type": "Feature", "properties": { "type": "Feature", "properties": { "height": 6.9868111610412598, "confidence": 0.97269999980926503 }, "id": 67 }, "geometry": { "type": "Polygon", "coordinates": [ [ [ -111.631199997054836, 40.247596236467849 ], [ -111.631224601120323, 40.247588859077545 ], [ -111.631208739250312, 40.247558035675311 ], [ -111.630987985876487, 40.247624215538536 ], [ -111.631036709566175, 40.247718897168589 ], [ -111.631043680559316, 40.247716806959467 ], [ -111.631082576621964, 40.24779239109774 ], [ -111.631127698070486, 40.247778864134773 ], [ -111.631145389965695, 40.247813237475079 ], [ -111.631289453726012, 40.247770040895929 ], [ -111.631199997054836, 40.247596236467849 ] ] ] } },
{ "type": "Feature", "properties": { "type": "Feature", "properties": { "height": 5.3717708587646484, "confidence": 0.98530000448226907 }, "id": 68 }, "geometry": { "type": "Polygon", "coordinates": [ [ [ -111.632026343701952, 40.260029582260366 ], [ -111.631991573915244, 40.259802705394144 ], [ -111.631830166827527, 40.259817110666987 ], [ -111.631843895134352, 40.259906689523334 ], [ -111.63187973684559, 40.259903488809591 ], [ -111.631888716271703, 40.259962045542586 ], [ -111.631814628969266, 40.259968661633977 ], [ -111.631826704749173, 40.260047410256277 ], [ -111.632026343701952, 40.260029582260366 ] ] ] } },
{ "type": "Feature", "properties": { "type": "Feature", "properties": { "height": 5.530968189239502, "confidence": 0.97009998559951705 }, "id": 69 }, "geometry": { "type": "Polygon", "coordinates": [ [ [ -111.632872378012436, 40.259820478162901 ], [ -111.632922297010836, 40.259883372858937 ], [ -111.633008639347906, 40.259843464599747 ], [ -111.633054992703592, 40.259901866799581 ], [ -111.633090314568733, 40.259885540700857 ], [ -111.633142610662318, 40.259951430317578 ], [ -111.633264274864544, 40.259895196002155 ], [ -111.633115706416902, 40.259708009267591 ], [ -111.632872378012436, 40.259820478162901 ] ] ] } },
{ "type": "Feature", "properties": { "type": "Feature", "properties": { "height": 5.6672430038452148, "confidence": 0.98890000581741311 }, "id": 70 }, "geometry": { "type": "Polygon", "coordinates": [ [ [ -111.634893180301361, 40.257167422520865 ], [ -111.634848719956921, 40.257182003293771 ], [ -111.634831813166869, 40.257174096393832 ], [ -111.634679721588697, 40.257223966695513 ], [ -111.634720217994087, 40.257295895117039 ], [ -111.634762344763715, 40.257315596758922 ], [ -111.634814904106534, 40.257298362759983 ], [ -111.634953714845579, 40.257363273650405 ], [ -111.635002188039024, 40.257302902882486 ], [ -111.634885844147092, 40.257248491715046 ], [ -111.634930571958677, 40.257233825629704 ], [ -111.634893180301361, 40.257167422520865 ] ] ] } },
{ "type": "Feature", "properties": { "type": "Feature", "properties": { "height": 2.9818425178527832, "confidence": 0.98530000448226907 }, "id": 71 }, "geometry": { "type": "Polygon", "coordinates": [ [ [ -111.63588986097524, 40.263526023755681 ], [ -111.635799992354066, 40.263508807524254 ], [ -111.635771833843364, 40.263594396849946 ], [ -111.635861693594293, 40.263611616159437 ], [ -111.63588986097524, 40.263526023755681 ] ] ] } },
{ "type": "Feature", "properties": { "type": "Feature", "properties": { "height": 4.3894386291503906, "confidence": 0.98290002346038807 }, "id": 72 }, "geometry": { "type": "Polygon", "coordinates": [ [ [ -111.639203261740136, 40.255351054498753 ], [ -111.639034623498929, 40.25543078035745 ], [ -111.639141491507687, 40.255562438699549 ], [ -111.639372157607724, 40.25545338857566 ], [ -111.639337335447564, 40.255410488625422 ], [ -111.639275307588747, 40.255439813064342 ], [ -111.639203261740136, 40.255351054498753 ] ] ] } },
{ "type": "Feature", "properties": { "type": "Feature", "properties": { "height": 3.7725694179534912, "confidence": 0.96380001306533802 }, "id": 73 }, "geometry": { "type": "Polygon", "coordinates": [ [ [ -111.631776250515728, 40.25926416881763 ], [ -111.63164669640193, 40.259282706259491 ], [ -111.631665164754338, 40.259357844638522 ], [ -111.631684528206875, 40.259355073993696 ], [ -111.631699103229451, 40.259414394462119 ], [ -111.631670600963105, 40.259418472742404 ], [ -111.631690520160589, 40.259499543960239 ], [ -111.631829225526545, 40.259479697161339 ], [ -111.631776250515728, 40.25926416881763 ] ] ] } },
{ "type": "Feature", "properties": { "type": "Feature", "properties": { "height": 5.2092251777648926, "confidence": 0.97600001096725408 }, "id": 74 }, "geometry": { "type": "Polygon", "coordinates": [ [ [ -111.634920376007642, 40.262100846136263 ], [ -111.634921270462584, 40.262195529036028 ], [ -111.634887139560874, 40.262248804984075 ], [ -111.634962908445104, 40.262277070960501 ], [ -111.634943858649436, 40.262306806327167 ], [ -111.635036946135756, 40.262341533066781 ], [ -111.635075045727078, 40.262282062350906 ], [ -111.635025254746026, 40.262263487569086 ], [ -111.63510844044167, 40.26213364047674 ], [ -111.635108120882052, 40.262099813343831 ], [ -111.634920376007642, 40.262100846136263 ] ] ] } },
{ "type": "Feature", "properties": { "type": "Feature", "properties": { "height": 5.1877703666687012, "confidence": 0.96289998292922907 }, "id": 75 }, "geometry": { "type": "Polygon", "coordinates": [ [ [ -111.637439732911702, 40.250661247873268 ], [ -111.637244652176179, 40.250731660286768 ], [ -111.637290794881835, 40.2508061177464 ], [ -111.637485870340058, 40.250735696894772 ], [ -111.637439732911702, 40.250661247873268 ] ] ] } },
{ "type": "Feature", "properties": { "type": "Feature", "properties": { "height": 7.4228358268737793, "confidence": 0.98329997062683105 }, "id": 76 }, "geometry": { "type": "Polygon", "coordinates": [ [ [ -111.639989064973634, 40.261026053860881 ], [ -111.640129516119273, 40.261061220219986 ], [ -111.640224045707427, 40.260841317396412 ], [ -111.640083594561787, 40.260806150923031 ], [ -111.639989064973634, 40.261026053860881 ] ] ] } },
{ "type": "Feature", "properties": { "type": "Feature", "properties": { "height": 5.2657599449157706, "confidence": 0.99159997701644909 }, "id": 77 }, "geometry": { "type": "Polygon", "coordinates": [ [ [ -111.640409569383351, 40.254657590550543 ], [ -111.640413517165385, 40.254691247977028 ], [ -111.640346994986004, 40.25469579254171 ], [ -111.640358666350807, 40.254795298462895 ], [ -111.640543253550362, 40.254782688123093 ], [ -111.640530619629317, 40.254675059912003 ], [ -111.640471103918799, 40.254679125820012 ], [ -111.640468108537377, 40.254653588229409 ], [ -111.640409569383351, 40.254657590550543 ] ] ] } },
{ "type": "Feature", "properties": { "type": "Feature", "properties": { "height": 5.7848162651062012, "confidence": 0.9846000075340271 }, "id": 78 }, "geometry": { "type": "Polygon", "coordinates": [ [ [ -111.629824531382226, 40.256543923354471 ], [ -111.6297823274124, 40.256548104936329 ], [ -111.629792601116392, 40.256608495515827 ], [ -111.629977243484305, 40.256590201109553 ], [ -111.629939774425821, 40.256369951290871 ], [ -111.629797334754869, 40.256384056682975 ], [ -111.629824531382226, 40.256543923354471 ] ] ] } },
{ "type": "Feature", "properties": { "type": "Feature", "properties": { "height": 4.7117633819580078, "confidence": 0.99879997968673706 }, "id": 79 }, "geometry": { "type": "Polygon", "coordinates": [ [ [ -111.63102444676511, 40.256365690512666 ], [ -111.631014559616901, 40.256155124057152 ], [ -111.63083240330981, 40.256160105556226 ], [ -111.630836434962504, 40.256245967678851 ], [ -111.630865901423945, 40.256245161849151 ], [ -111.630868013241994, 40.25629013720377 ], [ -111.630825152934435, 40.25629130931889 ], [ -111.630821985207362, 40.256223846276932 ], [ -111.630749658438376, 40.256225824223144 ], [ -111.630756569842944, 40.256373016223669 ], [ -111.63102444676511, 40.256365690512666 ] ] ] } },
{ "type": "Feature", "properties": { "type": "Feature", "properties": { "height": 5.8114895820617685, "confidence": 0.97759997844696012 }, "id": 80 }, "geometry": { "type": "Polygon", "coordinates": [ [ [ -111.635108003473434, 40.251544071901222 ], [ -111.635238198988162, 40.251542959166862 ], [ -111.635236427090192, 40.251422195164849 ], [ -111.635192062642361, 40.25142257433253 ], [ -111.635191495597027, 40.251383684154071 ], [ -111.6351056756031, 40.251384417628486 ], [ -111.635108003473434, 40.251544071901222 ] ] ] } },
{ "type": "Feature", "properties": { "type": "Feature", "properties": { "height": 5.1511502265930176, "confidence": 0.9711999893188471 }, "id": 81 }, "geometry": { "type": "Polygon", "coordinates": [ [ [ -111.6354270008257, 40.255602595021728 ], [ -111.635335569498523, 40.255616279005579 ], [ -111.635358861599968, 40.255706953994363 ], [ -111.635561364571416, 40.255676646613914 ], [ -111.635490170401596, 40.255399589670837 ], [ -111.635379105297062, 40.2554162062427 ], [ -111.6354270008257, 40.255602595021728 ] ] ] } },
{ "type": "Feature", "properties": { "type": "Feature", "properties": { "height": 6.0498189926147461, "confidence": 0.96050000190734808 }, "id": 82 }, "geometry": { "type": "Polygon", "coordinates": [ [ [ -111.636004347873239, 40.262575663233221 ], [ -111.636185069640163, 40.262806390764091 ], [ -111.636309570730148, 40.262749605662385 ], [ -111.636265316491745, 40.262693106289099 ], [ -111.636316696310345, 40.262669669112491 ], [ -111.636265275902787, 40.26260402061105 ], [ -111.636221799331693, 40.262623850377189 ], [ -111.636169279737189, 40.262556798496263 ], [ -111.636155446709097, 40.262563108516659 ], [ -111.636122920339886, 40.262521582000623 ], [ -111.636004347873239, 40.262575663233221 ] ] ] } },
{ "type": "Feature", "properties": { "type": "Feature", "properties": { "height": 5.8790526390075684, "confidence": 0.96969997882843006 }, "id": 83 }, "geometry": { "type": "Polygon", "coordinates": [ [ [ -111.63700156151755, 40.249802371551482 ], [ -111.636890118309182, 40.249659630146688 ], [ -111.636716953135078, 40.249738385761766 ], [ -111.63674761694125, 40.249777665922842 ], [ -111.636677321606996, 40.249809636234247 ], [ -111.636758090857782, 40.249913088874209 ], [ -111.63700156151755, 40.249802371551482 ] ] ] } },
{ "type": "Feature", "properties": { "type": "Feature", "properties": { "height": 4.1504960060119629, "confidence": 0.96549999713897705 }, "id": 84 }, "geometry": { "type": "Polygon", "coordinates": [ [ [ -111.637936011723397, 40.25313970574561 ], [ -111.637876145459487, 40.253068870721116 ], [ -111.637622328960433, 40.253193818234536 ], [ -111.637682195224315, 40.253264653128248 ], [ -111.637936011723397, 40.25313970574561 ] ] ] } },
{ "type": "Feature", "properties": { "type": "Feature", "properties": { "height": 4.3801231384277344, "confidence": 0.98940002918243408 }, "id": 85 }, "geometry": { "type": "Polygon", "coordinates": [ [ [ -111.638919084456333, 40.254762227195158 ], [ -111.638924982833274, 40.254830432527555 ], [ -111.63916078604035, 40.25481854268407 ], [ -111.639244794268777, 40.25465661036921 ], [ -111.639226157872599, 40.254632105705696 ], [ -111.639301666989709, 40.254598657961303 ], [ -111.639260428105729, 40.254544427093663 ], [ -111.639210459650783, 40.254546943981374 ], [ -111.639062676403668, 40.254612406525112 ], [ -111.639098468835442, 40.254659475034146 ], [ -111.639048545403128, 40.254755706328368 ], [ -111.638919084456333, 40.254762227195158 ] ] ] } },
{ "type": "Feature", "properties": { "type": "Feature", "properties": { "height": 4.932929515838623, "confidence": 0.90079998970031705 }, "id": 86 }, "geometry": { "type": "Polygon", "coordinates": [ [ [ -111.631913417910937, 40.255052109020056 ], [ -111.632076954180661, 40.255049374938856 ], [ -111.632076190695685, 40.255022776746394 ], [ -111.632149590905229, 40.255021549604457 ], [ -111.632144170526644, 40.254833316228705 ], [ -111.631936741448428, 40.254836784142903 ], [ -111.631939405443319, 40.254929592266663 ], [ -111.631909915341495, 40.254930086873003 ], [ -111.631913417910937, 40.255052109020056 ] ] ] } },
{ "type": "Feature", "properties": { "type": "Feature", "properties": { "height": 4.098729133605957, "confidence": 0.94620001316070512 }, "id": 87 }, "geometry": { "type": "Polygon", "coordinates": [ [ [ -111.634043362757168, 40.259413018604555 ], [ -111.634126483500395, 40.259414177314952 ], [ -111.634128099832978, 40.259346653293477 ], [ -111.634044979089779, 40.259345494581915 ], [ -111.634043362757168, 40.259413018604555 ] ] ] } },
{ "type": "Feature", "properties": { "type": "Feature", "properties": { "height": 2.5553860664367671, "confidence": 0.97970002889633112 }, "id": 88 }, "geometry": { "type": "Polygon", "coordinates": [ [ [ -111.636710794518464, 40.252330415594905 ], [ -111.636726236448709, 40.252355608508061 ], [ -111.636677822778339, 40.252372893718643 ], [ -111.636729295879221, 40.252456870006696 ], [ -111.636821721977199, 40.252423871005419 ], [ -111.636754806946044, 40.252314701757413 ], [ -111.636710794518464, 40.252330415594905 ] ] ] } },
{ "type": "Feature", "properties": { "type": "Feature", "properties": { "height": 5.3144869804382324, "confidence": 0.99750000238418512 }, "id": 89 }, "geometry": { "type": "Polygon", "coordinates": [ [ [ -111.634770853467998, 40.263635802985398 ], [ -111.634776836571035, 40.263721523014496 ], [ -111.634857075519932, 40.263718266176475 ], [ -111.634861288018342, 40.263778618657852 ], [ -111.635013741454586, 40.263772422551632 ], [ -111.635012316911542, 40.26375201312198 ], [ -111.635087206318801, 40.263748969419552 ], [ -111.635080653420786, 40.263655085959577 ], [ -111.635037859473769, 40.263656825220529 ], [ -111.635036577385023, 40.263638456702743 ], [ -111.634870750840378, 40.263645196340356 ], [ -111.634869814838311, 40.263631786213402 ], [ -111.634770853467998, 40.263635802985398 ] ] ] } },
{ "type": "Feature", "properties": { "type": "Feature", "properties": { "height": 4.7445406913757324, "confidence": 0.95609998703002907 }, "id": 90 }, "geometry": { "type": "Polygon", "coordinates": [ [ [ -111.635267375415054, 40.250971823577018 ], [ -111.635333883681795, 40.2510571791302 ], [ -111.635564677273507, 40.250952438013876 ], [ -111.63549816769347, 40.250867070596357 ], [ -111.635267375415054, 40.250971823577018 ] ] ] } },
{ "type": "Feature", "properties": { "type": "Feature", "properties": { "height": 4.8502697944641113, "confidence": 0.98769998550415006 }, "id": 91 }, "geometry": { "type": "Polygon", "coordinates": [ [ [ -111.635644713921579, 40.249511610981799 ], [ -111.635593691944621, 40.249384316875073 ], [ -111.635566712581706, 40.249390616313335 ], [ -111.635546453855568, 40.249340073003381 ], [ -111.635450799750743, 40.249362407387324 ], [ -111.635522080453853, 40.249540244733467 ], [ -111.635644713921579, 40.249511610981799 ] ] ] } },
{ "type": "Feature", "properties": { "type": "Feature", "properties": { "height": 3.9887599945068359, "confidence": 0.98280000686645508 }, "id": 92 }, "geometry": { "type": "Polygon", "coordinates": [ [ [ -111.639953794804427, 40.255394743030664 ], [ -111.639896836017982, 40.255294953467136 ], [ -111.639946433230946, 40.255278465074298 ], [ -111.639917953837696, 40.255228570225185 ], [ -111.639850321274594, 40.255251054412817 ], [ -111.639873458347282, 40.255291589702232 ], [ -111.639687711894041, 40.255353330405313 ], [ -111.639750009346642, 40.25546249053977 ], [ -111.639953794804427, 40.255394743030664 ] ] ] } },
{ "type": "Feature", "properties": { "type": "Feature", "properties": { "height": 5.7977328300476074, "confidence": 0.99210000038146906 }, "id": 93 }, "geometry": { "type": "Polygon", "coordinates": [ [ [ -111.635462134152235, 40.249077671300469 ], [ -111.635443623700979, 40.249039975597235 ], [ -111.635532994013033, 40.249014410680168 ], [ -111.635466492989423, 40.248878984105701 ], [ -111.635358310363074, 40.248909936238455 ], [ -111.635368396094634, 40.248930475420231 ], [ -111.635326062788891, 40.24894258513401 ], [ -111.635374542542195, 40.249041312073388 ], [ -111.635329857386154, 40.249054094528063 ], [ -111.635356300887921, 40.249107945515028 ], [ -111.635462134152235, 40.249077671300469 ] ] ] } },
{ "type": "Feature", "properties": { "type": "Feature", "properties": { "height": 4.6164698600769043, "confidence": 0.97490000724792403 }, "id": 94 }, "geometry": { "type": "Polygon", "coordinates": [ [ [ -111.636515088612811, 40.257052487046835 ], [ -111.636418434249705, 40.256874220180819 ], [ -111.636258125824455, 40.256924841317307 ], [ -111.636354780187588, 40.257103108049968 ], [ -111.636515088612811, 40.257052487046835 ] ] ] } },
{ "type": "Feature", "properties": { "type": "Feature", "properties": { "height": 5.6177453994750977, "confidence": 0.96530002355575506 }, "id": 95 }, "geometry": { "type": "Polygon", "coordinates": [ [ [ -111.636928872631628, 40.255581300781124 ], [ -111.636800680722359, 40.255646465129203 ], [ -111.636963446869913, 40.255832935497743 ], [ -111.637091634639503, 40.255767766586665 ], [ -111.636928872631628, 40.255581300781124 ] ] ] } },
{ "type": "Feature", "properties": { "type": "Feature", "properties": { "height": 7.3537373542785645, "confidence": 0.94279998540878307 }, "id": 96 }, "geometry": { "type": "Polygon", "coordinates": [ [ [ -111.639345490380933, 40.260038907073252 ], [ -111.639242426376512, 40.260122625489451 ], [ -111.639468961351582, 40.260285032495979 ], [ -111.639572025356017, 40.260201314280735 ], [ -111.639345490380933, 40.260038907073252 ] ] ] } },
{ "type": "Feature", "properties": { "type": "Feature", "properties": { "height": 5.5404233932495117, "confidence": 0.98879998922348011 }, "id": 97 }, "geometry": { "type": "Polygon", "coordinates": [ [ [ -111.63990114232557, 40.254235716891444 ], [ -111.6396139027609, 40.254224685471932 ], [ -111.63960839046365, 40.254308401590691 ], [ -111.639895622370418, 40.254319432702452 ], [ -111.63990114232557, 40.254235716891444 ] ] ] } },
{ "type": "Feature", "properties": { "type": "Feature", "properties": { "height": 4.2465982437133789, "confidence": 0.98570001125335605 }, "id": 98 }, "geometry": { "type": "Polygon", "coordinates": [ [ [ -111.640877903752013, 40.264957016052932 ], [ -111.640877677414991, 40.26483950764257 ], [ -111.640647007938028, 40.264839766344444 ], [ -111.640647084494873, 40.264879512736805 ], [ -111.640557040585534, 40.264879618532241 ], [ -111.640557238822254, 40.264977859773957 ], [ -111.640669891333772, 40.264977727415157 ], [ -111.640669850034485, 40.264957260501532 ], [ -111.640877903752013, 40.264957016052932 ] ] ] } },
{ "type": "Feature", "properties": { "type": "Feature", "properties": { "height": 6.7781639099121094, "confidence": 0.96759998798370306 }, "id": 99 }, "geometry": { "type": "Polygon", "coordinates": [ [ [ -111.629594557167749, 40.246846069358703 ], [ -111.629604007164261, 40.246929381864675 ], [ -111.629633291961298, 40.246927446704021 ], [ -111.629654496831506, 40.247114391471499 ], [ -111.629843516885103, 40.247101900922317 ], [ -111.629837985179833, 40.247053132762872 ], [ -111.629851296451221, 40.247052253146009 ], [ -111.629828939142413, 40.246855148141094 ], [ -111.629765045039761, 40.246859370314212 ], [ -111.629762279187148, 40.246834986151526 ], [ -111.629594557167749, 40.246846069358703 ] ] ] } },
{ "type": "Feature", "properties": { "type": "Feature", "properties": { "height": 3.7419724464416499, "confidence": 0.99309998750686612 }, "id": 100 }, "geometry": { "type": "Polygon", "coordinates": [ [ [ -111.631811928284591, 40.256736851367343 ], [ -111.631804084116638, 40.256684312863861 ], [ -111.63171405779724, 40.2566921411442 ], [ -111.631721901965207, 40.256744679641599 ], [ -111.631811928284591, 40.256736851367343 ] ] ] } },
{ "type": "Feature", "properties": { "type": "Feature", "properties": { "height": 5.198359489440918, "confidence": 0.97060000896453813 }, "id": 101 }, "geometry": { "type": "Polygon", "coordinates": [ [ [ -111.636380805885466, 40.258093248000854 ], [ -111.636386290565227, 40.25818106532919 ], [ -111.636396995083828, 40.258180675972945 ], [ -111.636402862415636, 40.258274619966002 ], [ -111.636582163101934, 40.258268098257609 ], [ -111.636579612088099, 40.258227253055317 ], [ -111.636602327864878, 40.258226426813259 ], [ -111.636593513972798, 40.258085511143392 ], [ -111.636380805885466, 40.258093248000854 ] ] ] } },
{ "type": "Feature", "properties": { "type": "Feature", "properties": { "height": 4.6095108985900879, "confidence": 0.95749998092651312 }, "id": 102 }, "geometry": { "type": "Polygon", "coordinates": [ [ [ -111.633139068467614, 40.249101400535388 ], [ -111.633269984544157, 40.249329025686471 ], [ -111.633402667589067, 40.249284571637467 ], [ -111.633271754930433, 40.249056952279645 ], [ -111.633139068467614, 40.249101400535388 ] ] ] } },
{ "type": "Feature", "properties": { "type": "Feature", "properties": { "height": 6.0231361389160156, "confidence": 0.96770000457763605 }, "id": 103 }, "geometry": { "type": "Polygon", "coordinates": [ [ [ -111.63662224242718, 40.260034604054013 ], [ -111.636503063854647, 40.260155427510185 ], [ -111.636707761870582, 40.260273010335055 ], [ -111.636792815162849, 40.260186775304604 ], [ -111.636669538434717, 40.260115962505886 ], [ -111.636703659379123, 40.260081367414884 ], [ -111.63662224242718, 40.260034604054013 ] ] ] } },
{ "type": "Feature", "properties": { "type": "Feature", "properties": { "height": 4.0621762275695801, "confidence": 0.96880000829696611 }, "id": 104 }, "geometry": { "type": "Polygon", "coordinates": [ [ [ -111.636742562443814, 40.258635986723164 ], [ -111.636679935599034, 40.258646610304908 ], [ -111.636689294016378, 40.258678749231137 ], [ -111.6367519245984, 40.258668128365649 ], [ -111.636742562443814, 40.258635986723164 ] ] ] } },
{ "type": "Feature", "properties": { "type": "Feature", "properties": { "height": 5.544069766998291, "confidence": 0.99650001525878906 }, "id": 105 }, "geometry": { "type": "Polygon", "coordinates": [ [ [ -111.637305710211294, 40.261875963679479 ], [ -111.637260492564437, 40.26180464657746 ], [ -111.637305287001439, 40.261788107917248 ], [ -111.637263753485257, 40.261722610804455 ], [ -111.637110296944599, 40.261779277091321 ], [ -111.637197039029218, 40.261916086364998 ], [ -111.637305710211294, 40.261875963679479 ] ] ] } },
{ "type": "Feature", "properties": { "type": "Feature", "properties": { "height": 6.2249441146850586, "confidence": 0.95459997653961104 }, "id": 106 }, "geometry": { "type": "Polygon", "coordinates": [ [ [ -111.63920270289384, 40.251749790178451 ], [ -111.639132912654119, 40.25166094498114 ], [ -111.639010584129053, 40.251716918211017 ], [ -111.639080374368774, 40.251805763334836 ], [ -111.63920270289384, 40.251749790178451 ] ] ] } },
{ "type": "Feature", "properties": { "type": "Feature", "properties": { "height": 7.2182769775390616, "confidence": 0.99459999799728305 }, "id": 107 }, "geometry": { "type": "Polygon", "coordinates": [ [ [ -111.631705068544576, 40.251168562136058 ], [ -111.63173178718084, 40.25123610114931 ], [ -111.631710981966677, 40.251240895499812 ], [ -111.631727585084604, 40.251282854877175 ], [ -111.631704141065754, 40.251288258561985 ], [ -111.631727148334733, 40.251346415931607 ], [ -111.631753055265847, 40.251340444567596 ], [ -111.631768373347484, 40.251379156346957 ], [ -111.63195631910493, 40.251335846230361 ], [ -111.631888306569138, 40.251163925168136 ], [ -111.631841603192839, 40.251174689993064 ], [ -111.631827974546667, 40.251140239659783 ], [ -111.631705068544576, 40.251168562136058 ] ] ] } },
{ "type": "Feature", "properties": { "type": "Feature", "properties": { "height": 2.3499126434326172, "confidence": 0.96160000562667802 }, "id": 108 }, "geometry": { "type": "Polygon", "coordinates": [ [ [ -111.630369664678966, 40.24958774874839 ], [ -111.630330781941936, 40.249493959393867 ], [ -111.630269829363115, 40.249508679643952 ], [ -111.630308713327096, 40.249602471937663 ], [ -111.630369664678966, 40.24958774874839 ] ] ] } },
{ "type": "Feature", "properties": { "type": "Feature", "properties": { "height": 4.9857873916625977, "confidence": 0.97299998998641912 }, "id": 109 }, "geometry": { "type": "Polygon", "coordinates": [ [ [ -111.632279294568278, 40.261453649451198 ], [ -111.632126452319369, 40.261455624922228 ], [ -111.632129860662488, 40.261609823556554 ], [ -111.632282703091789, 40.261607856250805 ], [ -111.632279294568278, 40.261453649451198 ] ] ] } },
{ "type": "Feature", "properties": { "type": "Feature", "properties": { "height": 4.5649819374084473, "confidence": 0.92250001430511408 }, "id": 110 }, "geometry": { "type": "Polygon", "coordinates": [ [ [ -111.63274237764702, 40.252380431838461 ], [ -111.632781470998182, 40.252380475690757 ], [ -111.632781611321917, 40.252303966366199 ], [ -111.632742524982902, 40.252303924609556 ], [ -111.63274237764702, 40.252380431838461 ] ] ] } },
{ "type": "Feature", "properties": { "type": "Feature", "properties": { "height": 4.5510239601135254, "confidence": 0.9756000041961671 }, "id": 111 }, "geometry": { "type": "Polygon", "coordinates": [ [ [ -111.637666339185529, 40.258443295146151 ], [ -111.63765783025157, 40.2582695516545 ], [ -111.637628367107055, 40.258270391989925 ], [ -111.637625464058985, 40.258211114697325 ], [ -111.63750493301319, 40.258214552436073 ], [ -111.637516344995177, 40.258447573206332 ], [ -111.637666339185529, 40.258443295146151 ] ] ] } },
{ "type": "Feature", "properties": { "type": "Feature", "properties": { "height": 2.917931079864502, "confidence": 0.99239999055862405 }, "id": 112 }, "geometry": { "type": "Polygon", "coordinates": [ [ [ -111.635139493811508, 40.262578479717874 ], [ -111.635136709390437, 40.262494615990448 ], [ -111.635041912048521, 40.262496448768722 ], [ -111.635044704156442, 40.262580312345264 ], [ -111.635139493811508, 40.262578479717874 ] ] ] } },
{ "type": "Feature", "properties": { "type": "Feature", "properties": { "height": 5.636164665222168, "confidence": 0.99639999866485607 }, "id": 113 }, "geometry": { "type": "Polygon", "coordinates": [ [ [ -111.644522891676942, 40.2645546738175 ], [ -111.644520043285539, 40.26445852757535 ], [ -111.644363442574701, 40.264461228974994 ], [ -111.644366282152035, 40.264557375365342 ], [ -111.644522891676942, 40.2645546738175 ] ] ] } },
{ "type": "Feature", "properties": { "type": "Feature", "properties": { "height": 4.7058005332946777, "confidence": 0.97780001163482611 }, "id": 114 }, "geometry": { "type": "Polygon", "coordinates": [ [ [ -111.630722657462726, 40.258786056136614 ], [ -111.63071865782716, 40.258617022493965 ], [ -111.630564485894325, 40.258619155220487 ], [ -111.630567256362184, 40.258735789426964 ], [ -111.630489497851542, 40.258736865091933 ], [ -111.630492443389116, 40.258860869354685 ], [ -111.630568834648315, 40.258859816685479 ], [ -111.630567140047759, 40.258788199164087 ], [ -111.630722657462726, 40.258786056136614 ] ] ] } },
{ "type": "Feature", "properties": { "type": "Feature", "properties": { "height": 5.7188258171081543, "confidence": 0.95910000801086404 }, "id": 115 }, "geometry": { "type": "Polygon", "coordinates": [ [ [ -111.635790329532782, 40.25683444821987 ], [ -111.635676027624413, 40.256870761531822 ], [ -111.63575830136871, 40.257021586764651 ], [ -111.635874892210481, 40.256984552576405 ], [ -111.635841150362836, 40.256922696616009 ], [ -111.635838864324654, 40.256923422881492 ], [ -111.635790329532782, 40.25683444821987 ] ] ] } },
{ "type": "Feature", "properties": { "type": "Feature", "properties": { "height": 4.1221871376037598, "confidence": 0.96509999036788907 }, "id": 116 }, "geometry": { "type": "Polygon", "coordinates": [ [ [ -111.638438152990915, 40.262529772962154 ], [ -111.638522531075822, 40.262588915597611 ], [ -111.638737671651711, 40.2624101828386 ], [ -111.63865329356679, 40.262351040046894 ], [ -111.638438152990915, 40.262529772962154 ] ] ] } },
{ "type": "Feature", "properties": { "type": "Feature", "properties": { "height": 7.1081738471984863, "confidence": 0.97939997911453203 }, "id": 117 }, "geometry": { "type": "Polygon", "coordinates": [ [ [ -111.631871321287008, 40.262204910607821 ], [ -111.631844393807015, 40.262278235486598 ], [ -111.631806161481506, 40.262270059665063 ], [ -111.631783611339756, 40.26233148011822 ], [ -111.631803507325742, 40.262335733724548 ], [ -111.631790268690125, 40.26237179213917 ], [ -111.63195532766396, 40.26240708042878 ], [ -111.631982061420203, 40.262334283208446 ], [ -111.632015955498829, 40.262341531307342 ], [ -111.632051937876184, 40.262243525085587 ], [ -111.631871321287008, 40.262204910607821 ] ] ] } },
{ "type": "Feature", "properties": { "type": "Feature", "properties": { "height": 6.2800664901733398, "confidence": 0.97439998388290405 }, "id": 118 }, "geometry": { "type": "Polygon", "coordinates": [ [ [ -111.633952722006967, 40.260068005283728 ], [ -111.633996716013925, 40.260334793497222 ], [ -111.634139297428234, 40.260321101345056 ], [ -111.634127668078037, 40.260250578791975 ], [ -111.6341725548196, 40.260246268294544 ], [ -111.634161257736523, 40.260177760596797 ], [ -111.634100528615633, 40.26018359245208 ], [ -111.634079459943067, 40.260055827770408 ], [ -111.633952722006967, 40.260068005283728 ] ] ] } },
{ "type": "Feature", "properties": { "type": "Feature", "properties": { "height": 5.487790584564209, "confidence": 0.93889999389648404 }, "id": 119 }, "geometry": { "type": "Polygon", "coordinates": [ [ [ -111.636961522785882, 40.254094842467637 ], [ -111.636914374504329, 40.254018754813337 ], [ -111.636716298614601, 40.254090255330041 ], [ -111.636763447239957, 40.254166332199766 ], [ -111.636961522785882, 40.254094842467637 ] ] ] } },
{ "type": "Feature", "properties": { "type": "Feature", "properties": { "height": 5.2939033508300781, "confidence": 0.9713000059127801 }, "id": 120 }, "geometry": { "type": "Polygon", "coordinates": [ [ [ -111.637698550858417, 40.252907952423179 ], [ -111.637567923880738, 40.252961197676449 ], [ -111.637652632940032, 40.253082245586057 ], [ -111.63781665833821, 40.253015386815555 ], [ -111.6377542347727, 40.252926196145872 ], [ -111.637720844988948, 40.252939806255874 ], [ -111.637698550858417, 40.252907952423179 ] ] ] } },
{ "type": "Feature", "properties": { "type": "Feature", "properties": { "height": 4.1873307228088379, "confidence": 0.99730002880096402 }, "id": 121 }, "geometry": { "type": "Polygon", "coordinates": [ [ [ -111.638600962134248, 40.255130759697728 ], [ -111.638542790638908, 40.255171553502713 ], [ -111.638466620403307, 40.255108290624726 ], [ -111.638372091723383, 40.255174580567363 ], [ -111.638496369476215, 40.255277798815662 ], [ -111.638649069651493, 40.255170715193223 ], [ -111.638600962134248, 40.255130759697728 ] ] ] } },
{ "type": "Feature", "properties": { "type": "Feature", "properties": { "height": 4.365015983581543, "confidence": 0.98610001802444402 }, "id": 122 }, "geometry": { "type": "Polygon", "coordinates": [ [ [ -111.638760214991962, 40.255228014860201 ], [ -111.638781061577106, 40.255399444368273 ], [ -111.638908707393341, 40.255390396874709 ], [ -111.638887861630209, 40.255218974103528 ], [ -111.638760214991962, 40.255228014860201 ] ] ] } },
{ "type": "Feature", "properties": { "type": "Feature", "properties": { "height": 6.0476908683776847, "confidence": 0.87830001115798906 }, "id": 123 }, "geometry": { "type": "Polygon", "coordinates": [ [ [ -111.632300443921707, 40.264530050617623 ], [ -111.632163972501488, 40.264517813346501 ], [ -111.632167392362604, 40.264495606190756 ], [ -111.63207633957056, 40.264487441563787 ], [ -111.63208536086465, 40.264428895858863 ], [ -111.632052061625643, 40.264425909941394 ], [ -111.632016930325364, 40.264654037883666 ], [ -111.632277735146914, 40.264677423971506 ], [ -111.632300443921707, 40.264530050617623 ] ] ] } },
{ "type": "Feature", "properties": { "type": "Feature", "properties": { "height": 5.5398821830749512, "confidence": 0.96609997749328602 }, "id": 124 }, "geometry": { "type": "Polygon", "coordinates": [ [ [ -111.632354492500625, 40.248176196577539 ], [ -111.632188232838487, 40.248178097208353 ], [ -111.632190748732839, 40.248306306111587 ], [ -111.632343600197501, 40.248304550597446 ], [ -111.632342450041151, 40.248245939149363 ], [ -111.632355858078427, 40.248245785872832 ], [ -111.632354492500625, 40.248176196577539 ] ] ] } },
{ "type": "Feature", "properties": { "type": "Feature", "properties": { "height": 5.9286179542541504, "confidence": 0.97979998588562012 }, "id": 125 }, "geometry": { "type": "Polygon", "coordinates": [ [ [ -111.632856971755402, 40.25541454099006 ], [ -111.632808326395249, 40.255255345605185 ], [ -111.632852555144112, 40.255247474035535 ], [ -111.632834529667832, 40.255188501985131 ], [ -111.632701272844344, 40.255212225377619 ], [ -111.632717511420282, 40.255265367342474 ], [ -111.632657444200035, 40.255276057746009 ], [ -111.632707883621251, 40.255441074740247 ], [ -111.632856971755402, 40.25541454099006 ] ] ] } },
{ "type": "Feature", "properties": { "type": "Feature", "properties": { "height": 4.1431646347045898, "confidence": 0.99040001630783003 }, "id": 126 }, "geometry": { "type": "Polygon", "coordinates": [ [ [ -111.636318859441232, 40.252521849141871 ], [ -111.636290033533641, 40.252477488882114 ], [ -111.636197466153078, 40.25251252601079 ], [ -111.636226292060627, 40.252556886247582 ], [ -111.636318859441232, 40.252521849141871 ] ] ] } },
{ "type": "Feature", "properties": { "type": "Feature", "properties": { "height": 4.6094675064086914, "confidence": 1.0 }, "id": 127 }, "geometry": { "type": "Polygon", "coordinates": [ [ [ -111.637261038927861, 40.254484937334247 ], [ -111.637203202027919, 40.254417708499396 ], [ -111.637068255426769, 40.254485327370539 ], [ -111.637126092326682, 40.254552556138222 ], [ -111.637261038927861, 40.254484937334247 ] ] ] } },
{ "type": "Feature", "properties": { "type": "Feature", "properties": { "height": 4.6204972267150879, "confidence": 0.97460001707077004 }, "id": 128 }, "geometry": { "type": "Polygon", "coordinates": [ [ [ -111.638226209351018, 40.256271661205552 ], [ -111.63825601036352, 40.256189973906999 ], [ -111.638081762578253, 40.256152950375949 ], [ -111.638062357267799, 40.256206142145523 ], [ -111.638020039948529, 40.256197150720567 ], [ -111.63801136894034, 40.256220918754046 ], [ -111.638037704987568, 40.25622651594324 ], [ -111.638025582240431, 40.25625973714363 ], [ -111.638128689756357, 40.25628164501876 ], [ -111.638139085458377, 40.256253149464911 ], [ -111.638226209351018, 40.256271661205552 ] ] ] } },
{ "type": "Feature", "properties": { "type": "Feature", "properties": { "height": 3.5819449424743652, "confidence": 0.99589997529983509 }, "id": 129 }, "geometry": { "type": "Polygon", "coordinates": [ [ [ -111.631133777126436, 40.258676971659312 ], [ -111.631135086388412, 40.258611486503057 ], [ -111.630935312027759, 40.258609160413762 ], [ -111.630931239347788, 40.258813801542146 ], [ -111.631090771173319, 40.258815659058534 ], [ -111.631092039520865, 40.2587522204444 ], [ -111.631053173321646, 40.25875176790354 ], [ -111.631054680213225, 40.258676050688763 ], [ -111.631133777126436, 40.258676971659312 ] ] ] } },
{ "type": "Feature", "properties": { "type": "Feature", "properties": { "height": 5.8228917121887207, "confidence": 0.9578999876976011 }, "id": 130 }, "geometry": { "type": "Polygon", "coordinates": [ [ [ -111.634555548147802, 40.254468954290324 ], [ -111.63455828063428, 40.254610167301117 ], [ -111.63454755413747, 40.254610288192723 ], [ -111.634549415396378, 40.254706476596411 ], [ -111.634734447466045, 40.254704391219022 ], [ -111.634732507004614, 40.254604109685644 ], [ -111.634705690762644, 40.254604411914713 ], [ -111.634704604692473, 40.254548284589852 ], [ -111.634683151721077, 40.254548527518935 ], [ -111.634681584485094, 40.254467533810875 ], [ -111.634555548147802, 40.254468954290324 ] ] ] } },
{ "type": "Feature", "properties": { "type": "Feature", "properties": { "height": 5.3968648910522461, "confidence": 0.99239999055862405 }, "id": 131 }, "geometry": { "type": "Polygon", "coordinates": [ [ [ -111.635790814146659, 40.261800726937537 ], [ -111.635678070856869, 40.261638512627606 ], [ -111.635539909535964, 40.261694430623365 ], [ -111.635652656828313, 40.261856650558023 ], [ -111.635790814146659, 40.261800726937537 ] ] ] } },
{ "type": "Feature", "properties": { "type": "Feature", "properties": { "height": 5.6315789222717276, "confidence": 0.96740001440048207 }, "id": 132 }, "geometry": { "type": "Polygon", "coordinates": [ [ [ -111.635947232538655, 40.251071209615091 ], [ -111.635765975121174, 40.251156054731545 ], [ -111.635830531256971, 40.251236380661318 ], [ -111.636011788674494, 40.251151535645569 ], [ -111.635947232538655, 40.251071209615091 ] ] ] } },
{ "type": "Feature", "properties": { "type": "Feature", "properties": { "height": 4.8082094192504883, "confidence": 0.98580002784729004 }, "id": 133 }, "geometry": { "type": "Polygon", "coordinates": [ [ [ -111.636275535095436, 40.249760883602306 ], [ -111.636196568698892, 40.249804698241739 ], [ -111.636257802290586, 40.24986898609577 ], [ -111.636336768687116, 40.249825171497939 ], [ -111.636275535095436, 40.249760883602306 ] ] ] } },
{ "type": "Feature", "properties": { "type": "Feature", "properties": { "height": 4.7655429840087891, "confidence": 0.93120002746582009 }, "id": 134 }, "geometry": { "type": "Polygon", "coordinates": [ [ [ -111.637648431340125, 40.255655547668759 ], [ -111.637578078060997, 40.255686594589839 ], [ -111.637628058320274, 40.255752558271695 ], [ -111.637788865815409, 40.255681593928912 ], [ -111.637670307991073, 40.255525121670651 ], [ -111.637579853775051, 40.255565039214908 ], [ -111.637648431340125, 40.255655547668759 ] ] ] } },
{ "type": "Feature", "properties": { "type": "Feature", "properties": { "height": 3.9051723480224609, "confidence": 0.96670001745223999 }, "id": 135 }, "geometry": { "type": "Polygon", "coordinates": [ [ [ -111.638234084841258, 40.253989462601446 ], [ -111.63817329734151, 40.253910154994323 ], [ -111.638089365007104, 40.253947625698324 ], [ -111.637986493853674, 40.2538134126873 ], [ -111.63790655829709, 40.253849099123556 ], [ -111.638070216950268, 40.254062619585206 ], [ -111.638234084841258, 40.253989462601446 ] ] ] } },
{ "type": "Feature", "properties": { "type": "Feature", "properties": { "height": 4.4506673812866211, "confidence": 0.89230000972747803 }, "id": 136 }, "geometry": { "type": "Polygon", "coordinates": [ [ [ -111.638392453965309, 40.254310444920584 ], [ -111.638449426543573, 40.254371694042888 ], [ -111.638415541193481, 40.254390052479117 ], [ -111.638459853198782, 40.25443769063412 ], [ -111.638580490736075, 40.254372331541177 ], [ -111.638561498631745, 40.254351915847892 ], [ -111.638674492911036, 40.254290697649118 ], [ -111.638592199186874, 40.254202226570996 ], [ -111.638392453965309, 40.254310444920584 ] ] ] } },
{ "type": "Feature", "properties": { "type": "Feature", "properties": { "height": 4.4986205101013184, "confidence": 0.96759998798370306 }, "id": 137 }, "geometry": { "type": "Polygon", "coordinates": [ [ [ -111.63874081576364, 40.255240071404856 ], [ -111.638653456427221, 40.255202345363152 ], [ -111.638602261710034, 40.255271383026461 ], [ -111.638689618425659, 40.255309112563921 ], [ -111.63874081576364, 40.255240071404856 ] ] ] } },
{ "type": "Feature", "properties": { "type": "Feature", "properties": { "height": 4.8709487915039062, "confidence": 0.99119997024536111 }, "id": 138 }, "geometry": { "type": "Polygon", "coordinates": [ [ [ -111.639308274553073, 40.253990726064792 ], [ -111.639407776108797, 40.25394423720082 ], [ -111.639320585393591, 40.253835540983502 ], [ -111.639232789903232, 40.253876560636904 ], [ -111.639222586155981, 40.253863840141946 ], [ -111.639091872499719, 40.253924918892196 ], [ -111.639155819874318, 40.254004638734109 ], [ -111.639274831539026, 40.253949034414291 ], [ -111.639308274553073, 40.253990726064792 ] ] ] } },
{ "type": "Feature", "properties": { "type": "Feature", "properties": { "height": 7.1827726364135742, "confidence": 0.98309999704360906 }, "id": 139 }, "geometry": { "type": "Polygon", "coordinates": [ [ [ -111.640341986388293, 40.260571465530795 ], [ -111.640202762637728, 40.260541625440489 ], [ -111.640120782832341, 40.260764420659321 ], [ -111.640260009119061, 40.260794253758981 ], [ -111.640341986388293, 40.260571465530795 ] ] ] } },
{ "type": "Feature", "properties": { "type": "Feature", "properties": { "height": 4.5366387367248526, "confidence": 0.99330002069473211 }, "id": 140 }, "geometry": { "type": "Polygon", "coordinates": [ [ [ -111.635463263216863, 40.263367138344975 ], [ -111.635502031790068, 40.263552772838004 ], [ -111.635613508782427, 40.263539222318251 ], [ -111.635609341904086, 40.26351926142349 ], [ -111.635753212715201, 40.26350177328311 ], [ -111.635743440446475, 40.263454960451156 ], [ -111.635772214295841, 40.263451461321402 ], [ -111.635757402295326, 40.263380506218951 ], [ -111.6355769098232, 40.263402445924591 ], [ -111.635566909315216, 40.263354539670402 ], [ -111.635463263216863, 40.263367138344975 ] ] ] } },
{ "type": "Feature", "properties": { "type": "Feature", "properties": { "height": 3.9231922626495361, "confidence": 0.99080002307891812 }, "id": 141 }, "geometry": { "type": "Polygon", "coordinates": [ [ [ -111.637439201503611, 40.255303384063509 ], [ -111.637371553180571, 40.255208716185919 ], [ -111.637335609827431, 40.255223673847965 ], [ -111.637288260685708, 40.255157404320087 ], [ -111.637155942044657, 40.255212468142886 ], [ -111.637190337804341, 40.255260608175043 ], [ -111.637225483909461, 40.255245980414848 ], [ -111.637267749698836, 40.255305135243979 ], [ -111.637233406599989, 40.255319426947224 ], [ -111.637271740649723, 40.255373072006336 ], [ -111.637439201503611, 40.255303384063509 ] ] ] } },
{ "type": "Feature", "properties": { "type": "Feature", "properties": { "height": 6.1928062438964844, "confidence": 0.95870000123977606 }, "id": 142 }, "geometry": { "type": "Polygon", "coordinates": [ [ [ -111.630573623798611, 40.247674185010254 ], [ -111.630469021431622, 40.247742540687234 ], [ -111.630689791866047, 40.247939352005268 ], [ -111.630812961085468, 40.247858870046336 ], [ -111.630683624153363, 40.24774355991385 ], [ -111.630665051145527, 40.247755697017304 ], [ -111.630573623798611, 40.247674185010254 ] ] ] } },
{ "type": "Feature", "properties": { "type": "Feature", "properties": { "height": 5.3039627075195312, "confidence": 0.98500001430511408 }, "id": 143 }, "geometry": { "type": "Polygon", "coordinates": [ [ [ -111.630593898049355, 40.250885362890266 ], [ -111.630584190353431, 40.25088295990053 ], [ -111.630610952421947, 40.250819982248501 ], [ -111.630521156234551, 40.250797754568644 ], [ -111.630497542644662, 40.250853323106412 ], [ -111.630461138784895, 40.250844311890177 ], [ -111.630372981382649, 40.251051767389043 ], [ -111.630508889125778, 40.251085409153788 ], [ -111.630593898049355, 40.250885362890266 ] ] ] } },
{ "type": "Feature", "properties": { "type": "Feature", "properties": { "height": 5.8596248626708984, "confidence": 0.98110002279281605 }, "id": 144 }, "geometry": { "type": "Polygon", "coordinates": [ [ [ -111.636747988959101, 40.255632323867566 ], [ -111.636855861061036, 40.25557400863601 ], [ -111.636696441894074, 40.255402270295448 ], [ -111.636588580279607, 40.255460580005511 ], [ -111.636747988959101, 40.255632323867566 ] ] ] } },
{ "type": "Feature", "properties": { "type": "Feature", "properties": { "height": 5.0168566703796387, "confidence": 0.98079997301101607 }, "id": 145 }, "geometry": { "type": "Polygon", "coordinates": [ [ [ -111.637478236918355, 40.26419197938732 ], [ -111.637476343263074, 40.264467260214154 ], [ -111.637639953565028, 40.264467906812968 ], [ -111.63764160781794, 40.264227427992971 ], [ -111.637564917015752, 40.26422712080894 ], [ -111.637565153166889, 40.264192327529415 ], [ -111.637478236918355, 40.26419197938732 ] ] ] } },
{ "type": "Feature", "properties": { "type": "Feature", "properties": { "height": 6.8668007850646973, "confidence": 0.98170000314712502 }, "id": 146 }, "geometry": { "type": "Polygon", "coordinates": [ [ [ -111.640362173814964, 40.259069428160885 ], [ -111.639937262604846, 40.258967732915323 ], [ -111.639891647282582, 40.259078728620111 ], [ -111.64031655000133, 40.259180444360844 ], [ -111.640362173814964, 40.259069428160885 ] ] ] } },
{ "type": "Feature", "properties": { "type": "Feature", "properties": { "height": 5.8098111152648935, "confidence": 0.98089998960494995 }, "id": 147 }, "geometry": { "type": "Polygon", "coordinates": [ [ [ -111.630392476497832, 40.255385470079098 ], [ -111.630395785864621, 40.255485708865514 ], [ -111.630668140884936, 40.255480486346343 ], [ -111.630664840705023, 40.255380247376038 ], [ -111.630392476497832, 40.255385470079098 ] ] ] } },
{ "type": "Feature", "properties": { "type": "Feature", "properties": { "height": 4.0717306137084961, "confidence": 0.99290001392364513 }, "id": 148 }, "geometry": { "type": "Polygon", "coordinates": [ [ [ -111.632191405667939, 40.261146911499544 ], [ -111.632497046763419, 40.261142079606309 ], [ -111.632493136892592, 40.260997569697466 ], [ -111.632187495355623, 40.261002385283987 ], [ -111.632191405667939, 40.261146911499544 ] ] ] } },
{ "type": "Feature", "properties": { "type": "Feature", "properties": { "height": 5.7117691040039062, "confidence": 0.99540001153945912 }, "id": 149 }, "geometry": { "type": "Polygon", "coordinates": [ [ [ -111.633368242123524, 40.262279059996509 ], [ -111.633388385960387, 40.262172804469465 ], [ -111.633207107425889, 40.262152792299112 ], [ -111.633189244023384, 40.262247018934808 ], [ -111.633212889049631, 40.262249629214594 ], [ -111.633196165864305, 40.262337841261846 ], [ -111.633311763770351, 40.262350602611605 ], [ -111.633326206521332, 40.262274419501054 ], [ -111.633368242123524, 40.262279059996509 ] ] ] } },
{ "type": "Feature", "properties": { "type": "Feature", "properties": { "height": 4.7795300483703613, "confidence": 0.98420000076293912 }, "id": 150 }, "geometry": { "type": "Polygon", "coordinates": [ [ [ -111.637417899842148, 40.252686576589774 ], [ -111.637440520490287, 40.252713304275247 ], [ -111.637548397728935, 40.252660123749962 ], [ -111.637464047306722, 40.25256045841202 ], [ -111.63731831840542, 40.252632298866622 ], [ -111.637380046972012, 40.252705234993975 ], [ -111.637417899842148, 40.252686576589774 ] ] ] } },
{ "type": "Feature", "properties": { "type": "Feature", "properties": { "height": 5.3062362670898438, "confidence": 0.99519997835159313 }, "id": 151 }, "geometry": { "type": "Polygon", "coordinates": [ [ [ -111.638378444308401, 40.264953778927527 ], [ -111.638653534475651, 40.26495554190079 ], [ -111.638654726270346, 40.26484815564077 ], [ -111.638379626415968, 40.264846377910644 ], [ -111.638378444308401, 40.264953778927527 ] ] ] } },
{ "type": "Feature", "properties": { "type": "Feature", "properties": { "height": 2.7840909957885742, "confidence": 0.99239999055862405 }, "id": 152 }, "geometry": { "type": "Polygon", "coordinates": [ [ [ -111.631966028271876, 40.256502389337662 ], [ -111.631998177277211, 40.256503227312585 ], [ -111.632000190340179, 40.256458246818383 ], [ -111.631968041334829, 40.256457408842884 ], [ -111.631966028271876, 40.256502389337662 ] ] ] } },
{ "type": "Feature", "properties": { "type": "Feature", "properties": { "height": 5.8097801208496094, "confidence": 0.98129999637603704 }, "id": 153 }, "geometry": { "type": "Polygon", "coordinates": [ [ [ -111.633545939672018, 40.248991564147254 ], [ -111.633655967245076, 40.248978592480718 ], [ -111.633609836763767, 40.248750652126979 ], [ -111.633452654516532, 40.248769183140816 ], [ -111.633486240744162, 40.248935139744702 ], [ -111.633533395418326, 40.248929580454728 ], [ -111.633545939672018, 40.248991564147254 ] ] ] } },
{ "type": "Feature", "properties": { "type": "Feature", "properties": { "height": 2.553784847259521, "confidence": 0.99210000038146906 }, "id": 154 }, "geometry": { "type": "Polygon", "coordinates": [ [ [ -111.634954660192307, 40.261806297127706 ], [ -111.634899991940131, 40.261807097137634 ], [ -111.634900631074714, 40.261832529937855 ], [ -111.634955297068217, 40.261831732880907 ], [ -111.634954660192307, 40.261806297127706 ] ] ] } },
{ "type": "Feature", "properties": { "type": "Feature", "properties": { "height": 7.1595301628112793, "confidence": 0.96090000867843606 }, "id": 155 }, "geometry": { "type": "Polygon", "coordinates": [ [ [ -111.638639492117605, 40.25939625288737 ], [ -111.638695748535753, 40.259624534879244 ], [ -111.63884600269057, 40.2596029714488 ], [ -111.63878974818256, 40.259374697135264 ], [ -111.638639492117605, 40.25939625288737 ] ] ] } },
{ "type": "Feature", "properties": { "type": "Feature", "properties": { "height": 4.4458937644958496, "confidence": 0.9645000100135801 }, "id": 156 }, "geometry": { "type": "Polygon", "coordinates": [ [ [ -111.635039007521399, 40.259690788474629 ], [ -111.635003007641401, 40.259627954311753 ], [ -111.635034532275455, 40.259617436020363 ], [ -111.634955771121696, 40.259479966138187 ], [ -111.634820665547167, 40.259525044609987 ], [ -111.634935429241835, 40.259725353175646 ], [ -111.635039007521399, 40.259690788474629 ] ] ] } },
{ "type": "Feature", "properties": { "type": "Feature", "properties": { "height": 6.4330410957336435, "confidence": 0.99269998073577803 }, "id": 157 }, "geometry": { "type": "Polygon", "coordinates": [ [ [ -111.636551563287895, 40.255958011291582 ], [ -111.636517472669127, 40.255862769691632 ], [ -111.636307811957252, 40.255906477923602 ], [ -111.636317357330512, 40.25593314556788 ], [ -111.63618507140518, 40.2559607233555 ], [ -111.636213707524931, 40.256040726192651 ], [ -111.636276106546319, 40.256027717819038 ], [ -111.636280879232942, 40.256041051618602 ], [ -111.636490539944802, 40.25599734347356 ], [ -111.636481676383937, 40.255972580684876 ], [ -111.636551563287895, 40.255958011291582 ] ] ] } },
{ "type": "Feature", "properties": { "type": "Feature", "properties": { "height": 3.7907838821411133, "confidence": 0.99419999122619607 }, "id": 158 }, "geometry": { "type": "Polygon", "coordinates": [ [ [ -111.636754681230158, 40.249948965960613 ], [ -111.636701734364237, 40.249882331250632 ], [ -111.636587997117587, 40.249934976266417 ], [ -111.636640947512873, 40.250001615366365 ], [ -111.636754681230158, 40.249948965960613 ] ] ] } },
{ "type": "Feature", "properties": { "type": "Feature", "properties": { "height": 5.8319368362426758, "confidence": 0.97670000791549605 }, "id": 159 }, "geometry": { "type": "Polygon", "coordinates": [ [ [ -111.637375886102589, 40.249471953183409 ], [ -111.637187445312435, 40.249567903724291 ], [ -111.637256788742178, 40.249647236396342 ], [ -111.637445224497924, 40.249551288531322 ], [ -111.637375886102589, 40.249471953183409 ] ] ] } },
{ "type": "Feature", "properties": { "type": "Feature", "properties": { "height": 4.3433055877685547, "confidence": 0.95459997653961104 }, "id": 160 }, "geometry": { "type": "Polygon", "coordinates": [ [ [ -111.638449302441657, 40.263166610191206 ], [ -111.63860513789632, 40.262940580121125 ], [ -111.638460186253511, 40.26288238719188 ], [ -111.638266773455157, 40.263162921095116 ], [ -111.638359206386824, 40.263200029481609 ], [ -111.638396783730499, 40.263145525872794 ], [ -111.638449302441657, 40.263166610191206 ] ] ] } },
{ "type": "Feature", "properties": { "type": "Feature", "properties": { "height": 7.6400904655456543, "confidence": 0.99229997396469105 }, "id": 161 }, "geometry": { "type": "Polygon", "coordinates": [ [ [ -111.639746840235006, 40.257048824619048 ], [ -111.639667446119844, 40.256966517300462 ], [ -111.639380421703294, 40.257127764499636 ], [ -111.639459815818498, 40.257210071622097 ], [ -111.639746840235006, 40.257048824619048 ] ] ] } },
{ "type": "Feature", "properties": { "type": "Feature", "properties": { "height": 5.5234942436218262, "confidence": 0.97640001773834206 }, "id": 162 }, "geometry": { "type": "Polygon", "coordinates": [ [ [ -111.632005247277775, 40.260583202128899 ], [ -111.632011595481828, 40.260399114764915 ], [ -111.631858815371359, 40.260396046637929 ], [ -111.631850633241726, 40.260633314713466 ], [ -111.631960527707136, 40.260635521604094 ], [ -111.631962361632745, 40.260582340902623 ], [ -111.632005247277775, 40.260583202128899 ] ] ] } },
{ "type": "Feature", "properties": { "type": "Feature", "properties": { "height": 5.3025851249694824, "confidence": 0.99299997091293313 }, "id": 163 }, "geometry": { "type": "Polygon", "coordinates": [ [ [ -111.632905769431375, 40.257644991742936 ], [ -111.632665894583127, 40.257648694445919 ], [ -111.632668551863972, 40.257748952318316 ], [ -111.632690000760874, 40.2577486212341 ], [ -111.632694339178556, 40.257912307237909 ], [ -111.632831075896334, 40.257910196581129 ], [ -111.632829177838573, 40.257838584000943 ], [ -111.632881392512303, 40.25783777801864 ], [ -111.632878889293877, 40.257743658644358 ], [ -111.632908381485379, 40.257743203404182 ], [ -111.632905769431375, 40.257644991742936 ] ] ] } },
{ "type": "Feature", "properties": { "type": "Feature", "properties": { "height": 6.2047781944274902, "confidence": 0.98739999532699507 }, "id": 164 }, "geometry": { "type": "Polygon", "coordinates": [ [ [ -111.635783032536324, 40.250031477566239 ], [ -111.635928821865875, 40.250202833401531 ], [ -111.636080702420685, 40.250127560114791 ], [ -111.635934924144351, 40.249956198610825 ], [ -111.635783032536324, 40.250031477566239 ] ] ] } },
{ "type": "Feature", "properties": { "type": "Feature", "properties": { "height": 4.8979611396789551, "confidence": 0.99540001153945912 }, "id": 165 }, "geometry": { "type": "Polygon", "coordinates": [ [ [ -111.636532463948328, 40.259382155844499 ], [ -111.636566247596107, 40.259475317595495 ], [ -111.636493996700466, 40.259490575835308 ], [ -111.636545706365453, 40.259633170071545 ], [ -111.636692699566964, 40.259602127507549 ], [ -111.636676152474152, 40.259556497363718 ], [ -111.63677082606155, 40.259536503826908 ], [ -111.636748073808974, 40.259473762310328 ], [ -111.636817833294415, 40.259459030213137 ], [ -111.636798528352841, 40.259405794929734 ], [ -111.6367138204062, 40.259423683918563 ], [ -111.63668693138041, 40.25934953472364 ], [ -111.636532463948328, 40.259382155844499 ] ] ] } },
{ "type": "Feature", "properties": { "type": "Feature", "properties": { "height": 5.5245623588562012, "confidence": 0.95300000905990612 }, "id": 166 }, "geometry": { "type": "Polygon", "coordinates": [ [ [ -111.637178760169292, 40.263860038243003 ], [ -111.637299920790966, 40.263922817908721 ], [ -111.637413356235825, 40.263795342376291 ], [ -111.637292195614165, 40.26373256259226 ], [ -111.637178760169292, 40.263860038243003 ] ] ] } },
{ "type": "Feature", "properties": { "type": "Feature", "properties": { "height": 5.0911173820495597, "confidence": 0.98970001935958807 }, "id": 167 }, "geometry": { "type": "Polygon", "coordinates": [ [ [ -111.637255407661527, 40.25021866892763 ], [ -111.637207784669528, 40.250154235873339 ], [ -111.63726678980035, 40.250128828300035 ], [ -111.637213407655693, 40.250056603115389 ], [ -111.637003831431571, 40.250146835367502 ], [ -111.637054924310277, 40.250215963121455 ], [ -111.637099686823291, 40.250196688429142 ], [ -111.637149602189183, 40.25026422298027 ], [ -111.637255407661527, 40.25021866892763 ] ] ] } },
{ "type": "Feature", "properties": { "type": "Feature", "properties": { "height": 5.9411163330078125, "confidence": 0.99320000410079912 }, "id": 168 }, "geometry": { "type": "Polygon", "coordinates": [ [ [ -111.631203842863854, 40.257418553929085 ], [ -111.631080585148112, 40.257415571637431 ], [ -111.631079225886594, 40.257448289536484 ], [ -111.63103635363764, 40.257447252218114 ], [ -111.631029302468434, 40.257616976068206 ], [ -111.631195432433117, 40.257620995666691 ], [ -111.631203842863854, 40.257418553929085 ] ] ] } },
{ "type": "Feature", "properties": { "type": "Feature", "properties": { "height": 4.0765070915222168, "confidence": 0.97649997472763006 }, "id": 169 }, "geometry": { "type": "Polygon", "coordinates": [ [ [ -111.6312949660892, 40.259500047849656 ], [ -111.631142126348891, 40.259515631406714 ], [ -111.631140583818734, 40.259506821019933 ], [ -111.631022000172152, 40.259518905487347 ], [ -111.631011573032382, 40.259459349333092 ], [ -111.630899497119898, 40.259470776612915 ], [ -111.630930464316293, 40.259647742862505 ], [ -111.631021474830817, 40.259638463438804 ], [ -111.631024156204916, 40.259653778468852 ], [ -111.631316662533138, 40.25962397017139 ], [ -111.6312949660892, 40.259500047849656 ] ] ] } },
{ "type": "Feature", "properties": { "type": "Feature", "properties": { "height": 4.6697893142700186, "confidence": 0.98360002040863004 }, "id": 170 }, "geometry": { "type": "Polygon", "coordinates": [ [ [ -111.638268122599555, 40.252776364121097 ], [ -111.638251607013416, 40.25278398976122 ], [ -111.638206462588698, 40.252727045531522 ], [ -111.638072945798527, 40.252788693439022 ], [ -111.638213131117382, 40.252965519939856 ], [ -111.63833959292873, 40.252907129639404 ], [ -111.638287324863413, 40.252841192287349 ], [ -111.638310887380271, 40.252830312920146 ], [ -111.638268122599555, 40.252776364121097 ] ] ] } },
{ "type": "Feature", "properties": { "type": "Feature", "properties": { "height": 2.8345587253570552, "confidence": 0.91159999370574907 }, "id": 171 }, "geometry": { "type": "Polygon", "coordinates": [ [ [ -111.639669942004346, 40.25845108723427 ], [ -111.639715950380975, 40.258506703808678 ], [ -111.639792665013388, 40.258469745195484 ], [ -111.63974665663676, 40.258414128590694 ], [ -111.639669942004346, 40.25845108723427 ] ] ] } },
{ "type": "Feature", "properties": { "type": "Feature", "properties": { "height": 5.6626782417297363, "confidence": 0.98619997501373202 }, "id": 172 }, "geometry": { "type": "Polygon", "coordinates": [ [ [ -111.634555796436274, 40.259201619560045 ], [ -111.634655633394857, 40.259372296758002 ], [ -111.634793238976087, 40.259325421252903 ], [ -111.634761286972662, 40.259270805981359 ], [ -111.634775770848123, 40.25926587202607 ], [ -111.6346839208462, 40.259108848772783 ], [ -111.634569856886202, 40.259147704923265 ], [ -111.634593817756269, 40.259188667522693 ], [ -111.634555796436274, 40.259201619560045 ] ] ] } },
{ "type": "Feature", "properties": { "type": "Feature", "properties": { "height": 4.3899955749511719, "confidence": 0.93889999389648404 }, "id": 173 }, "geometry": { "type": "Polygon", "coordinates": [ [ [ -111.636612810830059, 40.253795707369761 ], [ -111.636601329164094, 40.253767748164037 ], [ -111.636637963832058, 40.253758985471087 ], [ -111.636579790057894, 40.253617325299594 ], [ -111.636440578319622, 40.253650623596549 ], [ -111.636510233759736, 40.253820242893894 ], [ -111.636612810830059, 40.253795707369761 ] ] ] } },
{ "type": "Feature", "properties": { "type": "Feature", "properties": { "height": 5.5064973831176758, "confidence": 0.96390002965927113 }, "id": 174 }, "geometry": { "type": "Polygon", "coordinates": [ [ [ -111.63704879629698, 40.258512189646801 ], [ -111.637021346347069, 40.258508799955393 ], [ -111.63703846249841, 40.258428042969115 ], [ -111.636923454056102, 40.2584138471316 ], [ -111.636892591747525, 40.258559460845071 ], [ -111.637035044646282, 40.258577044195981 ], [ -111.63704879629698, 40.258512189646801 ] ] ] } },
{ "type": "Feature", "properties": { "type": "Feature", "properties": { "height": 4.867795467376709, "confidence": 0.96609997749328602 }, "id": 175 }, "geometry": { "type": "Polygon", "coordinates": [ [ [ -111.637155540262327, 40.252829789699497 ], [ -111.63723602692275, 40.25279434250087 ], [ -111.6372453160117, 40.252806627999014 ], [ -111.637318581899876, 40.252774360896538 ], [ -111.637288395107731, 40.2527344317906 ], [ -111.63732378346414, 40.252718846354767 ], [ -111.637288949380562, 40.252672775665488 ], [ -111.63709980572861, 40.252756076702454 ], [ -111.637155540262327, 40.252829789699497 ] ] ] } },
{ "type": "Feature", "properties": { "type": "Feature", "properties": { "height": 3.8214931488037109, "confidence": 0.97719997167587203 }, "id": 176 }, "geometry": { "type": "Polygon", "coordinates": [ [ [ -111.639049581795291, 40.252488590554648 ], [ -111.63898133253474, 40.25240397022985 ], [ -111.638794595729124, 40.252491697670138 ], [ -111.638893976231316, 40.252614916544715 ], [ -111.638940660432695, 40.252592984735244 ], [ -111.638909529191068, 40.25255438606326 ], [ -111.639049581795291, 40.252488590554648 ] ] ] } },
{ "type": "Feature", "properties": { "type": "Feature", "properties": { "height": 4.9185929298400879, "confidence": 0.98610001802444402 }, "id": 177 }, "geometry": { "type": "Polygon", "coordinates": [ [ [ -111.6299635328497, 40.257815163821974 ], [ -111.630094866228887, 40.257817857474521 ], [ -111.630099260315944, 40.257693085818445 ], [ -111.630139464411641, 40.257693910407461 ], [ -111.630140905095914, 40.257653001618181 ], [ -111.630111422092412, 40.257652396919205 ], [ -111.630114591597831, 40.257562397494922 ], [ -111.630002020129936, 40.257560088641171 ], [ -111.629997914179739, 40.257676678785529 ], [ -111.629968431176238, 40.257676074086753 ], [ -111.6299635328497, 40.257815163821974 ] ] ] } },
{ "type": "Feature", "properties": { "type": "Feature", "properties": { "height": 5.6674327850341797, "confidence": 0.98949998617172208 }, "id": 178 }, "geometry": { "type": "Polygon", "coordinates": [ [ [ -111.637061817888707, 40.25766942459213 ], [ -111.636951882855399, 40.257521489976455 ], [ -111.636700219869269, 40.257630395112216 ], [ -111.636757218448963, 40.257707095446918 ], [ -111.636873976806683, 40.257656563048272 ], [ -111.636926915874454, 40.257727809454686 ], [ -111.637061817888707, 40.25766942459213 ] ] ] } },
{ "type": "Feature", "properties": { "type": "Feature", "properties": { "height": 4.9732017517089844, "confidence": 0.97320002317428511 }, "id": 179 }, "geometry": { "type": "Polygon", "coordinates": [ [ [ -111.631772761453576, 40.261157614542107 ], [ -111.631922865584528, 40.261160564760985 ], [ -111.63192548898499, 40.261082837444889 ], [ -111.631775384854024, 40.2610798872226 ], [ -111.631772761453576, 40.261157614542107 ] ] ] } },
{ "type": "Feature", "properties": { "type": "Feature", "properties": { "height": 6.377169132232666, "confidence": 0.97140002250671309 }, "id": 180 }, "geometry": { "type": "Polygon", "coordinates": [ [ [ -111.631865900555724, 40.262610141942673 ], [ -111.631827536816971, 40.262603679642957 ], [ -111.631846167717754, 40.262539274617424 ], [ -111.631742931336788, 40.262521884623418 ], [ -111.631699472377903, 40.26267216517347 ], [ -111.631802695615931, 40.262689552914935 ], [ -111.631814910947909, 40.262647325883187 ], [ -111.631853275251814, 40.26265378622498 ], [ -111.631865900555724, 40.262610141942673 ] ] ] } },
{ "type": "Feature", "properties": { "type": "Feature", "properties": { "height": 5.9820613861083984, "confidence": 0.94989997148513705 }, "id": 181 }, "geometry": { "type": "Polygon", "coordinates": [ [ [ -111.635218089840095, 40.250476263244998 ], [ -111.635260987560898, 40.250454592690851 ], [ -111.635277035958737, 40.25047309830898 ], [ -111.63543370589565, 40.250393953639069 ], [ -111.635371981288543, 40.250322778073759 ], [ -111.635172413630826, 40.25042359339794 ], [ -111.635218089840095, 40.250476263244998 ] ] ] } },
{ "type": "Feature", "properties": { "type": "Feature", "properties": { "height": 6.4633736610412598, "confidence": 0.9733999967575071 }, "id": 182 }, "geometry": { "type": "Polygon", "coordinates": [ [ [ -111.637607084056341, 40.263638758798706 ], [ -111.637527982498497, 40.263566096040229 ], [ -111.637385147837847, 40.263656637141125 ], [ -111.637441837287625, 40.263708712056243 ], [ -111.637476752426892, 40.263686579815371 ], [ -111.637499164534972, 40.263707167568199 ], [ -111.637607084056341, 40.263638758798706 ] ] ] } },
{ "type": "Feature", "properties": { "type": "Feature", "properties": { "height": 5.9746065139770508, "confidence": 0.98739999532699507 }, "id": 183 }, "geometry": { "type": "Polygon", "coordinates": [ [ [ -111.638073781023223, 40.261943118157284 ], [ -111.638076370477251, 40.262037228699143 ], [ -111.638354173928718, 40.262032762765294 ], [ -111.638351575847025, 40.261938652355909 ], [ -111.638073781023223, 40.261943118157284 ] ] ] } },
{ "type": "Feature", "properties": { "type": "Feature", "properties": { "height": 4.7757558822631845, "confidence": 0.98180001974105813 }, "id": 184 }, "geometry": { "type": "Polygon", "coordinates": [ [ [ -111.638788313438681, 40.252018088769972 ], [ -111.638755280389105, 40.251977321801043 ], [ -111.638866953424881, 40.251924607791068 ], [ -111.638798558172581, 40.251840208791037 ], [ -111.63863838743444, 40.251915815681549 ], [ -111.638739808619434, 40.252040982310945 ], [ -111.638788313438681, 40.252018088769972 ] ] ] } },
{ "type": "Feature", "properties": { "type": "Feature", "properties": { "height": 5.468071460723877, "confidence": 0.96909999847412109 }, "id": 185 }, "geometry": { "type": "Polygon", "coordinates": [ [ [ -111.6352932525471, 40.264565356787777 ], [ -111.635295015903353, 40.264407771548008 ], [ -111.635210765901363, 40.264407222610799 ], [ -111.635210940487767, 40.264391747235884 ], [ -111.635128904284116, 40.264391208341451 ], [ -111.635129097479677, 40.264373943075199 ], [ -111.635040591035036, 40.26437336640452 ], [ -111.635040041417511, 40.264422483946205 ], [ -111.634970309067171, 40.264422029599956 ], [ -111.634970734285872, 40.264384029184086 ], [ -111.634887591917845, 40.264383483023231 ], [ -111.63488682313853, 40.264452186325315 ], [ -111.634862685017268, 40.264452029051675 ], [ -111.634862891123831, 40.264433609985751 ], [ -111.634810822894551, 40.264433270731423 ], [ -111.6348111923094, 40.264400525732384 ], [ -111.634711957870167, 40.26439987916288 ], [ -111.634711750074317, 40.264418298226957 ], [ -111.634635080283658, 40.264417798679254 ], [ -111.634633398836684, 40.264568063944765 ], [ -111.635198180666293, 40.264571773977224 ], [ -111.635198260044916, 40.264564737858457 ], [ -111.6352932525471, 40.264565356787777 ] ] ] } },
{ "type": "Feature", "properties": { "type": "Feature", "properties": { "height": 5.0998444557189941, "confidence": 0.97030001878738403 }, "id": 186 }, "geometry": { "type": "Polygon", "coordinates": [ [ [ -111.636520892625924, 40.261529735741895 ], [ -111.636478108464956, 40.261498663717177 ], [ -111.63653972377864, 40.261449259017326 ], [ -111.636373646873054, 40.261328645333542 ], [ -111.636250416245659, 40.261427454873342 ], [ -111.636459274934651, 40.261579138656266 ], [ -111.636520892625924, 40.261529735741895 ] ] ] } },
{ "type": "Feature", "properties": { "type": "Feature", "properties": { "height": 4.8055601119995117, "confidence": 0.96179997920989913 }, "id": 187 }, "geometry": { "type": "Polygon", "coordinates": [ [ [ -111.637025080060766, 40.257170684725608 ], [ -111.636985353452488, 40.256967411138397 ], [ -111.636842494771088, 40.256983663888981 ], [ -111.63685365018604, 40.257040770896587 ], [ -111.636785429577614, 40.257048535856626 ], [ -111.636800090049988, 40.257123585937357 ], [ -111.636884054732718, 40.257114033461136 ], [ -111.636897947818042, 40.2571851550574 ], [ -111.637025080060766, 40.257170684725608 ] ] ] } },
{ "type": "Feature", "properties": { "type": "Feature", "properties": { "height": 5.1093173027038574, "confidence": 0.99440002441406206 }, "id": 188 }, "geometry": { "type": "Polygon", "coordinates": [ [ [ -111.637838704742222, 40.262615955018553 ], [ -111.637970035136036, 40.262613219533868 ], [ -111.637968425658173, 40.262568224158954 ], [ -111.638067593506534, 40.262566158587447 ], [ -111.638065106131634, 40.262496620219764 ], [ -111.637957897646885, 40.262498853272348 ], [ -111.637955190797726, 40.262423179087619 ], [ -111.637831901040272, 40.26242574710087 ], [ -111.637838704742222, 40.262615955018553 ] ] ] } },
{ "type": "Feature", "properties": { "type": "Feature", "properties": { "height": 5.0069999694824219, "confidence": 1.0 }, "id": 189 }, "geometry": { "type": "Polygon", "coordinates": [ [ [ -111.633168943430761, 40.263937653028144 ], [ -111.633074007884815, 40.263937059815163 ], [ -111.633073392940275, 40.263994364315352 ], [ -111.633168333741821, 40.263994957560676 ], [ -111.633168943430761, 40.263937653028144 ] ] ] } },
{ "type": "Feature", "properties": { "type": "Feature", "properties": { "height": 6.9676704406738281, "confidence": 0.97979998588562012 }, "id": 190 }, "geometry": { "type": "Polygon", "coordinates": [ [ [ -111.633678664358783, 40.259721135428926 ], [ -111.633676448149572, 40.259620867989035 ], [ -111.633689855380197, 40.259620695413275 ], [ -111.633686689367025, 40.259477455955292 ], [ -111.633528484045485, 40.259479492353442 ], [ -111.633533866267868, 40.259722999244254 ], [ -111.633678664358783, 40.259721135428926 ] ] ] } },
{ "type": "Feature", "properties": { "type": "Feature", "properties": { "height": 3.9335165023803711, "confidence": 0.98879998922348011 }, "id": 191 }, "geometry": { "type": "Polygon", "coordinates": [ [ [ -111.637514457158161, 40.254240511582999 ], [ -111.637587559288363, 40.254330971528262 ], [ -111.63778381329162, 40.254238597280995 ], [ -111.637659180151587, 40.254084370205845 ], [ -111.637597000665409, 40.254113637374445 ], [ -111.637648531675225, 40.254177404353236 ], [ -111.637514457158161, 40.254240511582999 ] ] ] } },
{ "type": "Feature", "properties": { "type": "Feature", "properties": { "height": 5.7767043113708496, "confidence": 0.97860002517700206 }, "id": 192 }, "geometry": { "type": "Polygon", "coordinates": [ [ [ -111.634729664101627, 40.24929153907101 ], [ -111.634677097747073, 40.249176567946201 ], [ -111.634452340175272, 40.249236430755488 ], [ -111.634504906529827, 40.249351401778611 ], [ -111.634729664101627, 40.24929153907101 ] ] ] } },
{ "type": "Feature", "properties": { "type": "Feature", "properties": { "height": 6.9488439559936523, "confidence": 0.96340000629425004 }, "id": 193 }, "geometry": { "type": "Polygon", "coordinates": [ [ [ -111.639504224022176, 40.259591765933862 ], [ -111.639381953251302, 40.259262014503818 ], [ -111.639237917900132, 40.259293117246777 ], [ -111.639360188671006, 40.259622868525234 ], [ -111.639504224022176, 40.259591765933862 ] ] ] } },
{ "type": "Feature", "properties": { "type": "Feature", "properties": { "height": 5.0089983940124512, "confidence": 0.96160000562667802 }, "id": 194 }, "geometry": { "type": "Polygon", "coordinates": [ [ [ -111.631562049058743, 40.258278586612995 ], [ -111.631640602601564, 40.258456992280948 ], [ -111.631790028359617, 40.258418675552804 ], [ -111.631728994828848, 40.258280060152444 ], [ -111.631688022384211, 40.258290564409407 ], [ -111.631650257479478, 40.258204795075898 ], [ -111.631563494136117, 40.258227043571679 ], [ -111.63158373989458, 40.258273024493967 ], [ -111.631562049058743, 40.258278586612995 ] ] ] } },
{ "type": "Feature", "properties": { "type": "Feature", "properties": { "height": 3.6614048480987549, "confidence": 0.9912999868392941 }, "id": 195 }, "geometry": { "type": "Polygon", "coordinates": [ [ [ -111.632935448688215, 40.260619068767646 ], [ -111.632938544959472, 40.260674231723478 ], [ -111.633064377543604, 40.260670111976978 ], [ -111.633061281272347, 40.260614949017814 ], [ -111.632935448688215, 40.260619068767646 ] ] ] } },
{ "type": "Feature", "properties": { "type": "Feature", "properties": { "height": 4.7036747932434082, "confidence": 0.99000000953674305 }, "id": 196 }, "geometry": { "type": "Polygon", "coordinates": [ [ [ -111.634217451238584, 40.263225723657463 ], [ -111.634225021304331, 40.263403602581221 ], [ -111.634309096348261, 40.263401514634417 ], [ -111.63430857315079, 40.263389247164987 ], [ -111.634452246294458, 40.263385679138921 ], [ -111.634451376171967, 40.263365233303979 ], [ -111.634530088958215, 40.26336327852411 ], [ -111.634529565760729, 40.26335101104776 ], [ -111.63457410545054, 40.26334990493384 ], [ -111.634570885997277, 40.263274255273721 ], [ -111.63451562189185, 40.263275627722969 ], [ -111.63451474989607, 40.263255181901286 ], [ -111.634461162473613, 40.26325651271155 ], [ -111.634461947269813, 40.263274913950973 ], [ -111.634306543744714, 40.263278773299476 ], [ -111.634304189356087, 40.263223569569355 ], [ -111.634217451238584, 40.263225723657463 ] ] ] } },
{ "type": "Feature", "properties": { "type": "Feature", "properties": { "height": 5.6494789123535156, "confidence": 0.95730000734329213 }, "id": 197 }, "geometry": { "type": "Polygon", "coordinates": [ [ [ -111.63443808929479, 40.249357841474904 ], [ -111.634386514646167, 40.249249285074548 ], [ -111.63413761047434, 40.249318171834865 ], [ -111.634189185122963, 40.249426728124725 ], [ -111.63443808929479, 40.249357841474904 ] ] ] } },
{ "type": "Feature", "properties": { "type": "Feature", "properties": { "height": 3.5844435691833492, "confidence": 0.97079998254776001 }, "id": 198 }, "geometry": { "type": "Polygon", "coordinates": [ [ [ -111.638460009336555, 40.250791132574243 ], [ -111.638433725856174, 40.250758383511752 ], [ -111.638490287539042, 40.250731940540902 ], [ -111.638423384134427, 40.250648579186887 ], [ -111.638278114616838, 40.250716493735716 ], [ -111.638319932718801, 40.250768592917574 ], [ -111.638285761699407, 40.250784568093785 ], [ -111.638351470400394, 40.250866440688604 ], [ -111.638428554404271, 40.250830403448283 ], [ -111.63841421676932, 40.250812540892476 ], [ -111.638460009336555, 40.250791132574243 ] ] ] } },
{ "type": "Feature", "properties": { "type": "Feature", "properties": { "height": 4.3479228019714347, "confidence": 1.0 }, "id": 199 }, "geometry": { "type": "Polygon", "coordinates": [ [ [ -111.634149879595, 40.256746149286101 ], [ -111.634219477823677, 40.256743773862006 ], [ -111.634213252562176, 40.256637545109228 ], [ -111.634143654333513, 40.25663992053704 ], [ -111.634149879595, 40.256746149286101 ] ] ] } },
{ "type": "Feature", "properties": { "type": "Feature", "properties": { "height": 5.0327577590942383, "confidence": 0.96780002117156905 }, "id": 200 }, "geometry": { "type": "Polygon", "coordinates": [ [ [ -111.635743979283092, 40.249789604095298 ], [ -111.635664637063059, 40.249814266724449 ], [ -111.635754996000443, 40.249983632761705 ], [ -111.635870032517275, 40.249947881196789 ], [ -111.635793723107369, 40.249804849117815 ], [ -111.635758033694387, 40.249815942765657 ], [ -111.635743979283092, 40.249789604095298 ] ] ] } },
{ "type": "Feature", "properties": { "type": "Feature", "properties": { "height": 2.9250814914703369, "confidence": 0.99510002136230413 }, "id": 201 }, "geometry": { "type": "Polygon", "coordinates": [ [ [ -111.638091751071769, 40.252444856166221 ], [ -111.638060313362232, 40.252403507956977 ], [ -111.637999267457047, 40.252430543390574 ], [ -111.638030708003129, 40.252471890327072 ], [ -111.638091751071769, 40.252444856166221 ] ] ] } },
{ "type": "Feature", "properties": { "type": "Feature", "properties": { "height": 6.8624916076660156, "confidence": 0.94520002603530806 }, "id": 202 }, "geometry": { "type": "Polygon", "coordinates": [ [ [ -111.640437755061527, 40.259097938606409 ], [ -111.64038990372083, 40.259206410838232 ], [ -111.640664549744073, 40.259276968548029 ], [ -111.64071240108477, 40.259168496429332 ], [ -111.640437755061527, 40.259097938606409 ] ] ] } },
{ "type": "Feature", "properties": { "type": "Feature", "properties": { "height": 4.259181022644043, "confidence": 0.97079998254776001 }, "id": 203 }, "geometry": { "type": "Polygon", "coordinates": [ [ [ -111.636019089340323, 40.256660078677946 ], [ -111.636107231877389, 40.256785795441388 ], [ -111.636133169280711, 40.256775204224354 ], [ -111.636172223742776, 40.256830899837176 ], [ -111.636321441060488, 40.256769968813757 ], [ -111.636213215413733, 40.256615607655711 ], [ -111.636136062180341, 40.25664711229129 ], [ -111.636117094798948, 40.256620059281161 ], [ -111.636019089340323, 40.256660078677946 ] ] ] } },
{ "type": "Feature", "properties": { "type": "Feature", "properties": { "height": 5.2020087242126456, "confidence": 0.98519998788833607 }, "id": 204 }, "geometry": { "type": "Polygon", "coordinates": [ [ [ -111.639477421422583, 40.252722563250899 ], [ -111.639366112137878, 40.252779284725165 ], [ -111.639449661994149, 40.252874785626517 ], [ -111.639530526652763, 40.252833574002025 ], [ -111.639547313233294, 40.252852759734182 ], [ -111.639609291659525, 40.252821176535662 ], [ -111.639580802154043, 40.252788611855564 ], [ -111.639615286591237, 40.252771039132071 ], [ -111.639511787139782, 40.252652747226151 ], [ -111.639445774708463, 40.252686389697395 ], [ -111.639477421422583, 40.252722563250899 ] ] ] } },
{ "type": "Feature", "properties": { "type": "Feature", "properties": { "height": 6.1744351387023926, "confidence": 0.97890001535415605 }, "id": 205 }, "geometry": { "type": "Polygon", "coordinates": [ [ [ -111.633263338800617, 40.26139752211995 ], [ -111.633219007442676, 40.261385553488914 ], [ -111.633208369111159, 40.261408499515504 ], [ -111.63315973000671, 40.261395370473892 ], [ -111.633114194388867, 40.261493606508523 ], [ -111.633207167697151, 40.261518702541174 ], [ -111.633263338800617, 40.26139752211995 ] ] ] } },
{ "type": "Feature", "properties": { "type": "Feature", "properties": { "height": 5.0741209983825684, "confidence": 0.97949999570846502 }, "id": 206 }, "geometry": { "type": "Polygon", "coordinates": [ [ [ -111.636669236676994, 40.248149128687771 ], [ -111.63660537163878, 40.247955717838707 ], [ -111.636512057144586, 40.247973668096236 ], [ -111.636538117655093, 40.248052590594817 ], [ -111.636492721414669, 40.248061323140632 ], [ -111.636507005230001, 40.248104580667473 ], [ -111.636489350843704, 40.248107975768285 ], [ -111.636512869255426, 40.248179199554912 ], [ -111.636669236676994, 40.248149128687771 ] ] ] } },
{ "type": "Feature", "properties": { "type": "Feature", "properties": { "height": 5.7531170845031738, "confidence": 0.96359997987747104 }, "id": 207 }, "geometry": { "type": "Polygon", "coordinates": [ [ [ -111.629931834909726, 40.258351665678241 ], [ -111.630092764844463, 40.258351167142116 ], [ -111.630092176337385, 40.258238589570148 ], [ -111.63007739415049, 40.258238635363149 ], [ -111.630077089290765, 40.258181323089069 ], [ -111.629930946799021, 40.258181775817107 ], [ -111.629931834909726, 40.258351665678241 ] ] ] } },
{ "type": "Feature", "properties": { "type": "Feature", "properties": { "height": 5.3555045127868652, "confidence": 0.96950000524520807 }, "id": 208 }, "geometry": { "type": "Polygon", "coordinates": [ [ [ -111.632643023053348, 40.246562590760441 ], [ -111.632536685671127, 40.246582370570678 ], [ -111.632584195637691, 40.246731171515663 ], [ -111.632690533019911, 40.24671139174891 ], [ -111.632643023053348, 40.246562590760441 ] ] ] } },
{ "type": "Feature", "properties": { "type": "Feature", "properties": { "height": 6.6330547332763672, "confidence": 0.92449998855590809 }, "id": 209 }, "geometry": { "type": "Polygon", "coordinates": [ [ [ -111.63524962244712, 40.25767437939502 ], [ -111.63536950517323, 40.257649503205471 ], [ -111.635313139714384, 40.257491304939563 ], [ -111.635193256988288, 40.257516181187299 ], [ -111.63524962244712, 40.25767437939502 ] ] ] } },
{ "type": "Feature", "properties": { "type": "Feature", "properties": { "height": 3.9588038921356201, "confidence": 0.94260001182556108 }, "id": 210 }, "geometry": { "type": "Polygon", "coordinates": [ [ [ -111.630663970634814, 40.250409324434678 ], [ -111.630379605409729, 40.249697591828777 ], [ -111.630301077009719, 40.249715868688853 ], [ -111.630265157191815, 40.249625965114696 ], [ -111.63021734984838, 40.249637091905754 ], [ -111.6305188633238, 40.250391918237803 ], [ -111.630593728133789, 40.25037449422328 ], [ -111.630612436372289, 40.250421318498532 ], [ -111.630663970634814, 40.250409324434678 ] ] ] } },
{ "type": "Feature", "properties": { "type": "Feature", "properties": { "height": 4.7855234146118164, "confidence": 0.98530000448226907 }, "id": 211 }, "geometry": { "type": "Polygon", "coordinates": [ [ [ -111.637734387288717, 40.255036500045087 ], [ -111.637840930490427, 40.255152468615201 ], [ -111.6379279302501, 40.25510591519852 ], [ -111.637803725206368, 40.254970735708994 ], [ -111.637771359747617, 40.254988056175499 ], [ -111.63775182250312, 40.254966792649995 ], [ -111.637676300614714, 40.255007204363096 ], [ -111.637713492194067, 40.255047682103545 ], [ -111.637734387288717, 40.255036500045087 ] ] ] } },
{ "type": "Feature", "properties": { "type": "Feature", "properties": { "height": 6.6956520080566406, "confidence": 0.95230001211166304 }, "id": 212 }, "geometry": { "type": "Polygon", "coordinates": [ [ [ -111.632670164108276, 40.250718486148607 ], [ -111.632485091686249, 40.250718486148607 ], [ -111.632485091686249, 40.250902727352887 ], [ -111.632670164108276, 40.250902727352887 ], [ -111.632670164108276, 40.250718486148607 ] ] ] } },
{ "type": "Feature", "properties": { "type": "Feature", "properties": { "height": 6.3827338218688956, "confidence": 0.95649999380111606 }, "id": 213 }, "geometry": { "type": "Polygon", "coordinates": [ [ [ -111.630787253379822, 40.255852486618025 ], [ -111.630787253379822, 40.255775500771861 ], [ -111.630811393260956, 40.255775499482482 ], [ -111.630811393260956, 40.255725574236344 ], [ -111.630653142929077, 40.255725574236344 ], [ -111.630653142929077, 40.2557419500409 ], [ -111.630524396896362, 40.2557419500409 ], [ -111.630524396896362, 40.255840204785045 ], [ -111.630679965019226, 40.255840204785045 ], [ -111.630679965019226, 40.255852486618025 ], [ -111.630787253379822, 40.255852486618025 ] ] ] } },
{ "type": "Feature", "properties": { "type": "Feature", "properties": { "height": 4.8379044532775879, "confidence": 0.98750001192092907 }, "id": 214 }, "geometry": { "type": "Polygon", "coordinates": [ [ [ -111.631801513912322, 40.260920850551585 ], [ -111.631962243273762, 40.260925211432443 ], [ -111.631973196298816, 40.260690124070202 ], [ -111.631812466937347, 40.260685763174173 ], [ -111.631801513912322, 40.260920850551585 ] ] ] } },
{ "type": "Feature", "properties": { "type": "Feature", "properties": { "height": 6.1345891952514648, "confidence": 0.98259997367858809 }, "id": 215 }, "geometry": { "type": "Polygon", "coordinates": [ [ [ -111.632542357159736, 40.247500009628503 ], [ -111.632547518867867, 40.247668544881641 ], [ -111.632691169703278, 40.247665989517749 ], [ -111.632686023206745, 40.247497446313048 ], [ -111.632542357159736, 40.247500009628503 ] ] ] } },
{ "type": "Feature", "properties": { "type": "Feature", "properties": { "height": 6.1440205574035645, "confidence": 0.99919998645782404 }, "id": 216 }, "geometry": { "type": "Polygon", "coordinates": [ [ [ -111.632648997466077, 40.256790450736808 ], [ -111.632649538102072, 40.256882561288194 ], [ -111.632746095689285, 40.25688223121702 ], [ -111.632746372014338, 40.256929309895099 ], [ -111.632706139686334, 40.256929447424646 ], [ -111.632706495628952, 40.256990090836915 ], [ -111.632770867333576, 40.256989867351656 ], [ -111.63277096794819, 40.25700700946944 ], [ -111.632899711397812, 40.257006569375342 ], [ -111.632899362987956, 40.256947209365386 ], [ -111.632936913160762, 40.256947081004505 ], [ -111.632936336482373, 40.256848829838908 ], [ -111.632888057688774, 40.256848994874581 ], [ -111.632887709278918, 40.256789634726388 ], [ -111.632648997466077, 40.256790450736808 ] ] ] } },
{ "type": "Feature", "properties": { "type": "Feature", "properties": { "height": 4.1504759788513184, "confidence": 0.99049997329711903 }, "id": 217 }, "geometry": { "type": "Polygon", "coordinates": [ [ [ -111.634681271656476, 40.257240885973509 ], [ -111.634646008779569, 40.257253422289807 ], [ -111.634687076407772, 40.257320699476431 ], [ -111.634722339284664, 40.257308163172596 ], [ -111.634681271656476, 40.257240885973509 ] ] ] } },
{ "type": "Feature", "properties": { "type": "Feature", "properties": { "height": 5.7137465476989755, "confidence": 0.96200001239776611 }, "id": 218 }, "geometry": { "type": "Polygon", "coordinates": [ [ [ -111.636019812966524, 40.252152491488054 ], [ -111.636101783495889, 40.252293746960795 ], [ -111.636213898938863, 40.252255844157489 ], [ -111.636192511633169, 40.252218988553913 ], [ -111.636217177669778, 40.252210651031255 ], [ -111.636180432230816, 40.252147329520724 ], [ -111.636146796726308, 40.252158698880173 ], [ -111.636122961846979, 40.252117625443162 ], [ -111.636019812966524, 40.252152491488054 ] ] ] } },
{ "type": "Feature", "properties": { "type": "Feature", "properties": { "height": 6.048367977142334, "confidence": 0.95759999752044611 }, "id": 219 }, "geometry": { "type": "Polygon", "coordinates": [ [ [ -111.636353830003316, 40.264202221779911 ], [ -111.636195620667763, 40.264204165144008 ], [ -111.636195836495119, 40.264214396088668 ], [ -111.636142206211886, 40.264215054856059 ], [ -111.636143371679623, 40.264270301929976 ], [ -111.636116556537999, 40.264270631313387 ], [ -111.636119189631756, 40.264395448609974 ], [ -111.636183545971633, 40.264394658091234 ], [ -111.636185099928625, 40.264468320650856 ], [ -111.636166329329484, 40.264468551218577 ], [ -111.636168832926828, 40.264587229617746 ], [ -111.636361901946501, 40.264584858068197 ], [ -111.636353830003316, 40.264202221779911 ] ] ] } },
{ "type": "Feature", "properties": { "type": "Feature", "properties": { "height": 5.4222321510314941, "confidence": 0.95859998464584306 }, "id": 220 }, "geometry": { "type": "Polygon", "coordinates": [ [ [ -111.63712702472057, 40.262589269709288 ], [ -111.637014737424423, 40.262394724296392 ], [ -111.636911401611883, 40.262429455059291 ], [ -111.63702368624007, 40.262623995749934 ], [ -111.63712702472057, 40.262589269709288 ] ] ] } },
{ "type": "Feature", "properties": { "type": "Feature", "properties": { "height": 4.2435178756713867, "confidence": 0.99320000410079912 }, "id": 221 }, "geometry": { "type": "Polygon", "coordinates": [ [ [ -111.637898645000078, 40.263693662811917 ], [ -111.637706180120887, 40.263578846778707 ], [ -111.637634599554929, 40.26364871550981 ], [ -111.637688890363577, 40.263681102990958 ], [ -111.637666764232009, 40.263702698022257 ], [ -111.637804934325288, 40.26378512405676 ], [ -111.637898645000078, 40.263693662811917 ] ] ] } },
{ "type": "Feature", "properties": { "type": "Feature", "properties": { "height": 2.8383839130401611, "confidence": 0.98650002479553212 }, "id": 222 }, "geometry": { "type": "Polygon", "coordinates": [ [ [ -111.641855773059561, 40.262120030633838 ], [ -111.641854720073638, 40.262052496342484 ], [ -111.641782310680867, 40.26205315377603 ], [ -111.641783363666775, 40.262120688066737 ], [ -111.641855773059561, 40.262120030633838 ] ] ] } },
{ "type": "Feature", "properties": { "type": "Feature", "properties": { "height": 7.3620715141296387, "confidence": 0.96749997138977006 }, "id": 223 }, "geometry": { "type": "Polygon", "coordinates": [ [ [ -111.639189413348078, 40.259194219619481 ], [ -111.639338274704286, 40.259191969555829 ], [ -111.63933225261745, 40.258960763767952 ], [ -111.639183412457456, 40.258963013518908 ], [ -111.639189413348078, 40.259194219619481 ] ] ] } },
{ "type": "Feature", "properties": { "type": "Feature", "properties": { "height": 6.1732926368713379, "confidence": 0.97460001707077004 }, "id": 224 }, "geometry": { "type": "Polygon", "coordinates": [ [ [ -111.630094326235763, 40.254776941781259 ], [ -111.630077948117702, 40.254700358614464 ], [ -111.630119750378554, 40.254695153895383 ], [ -111.630112501249769, 40.254661257343194 ], [ -111.630211781619252, 40.254648896127598 ], [ -111.630204958909815, 40.254616993468908 ], [ -111.630238923246765, 40.254612764629485 ], [ -111.630222892064495, 40.254537803534163 ], [ -111.629925054270061, 40.2545749027312 ], [ -111.629971533460846, 40.254792237012673 ], [ -111.630094326235763, 40.254776941781259 ] ] ] } },
{ "type": "Feature", "properties": { "type": "Feature", "properties": { "height": 4.5085873603820801, "confidence": 0.97729998826980513 }, "id": 225 }, "geometry": { "type": "Polygon", "coordinates": [ [ [ -111.631220693355473, 40.25464433586361 ], [ -111.631221523443045, 40.254672979965981 ], [ -111.631331440248189, 40.254671124698248 ], [ -111.631330906620448, 40.254652710633323 ], [ -111.631388904974003, 40.25465173168832 ], [ -111.631385927601656, 40.254548664279945 ], [ -111.631061537979434, 40.254554122281988 ], [ -111.631064220329932, 40.2546469769472 ], [ -111.631220693355473, 40.25464433586361 ] ] ] } },
{ "type": "Feature", "properties": { "type": "Feature", "properties": { "height": 5.9712920188903809, "confidence": 0.99390000104904108 }, "id": 226 }, "geometry": { "type": "Polygon", "coordinates": [ [ [ -111.634188622234632, 40.261026561372425 ], [ -111.633991257277259, 40.261027130590172 ], [ -111.633991743852462, 40.261125376256267 ], [ -111.63392358299096, 40.261125572837848 ], [ -111.633923985654349, 40.261205397315166 ], [ -111.634155751607693, 40.261204728883712 ], [ -111.634155362237919, 40.261126110318855 ], [ -111.634189123894402, 40.261126011144263 ], [ -111.634188622234632, 40.261026561372425 ] ] ] } },
{ "type": "Feature", "properties": { "type": "Feature", "properties": { "height": 2.971250057220459, "confidence": 0.98879998922348011 }, "id": 227 }, "geometry": { "type": "Polygon", "coordinates": [ [ [ -111.638103027998284, 40.253582880273179 ], [ -111.63807567971017, 40.253548451831577 ], [ -111.637982286987054, 40.253591662770653 ], [ -111.638009632966359, 40.2536260922585 ], [ -111.638103027998284, 40.253582880273179 ] ] ] } },
{ "type": "Feature", "properties": { "type": "Feature", "properties": { "height": 5.693427562713623, "confidence": 0.99919998645782404 }, "id": 228 }, "geometry": { "type": "Polygon", "coordinates": [ [ [ -111.631560039857305, 40.261681927968617 ], [ -111.631669962930715, 40.261680184332981 ], [ -111.631669314643418, 40.261656385018462 ], [ -111.631855930170843, 40.261653414894091 ], [ -111.631852834427264, 40.261540148110477 ], [ -111.631773471035203, 40.261541407001097 ], [ -111.631772913733954, 40.261520947839372 ], [ -111.631641542255977, 40.261523031701515 ], [ -111.631642099557226, 40.261543490862593 ], [ -111.631556305938958, 40.261544851751701 ], [ -111.631560039857305, 40.261681927968617 ] ] ] } },
{ "type": "Feature", "properties": { "type": "Feature", "properties": { "height": 6.062340259552002, "confidence": 0.98839998245239202 }, "id": 229 }, "geometry": { "type": "Polygon", "coordinates": [ [ [ -111.63389171830255, 40.260412896756229 ], [ -111.633872807937493, 40.260669987339128 ], [ -111.634014518528957, 40.260676057407387 ], [ -111.634033428894014, 40.260418966847553 ], [ -111.63389171830255, 40.260412896756229 ] ] ] } },
{ "type": "Feature", "properties": { "type": "Feature", "properties": { "height": 5.7863211631774902, "confidence": 0.96560001373291005 }, "id": 230 }, "geometry": { "type": "Polygon", "coordinates": [ [ [ -111.630688907851095, 40.248543317057354 ], [ -111.630738093081064, 40.248554620215899 ], [ -111.630711145848224, 40.248622929715509 ], [ -111.630784925118675, 40.24863988081907 ], [ -111.630831863441401, 40.248520895179496 ], [ -111.6307089003665, 40.2484926372655 ], [ -111.630688907851095, 40.248543317057354 ] ] ] } },
{ "type": "Feature", "properties": { "type": "Feature", "properties": { "height": 5.6989026069641113, "confidence": 0.97439998388290405 }, "id": 231 }, "geometry": { "type": "Polygon", "coordinates": [ [ [ -111.633296837203886, 40.260096433124254 ], [ -111.633169379966205, 40.260098985921708 ], [ -111.633166890691342, 40.260026608137302 ], [ -111.63303702719071, 40.260029216067636 ], [ -111.633037803082317, 40.260051715784229 ], [ -111.632982719836221, 40.260052821970469 ], [ -111.632984619235856, 40.26010804861658 ], [ -111.633061150366046, 40.260106511713445 ], [ -111.633067243402039, 40.260283200401851 ], [ -111.633303114883873, 40.260278476225331 ], [ -111.633296837203886, 40.260096433124254 ] ] ] } },
{ "type": "Feature", "properties": { "type": "Feature", "properties": { "height": 3.5479781627655029, "confidence": 0.96979999542236306 }, "id": 232 }, "geometry": { "type": "Polygon", "coordinates": [ [ [ -111.637240845113752, 40.251530687479203 ], [ -111.637260549, 40.251555288723985 ], [ -111.637406099563805, 40.251487375799051 ], [ -111.63736371856956, 40.251434467093503 ], [ -111.6372563293572, 40.251484568495094 ], [ -111.637279009356476, 40.251512882336122 ], [ -111.637240845113752, 40.251530687479203 ] ] ] } },
{ "type": "Feature", "properties": { "type": "Feature", "properties": { "height": 5.977931022644043, "confidence": 0.98739999532699507 }, "id": 233 }, "geometry": { "type": "Polygon", "coordinates": [ [ [ -111.632918266877383, 40.255750158955038 ], [ -111.632905808835133, 40.255682675451922 ], [ -111.632921589019602, 40.255680979595859 ], [ -111.632903432640646, 40.255582628862847 ], [ -111.632878715640956, 40.255585285139396 ], [ -111.632866354140333, 40.255518291145407 ], [ -111.632725374541963, 40.255533449427283 ], [ -111.632768356574488, 40.255766277420769 ], [ -111.632918266877383, 40.255750158955038 ] ] ] } },
{ "type": "Feature", "properties": { "type": "Feature", "properties": { "height": 5.4134907722473145, "confidence": 0.97079998254776001 }, "id": 234 }, "geometry": { "type": "Polygon", "coordinates": [ [ [ -111.636365495934413, 40.249893616047167 ], [ -111.636199388471994, 40.249964866977535 ], [ -111.636234901710026, 40.250013095402259 ], [ -111.636144184729787, 40.250052007918782 ], [ -111.636197500756609, 40.250124404134475 ], [ -111.63635139777297, 40.250058382748641 ], [ -111.636368581084184, 40.250081718357677 ], [ -111.636471505819685, 40.250037563915818 ], [ -111.636365495934413, 40.249893616047167 ] ] ] } },
{ "type": "Feature", "properties": { "type": "Feature", "properties": { "height": 6.9146485328674316, "confidence": 0.98369997739791804 }, "id": 235 }, "geometry": { "type": "Polygon", "coordinates": [ [ [ -111.638489582502302, 40.257503507263955 ], [ -111.638743791914294, 40.257785630129291 ], [ -111.638867626907114, 40.257720645360003 ], [ -111.638613417495151, 40.257438522223701 ], [ -111.638489582502302, 40.257503507263955 ] ] ] } },
{ "type": "Feature", "properties": { "type": "Feature", "properties": { "height": 5.6705660820007324, "confidence": 0.99140000343322709 }, "id": 236 }, "geometry": { "type": "Polygon", "coordinates": [ [ [ -111.629920066269122, 40.257956526730695 ], [ -111.629917561234123, 40.258078465724168 ], [ -111.63004220848768, 40.258079957021629 ], [ -111.630043338500968, 40.258024704094659 ], [ -111.630075517135481, 40.258025089084725 ], [ -111.630076881147986, 40.257958394513864 ], [ -111.629920066269122, 40.257956526730695 ] ] ] } },
{ "type": "Feature", "properties": { "type": "Feature", "properties": { "height": 5.8183493614196777, "confidence": 0.98710000514984109 }, "id": 237 }, "geometry": { "type": "Polygon", "coordinates": [ [ [ -111.631700439651539, 40.256444515327857 ], [ -111.631508655860927, 40.256449104495637 ], [ -111.631512613513465, 40.256545216559978 ], [ -111.631481983803965, 40.256545949492995 ], [ -111.631485176488624, 40.256623657189202 ], [ -111.631707581183022, 40.256618335311757 ], [ -111.631700439651539, 40.256444515327857 ] ] ] } },
{ "type": "Feature", "properties": { "type": "Feature", "properties": { "height": 5.1789693832397461, "confidence": 0.98570001125335605 }, "id": 238 }, "geometry": { "type": "Polygon", "coordinates": [ [ [ -111.63581352322602, 40.254855149170112 ], [ -111.635776279343929, 40.254743670122082 ], [ -111.635693169367471, 40.254759842252433 ], [ -111.635675831698236, 40.254707946783263 ], [ -111.635491982356342, 40.254743721509577 ], [ -111.635546563907639, 40.254907095913765 ], [ -111.63581352322602, 40.254855149170112 ] ] ] } },
{ "type": "Feature", "properties": { "type": "Feature", "properties": { "height": 5.342259407043457, "confidence": 0.99400001764297408 }, "id": 239 }, "geometry": { "type": "Polygon", "coordinates": [ [ [ -111.637352944023135, 40.264771144480868 ], [ -111.637112745292796, 40.264774017968321 ], [ -111.6371154358513, 40.264904974586955 ], [ -111.63720660854905, 40.264903883893872 ], [ -111.637206146109321, 40.264881375742725 ], [ -111.637355162197352, 40.264879593072294 ], [ -111.637352944023135, 40.264771144480868 ] ] ] } },
{ "type": "Feature", "properties": { "type": "Feature", "properties": { "height": 2.5207424163818359, "confidence": 1.0 }, "id": 240 }, "geometry": { "type": "Polygon", "coordinates": [ [ [ -111.638276968236411, 40.252588677819148 ], [ -111.638339301204084, 40.252660651425174 ], [ -111.638387836462613, 40.252636170054018 ], [ -111.638325501932357, 40.252564194617669 ], [ -111.638276968236411, 40.252588677819148 ] ] ] } },
{ "type": "Feature", "properties": { "type": "Feature", "properties": { "height": 4.1830697059631348, "confidence": 0.86599999666213912 }, "id": 241 }, "geometry": { "type": "Polygon", "coordinates": [ [ [ -111.639112455316138, 40.254482695040494 ], [ -111.639058883256141, 40.254406323167238 ], [ -111.639033119246804, 40.254416848077781 ], [ -111.639020843563969, 40.254399345671082 ], [ -111.639118831902536, 40.254359316226314 ], [ -111.639117112988515, 40.254356865433571 ], [ -111.639075417037347, 40.254373900974521 ], [ -111.639053699342682, 40.254342936326061 ], [ -111.638993238452954, 40.254367635353951 ], [ -111.638964223202606, 40.254326265991651 ], [ -111.638855810572721, 40.254370553908224 ], [ -111.63886749058166, 40.254387207023001 ], [ -111.638905016937699, 40.254371875039347 ], [ -111.638931281041195, 40.254409321847454 ], [ -111.638873652611721, 40.254432863757081 ], [ -111.638914947741313, 40.254491733727249 ], [ -111.638967067680269, 40.254470442121416 ], [ -111.639006130640666, 40.254526129901421 ], [ -111.639112455316138, 40.254482695040494 ] ] ] } },
{ "type": "Feature", "properties": { "type": "Feature", "properties": { "height": 3.6100959777832031, "confidence": 0.99379998445510809 }, "id": 242 }, "geometry": { "type": "Polygon", "coordinates": [ [ [ -111.630999638950669, 40.258867751373792 ], [ -111.630999344399171, 40.258971353956341 ], [ -111.630889374363932, 40.258971166002091 ], [ -111.630889162607872, 40.2590456468469 ], [ -111.630991086070665, 40.259045815604438 ], [ -111.630990800918326, 40.25914611195131 ], [ -111.631114181952242, 40.259146316236475 ], [ -111.631114408910193, 40.259066488544129 ], [ -111.63114391307046, 40.259066537394986 ], [ -111.631144477555665, 40.258867991187806 ], [ -111.630999638950669, 40.258867751373792 ] ] ] } },
{ "type": "Feature", "properties": { "type": "Feature", "properties": { "height": 5.4172744750976562, "confidence": 0.97729998826980513 }, "id": 243 }, "geometry": { "type": "Polygon", "coordinates": [ [ [ -111.634045487654461, 40.257831471089631 ], [ -111.634165795425886, 40.25796309973024 ], [ -111.634237969703662, 40.257924681465553 ], [ -111.634170007781037, 40.257850324367283 ], [ -111.634281023703466, 40.257791230643264 ], [ -111.634336396346782, 40.257851819957367 ], [ -111.634407624213779, 40.257813905403587 ], [ -111.634454190716326, 40.25786485382195 ], [ -111.634542604206587, 40.257817791376389 ], [ -111.634496037704054, 40.257766842922571 ], [ -111.634548364055448, 40.257738989602068 ], [ -111.634442645509125, 40.257623322652023 ], [ -111.634305514381353, 40.257696317661377 ], [ -111.634342012450929, 40.257736250278157 ], [ -111.634258158461606, 40.257780885758798 ], [ -111.634219665026805, 40.257738765809343 ], [ -111.634045487654461, 40.257831471089631 ] ] ] } },
{ "type": "Feature", "properties": { "type": "Feature", "properties": { "height": 5.7729449272155762, "confidence": 0.9711999893188471 }, "id": 244 }, "geometry": { "type": "Polygon", "coordinates": [ [ [ -111.629578769812042, 40.258328574928093 ], [ -111.629548671294629, 40.258262924584088 ], [ -111.629574957239512, 40.258255904763921 ], [ -111.629520612694179, 40.25813736924691 ], [ -111.629361670429134, 40.258179815800972 ], [ -111.62944612854092, 40.258363997534325 ], [ -111.629578769812042, 40.258328574928093 ] ] ] } },
{ "type": "Feature", "properties": { "type": "Feature", "properties": { "height": 3.845678329467773, "confidence": 0.96030002832412709 }, "id": 245 }, "geometry": { "type": "Polygon", "coordinates": [ [ [ -111.632249756057547, 40.257892288556334 ], [ -111.632008773746364, 40.257899934064071 ], [ -111.632018275130605, 40.258074346503683 ], [ -111.632168220115304, 40.258069597306182 ], [ -111.632170669074824, 40.258114551633497 ], [ -111.632261707101236, 40.258111668193898 ], [ -111.632249756057547, 40.257892288556334 ] ] ] } },
{ "type": "Feature", "properties": { "type": "Feature", "properties": { "height": 5.6044254302978525, "confidence": 0.9868999719619751 }, "id": 246 }, "geometry": { "type": "Polygon", "coordinates": [ [ [ -111.63073704134537, 40.260323436115904 ], [ -111.630743759529025, 40.260713068275699 ], [ -111.631030706214474, 40.260710187060418 ], [ -111.631033211528631, 40.260855486325177 ], [ -111.631194116212043, 40.260853870693865 ], [ -111.631189621470355, 40.260593191513735 ], [ -111.631378499185104, 40.260591305087885 ], [ -111.63137786741234, 40.260554468472591 ], [ -111.631406207842346, 40.260554185420922 ], [ -111.631404809603467, 40.260473092241668 ], [ -111.631375310411485, 40.260473388442399 ], [ -111.631374710547533, 40.26043859830952 ], [ -111.631189670161604, 40.260440456296955 ], [ -111.63118517541578, 40.260179775286495 ], [ -111.631021588837015, 40.260181409125771 ], [ -111.631023988295013, 40.260320570207092 ], [ -111.63073704134537, 40.260323436115904 ] ] ] } },
{ "type": "Feature", "properties": { "type": "Feature", "properties": { "height": 6.4141168594360352, "confidence": 0.98049998283386208 }, "id": 247 }, "geometry": { "type": "Polygon", "coordinates": [ [ [ -111.631085085467973, 40.251232955192982 ], [ -111.631127372267471, 40.251315818020728 ], [ -111.631092437766583, 40.251326200918633 ], [ -111.631127814816793, 40.251395523702719 ], [ -111.631276868687223, 40.251351223372595 ], [ -111.631199202136415, 40.251199032380903 ], [ -111.631085085467973, 40.251232955192982 ] ] ] } },
{ "type": "Feature", "properties": { "type": "Feature", "properties": { "height": 4.8764853477478027, "confidence": 0.96729999780654907 }, "id": 248 }, "geometry": { "type": "Polygon", "coordinates": [ [ [ -111.638642047664518, 40.253259805827376 ], [ -111.638697659332138, 40.253236472500767 ], [ -111.638613866161933, 40.253120148236036 ], [ -111.638444971467706, 40.253191012510086 ], [ -111.638593308025776, 40.253396937545688 ], [ -111.638706591052383, 40.253349406782995 ], [ -111.638642047664518, 40.253259805827376 ] ] ] } },
{ "type": "Feature", "properties": { "type": "Feature", "properties": { "height": 2.0196077823638912, "confidence": 1.0 }, "id": 249 }, "geometry": { "type": "Polygon", "coordinates": [ [ [ -111.632619678725078, 40.25460036993627 ], [ -111.632617948338535, 40.254635118907018 ], [ -111.632642053404766, 40.254635818046459 ], [ -111.632643783791309, 40.254601069076067 ], [ -111.632619678725078, 40.25460036993627 ] ] ] } },
{ "type": "Feature", "properties": { "type": "Feature", "properties": { "height": 5.6316285133361816, "confidence": 0.9375 }, "id": 250 }, "geometry": { "type": "Polygon", "coordinates": [ [ [ -111.635720989185003, 40.255045452800353 ], [ -111.63575707302256, 40.255039900038938 ], [ -111.635776821794622, 40.255114646826996 ], [ -111.635903115226128, 40.255095212179953 ], [ -111.635853223591468, 40.254906377975665 ], [ -111.635690846322404, 40.254931365447732 ], [ -111.635720989185003, 40.255045452800353 ] ] ] } },
{ "type": "Feature", "properties": { "type": "Feature", "properties": { "height": 6.6373958587646484, "confidence": 0.94609999656677213 }, "id": 251 }, "geometry": { "type": "Polygon", "coordinates": [ [ [ -111.636607077684758, 40.248867913351951 ], [ -111.636630786704842, 40.248783776383874 ], [ -111.63643338779255, 40.248751372234906 ], [ -111.636386521124962, 40.248917689476031 ], [ -111.636499320503404, 40.248936206088977 ], [ -111.636522478150923, 40.248854025878707 ], [ -111.636607077684758, 40.248867913351951 ] ] ] } },
{ "type": "Feature", "properties": { "type": "Feature", "properties": { "height": 2.5237257480621342, "confidence": 0.95959997177124012 }, "id": 252 }, "geometry": { "type": "Polygon", "coordinates": [ [ [ -111.63740444796133, 40.252802324134024 ], [ -111.637372235369156, 40.252747931748679 ], [ -111.637324548152748, 40.252764384364895 ], [ -111.637356764886576, 40.252818775308072 ], [ -111.63740444796133, 40.252802324134024 ] ] ] } },
{ "type": "Feature", "properties": { "type": "Feature", "properties": { "height": 4.5871682167053223, "confidence": 0.96509999036788907 }, "id": 253 }, "geometry": { "type": "Polygon", "coordinates": [ [ [ -111.637972388385151, 40.252575402062774 ], [ -111.638019150500568, 40.252633196952267 ], [ -111.637985334186112, 40.252649135921068 ], [ -111.638074684835857, 40.252759554751051 ], [ -111.638193129237905, 40.252703733613053 ], [ -111.638057008929962, 40.252535516996836 ], [ -111.637972388385151, 40.252575402062774 ] ] ] } },
{ "type": "Feature", "properties": { "type": "Feature", "properties": { "height": 4.8329677581787109, "confidence": 0.9711999893188471 }, "id": 254 }, "geometry": { "type": "Polygon", "coordinates": [ [ [ -111.639316041610272, 40.252798891972077 ], [ -111.639131472415713, 40.252882406314576 ], [ -111.639193833747044, 40.252962683145896 ], [ -111.639378402941603, 40.252879168902439 ], [ -111.639316041610272, 40.252798891972077 ] ] ] } },
{ "type": "Feature", "properties": { "type": "Feature", "properties": { "height": 5.0510473251342773, "confidence": 1.0 }, "id": 255 }, "geometry": { "type": "Polygon", "coordinates": [ [ [ -111.630022785233436, 40.255050556597638 ], [ -111.629949503741187, 40.255053143909251 ], [ -111.62995296549397, 40.255110337555237 ], [ -111.630026252220091, 40.255107750061015 ], [ -111.630022785233436, 40.255050556597638 ] ] ] } },
{ "type": "Feature", "properties": { "type": "Feature", "properties": { "height": 6.0170960426330566, "confidence": 0.9912999868392941 }, "id": 256 }, "geometry": { "type": "Polygon", "coordinates": [ [ [ -111.63226376903944, 40.247194349274587 ], [ -111.632146099771589, 40.24723155541929 ], [ -111.632233338635444, 40.247392316370657 ], [ -111.632351020485302, 40.247355106335995 ], [ -111.63226376903944, 40.247194349274587 ] ] ] } },
{ "type": "Feature", "properties": { "type": "Feature", "properties": { "height": 5.9026899337768555, "confidence": 0.99400001764297408 }, "id": 257 }, "geometry": { "type": "Polygon", "coordinates": [ [ [ -111.632649471644655, 40.256059199845346 ], [ -111.632795406224716, 40.25606035347505 ], [ -111.632797906448062, 40.255876146076744 ], [ -111.632606396131251, 40.255874632161422 ], [ -111.632605333349389, 40.255952408625021 ], [ -111.632650925977728, 40.255952769040583 ], [ -111.632649471644655, 40.256059199845346 ] ] ] } },
{ "type": "Feature", "properties": { "type": "Feature", "properties": { "height": 5.4175028800964347, "confidence": 0.96689999103546109 }, "id": 258 }, "geometry": { "type": "Polygon", "coordinates": [ [ [ -111.635349551936301, 40.261083065787808 ], [ -111.635579242755753, 40.261251805752806 ], [ -111.635623467240919, 40.261216750075043 ], [ -111.635573352880328, 40.261179934099509 ], [ -111.635608797787157, 40.261151837752365 ], [ -111.635561465902541, 40.261117068387954 ], [ -111.635582308359275, 40.261100547046901 ], [ -111.635528017801946, 40.261060663003995 ], [ -111.635549459976588, 40.261043666266012 ], [ -111.635497953550399, 40.261005827527391 ], [ -111.635477851511695, 40.261021761978299 ], [ -111.635451402265815, 40.26100233127103 ], [ -111.635349551936301, 40.261083065787808 ] ] ] } },
{ "type": "Feature", "properties": { "type": "Feature", "properties": { "height": 6.6441373825073242, "confidence": 0.9733999967575071 }, "id": 259 }, "geometry": { "type": "Polygon", "coordinates": [ [ [ -111.635621295951381, 40.251451354805695 ], [ -111.635733205372858, 40.251604261963386 ], [ -111.635859954913826, 40.251550226487389 ], [ -111.635748045492363, 40.251397319207634 ], [ -111.635621295951381, 40.251451354805695 ] ] ] } },
{ "type": "Feature", "properties": { "type": "Feature", "properties": { "height": 3.5630435943603511, "confidence": 0.95529997348785411 }, "id": 260 }, "geometry": { "type": "Polygon", "coordinates": [ [ [ -111.636495634451819, 40.249646424434516 ], [ -111.636522241155902, 40.249700165729529 ], [ -111.636604388964528, 40.249676474003223 ], [ -111.636577782260446, 40.249622732689396 ], [ -111.636495634451819, 40.249646424434516 ] ] ] } },
{ "type": "Feature", "properties": { "type": "Feature", "properties": { "height": 6.0298991203308097, "confidence": 0.98739999532699507 }, "id": 261 }, "geometry": { "type": "Polygon", "coordinates": [ [ [ -111.636888883430871, 40.260809887581296 ], [ -111.636876038733206, 40.260925726932257 ], [ -111.63676418680825, 40.260918504473651 ], [ -111.636746609853532, 40.261077021175758 ], [ -111.63694368229271, 40.261089746429626 ], [ -111.636949991968763, 40.261032843051531 ], [ -111.637059180752644, 40.261039893534935 ], [ -111.637072025450308, 40.26092405437943 ], [ -111.637029415193183, 40.260921302966658 ], [ -111.637040682471849, 40.260819689504949 ], [ -111.636888883430871, 40.260809887581296 ] ] ] } },
{ "type": "Feature", "properties": { "type": "Feature", "properties": { "height": 3.697810173034668, "confidence": 0.92250001430511408 }, "id": 262 }, "geometry": { "type": "Polygon", "coordinates": [ [ [ -111.63293717237363, 40.254411080138084 ], [ -111.632875666750536, 40.2544136557947 ], [ -111.63288212305919, 40.25450345404797 ], [ -111.632908864634459, 40.254502334198762 ], [ -111.632905196277264, 40.25445131247772 ], [ -111.632939960325089, 40.254449856672608 ], [ -111.63293717237363, 40.254411080138084 ] ] ] } },
{ "type": "Feature", "properties": { "type": "Feature", "properties": { "height": 6.0288577079772949, "confidence": 0.97280001640319802 }, "id": 263 }, "geometry": { "type": "Polygon", "coordinates": [ [ [ -111.635938032662978, 40.251716172358947 ], [ -111.635914132905896, 40.251683307053604 ], [ -111.635955144102581, 40.251665935035248 ], [ -111.635921001592479, 40.251618984559286 ], [ -111.635882040955636, 40.251635487988281 ], [ -111.635844484194507, 40.251583842439707 ], [ -111.635721450604507, 40.251635958544611 ], [ -111.635793149875724, 40.251734554481764 ], [ -111.635816839301228, 40.251724519836735 ], [ -111.635840741362344, 40.251757384146096 ], [ -111.635938032662978, 40.251716172358947 ] ] ] } },
{ "type": "Feature", "properties": { "type": "Feature", "properties": { "height": 4.5852799415588379, "confidence": 0.95829999446868908 }, "id": 264 }, "geometry": { "type": "Polygon", "coordinates": [ [ [ -111.636961766458285, 40.248605003952008 ], [ -111.636870543352742, 40.248659703706217 ], [ -111.636980620104268, 40.248766654616013 ], [ -111.636925884380062, 40.248799472587379 ], [ -111.63696564550655, 40.248838104559702 ], [ -111.637111602475386, 40.248750585162441 ], [ -111.636961766458285, 40.248605003952008 ] ] ] } },
{ "type": "Feature", "properties": { "type": "Feature", "properties": { "height": 4.6632261276245117, "confidence": 0.99180001020431507 }, "id": 265 }, "geometry": { "type": "Polygon", "coordinates": [ [ [ -111.638078198863937, 40.249922570988105 ], [ -111.637884604733813, 40.249702337050557 ], [ -111.637830067250533, 40.24973026084465 ], [ -111.637785394896099, 40.249679435901839 ], [ -111.637741894995955, 40.249701708339877 ], [ -111.637767955744252, 40.249731355258106 ], [ -111.637680120724241, 40.249776327733997 ], [ -111.637739683863487, 40.249844094218901 ], [ -111.63782477287873, 40.249800527771079 ], [ -111.637889909808663, 40.249874635668213 ], [ -111.637858464886435, 40.249890737456006 ], [ -111.6379459574826, 40.249990279796449 ], [ -111.638078198863937, 40.249922570988105 ] ] ] } },
{ "type": "Feature", "properties": { "type": "Feature", "properties": { "height": 5.135993480682373, "confidence": 0.92040002346038807 }, "id": 266 }, "geometry": { "type": "Polygon", "coordinates": [ [ [ -111.632082125895266, 40.250989330269441 ], [ -111.632082909304572, 40.251006416276581 ], [ -111.632111113221967, 40.251005661486637 ], [ -111.63210200157269, 40.250807334537512 ], [ -111.631922514250419, 40.250812137970151 ], [ -111.631930840554702, 40.250993370869693 ], [ -111.632082125895266, 40.250989330269441 ] ] ] } },
{ "type": "Feature", "properties": { "type": "Feature", "properties": { "height": 6.0868887901306152, "confidence": 0.96850001811981212 }, "id": 267 }, "geometry": { "type": "Polygon", "coordinates": [ [ [ -111.6354808549914, 40.256635019073308 ], [ -111.635547606056903, 40.256759502177005 ], [ -111.635662476476085, 40.256723621741848 ], [ -111.635629993427074, 40.256663044566636 ], [ -111.63564247947204, 40.25665914514105 ], [ -111.635608206129334, 40.256595240139625 ], [ -111.6354808549914, 40.256635019073308 ] ] ] } },
{ "type": "Feature", "properties": { "type": "Feature", "properties": { "height": 6.5268921852111816, "confidence": 0.97630000114440907 }, "id": 268 }, "geometry": { "type": "Polygon", "coordinates": [ [ [ -111.634110793727757, 40.256050262185639 ], [ -111.634120648062762, 40.256122329593182 ], [ -111.634125954693644, 40.256121906980383 ], [ -111.6341504340417, 40.256300930718666 ], [ -111.634336167464369, 40.25628614912236 ], [ -111.634330791648352, 40.256246834435828 ], [ -111.63437212898782, 40.256243542392959 ], [ -111.634358017362871, 40.256140271174949 ], [ -111.634360670697504, 40.256140059867086 ], [ -111.634351378034651, 40.256072054528708 ], [ -111.634203891454504, 40.256083792287086 ], [ -111.634198353769847, 40.256043293693381 ], [ -111.634110793727757, 40.256050262185639 ] ] ] } },
{ "type": "Feature", "properties": { "type": "Feature", "properties": { "height": 4.3011088371276847, "confidence": 0.98509997129440308 }, "id": 269 }, "geometry": { "type": "Polygon", "coordinates": [ [ [ -111.637824702319975, 40.253532881094067 ], [ -111.637653462735301, 40.253613271847236 ], [ -111.637700739748567, 40.253671928256288 ], [ -111.637756426581532, 40.253645782373418 ], [ -111.637766607534815, 40.253658412404313 ], [ -111.637882157706926, 40.253604165850341 ], [ -111.637824702319975, 40.253532881094067 ] ] ] } },
{ "type": "Feature", "properties": { "type": "Feature", "properties": { "height": 7.6448888778686523, "confidence": 0.93760001659393311 }, "id": 270 }, "geometry": { "type": "Polygon", "coordinates": [ [ [ -111.640736704606354, 40.259900501792181 ], [ -111.640452572403092, 40.259827310433124 ], [ -111.640403468147369, 40.259938344635906 ], [ -111.640687606375693, 40.260011522251084 ], [ -111.640736704606354, 40.259900501792181 ] ] ] } },
{ "type": "Feature", "properties": { "type": "Feature", "properties": { "height": 5.234379768371582, "confidence": 0.95740002393722512 }, "id": 271 }, "geometry": { "type": "Polygon", "coordinates": [ [ [ -111.634067737317039, 40.261717006860238 ], [ -111.633875133509491, 40.261724608713422 ], [ -111.633881497993514, 40.261818509988537 ], [ -111.633918948733864, 40.261817031852551 ], [ -111.63392171590084, 40.261857858454142 ], [ -111.633849489472993, 40.261860709143249 ], [ -111.633851564848229, 40.261891329076981 ], [ -111.633905065905878, 40.2618892174564 ], [ -111.63390893993963, 40.261946374630739 ], [ -111.633978491314565, 40.261943629526201 ], [ -111.633974893997532, 40.261890555006616 ], [ -111.634033745160949, 40.261888232223924 ], [ -111.634032915010835, 40.261875984251532 ], [ -111.634078390909849, 40.261874189373628 ], [ -111.634067737317039, 40.261717006860238 ] ] ] } },
{ "type": "Feature", "properties": { "type": "Feature", "properties": { "height": 5.1075592041015616, "confidence": 0.99299997091293313 }, "id": 272 }, "geometry": { "type": "Polygon", "coordinates": [ [ [ -111.636005688453167, 40.255311959328033 ], [ -111.635968856322037, 40.255216989935896 ], [ -111.635938311379121, 40.255223889615088 ], [ -111.635909453320707, 40.255149463195949 ], [ -111.635798471923266, 40.255174526448911 ], [ -111.635830582927582, 40.255257342347186 ], [ -111.635791122875162, 40.255266253712875 ], [ -111.635824693470568, 40.255352833850381 ], [ -111.636005688453167, 40.255311959328033 ] ] ] } },
{ "type": "Feature", "properties": { "type": "Feature", "properties": { "height": 4.8497748374938965, "confidence": 0.97539997100830012 }, "id": 273 }, "geometry": { "type": "Polygon", "coordinates": [ [ [ -111.636627196156923, 40.261629409506206 ], [ -111.6365990352202, 40.261600178341652 ], [ -111.636496306197628, 40.261657809669885 ], [ -111.636615350157399, 40.261781377583148 ], [ -111.636751161407616, 40.26170518714234 ], [ -111.636660278384539, 40.261610850262485 ], [ -111.636627196156923, 40.261629409506206 ] ] ] } },
{ "type": "Feature", "properties": { "type": "Feature", "properties": { "height": 5.4538774490356436, "confidence": 0.98170000314712502 }, "id": 274 }, "geometry": { "type": "Polygon", "coordinates": [ [ [ -111.636898330268465, 40.252908844342159 ], [ -111.636848131517212, 40.252932746229611 ], [ -111.636834881591639, 40.252916537449856 ], [ -111.636728691925541, 40.25296709911909 ], [ -111.636719055616027, 40.252955310922005 ], [ -111.636661914622891, 40.252982518304258 ], [ -111.63673177222509, 40.253067985338546 ], [ -111.63694530727733, 40.252966311823023 ], [ -111.636898330268465, 40.252908844342159 ] ] ] } },
{ "type": "Feature", "properties": { "type": "Feature", "properties": { "height": 4.3981389999389648, "confidence": 0.97839999198913508 }, "id": 275 }, "geometry": { "type": "Polygon", "coordinates": [ [ [ -111.637900176794034, 40.250558717451469 ], [ -111.637860422189306, 40.250508430576218 ], [ -111.637968567710359, 40.250458622605287 ], [ -111.637902732572115, 40.250375345482745 ], [ -111.637774920272278, 40.250434204511812 ], [ -111.637826522537353, 40.25049947793724 ], [ -111.637705621120716, 40.250555160782795 ], [ -111.637759612794483, 40.250623448606241 ], [ -111.637900176794034, 40.250558717451469 ] ] ] } },
{ "type": "Feature", "properties": { "type": "Feature", "properties": { "height": 4.5902910232543936, "confidence": 0.98500001430511408 }, "id": 276 }, "geometry": { "type": "Polygon", "coordinates": [ [ [ -111.639978683073878, 40.253850763745881 ], [ -111.640179268521862, 40.25396848065617 ], [ -111.640253143177617, 40.253895154499311 ], [ -111.640052557729646, 40.25377743746148 ], [ -111.639978683073878, 40.253850763745881 ] ] ] } },
{ "type": "Feature", "properties": { "type": "Feature", "properties": { "height": 6.1661901473999023, "confidence": 0.99559998512268011 }, "id": 277 }, "geometry": { "type": "Polygon", "coordinates": [ [ [ -111.632672637315039, 40.251901448989535 ], [ -111.632574668976019, 40.251903714921291 ], [ -111.632576856591228, 40.25195893576948 ], [ -111.632535483097215, 40.251959892705543 ], [ -111.632543360483339, 40.252158277920721 ], [ -111.632680027627671, 40.252155116927447 ], [ -111.632678108815625, 40.252106793342243 ], [ -111.632727508215964, 40.252105653414553 ], [ -111.632722889907427, 40.251989076021829 ], [ -111.632676159579958, 40.251990154360549 ], [ -111.632672637315039, 40.251901448989535 ] ] ] } },
{ "type": "Feature", "properties": { "type": "Feature", "properties": { "height": 5.0858135223388672, "confidence": 0.97659999132156305 }, "id": 278 }, "geometry": { "type": "Polygon", "coordinates": [ [ [ -111.635304863315483, 40.251618967895254 ], [ -111.635179914611996, 40.251648328204752 ], [ -111.635226681211009, 40.251764259091097 ], [ -111.635182581668587, 40.251774621532476 ], [ -111.635206719268069, 40.251834456741804 ], [ -111.635375767513992, 40.251794734076327 ], [ -111.635304863315483, 40.251618967895254 ] ] ] } },
{ "type": "Feature", "properties": { "type": "Feature", "properties": { "height": 5.1214675903320312, "confidence": 0.99980002641677812 }, "id": 279 }, "geometry": { "type": "Polygon", "coordinates": [ [ [ -111.635834261705824, 40.253742915789651 ], [ -111.635965649076866, 40.253741147246942 ], [ -111.635960730720626, 40.253528321387833 ], [ -111.635829343349585, 40.253530089936071 ], [ -111.635834261705824, 40.253742915789651 ] ] ] } },
{ "type": "Feature", "properties": { "type": "Feature", "properties": { "height": 3.764705896377563, "confidence": 1.0 }, "id": 280 }, "geometry": { "type": "Polygon", "coordinates": [ [ [ -111.636045479953538, 40.260450092085769 ], [ -111.636011359573303, 40.260458349160707 ], [ -111.636032995256741, 40.260510424655727 ], [ -111.63606711563699, 40.260502167587148 ], [ -111.636045479953538, 40.260450092085769 ] ] ] } },
{ "type": "Feature", "properties": { "type": "Feature", "properties": { "height": 4.3445053100585938, "confidence": 0.98339998722076405 }, "id": 281 }, "geometry": { "type": "Polygon", "coordinates": [ [ [ -111.636946163900888, 40.255042379745312 ], [ -111.637039338166147, 40.255160080727734 ], [ -111.636958770511413, 40.255197223473132 ], [ -111.636996184581903, 40.255244486148676 ], [ -111.637248918758146, 40.255127958892658 ], [ -111.637189566596021, 40.255052974472115 ], [ -111.637108998941301, 40.255090121579713 ], [ -111.637037776346759, 40.255000140214761 ], [ -111.636946163900888, 40.255042379745312 ] ] ] } },
{ "type": "Feature", "properties": { "type": "Feature", "properties": { "height": 4.5513749122619629, "confidence": 0.97579997777938809 }, "id": 282 }, "geometry": { "type": "Polygon", "coordinates": [ [ [ -111.637285961923325, 40.250853830449984 ], [ -111.637190380670177, 40.250734750409308 ], [ -111.637038258732417, 40.250805876547751 ], [ -111.636996441934173, 40.250753779018822 ], [ -111.636939883777828, 40.25078022335363 ], [ -111.637036659796621, 40.250900791812491 ], [ -111.637149776109311, 40.250847903226742 ], [ -111.637190398141897, 40.25089851218501 ], [ -111.637285961923325, 40.250853830449984 ] ] ] } },
{ "type": "Feature", "properties": { "type": "Feature", "properties": { "height": 8.4209480285644531, "confidence": 0.96640002727508512 }, "id": 283 }, "geometry": { "type": "Polygon", "coordinates": [ [ [ -111.639682789609523, 40.256022599712182 ], [ -111.640224167712717, 40.256575801303072 ], [ -111.640332641664301, 40.256513974900777 ], [ -111.639791263561122, 40.255960772804428 ], [ -111.639682789609523, 40.256022599712182 ] ] ] } },
{ "type": "Feature", "properties": { "type": "Feature", "properties": { "height": 9.0946979522705078, "confidence": 0.98589998483657804 }, "id": 284 }, "geometry": { "type": "Polygon", "coordinates": [ [ [ -111.640060558734547, 40.255754601589537 ], [ -111.639985694576652, 40.255672878732284 ], [ -111.639691286758477, 40.255829942625873 ], [ -111.639766155557538, 40.255911678542397 ], [ -111.640060558734547, 40.255754601589537 ] ] ] } },
{ "type": "Feature", "properties": { "type": "Feature", "properties": { "height": 5.3140311241149902, "confidence": 0.99150002002716009 }, "id": 285 }, "geometry": { "type": "Polygon", "coordinates": [ [ [ -111.629477878475726, 40.254835551156198 ], [ -111.629454207268367, 40.254661382495172 ], [ -111.62931356331481, 40.254672515815805 ], [ -111.629328977124246, 40.254785927999421 ], [ -111.629290842017113, 40.254788946754289 ], [ -111.629299093902517, 40.254849703636694 ], [ -111.629477878475726, 40.254835551156198 ] ] ] } },
{ "type": "Feature", "properties": { "type": "Feature", "properties": { "height": 6.5248923301696777, "confidence": 0.95740002393722512 }, "id": 286 }, "geometry": { "type": "Polygon", "coordinates": [ [ [ -111.630378458967627, 40.248317251127098 ], [ -111.630470668924971, 40.248506911485308 ], [ -111.630601652223234, 40.248469813464389 ], [ -111.630526427730061, 40.248315060113754 ], [ -111.630489734746931, 40.24832545258711 ], [ -111.630472763908642, 40.248290546376175 ], [ -111.630378458967627, 40.248317251127098 ] ] ] } },
{ "type": "Feature", "properties": { "type": "Feature", "properties": { "height": 6.0486054420471191, "confidence": 0.9779000282287591 }, "id": 287 }, "geometry": { "type": "Polygon", "coordinates": [ [ [ -111.631285975474583, 40.251564173583297 ], [ -111.631370352261001, 40.251703563398721 ], [ -111.631480876046808, 40.251664598434864 ], [ -111.631430196044107, 40.251580875438478 ], [ -111.631447879378612, 40.251574640256017 ], [ -111.631414179649767, 40.251518968486252 ], [ -111.631285975474583, 40.251564173583297 ] ] ] } },
{ "type": "Feature", "properties": { "type": "Feature", "properties": { "height": 5.0700254440307617, "confidence": 0.9801999926567071 }, "id": 288 }, "geometry": { "type": "Polygon", "coordinates": [ [ [ -111.631862676386305, 40.25953195460086 ], [ -111.631709650379804, 40.259553531713244 ], [ -111.631759969729217, 40.259761356521942 ], [ -111.631897433768984, 40.259741973752014 ], [ -111.631886411435289, 40.259696450264052 ], [ -111.631901973402066, 40.259694255986403 ], [ -111.631862676386305, 40.25953195460086 ] ] ] } },
{ "type": "Feature", "properties": { "type": "Feature", "properties": { "height": 5.1222124099731436, "confidence": 0.89279997348785411 }, "id": 289 }, "geometry": { "type": "Polygon", "coordinates": [ [ [ -111.632214270888667, 40.256776222682774 ], [ -111.632159016342598, 40.256782095723096 ], [ -111.632142891962332, 40.256693744006128 ], [ -111.631987652999641, 40.256710244471542 ], [ -111.632018069444257, 40.256876907800567 ], [ -111.632228562952989, 40.256854534342267 ], [ -111.632214270888667, 40.256776222682774 ] ] ] } },
{ "type": "Feature", "properties": { "type": "Feature", "properties": { "height": 4.9213953018188477, "confidence": 0.99409997463226307 }, "id": 290 }, "geometry": { "type": "Polygon", "coordinates": [ [ [ -111.632587015512613, 40.248159177350608 ], [ -111.632696949679271, 40.248157650476443 ], [ -111.632692851131281, 40.247985741985005 ], [ -111.632537334505258, 40.247987901958815 ], [ -111.632539139818064, 40.248063623607628 ], [ -111.632584722277429, 40.248062990512572 ], [ -111.632587015512613, 40.248159177350608 ] ] ] } },
{ "type": "Feature", "properties": { "type": "Feature", "properties": { "height": 5.9543070793151847, "confidence": 0.96410000324249212 }, "id": 291 }, "geometry": { "type": "Polygon", "coordinates": [ [ [ -111.632590584127712, 40.252437964157174 ], [ -111.63273527016834, 40.25243437039488 ], [ -111.632726637410116, 40.252231924053305 ], [ -111.632581951369488, 40.252235517826364 ], [ -111.632590584127712, 40.252437964157174 ] ] ] } },
{ "type": "Feature", "properties": { "type": "Feature", "properties": { "height": 5.614161491394043, "confidence": 0.9934999942779541 }, "id": 292 }, "geometry": { "type": "Polygon", "coordinates": [ [ [ -111.63345210155515, 40.25777532772041 ], [ -111.633453816889016, 40.257921450056173 ], [ -111.633558414646018, 40.25792073495596 ], [ -111.633557876559991, 40.257874897623999 ], [ -111.633619562378001, 40.257874472603483 ], [ -111.633620148556346, 40.257924406720399 ], [ -111.633700608369409, 40.25792385664333 ], [ -111.633698445955631, 40.257739649337807 ], [ -111.633612622154999, 40.25774023608826 ], [ -111.633613021080407, 40.257774218969587 ], [ -111.63345210155515, 40.25777532772041 ] ] ] } },
{ "type": "Feature", "properties": { "type": "Feature", "properties": { "height": 4.1041450500488281, "confidence": 0.97670000791549605 }, "id": 293 }, "geometry": { "type": "Polygon", "coordinates": [ [ [ -111.633624187723342, 40.263105330736906 ], [ -111.633766662898807, 40.263119331711287 ], [ -111.63377414201824, 40.263075038119624 ], [ -111.633824272172546, 40.263079964390933 ], [ -111.633846369570861, 40.26294909680113 ], [ -111.633653764241103, 40.26293016950968 ], [ -111.633624187723342, 40.263105330736906 ] ] ] } },
{ "type": "Feature", "properties": { "type": "Feature", "properties": { "height": 5.9942402839660645, "confidence": 0.99070000648498513 }, "id": 294 }, "geometry": { "type": "Polygon", "coordinates": [ [ [ -111.630132187553073, 40.247408614432992 ], [ -111.630030292360203, 40.24740730806068 ], [ -111.630029436577516, 40.247446194398911 ], [ -111.629919497027302, 40.247444784892735 ], [ -111.629916839596831, 40.247565537066336 ], [ -111.6301286743399, 40.24756825293921 ], [ -111.630132187553073, 40.247408614432992 ] ] ] } },
{ "type": "Feature", "properties": { "type": "Feature", "properties": { "height": 5.0979323387145996, "confidence": 0.98280000686645508 }, "id": 295 }, "geometry": { "type": "Polygon", "coordinates": [ [ [ -111.636520609098042, 40.255323031952884 ], [ -111.636577836400903, 40.255394651150858 ], [ -111.636787030555723, 40.25529728271573 ], [ -111.636732187723851, 40.25522864755375 ], [ -111.636706771611571, 40.255240477383111 ], [ -111.636636996709797, 40.255153154825116 ], [ -111.636517732780376, 40.255208659425023 ], [ -111.636585126921517, 40.255293002418654 ], [ -111.636520609098042, 40.255323031952884 ] ] ] } },
{ "type": "Feature", "properties": { "type": "Feature", "properties": { "height": 4.9350419044494629, "confidence": 0.98199999332427912 }, "id": 296 }, "geometry": { "type": "Polygon", "coordinates": [ [ [ -111.63265461926467, 40.247052903187111 ], [ -111.632650443688576, 40.246891995173847 ], [ -111.632640757881461, 40.246892141603006 ], [ -111.632638786047721, 40.246816423379208 ], [ -111.63246987338016, 40.246818976988635 ], [ -111.632474136804461, 40.246982691954514 ], [ -111.632400698439454, 40.246983802187657 ], [ -111.632402590840059, 40.247056726784514 ], [ -111.63265461926467, 40.247052903187111 ] ] ] } },
{ "type": "Feature", "properties": { "type": "Feature", "properties": { "height": 6.2242283821105957, "confidence": 0.99629998207092207 }, "id": 297 }, "geometry": { "type": "Polygon", "coordinates": [ [ [ -111.637599513540707, 40.260543245165152 ], [ -111.637596008303731, 40.260731515265675 ], [ -111.637547738285235, 40.260730991918336 ], [ -111.637545033156712, 40.26087628696493 ], [ -111.63766570820296, 40.26087759533047 ], [ -111.637666622612613, 40.260828481547776 ], [ -111.637739027640379, 40.260829266567647 ], [ -111.637740742158456, 40.260737178130043 ], [ -111.637716607149201, 40.260736916456388 ], [ -111.637720188586982, 40.260544553537144 ], [ -111.637599513540707, 40.260543245165152 ] ] ] } },
{ "type": "Feature", "properties": { "type": "Feature", "properties": { "height": 3.953360795974731, "confidence": 0.95759999752044611 }, "id": 298 }, "geometry": { "type": "Polygon", "coordinates": [ [ [ -111.641321099665987, 40.261920333810998 ], [ -111.641243202216273, 40.261950221914383 ], [ -111.641297465527217, 40.2620325657008 ], [ -111.641375354760783, 40.262002676626274 ], [ -111.641321099665987, 40.261920333810998 ] ] ] } },
{ "type": "Feature", "properties": { "type": "Feature", "properties": { "height": 5.5528378486633301, "confidence": 0.97439998388290405 }, "id": 299 }, "geometry": { "type": "Polygon", "coordinates": [ [ [ -111.636011124948297, 40.249082789575333 ], [ -111.635967083769955, 40.248983640360635 ], [ -111.636024819374697, 40.248968697647229 ], [ -111.635997089743896, 40.248906270275604 ], [ -111.635802232077936, 40.248956701966591 ], [ -111.635874002887078, 40.249118278454432 ], [ -111.636011124948297, 40.249082789575333 ] ] ] } },
{ "type": "Feature", "properties": { "type": "Feature", "properties": { "height": 5.0009245872497559, "confidence": 0.99629998207092207 }, "id": 300 }, "geometry": { "type": "Polygon", "coordinates": [ [ [ -111.637150885948557, 40.251626635599862 ], [ -111.637174854295139, 40.251615004038854 ], [ -111.637245298830905, 40.251699549875035 ], [ -111.637340795457675, 40.251653206506056 ], [ -111.637238175675478, 40.251530044594119 ], [ -111.637118717009443, 40.251588022935287 ], [ -111.637150885948557, 40.251626635599862 ] ] ] } },
{ "type": "Feature", "properties": { "type": "Feature", "properties": { "height": 4.8357405662536621, "confidence": 0.9980999827384941 }, "id": 301 }, "geometry": { "type": "Polygon", "coordinates": [ [ [ -111.637199470164987, 40.249634059568024 ], [ -111.637118239842337, 40.249534506024268 ], [ -111.636974294832342, 40.249602925096283 ], [ -111.637030240001309, 40.249671497536823 ], [ -111.636975123490487, 40.249697692194538 ], [ -111.637030490189659, 40.249765547878596 ], [ -111.63709333335548, 40.249735681082122 ], [ -111.637063245194966, 40.249698801826973 ], [ -111.637199470164987, 40.249634059568024 ] ] ] } },
{ "type": "Feature", "properties": { "type": "Feature", "properties": { "height": 5.329780101776123, "confidence": 0.91079998016357411 }, "id": 302 }, "geometry": { "type": "Polygon", "coordinates": [ [ [ -111.637337617978559, 40.254319030797589 ], [ -111.637407853481804, 40.254290428734656 ], [ -111.637437371164225, 40.254332646960528 ], [ -111.637394273217936, 40.254350195461804 ], [ -111.637436050049004, 40.254409955345764 ], [ -111.637548047480195, 40.25436434659342 ], [ -111.637428285702484, 40.254193054953141 ], [ -111.637289154631461, 40.254249706054146 ], [ -111.637337617978559, 40.254319030797589 ] ] ] } },
{ "type": "Feature", "properties": { "type": "Feature", "properties": { "height": 4.0343208312988281, "confidence": 0.9757000207901001 }, "id": 303 }, "geometry": { "type": "Polygon", "coordinates": [ [ [ -111.63350641058382, 40.261706259033083 ], [ -111.633389695833074, 40.261689802437743 ], [ -111.633347044194053, 40.261865953183175 ], [ -111.633396323755491, 40.261872901505832 ], [ -111.633387218349384, 40.261910506657884 ], [ -111.633337938787975, 40.261903558339093 ], [ -111.633317811048187, 40.261986685451646 ], [ -111.633434525798933, 40.26200314197478 ], [ -111.63350641058382, 40.261706259033083 ] ] ] } },
{ "type": "Feature", "properties": { "type": "Feature", "properties": { "height": 5.678473949432373, "confidence": 0.98949998617172208 }, "id": 304 }, "geometry": { "type": "Polygon", "coordinates": [ [ [ -111.635464852026317, 40.257136397257021 ], [ -111.635366141908079, 40.257206856425007 ], [ -111.63555288665934, 40.257359212922665 ], [ -111.635651593330962, 40.257288751101385 ], [ -111.635464852026317, 40.257136397257021 ] ] ] } },
{ "type": "Feature", "properties": { "type": "Feature", "properties": { "height": 4.7829174995422363, "confidence": 0.98879998922348011 }, "id": 305 }, "geometry": { "type": "Polygon", "coordinates": [ [ [ -111.635873526857694, 40.249167909600892 ], [ -111.635909510942611, 40.249239218599939 ], [ -111.635889582256553, 40.249245076857179 ], [ -111.635919273824285, 40.249303905338785 ], [ -111.635980001345445, 40.249286053827582 ], [ -111.63600568086575, 40.249336933133613 ], [ -111.636121364378596, 40.249302920547564 ], [ -111.636058807949723, 40.249178953691832 ], [ -111.635991071816903, 40.249198865491422 ], [ -111.635962284548967, 40.249141818264185 ], [ -111.635873526857694, 40.249167909600892 ] ] ] } },
{ "type": "Feature", "properties": { "type": "Feature", "properties": { "height": 6.8700919151306152, "confidence": 0.98940002918243408 }, "id": 306 }, "geometry": { "type": "Polygon", "coordinates": [ [ [ -111.630197976159764, 40.248769795161088 ], [ -111.63010761004891, 40.248776398824937 ], [ -111.63011229781047, 40.248813740868165 ], [ -111.630053826009643, 40.248818016919529 ], [ -111.630061870799338, 40.248882100520099 ], [ -111.630080475586851, 40.248880740944408 ], [ -111.630093717844247, 40.248986226671292 ], [ -111.630233363531971, 40.248976021846303 ], [ -111.630228631572649, 40.24893830026619 ], [ -111.630251109742133, 40.248936656437301 ], [ -111.63024066880088, 40.248853485504284 ], [ -111.630208775091347, 40.248855817894594 ], [ -111.630197976159764, 40.248769795161088 ] ] ] } },
{ "type": "Feature", "properties": { "type": "Feature", "properties": { "height": 4.7129712104797363, "confidence": 0.75950002670288008 }, "id": 307 }, "geometry": { "type": "Polygon", "coordinates": [ [ [ -111.632005891149873, 40.261130113812904 ], [ -111.63212546116776, 40.261128842977421 ], [ -111.632123729791317, 40.261033980253572 ], [ -111.632114117811312, 40.261034081900121 ], [ -111.63211292861665, 40.260968596357024 ], [ -111.632002979161513, 40.260969759071997 ], [ -111.632005891149873, 40.261130113812904 ] ] ] } },
{ "type": "Feature", "properties": { "type": "Feature", "properties": { "height": 5.927823543548584, "confidence": 0.98509997129440308 }, "id": 308 }, "geometry": { "type": "Polygon", "coordinates": [ [ [ -111.633310532105469, 40.258368246117662 ], [ -111.63340701081556, 40.258383463031358 ], [ -111.633448675117279, 40.258229672858029 ], [ -111.633551352385666, 40.258216483550051 ], [ -111.633539498345513, 40.258162739915441 ], [ -111.633536890036822, 40.258163074963484 ], [ -111.633531621574519, 40.258139188890091 ], [ -111.633416855991555, 40.258153931007357 ], [ -111.633406758105508, 40.25810814935307 ], [ -111.633286775905162, 40.258123561573569 ], [ -111.633314886490751, 40.258251008846742 ], [ -111.63334116019989, 40.258255154226369 ], [ -111.633310532105469, 40.258368246117662 ] ] ] } },
{ "type": "Feature", "properties": { "type": "Feature", "properties": { "height": 4.7474660873413095, "confidence": 0.96590000391006403 }, "id": 309 }, "geometry": { "type": "Polygon", "coordinates": [ [ [ -111.638807214742243, 40.253156274811161 ], [ -111.638792817370984, 40.253134165674354 ], [ -111.638836696950747, 40.253117524416666 ], [ -111.638857006068619, 40.253148716248852 ], [ -111.638940037206822, 40.253117226831002 ], [ -111.638866274711319, 40.253003954267882 ], [ -111.638668383609428, 40.253079004232916 ], [ -111.638736234044359, 40.253183197896831 ], [ -111.638807214742243, 40.253156274811161 ] ] ] } },
{ "type": "Feature", "properties": { "type": "Feature", "properties": { "height": 6.7423033714294434, "confidence": 0.94179999828338612 }, "id": 310 }, "geometry": { "type": "Polygon", "coordinates": [ [ [ -111.63401824635946, 40.258874981962492 ], [ -111.633961150730343, 40.258974653666755 ], [ -111.634123285749453, 40.259028742352868 ], [ -111.63418038137857, 40.2589290707283 ], [ -111.63401824635946, 40.258874981962492 ] ] ] } },
{ "type": "Feature", "properties": { "type": "Feature", "properties": { "height": 5.6404523849487305, "confidence": 0.98430001735687211 }, "id": 311 }, "geometry": { "type": "Polygon", "coordinates": [ [ [ -111.636658442782249, 40.249261775397862 ], [ -111.636523203487414, 40.249356629791663 ], [ -111.636619419140033, 40.249436542004254 ], [ -111.636716849599779, 40.249368206137206 ], [ -111.636739567184435, 40.249387074303797 ], [ -111.636858810433637, 40.249303439291445 ], [ -111.636783976037151, 40.249241285234241 ], [ -111.636818876500342, 40.249216806651994 ], [ -111.636745378432352, 40.24915576241105 ], [ -111.636629043555061, 40.249237357724304 ], [ -111.636658442782249, 40.249261775397862 ] ] ] } },
{ "type": "Feature", "properties": { "type": "Feature", "properties": { "height": 6.7047433853149414, "confidence": 0.8907999992370601 }, "id": 312 }, "geometry": { "type": "Polygon", "coordinates": [ [ [ -111.637394973513551, 40.253153846552642 ], [ -111.637451408055782, 40.253234101291419 ], [ -111.637506378498969, 40.253211589014782 ], [ -111.637449948068067, 40.253131329629113 ], [ -111.637394973513551, 40.253153846552642 ] ] ] } },
{ "type": "Feature", "properties": { "type": "Feature", "properties": { "height": 4.9972677230834961, "confidence": 0.95730000734329213 }, "id": 313 }, "geometry": { "type": "Polygon", "coordinates": [ [ [ -111.638089214074881, 40.256077881003087 ], [ -111.637995596573418, 40.255922387556765 ], [ -111.637878219899349, 40.255963546459419 ], [ -111.637971837400769, 40.256119039811153 ], [ -111.638089214074881, 40.256077881003087 ] ] ] } },
{ "type": "Feature", "properties": { "type": "Feature", "properties": { "height": 7.1725964546203613, "confidence": 0.9578999876976011 }, "id": 314 }, "geometry": { "type": "Polygon", "coordinates": [ [ [ -111.640097392632597, 40.259434761869713 ], [ -111.64003955915048, 40.259542739520931 ], [ -111.640450946549848, 40.259671057518162 ], [ -111.640508790116087, 40.259563061244286 ], [ -111.640097392632597, 40.259434761869713 ] ] ] } },
{ "type": "Feature", "properties": { "type": "Feature", "properties": { "height": 6.9315853118896484, "confidence": 0.96509999036788907 }, "id": 315 }, "geometry": { "type": "Polygon", "coordinates": [ [ [ -111.632596914351055, 40.250038453143056 ], [ -111.632441265609927, 40.249739726901794 ], [ -111.63229304483005, 40.249784714959716 ], [ -111.632370408701377, 40.249933194341018 ], [ -111.63233103755671, 40.249945144262647 ], [ -111.632373403486255, 40.250026454247646 ], [ -111.632403510832177, 40.250017316083451 ], [ -111.632439429772433, 40.250086252742626 ], [ -111.632596914351055, 40.250038453143056 ] ] ] } },
{ "type": "Feature", "properties": { "type": "Feature", "properties": { "height": 6.3869552612304688, "confidence": 0.98479998111724809 }, "id": 316 }, "geometry": { "type": "Polygon", "coordinates": [ [ [ -111.634569521131837, 40.264583674881827 ], [ -111.634563037332356, 40.264426233673383 ], [ -111.634474611757653, 40.264428354069629 ], [ -111.634473938116159, 40.26441199652097 ], [ -111.634401589918681, 40.264413731390995 ], [ -111.634400832072018, 40.26439532914452 ], [ -111.634309726934461, 40.264397513796197 ], [ -111.634311663653762, 40.264444541747977 ], [ -111.634236635893444, 40.264446340871579 ], [ -111.634235035994863, 40.264407491697419 ], [ -111.63414393085732, 40.264409676348698 ], [ -111.634144857114393, 40.26443216797783 ], [ -111.634061790665427, 40.264434159865054 ], [ -111.634068442875289, 40.264595690431747 ], [ -111.634569521131837, 40.264583674881827 ] ] ] } },
{ "type": "Feature", "properties": { "type": "Feature", "properties": { "height": 4.865689754486084, "confidence": 0.98940002918243408 }, "id": 317 }, "geometry": { "type": "Polygon", "coordinates": [ [ [ -111.636226777451427, 40.262866473619184 ], [ -111.635924658105239, 40.262891822422134 ], [ -111.635937479376977, 40.262980804013857 ], [ -111.636101789898603, 40.262967017842087 ], [ -111.636118399273357, 40.263082289299021 ], [ -111.636258858267638, 40.26307050436359 ], [ -111.636247202566068, 40.262989612119576 ], [ -111.63626840392368, 40.262987833259082 ], [ -111.636259662147495, 40.262927164010996 ], [ -111.636235810620164, 40.26292916523083 ], [ -111.636226777451427, 40.262866473619184 ] ] ] } },
{ "type": "Feature", "properties": { "type": "Feature", "properties": { "height": 4.7699861526489258, "confidence": 0.98489999771118109 }, "id": 318 }, "geometry": { "type": "Polygon", "coordinates": [ [ [ -111.637789386266817, 40.262121173984781 ], [ -111.637808248450284, 40.262201477140501 ], [ -111.637784859981068, 40.262204676171528 ], [ -111.637803491892768, 40.262283998879347 ], [ -111.637902243207265, 40.262270491874304 ], [ -111.63789665363376, 40.262246695066956 ], [ -111.637993779949269, 40.262233410318693 ], [ -111.637961889593697, 40.262097588483215 ], [ -111.637789386266817, 40.262121173984781 ] ] ] } },
{ "type": "Feature", "properties": { "type": "Feature", "properties": { "height": 4.1775326728820801, "confidence": 0.98129999637603704 }, "id": 319 }, "geometry": { "type": "Polygon", "coordinates": [ [ [ -111.638277274246832, 40.252243095845031 ], [ -111.638374070126943, 40.252195605296237 ], [ -111.638450927879305, 40.252286863034747 ], [ -111.638524948258208, 40.2522505467592 ], [ -111.638443210648546, 40.252153494822331 ], [ -111.638393044134489, 40.252178107824115 ], [ -111.638311933773323, 40.252081811039531 ], [ -111.638191286436495, 40.252140997376479 ], [ -111.638277274246832, 40.252243095845031 ] ] ] } },
{ "type": "Feature", "properties": { "type": "Feature", "properties": { "height": 8.5890541076660156, "confidence": 0.94279998540878307 }, "id": 320 }, "geometry": { "type": "Polygon", "coordinates": [ [ [ -111.639441985750949, 40.261367415331911 ], [ -111.639580022045848, 40.261404955309338 ], [ -111.639681802292614, 40.261187018351052 ], [ -111.639543765997743, 40.261149478252698 ], [ -111.639441985750949, 40.261367415331911 ] ] ] } },
{ "type": "Feature", "properties": { "type": "Feature", "properties": { "height": 7.6140074729919434, "confidence": 0.97920000553131104 }, "id": 321 }, "geometry": { "type": "Polygon", "coordinates": [ [ [ -111.642709109066914, 40.26117584795216 ], [ -111.642779644017637, 40.261062098229068 ], [ -111.642780680144938, 40.260973838879885 ], [ -111.642755807228724, 40.260909375621942 ], [ -111.642681830579889, 40.260819804196331 ], [ -111.642510276313061, 40.260757856007544 ], [ -111.642404554624449, 40.260757133253698 ], [ -111.642333714849684, 40.260773050428611 ], [ -111.642200240828288, 40.260837244735043 ], [ -111.642142831066096, 40.260929828159526 ], [ -111.642141205629258, 40.26106828608205 ], [ -111.642164769404133, 40.261129356290056 ], [ -111.642182706278319, 40.26112072863647 ], [ -111.642207625430061, 40.261080542213307 ], [ -111.642221117514637, 40.261115509633676 ], [ -111.642220546835603, 40.261164121101231 ], [ -111.642264869241856, 40.26121778671093 ], [ -111.642363667488098, 40.261253462489236 ], [ -111.64254093525156, 40.261254683818159 ], [ -111.642605285437824, 40.261223734806308 ], [ -111.642613272808049, 40.261221940115263 ], [ -111.642709109066914, 40.26117584795216 ] ] ] } },
{ "type": "Feature", "properties": { "type": "Feature", "properties": { "height": 5.1940813064575186, "confidence": 0.88330000638961703 }, "id": 322 }, "geometry": { "type": "Polygon", "coordinates": [ [ [ -111.632196181895154, 40.25701678660036 ], [ -111.632062111998934, 40.257018562520031 ], [ -111.632065476507762, 40.257165897235232 ], [ -111.632014529947199, 40.257166572083214 ], [ -111.6320163358006, 40.257245651812894 ], [ -111.632241572951585, 40.257242656251115 ], [ -111.632240357991563, 40.25718945221066 ], [ -111.632200137071749, 40.257189987132818 ], [ -111.632196181895154, 40.25701678660036 ] ] ] } },
{ "type": "Feature", "properties": { "type": "Feature", "properties": { "height": 5.7892217636108398, "confidence": 0.91070002317428511 }, "id": 323 }, "geometry": { "type": "Polygon", "coordinates": [ [ [ -111.63316081363115, 40.254531642068166 ], [ -111.633127954083207, 40.254317596610434 ], [ -111.632963908932624, 40.25433226479926 ], [ -111.632971038834526, 40.254378708672455 ], [ -111.633018664845991, 40.254374450169252 ], [ -111.633044394492018, 40.254542051717962 ], [ -111.63316081363115, 40.254531642068166 ] ] ] } },
{ "type": "Feature", "properties": { "type": "Feature", "properties": { "height": 7.4112029075622559, "confidence": 0.93610000610351507 }, "id": 324 }, "geometry": { "type": "Polygon", "coordinates": [ [ [ -111.63542348998908, 40.250695679147022 ], [ -111.635478608630294, 40.250701906303604 ], [ -111.635482105348586, 40.250683877201055 ], [ -111.635558221567422, 40.250692476609117 ], [ -111.635578424828765, 40.250588308380188 ], [ -111.635609921195154, 40.250591866761084 ], [ -111.635626627738205, 40.250505727532122 ], [ -111.635463896511766, 40.250487342538676 ], [ -111.63542348998908, 40.250695679147022 ] ] ] } },
{ "type": "Feature", "properties": { "type": "Feature", "properties": { "height": 3.4336624145507812, "confidence": 0.89670002460479703 }, "id": 325 }, "geometry": { "type": "Polygon", "coordinates": [ [ [ -111.636210974772666, 40.254275439760427 ], [ -111.636011975141372, 40.254317925603772 ], [ -111.636034944431486, 40.254380573306769 ], [ -111.636076345069867, 40.254371734401097 ], [ -111.636121577115986, 40.254495133478997 ], [ -111.636152324338923, 40.254488569055127 ], [ -111.636176363058127, 40.254554133411048 ], [ -111.636279935568382, 40.254532015529179 ], [ -111.636260775449585, 40.254479744215722 ], [ -111.636291521363702, 40.254473180069787 ], [ -111.636256719409005, 40.254378259414928 ], [ -111.636249256922838, 40.254379852632105 ], [ -111.636210974772666, 40.254275439760427 ] ] ] } },
{ "type": "Feature", "properties": { "type": "Feature", "properties": { "height": 4.3139042854309082, "confidence": 0.96069997549057007 }, "id": 326 }, "geometry": { "type": "Polygon", "coordinates": [ [ [ -111.636490125011136, 40.259276610404058 ], [ -111.636473863886067, 40.25934603257933 ], [ -111.636583028626049, 40.259360923743252 ], [ -111.636599289751118, 40.25929150158327 ], [ -111.636490125011136, 40.259276610404058 ] ] ] } },
{ "type": "Feature", "properties": { "type": "Feature", "properties": { "height": 5.5945749282836914, "confidence": 0.97269999980926503 }, "id": 327 }, "geometry": { "type": "Polygon", "coordinates": [ [ [ -111.638697054744739, 40.252086088249413 ], [ -111.638586669107269, 40.251938681095723 ], [ -111.638477491973333, 40.25198630377966 ], [ -111.638505830227928, 40.252024146219924 ], [ -111.638431902930606, 40.25205638906246 ], [ -111.638487364237989, 40.252130460156593 ], [ -111.638532990619225, 40.252110560572333 ], [ -111.638559568282474, 40.252146051883265 ], [ -111.638697054744739, 40.252086088249413 ] ] ] } },
{ "type": "Feature", "properties": { "type": "Feature", "properties": { "height": 5.5615859031677246, "confidence": 0.98110002279281605 }, "id": 328 }, "geometry": { "type": "Polygon", "coordinates": [ [ [ -111.638846300494919, 40.252628346290145 ], [ -111.638786521334069, 40.252544751682308 ], [ -111.638645990679862, 40.252603287700566 ], [ -111.638718176836349, 40.252704232032428 ], [ -111.63879050879072, 40.252674103250754 ], [ -111.638778101795069, 40.252656753446715 ], [ -111.638846300494919, 40.252628346290145 ] ] ] } },
{ "type": "Feature", "properties": { "type": "Feature", "properties": { "height": 5.9360747337341309, "confidence": 0.94620001316070512 }, "id": 329 }, "geometry": { "type": "Polygon", "coordinates": [ [ [ -111.636664208070599, 40.257283119655746 ], [ -111.636598724816977, 40.257179155929755 ], [ -111.636576936354004, 40.257187147515047 ], [ -111.636529806298242, 40.25711232194017 ], [ -111.636387196473834, 40.257164628490258 ], [ -111.636499800955718, 40.25734342965972 ], [ -111.636664208070599, 40.257283119655746 ] ] ] } },
{ "type": "Feature", "properties": { "type": "Feature", "properties": { "height": 6.7295241355895996, "confidence": 0.95020002126693703 }, "id": 330 }, "geometry": { "type": "Polygon", "coordinates": [ [ [ -111.634733587022055, 40.263752297187096 ], [ -111.634644080545414, 40.263750619315537 ], [ -111.634642330441991, 40.263804981442803 ], [ -111.634519023030322, 40.263802676532521 ], [ -111.634519088882001, 40.263800631031962 ], [ -111.634427948621209, 40.263798927402533 ], [ -111.63442412922231, 40.263917566335955 ], [ -111.634517950079029, 40.263919320069071 ], [ -111.634517461442016, 40.263934498193784 ], [ -111.634632726867949, 40.263936658931861 ], [ -111.634633121977487, 40.263924385972963 ], [ -111.634728005574104, 40.263926164638434 ], [ -111.634733587022055, 40.263752297187096 ] ] ] } },
{ "type": "Feature", "properties": { "type": "Feature", "properties": { "height": 5.611793041229248, "confidence": 0.96710002422332708 }, "id": 331 }, "geometry": { "type": "Polygon", "coordinates": [ [ [ -111.63850364784048, 40.261564660438232 ], [ -111.638557939924993, 40.261713880732771 ], [ -111.638539531238735, 40.261717781007498 ], [ -111.638561661379271, 40.261778589660913 ], [ -111.638736950225066, 40.261741450986328 ], [ -111.63866053034765, 40.261531413055401 ], [ -111.63850364784048, 40.261564660438232 ] ] ] } },
{ "type": "Feature", "properties": { "type": "Feature", "properties": { "height": 5.0152068138122559, "confidence": 0.98350000381469704 }, "id": 332 }, "geometry": { "type": "Polygon", "coordinates": [ [ [ -111.630668009510401, 40.257808869516211 ], [ -111.63067390822988, 40.257657531700545 ], [ -111.630499718763147, 40.257653577605673 ], [ -111.630491508383372, 40.257864223404233 ], [ -111.630630859956753, 40.257867386670284 ], [ -111.630633171617077, 40.257808078699021 ], [ -111.630668009510401, 40.257808869516211 ] ] ] } },
{ "type": "Feature", "properties": { "type": "Feature", "properties": { "height": 5.1382656097412109, "confidence": 0.99879997968673706 }, "id": 333 }, "geometry": { "type": "Polygon", "coordinates": [ [ [ -111.63177833943864, 40.258009332454471 ], [ -111.631687196094646, 40.258007672434417 ], [ -111.631689788088934, 40.257924547315802 ], [ -111.631547711463284, 40.257921967218415 ], [ -111.63154458574148, 40.258022208940666 ], [ -111.631600880253529, 40.2580232312419 ], [ -111.631596989048859, 40.258148021747964 ], [ -111.631773914658183, 40.258151234688661 ], [ -111.63177833943864, 40.258009332454471 ] ] ] } },
{ "type": "Feature", "properties": { "type": "Feature", "properties": { "height": 6.2386026382446289, "confidence": 0.98839998245239202 }, "id": 334 }, "geometry": { "type": "Polygon", "coordinates": [ [ [ -111.637652758312669, 40.263124418498052 ], [ -111.637874632938292, 40.263134253780997 ], [ -111.637890627539676, 40.262924147041865 ], [ -111.6377730072562, 40.262918933140909 ], [ -111.637764466449639, 40.263031126149713 ], [ -111.637660212107491, 40.263026504744822 ], [ -111.637652758312669, 40.263124418498052 ] ] ] } },
{ "type": "Feature", "properties": { "type": "Feature", "properties": { "height": 3.7552890777587891, "confidence": 0.92930001020431507 }, "id": 335 }, "geometry": { "type": "Polygon", "coordinates": [ [ [ -111.637997960898701, 40.255158024297373 ], [ -111.637912391970858, 40.25520143535951 ], [ -111.638022446770904, 40.255327784216718 ], [ -111.638108015698776, 40.255284373235646 ], [ -111.637997960898701, 40.255158024297373 ] ] ] } },
{ "type": "Feature", "properties": { "type": "Feature", "properties": { "height": 5.5002703666687012, "confidence": 0.97890001535415605 }, "id": 336 }, "geometry": { "type": "Polygon", "coordinates": [ [ [ -111.630965351685731, 40.250983850663317 ], [ -111.631031851483598, 40.251150595482436 ], [ -111.631127587854309, 40.251128354987294 ], [ -111.631105919380815, 40.251074022433045 ], [ -111.631129314003104, 40.251068587628033 ], [ -111.631084473244528, 40.250956177491005 ], [ -111.630965351685731, 40.250983850663317 ] ] ] } },
{ "type": "Feature", "properties": { "type": "Feature", "properties": { "height": 6.324099063873291, "confidence": 0.96189999580383312 }, "id": 337 }, "geometry": { "type": "Polygon", "coordinates": [ [ [ -111.631689851167891, 40.264376614837595 ], [ -111.631802950897281, 40.264598954524942 ], [ -111.631998755283021, 40.264540959043245 ], [ -111.631972516145794, 40.264489376256684 ], [ -111.631988833177928, 40.264484543293939 ], [ -111.631901972585766, 40.264313786190364 ], [ -111.631689851167891, 40.264376614837595 ] ] ] } },
{ "type": "Feature", "properties": { "type": "Feature", "properties": { "height": 6.7178540229797363, "confidence": 0.95429998636245705 }, "id": 338 }, "geometry": { "type": "Polygon", "coordinates": [ [ [ -111.632287744625316, 40.264286708637059 ], [ -111.632502179698776, 40.264327844983299 ], [ -111.632541735349946, 40.26420778206024 ], [ -111.632294500232504, 40.264160366605473 ], [ -111.63227230207066, 40.264227744566021 ], [ -111.632305098565837, 40.264234034366893 ], [ -111.632287744625316, 40.264286708637059 ] ] ] } },
{ "type": "Feature", "properties": { "type": "Feature", "properties": { "height": 4.721099853515625, "confidence": 0.99599999189376809 }, "id": 339 }, "geometry": { "type": "Polygon", "coordinates": [ [ [ -111.632681331577984, 40.258806404114431 ], [ -111.632696913658378, 40.259050164788405 ], [ -111.632672831086595, 40.259051061314544 ], [ -111.632676355488726, 40.259106195719369 ], [ -111.632772685775834, 40.259102609617685 ], [ -111.632768769773463, 40.259041349161862 ], [ -111.632973514175262, 40.259033727104573 ], [ -111.632970899770328, 40.258992886904387 ], [ -111.633008361421048, 40.258991492311729 ], [ -111.633004309093437, 40.258928189951412 ], [ -111.632960124826297, 40.258929834809841 ], [ -111.632956992024418, 40.258880826324472 ], [ -111.63284460668946, 40.258885010123443 ], [ -111.632843431888716, 40.258866631933415 ], [ -111.63280061842778, 40.258868225761965 ], [ -111.632796392362323, 40.258802114565306 ], [ -111.632681331577984, 40.258806404114431 ] ] ] } },
{ "type": "Feature", "properties": { "type": "Feature", "properties": { "height": 5.2396984100341797, "confidence": 0.98530000448226907 }, "id": 340 }, "geometry": { "type": "Polygon", "coordinates": [ [ [ -111.63303540218746, 40.263348439991731 ], [ -111.633007068181172, 40.263570207931735 ], [ -111.633131945030655, 40.263579498265507 ], [ -111.633149041549373, 40.263445685323155 ], [ -111.633162326320601, 40.263446673658429 ], [ -111.633168383943783, 40.263399261113754 ], [ -111.633149785138372, 40.263397878427369 ], [ -111.63315496593664, 40.263357328695903 ], [ -111.63303540218746, 40.263348439991731 ] ] ] } },
{ "type": "Feature", "properties": { "type": "Feature", "properties": { "height": 7.8078141212463379, "confidence": 0.95920002460479703 }, "id": 341 }, "geometry": { "type": "Polygon", "coordinates": [ [ [ -111.634077894412087, 40.250935305071572 ], [ -111.634209304269035, 40.250934118772896 ], [ -111.634207464449958, 40.250815402273837 ], [ -111.63407605459301, 40.25081658857458 ], [ -111.634077894412087, 40.250935305071572 ] ] ] } },
{ "type": "Feature", "properties": { "type": "Feature", "properties": { "height": 2.268965482711792, "confidence": 0.9980999827384941 }, "id": 342 }, "geometry": { "type": "Polygon", "coordinates": [ [ [ -111.635651296982033, 40.247391341674415 ], [ -111.635574906192602, 40.247237352835235 ], [ -111.635475437821199, 40.247266094043368 ], [ -111.635551816260332, 40.247420086385766 ], [ -111.635651296982033, 40.247391341674415 ] ] ] } },
{ "type": "Feature", "properties": { "type": "Feature", "properties": { "height": 5.134274959564209, "confidence": 0.98350000381469704 }, "id": 343 }, "geometry": { "type": "Polygon", "coordinates": [ [ [ -111.636312894552205, 40.250675798035743 ], [ -111.636362475491794, 40.250740658608827 ], [ -111.636430513982205, 40.250710365697465 ], [ -111.636464371881928, 40.250754657758279 ], [ -111.636612455655111, 40.250688726123926 ], [ -111.636529010231868, 40.250579564741727 ], [ -111.636312894552205, 40.250675798035743 ] ] ] } },
{ "type": "Feature", "properties": { "type": "Feature", "properties": { "height": 5.1548948287963867, "confidence": 0.99430000782012906 }, "id": 344 }, "geometry": { "type": "Polygon", "coordinates": [ [ [ -111.637662619471868, 40.264105094528468 ], [ -111.637659714255861, 40.263989492359123 ], [ -111.637598046127266, 40.263990394775426 ], [ -111.637597531950973, 40.263969935038709 ], [ -111.637435591190012, 40.263972304788325 ], [ -111.63743600103038, 40.263988672599574 ], [ -111.637383445453409, 40.263989441668002 ], [ -111.637386453134155, 40.264109121033421 ], [ -111.637662619471868, 40.264105094528468 ] ] ] } },
{ "type": "Feature", "properties": { "type": "Feature", "properties": { "height": 4.8697857856750488, "confidence": 0.99889999628067005 }, "id": 345 }, "geometry": { "type": "Polygon", "coordinates": [ [ [ -111.630304662394963, 40.264410066063931 ], [ -111.63029965101984, 40.264311973107617 ], [ -111.630200560148381, 40.264314926093526 ], [ -111.630205571523533, 40.264413019045556 ], [ -111.630304662394963, 40.264410066063931 ] ] ] } },
{ "type": "Feature", "properties": { "type": "Feature", "properties": { "height": 5.4708271026611328, "confidence": 0.97200000286102306 }, "id": 346 }, "geometry": { "type": "Polygon", "coordinates": [ [ [ -111.634141640915516, 40.252394834778748 ], [ -111.63411385062787, 40.25230138908239 ], [ -111.634289855782939, 40.252270900090615 ], [ -111.634249907244467, 40.252136571615502 ], [ -111.633999928908267, 40.252179874903064 ], [ -111.634017297838042, 40.252238278583278 ], [ -111.633996891443246, 40.252241813541254 ], [ -111.634024681730907, 40.252335259319885 ], [ -111.633976216543275, 40.252343654832742 ], [ -111.633998796151985, 40.252419579423446 ], [ -111.634141640915516, 40.252394834778748 ] ] ] } },
{ "type": "Feature", "properties": { "type": "Feature", "properties": { "height": 5.6300406455993652, "confidence": 0.95730000734329213 }, "id": 347 }, "geometry": { "type": "Polygon", "coordinates": [ [ [ -111.63460629811452, 40.250244502809153 ], [ -111.634491429253089, 40.250293124544477 ], [ -111.634591069829042, 40.250430232582723 ], [ -111.634757214499686, 40.250359898059564 ], [ -111.634701467011325, 40.250283188012162 ], [ -111.634650187791962, 40.25030489623073 ], [ -111.63460629811452, 40.250244502809153 ] ] ] } },
{ "type": "Feature", "properties": { "type": "Feature", "properties": { "height": 4.8552761077880859, "confidence": 0.99730002880096402 }, "id": 348 }, "geometry": { "type": "Polygon", "coordinates": [ [ [ -111.635908303693682, 40.248720344055052 ], [ -111.635695900239256, 40.248790452955106 ], [ -111.635749203783945, 40.248884527826732 ], [ -111.635858688943046, 40.248848383811314 ], [ -111.635879212276492, 40.248884599352486 ], [ -111.635982122358328, 40.248850625948656 ], [ -111.635908303693682, 40.248720344055052 ] ] ] } },
{ "type": "Feature", "properties": { "type": "Feature", "properties": { "height": 6.337822437286377, "confidence": 0.8751999735832211 }, "id": 349 }, "geometry": { "type": "Polygon", "coordinates": [ [ [ -111.637231345638185, 40.262959140291017 ], [ -111.637351567505888, 40.262964918964848 ], [ -111.637358559982502, 40.262880303144442 ], [ -111.637375553354119, 40.262881120869061 ], [ -111.637385565409517, 40.262759830385107 ], [ -111.637404266671055, 40.262760729296552 ], [ -111.637410324910476, 40.262687336990062 ], [ -111.637127134378531, 40.262673724886405 ], [ -111.637120571285834, 40.262753233230825 ], [ -111.637165988635303, 40.26275541630168 ], [ -111.637163800937714, 40.262781919061524 ], [ -111.63721723311356, 40.262784487379086 ], [ -111.637210755754808, 40.26286295697485 ], [ -111.637239180992935, 40.262864324803616 ], [ -111.637231345638185, 40.262959140291017 ] ] ] } },
{ "type": "Feature", "properties": { "type": "Feature", "properties": { "height": 6.8655376434326172, "confidence": 0.98930001258850109 }, "id": 350 }, "geometry": { "type": "Polygon", "coordinates": [ [ [ -111.629947824402052, 40.254266335831339 ], [ -111.62993917311816, 40.254063895892351 ], [ -111.629853433632832, 40.254066030048051 ], [ -111.629858553215257, 40.254185828284804 ], [ -111.629802286549719, 40.254187225819706 ], [ -111.629805818379467, 40.25426987051609 ], [ -111.629947824402052, 40.254266335831339 ] ] ] } },
{ "type": "Feature", "properties": { "type": "Feature", "properties": { "height": 8.5962457656860352, "confidence": 0.96869999170303311 }, "id": 351 }, "geometry": { "type": "Polygon", "coordinates": [ [ [ -111.631199165745116, 40.249319566431524 ], [ -111.631078114426344, 40.249353676425486 ], [ -111.631080908058394, 40.249385643921912 ], [ -111.631036073776912, 40.249398277372229 ], [ -111.631020387409009, 40.249365848475236 ], [ -111.630783335884175, 40.249432645092391 ], [ -111.630793801275445, 40.249552526009495 ], [ -111.630945209809397, 40.249509862043659 ], [ -111.630980404230257, 40.249582620344846 ], [ -111.63111730849802, 40.249544036102918 ], [ -111.631076888401026, 40.249460474577241 ], [ -111.631105214066039, 40.249452492949608 ], [ -111.631147915845318, 40.249540771464176 ], [ -111.631218783362911, 40.249520802382584 ], [ -111.631223590442289, 40.249575809586567 ], [ -111.631270986839809, 40.249573399290412 ], [ -111.631498545404256, 40.250043834944265 ], [ -111.631439533602162, 40.250060463188831 ], [ -111.631399446217529, 40.249977590120928 ], [ -111.631194085146177, 40.250035456450995 ], [ -111.631242015714733, 40.250134543718211 ], [ -111.631198343968236, 40.250146849452051 ], [ -111.631224504221436, 40.250200920441912 ], [ -111.631262460062885, 40.250198988226074 ], [ -111.631270918281231, 40.250216473940256 ], [ -111.631594302956856, 40.250125351319952 ], [ -111.631576002194308, 40.250087518011732 ], [ -111.631599606915145, 40.25008086671707 ], [ -111.631569977109137, 40.250019612738605 ], [ -111.631641956589888, 40.249999330470963 ], [ -111.631366527744774, 40.249430038911804 ], [ -111.631266268541111, 40.249458290032329 ], [ -111.631199165745116, 40.249319566431524 ] ] ] } },
{ "type": "Feature", "properties": { "type": "Feature", "properties": { "height": 6.2860908508300781, "confidence": 0.97850000858306807 }, "id": 352 }, "geometry": { "type": "Polygon", "coordinates": [ [ [ -111.632488956826137, 40.264664229720822 ], [ -111.632807527201336, 40.26465357919551 ], [ -111.632797189185396, 40.26447381447705 ], [ -111.632552464160952, 40.26448199620782 ], [ -111.632553402484547, 40.264498338522742 ], [ -111.632479558629839, 40.264500807294965 ], [ -111.632488956826137, 40.264664229720822 ] ] ] } },
{ "type": "Feature", "properties": { "type": "Feature", "properties": { "height": 5.1537113189697275, "confidence": 1.0 }, "id": 353 }, "geometry": { "type": "Polygon", "coordinates": [ [ [ -111.63509394546341, 40.261352133929137 ], [ -111.634970597929765, 40.261353695247074 ], [ -111.634974464577397, 40.261530833549422 ], [ -111.635097811967256, 40.261529265649585 ], [ -111.63509394546341, 40.261352133929137 ] ] ] } },
{ "type": "Feature", "properties": { "type": "Feature", "properties": { "height": 5.4801182746887207, "confidence": 0.9779999852180481 }, "id": 354 }, "geometry": { "type": "Polygon", "coordinates": [ [ [ -111.635547200164623, 40.24841101196737 ], [ -111.63559657040085, 40.248501834831664 ], [ -111.635840418825737, 40.248424628993995 ], [ -111.635791055695123, 40.248333803776362 ], [ -111.635547200164623, 40.24841101196737 ] ] ] } },
{ "type": "Feature", "properties": { "type": "Feature", "properties": { "height": 5.1880054473876953, "confidence": 0.96649998426437311 }, "id": 355 }, "geometry": { "type": "Polygon", "coordinates": [ [ [ -111.630542021378915, 40.25616257274897 ], [ -111.630397217523651, 40.256164297517529 ], [ -111.63040164856136, 40.256379995188084 ], [ -111.630546452257775, 40.25637826269255 ], [ -111.630542021378915, 40.25616257274897 ] ] ] } },
{ "type": "Feature", "properties": { "type": "Feature", "properties": { "height": 6.0173234939575186, "confidence": 0.99489998817443803 }, "id": 356 }, "geometry": { "type": "Polygon", "coordinates": [ [ [ -111.63371478821513, 40.263279227763057 ], [ -111.633611923388514, 40.263277282983729 ], [ -111.633607394504708, 40.263416376037007 ], [ -111.633741422449717, 40.263418909986179 ], [ -111.633743353885464, 40.263359590927124 ], [ -111.633712198079351, 40.263359001891025 ], [ -111.63371478821513, 40.263279227763057 ] ] ] } },
{ "type": "Feature", "properties": { "type": "Feature", "properties": { "height": 4.9021310806274414, "confidence": 0.98189997673034612 }, "id": 357 }, "geometry": { "type": "Polygon", "coordinates": [ [ [ -111.634961662157195, 40.250314224753865 ], [ -111.634897988400482, 40.250214100200246 ], [ -111.63484154763718, 40.250235008720558 ], [ -111.634905219842111, 40.250335130803109 ], [ -111.634961662157195, 40.250314224753865 ] ] ] } },
{ "type": "Feature", "properties": { "type": "Feature", "properties": { "height": 4.8775510787963867, "confidence": 0.98170000314712502 }, "id": 358 }, "geometry": { "type": "Polygon", "coordinates": [ [ [ -111.636080872679173, 40.248226775282696 ], [ -111.635829554473929, 40.24830429233598 ], [ -111.635882664638274, 40.248404601290567 ], [ -111.636133982843518, 40.248327084352191 ], [ -111.636080872679173, 40.248226775282696 ] ] ] } },
{ "type": "Feature", "properties": { "type": "Feature", "properties": { "height": 5.1349735260009775, "confidence": 0.99830001592636108 }, "id": 359 }, "geometry": { "type": "Polygon", "coordinates": [ [ [ -111.636302394944039, 40.248114631930186 ], [ -111.636136531989166, 40.248165950587001 ], [ -111.636212173297551, 40.248308370288164 ], [ -111.636308926687889, 40.248278434472738 ], [ -111.636279043701862, 40.248222169910363 ], [ -111.636348153266397, 40.248200787159192 ], [ -111.636302394944039, 40.248114631930186 ] ] ] } },
{ "type": "Feature", "properties": { "type": "Feature", "properties": { "height": 6.4593057632446289, "confidence": 0.98339998722076405 }, "id": 360 }, "geometry": { "type": "Polygon", "coordinates": [ [ [ -111.63865784423183, 40.259032796605354 ], [ -111.638461136060982, 40.258718765250777 ], [ -111.638325767228764, 40.258768140019889 ], [ -111.638522479086149, 40.259082177030585 ], [ -111.63865784423183, 40.259032796605354 ] ] ] } },
{ "type": "Feature", "properties": { "type": "Feature", "properties": { "height": 6.4573020935058594, "confidence": 0.98439997434616011 }, "id": 361 }, "geometry": { "type": "Polygon", "coordinates": [ [ [ -111.639205572715809, 40.258881643490426 ], [ -111.638980357841021, 40.258594766639028 ], [ -111.638854036462632, 40.258652520453325 ], [ -111.639079255235046, 40.258939402024588 ], [ -111.639205572715809, 40.258881643490426 ] ] ] } },
{ "type": "Feature", "properties": { "type": "Feature", "properties": { "height": 4.8541779518127441, "confidence": 0.98769998550415006 }, "id": 362 }, "geometry": { "type": "Polygon", "coordinates": [ [ [ -111.631734963513296, 40.251025358780623 ], [ -111.63168337507858, 40.25095845819601 ], [ -111.631711265482181, 40.250945930291401 ], [ -111.631697295075739, 40.250927813263374 ], [ -111.631715625790605, 40.250832306790748 ], [ -111.631547570594634, 40.250813517893597 ], [ -111.631534492373547, 40.25088165791832 ], [ -111.631442587188246, 40.250871382748336 ], [ -111.631436432731263, 40.250903448623461 ], [ -111.631525712054128, 40.250913430212456 ], [ -111.631519209626873, 40.250947309056478 ], [ -111.631619417555484, 40.251077260023692 ], [ -111.631734963513296, 40.251025358780623 ] ] ] } },
{ "type": "Feature", "properties": { "type": "Feature", "properties": { "height": 5.28057861328125, "confidence": 0.99150002002716009 }, "id": 363 }, "geometry": { "type": "Polygon", "coordinates": [ [ [ -111.636241456891753, 40.255797660789774 ], [ -111.636297255551554, 40.255699446688787 ], [ -111.636195656054767, 40.255665827920645 ], [ -111.636159435872074, 40.25572958098148 ], [ -111.636060094141882, 40.255696709311898 ], [ -111.635999400862801, 40.255803538682422 ], [ -111.63606939162726, 40.255826698232902 ], [ -111.636080159789685, 40.255807744653701 ], [ -111.636120799588383, 40.255821192134761 ], [ -111.636137441293954, 40.255791900235018 ], [ -111.636182596625858, 40.255806841883967 ], [ -111.636196301559849, 40.2557827191388 ], [ -111.636241456891753, 40.255797660789774 ] ] ] } },
{ "type": "Feature", "properties": { "type": "Feature", "properties": { "height": 3.6993885040283199, "confidence": 0.96859997510910012 }, "id": 364 }, "geometry": { "type": "Polygon", "coordinates": [ [ [ -111.638318744767844, 40.263282816196956 ], [ -111.63825514726534, 40.263211412719663 ], [ -111.638209278465069, 40.263235199580713 ], [ -111.638186188838034, 40.263209275917056 ], [ -111.638033221887511, 40.263288610386802 ], [ -111.63805505798895, 40.263313129162668 ], [ -111.63800070447796, 40.263341316022156 ], [ -111.638065548990326, 40.263414119427068 ], [ -111.638318744767844, 40.263282816196956 ] ] ] } },
{ "type": "Feature", "properties": { "type": "Feature", "properties": { "height": 5.125732421875, "confidence": 0.98199999332427912 }, "id": 365 }, "geometry": { "type": "Polygon", "coordinates": [ [ [ -111.636828524822221, 40.264443249291659 ], [ -111.636993246241715, 40.264443891484738 ], [ -111.636994849555634, 40.264204432000923 ], [ -111.63683015009876, 40.264203789891191 ], [ -111.636828524822221, 40.264443249291659 ] ] ] } },
{ "type": "Feature", "properties": { "type": "Feature", "properties": { "height": 7.4842085838317871, "confidence": 0.96979999542236306 }, "id": 366 }, "geometry": { "type": "Polygon", "coordinates": [ [ [ -111.640633769841742, 40.261032778514981 ], [ -111.640508722838618, 40.261085773483209 ], [ -111.640653307646886, 40.261284443452553 ], [ -111.64077835465001, 40.261231448639947 ], [ -111.640633769841742, 40.261032778514981 ] ] ] } },
{ "type": "Feature", "properties": { "type": "Feature", "properties": { "height": 4.2549862861633301, "confidence": 0.98220002651214611 }, "id": 367 }, "geometry": { "type": "Polygon", "coordinates": [ [ [ -111.63090481893083, 40.254900094778968 ], [ -111.630727920909862, 40.254903723120314 ], [ -111.630733179407486, 40.255053046148532 ], [ -111.631030689715473, 40.255046943951427 ], [ -111.631025170755777, 40.254890224684232 ], [ -111.630982286467656, 40.254891106571243 ], [ -111.630981394301728, 40.254865772126209 ], [ -111.630903666383418, 40.25486736639823 ], [ -111.63090481893083, 40.254900094778968 ] ] ] } },
{ "type": "Feature", "properties": { "type": "Feature", "properties": { "height": 4.7885875701904297, "confidence": 0.98830002546310403 }, "id": 368 }, "geometry": { "type": "Polygon", "coordinates": [ [ [ -111.632625541284, 40.249194875942138 ], [ -111.632629937023097, 40.249422062258617 ], [ -111.632750610112012, 40.249420702123672 ], [ -111.63275096652329, 40.249439122602766 ], [ -111.632804599007244, 40.249438518098522 ], [ -111.632803371368396, 40.249375069759964 ], [ -111.632773873502231, 40.249375402237611 ], [ -111.63277034899069, 40.249193243774727 ], [ -111.632625541284, 40.249194875942138 ] ] ] } },
{ "type": "Feature", "properties": { "type": "Feature", "properties": { "height": 5.4833502769470206, "confidence": 0.95759999752044611 }, "id": 369 }, "geometry": { "type": "Polygon", "coordinates": [ [ [ -111.636430065984683, 40.24941453826596 ], [ -111.636328227694804, 40.249421202286378 ], [ -111.636104189097168, 40.249364211909359 ], [ -111.63607988584107, 40.249365802249521 ], [ -111.636036709919921, 40.24946467673864 ], [ -111.636225093904216, 40.24951260737965 ], [ -111.636230948731651, 40.249564727961044 ], [ -111.636342204145436, 40.249557447725103 ], [ -111.636351406547078, 40.249536373918986 ], [ -111.636443067660693, 40.249530375875516 ], [ -111.636430065984683, 40.24941453826596 ] ] ] } },
{ "type": "Feature", "properties": { "type": "Feature", "properties": { "height": 6.0405535697937012, "confidence": 0.96319997310638406 }, "id": 370 }, "geometry": { "type": "Polygon", "coordinates": [ [ [ -111.636763537535288, 40.254263872824495 ], [ -111.636688711585421, 40.254178084684995 ], [ -111.636595779898229, 40.25422529625429 ], [ -111.636564849282436, 40.254189834218572 ], [ -111.636504187185039, 40.254220652045653 ], [ -111.636561095371462, 40.254285904253891 ], [ -111.636574106227712, 40.254279294428706 ], [ -111.636642737153721, 40.254357988118187 ], [ -111.636688540387283, 40.254334721451926 ], [ -111.636668744154065, 40.254312025055171 ], [ -111.636763537535288, 40.254263872824495 ] ] ] } },
{ "type": "Feature", "properties": { "type": "Feature", "properties": { "height": 6.5543417930603027, "confidence": 0.97990000247955311 }, "id": 371 }, "geometry": { "type": "Polygon", "coordinates": [ [ [ -111.640476399971618, 40.258848721701405 ], [ -111.640044578038527, 40.258744818618702 ], [ -111.63999996284528, 40.25885280271379 ], [ -111.640431784778372, 40.258956705630659 ], [ -111.640476399971618, 40.258848721701405 ] ] ] } },
{ "type": "Feature", "properties": { "type": "Feature", "properties": { "height": 3.8866410255432129, "confidence": 0.98540002107620206 }, "id": 372 }, "geometry": { "type": "Polygon", "coordinates": [ [ [ -111.632494610365271, 40.260635904594864 ], [ -111.632347302410381, 40.260631624609857 ], [ -111.63233537141079, 40.260870756341497 ], [ -111.632458574427616, 40.260874335952693 ], [ -111.632466426452964, 40.260716958762636 ], [ -111.632490531391056, 40.26071765912296 ], [ -111.632494610365271, 40.260635904594864 ] ] ] } },
{ "type": "Feature", "properties": { "type": "Feature", "properties": { "height": 4.1252355575561523, "confidence": 0.99839997291564908 }, "id": 373 }, "geometry": { "type": "Polygon", "coordinates": [ [ [ -111.632531558863761, 40.260194846109222 ], [ -111.632417438657228, 40.26019361489427 ], [ -111.632420030585379, 40.260053709360157 ], [ -111.63228862847771, 40.260052298710185 ], [ -111.63228457180513, 40.26027126721295 ], [ -111.632530101481422, 40.260273903055811 ], [ -111.632531558863761, 40.260194846109222 ] ] ] } },
{ "type": "Feature", "properties": { "type": "Feature", "properties": { "height": 4.2169275283813477, "confidence": 0.97890001535415605 }, "id": 374 }, "geometry": { "type": "Polygon", "coordinates": [ [ [ -111.637065783155464, 40.252393821654785 ], [ -111.63692975986244, 40.252219090547179 ], [ -111.636821576645332, 40.252268146015325 ], [ -111.636916363186671, 40.252389920034339 ], [ -111.636950066423822, 40.252374639198983 ], [ -111.636991288007152, 40.252427597271428 ], [ -111.637065783155464, 40.252393821654785 ] ] ] } },
{ "type": "Feature", "properties": { "type": "Feature", "properties": { "height": 2.4206521511077881, "confidence": 0.98799997568130404 }, "id": 375 }, "geometry": { "type": "Polygon", "coordinates": [ [ [ -111.637402535034227, 40.252814569185986 ], [ -111.637345245631067, 40.252843031564225 ], [ -111.637397978760688, 40.252904856509318 ], [ -111.637455264181554, 40.252876396135548 ], [ -111.637402535034227, 40.252814569185986 ] ] ] } },
{ "type": "Feature", "properties": { "type": "Feature", "properties": { "height": 4.3545489311218262, "confidence": 0.97530001401901212 }, "id": 376 }, "geometry": { "type": "Polygon", "coordinates": [ [ [ -111.633689837843448, 40.24900494886063 ], [ -111.63353378284971, 40.249026006162858 ], [ -111.633559992617947, 40.249139158622981 ], [ -111.63358340086701, 40.249136000033339 ], [ -111.633602253507306, 40.249217390286212 ], [ -111.633734900251966, 40.249199491630343 ], [ -111.633689837843448, 40.24900494886063 ] ] ] } },
{ "type": "Feature", "properties": { "type": "Feature", "properties": { "height": 2.704109668731689, "confidence": 0.95620000362396207 }, "id": 377 }, "geometry": { "type": "Polygon", "coordinates": [ [ [ -111.638795263735972, 40.253507121235714 ], [ -111.638819515756964, 40.253532537489768 ], [ -111.638871023386571, 40.253503913199538 ], [ -111.638846772888755, 40.253478496088249 ], [ -111.638795263735972, 40.253507121235714 ] ] ] } },
{ "type": "Feature", "properties": { "type": "Feature", "properties": { "height": 5.4853520393371582, "confidence": 0.97039997577667203 }, "id": 378 }, "geometry": { "type": "Polygon", "coordinates": [ [ [ -111.640601740715439, 40.257548754893051 ], [ -111.640578180972355, 40.257603020161561 ], [ -111.640526298755276, 40.257589901684362 ], [ -111.64049986796914, 40.257650766943037 ], [ -111.640666629813566, 40.25769293281683 ], [ -111.640716622426183, 40.257577809013661 ], [ -111.640601740715439, 40.257548754893051 ] ] ] } },
{ "type": "Feature", "properties": { "type": "Feature", "properties": { "height": 5.9471216201782227, "confidence": 0.98290002346038807 }, "id": 379 }, "geometry": { "type": "Polygon", "coordinates": [ [ [ -111.630940688772299, 40.255799388812932 ], [ -111.630861907786112, 40.255804627698673 ], [ -111.630869008360364, 40.255866816896052 ], [ -111.631088871726078, 40.255852207877325 ], [ -111.631083861421871, 40.255808290683625 ], [ -111.63113285711573, 40.255805032501208 ], [ -111.631123490357766, 40.25572299522446 ], [ -111.631053205598505, 40.255727665367644 ], [ -111.631048801922049, 40.255689065424107 ], [ -111.630982251184562, 40.255693487458593 ], [ -111.630987118405912, 40.255736150550021 ], [ -111.630933877815934, 40.255739688175176 ], [ -111.630940688772299, 40.255799388812932 ] ] ] } },
{ "type": "Feature", "properties": { "type": "Feature", "properties": { "height": 5.8570961952209473, "confidence": 0.94580000638961703 }, "id": 380 }, "geometry": { "type": "Polygon", "coordinates": [ [ [ -111.632086295563809, 40.251923980674789 ], [ -111.631917321826435, 40.251924711775629 ], [ -111.63191882714159, 40.252127366947597 ], [ -111.632066343896412, 40.252126728686868 ], [ -111.632066100613173, 40.252093976376656 ], [ -111.632087557595682, 40.252093883538684 ], [ -111.632086295563809, 40.251923980674789 ] ] ] } },
{ "type": "Feature", "properties": { "type": "Feature", "properties": { "height": 5.2478127479553223, "confidence": 0.92619997262954712 }, "id": 381 }, "geometry": { "type": "Polygon", "coordinates": [ [ [ -111.632251448576426, 40.249318182001808 ], [ -111.632111975216844, 40.249317831831846 ], [ -111.632112328135264, 40.249235945882575 ], [ -111.631954079515737, 40.249235548573871 ], [ -111.631953506023322, 40.249368613191884 ], [ -111.632058111043008, 40.249368875819158 ], [ -111.632057969875646, 40.249401630146423 ], [ -111.632251086835069, 40.249402114996535 ], [ -111.632251448576426, 40.249318182001808 ] ] ] } },
{ "type": "Feature", "properties": { "type": "Feature", "properties": { "height": 5.8382978439331055, "confidence": 0.93260002136230402 }, "id": 382 }, "geometry": { "type": "Polygon", "coordinates": [ [ [ -111.632703027258259, 40.252506473468301 ], [ -111.632613472889233, 40.252508597392683 ], [ -111.632623237319947, 40.252747872946983 ], [ -111.632752964088866, 40.252744796281029 ], [ -111.632745969466782, 40.25257300840817 ], [ -111.63270577514551, 40.252573961679559 ], [ -111.632703027258259, 40.252506473468301 ] ] ] } },
{ "type": "Feature", "properties": { "type": "Feature", "properties": { "height": 4.7980647087097168, "confidence": 0.97630000114440907 }, "id": 383 }, "geometry": { "type": "Polygon", "coordinates": [ [ [ -111.635427726926565, 40.257092408740149 ], [ -111.635243971885984, 40.256911115450407 ], [ -111.635126498460735, 40.256980455162164 ], [ -111.635310257480313, 40.25716175219177 ], [ -111.635427726926565, 40.257092408740149 ] ] ] } },
{ "type": "Feature", "properties": { "type": "Feature", "properties": { "height": 5.6125168800354004, "confidence": 0.97699999809265103 }, "id": 384 }, "geometry": { "type": "Polygon", "coordinates": [ [ [ -111.63564470427653, 40.264612497599792 ], [ -111.635837142264975, 40.264603761826223 ], [ -111.635833008182445, 40.264550735085493 ], [ -111.635863525179346, 40.264549349757125 ], [ -111.635856998406695, 40.264465730926723 ], [ -111.635815798052903, 40.264467601231637 ], [ -111.63581214097988, 40.264420692868669 ], [ -111.635889650725218, 40.264417174283373 ], [ -111.635879792528385, 40.264290725484209 ], [ -111.635853065029977, 40.264291938791764 ], [ -111.635848540595262, 40.264233904841248 ], [ -111.635795085820249, 40.26423633430317 ], [ -111.635794362928408, 40.264227061920977 ], [ -111.635644688937404, 40.264233856449458 ], [ -111.635654157588561, 40.264355308743255 ], [ -111.63562475746231, 40.264356644944918 ], [ -111.63564470427653, 40.264612497599792 ] ] ] } },
{ "type": "Feature", "properties": { "type": "Feature", "properties": { "height": 4.5815067291259775, "confidence": 0.92869997024536111 }, "id": 385 }, "geometry": { "type": "Polygon", "coordinates": [ [ [ -111.636180316771771, 40.251391799307605 ], [ -111.636133314687569, 40.251323794726865 ], [ -111.635974804842249, 40.251387611002436 ], [ -111.636021797469709, 40.251455610858784 ], [ -111.636180316771771, 40.251391799307605 ] ] ] } },
{ "type": "Feature", "properties": { "type": "Feature", "properties": { "height": 6.3155326843261719, "confidence": 0.97699999809265103 }, "id": 386 }, "geometry": { "type": "Polygon", "coordinates": [ [ [ -111.636818949087953, 40.263035722215044 ], [ -111.63679172432407, 40.262980021189335 ], [ -111.636819980240361, 40.262971979316013 ], [ -111.636792755476478, 40.262916278237803 ], [ -111.636762144900501, 40.262924990274371 ], [ -111.636722625081944, 40.262844133799319 ], [ -111.636619020055548, 40.262873620719262 ], [ -111.636712989401857, 40.263065879206714 ], [ -111.636818949087953, 40.263035722215044 ] ] ] } },
{ "type": "Feature", "properties": { "type": "Feature", "properties": { "height": 4.900238037109375, "confidence": 0.97229999303817705 }, "id": 387 }, "geometry": { "type": "Polygon", "coordinates": [ [ [ -111.630649522286205, 40.258880595098198 ], [ -111.630513983043599, 40.258890541824265 ], [ -111.630538006640009, 40.259081185279264 ], [ -111.630535349007801, 40.259081380312537 ], [ -111.630540971551653, 40.259125998915792 ], [ -111.63067916842644, 40.259115857191162 ], [ -111.630649522286205, 40.258880595098198 ] ] ] } },
{ "type": "Feature", "properties": { "type": "Feature", "properties": { "height": 6.2560172080993652, "confidence": 0.97949999570846502 }, "id": 388 }, "geometry": { "type": "Polygon", "coordinates": [ [ [ -111.631994108623843, 40.260345639175192 ], [ -111.631984792122594, 40.260124809412851 ], [ -111.631845461670977, 40.260128232549867 ], [ -111.631854778172226, 40.260349062301025 ], [ -111.631994108623843, 40.260345639175192 ] ] ] } },
{ "type": "Feature", "properties": { "type": "Feature", "properties": { "height": 5.6362318992614746, "confidence": 0.99659997224807706 }, "id": 389 }, "geometry": { "type": "Polygon", "coordinates": [ [ [ -111.632665996740911, 40.258299735106306 ], [ -111.632657306918944, 40.258520600610574 ], [ -111.632863650991354, 40.258525328638022 ], [ -111.632867915441025, 40.258416941034504 ], [ -111.632766083301391, 40.258414607718571 ], [ -111.632770508673687, 40.25830212982936 ], [ -111.632665996740911, 40.258299735106306 ] ] ] } },
{ "type": "Feature", "properties": { "type": "Feature", "properties": { "height": 3.5117335319519039, "confidence": 0.95910000801086404 }, "id": 390 }, "geometry": { "type": "Polygon", "coordinates": [ [ [ -111.633732291270221, 40.251663451063976 ], [ -111.633675697483397, 40.25154869756674 ], [ -111.633548835007232, 40.251585148619 ], [ -111.633583321846061, 40.251655076516869 ], [ -111.633624551876352, 40.251643230018139 ], [ -111.633646662424681, 40.251688054529069 ], [ -111.633732291270221, 40.251663451063976 ] ] ] } },
{ "type": "Feature", "properties": { "type": "Feature", "properties": { "height": 7.5444645881652832, "confidence": 0.97000002861022905 }, "id": 391 }, "geometry": { "type": "Polygon", "coordinates": [ [ [ -111.640081186882924, 40.257970661469379 ], [ -111.639521822999384, 40.257394449156024 ], [ -111.63941618544294, 40.257454172890881 ], [ -111.639975549326479, 40.25803038469563 ], [ -111.640081186882924, 40.257970661469379 ] ] ] } },
{ "type": "Feature", "properties": { "type": "Feature", "properties": { "height": 3.9050488471984859, "confidence": 0.94099998474121005 }, "id": 392 }, "geometry": { "type": "Polygon", "coordinates": [ [ [ -111.63076208884813, 40.251740391629021 ], [ -111.630908057812135, 40.251941498112799 ], [ -111.6310086217714, 40.251898975374544 ], [ -111.630862655790821, 40.2516978728748 ], [ -111.63076208884813, 40.251740391629021 ] ] ] } },
{ "type": "Feature", "properties": { "type": "Feature", "properties": { "height": 4.0274615287780762, "confidence": 0.99239999055862405 }, "id": 393 }, "geometry": { "type": "Polygon", "coordinates": [ [ [ -111.632624939431068, 40.262999701358417 ], [ -111.632413166962436, 40.263003580767403 ], [ -111.632415741060441, 40.26308540378907 ], [ -111.632496160985241, 40.263083930597595 ], [ -111.63249924990285, 40.263182118095088 ], [ -111.632523375880282, 40.263181676138267 ], [ -111.632525563863581, 40.263251225529899 ], [ -111.6326096653723, 40.263249684900238 ], [ -111.632607640726121, 40.263185514589885 ], [ -111.632630771627163, 40.263185089626276 ], [ -111.632624939431068, 40.262999701358417 ] ] ] } },
{ "type": "Feature", "properties": { "type": "Feature", "properties": { "height": 3.313868522644043, "confidence": 0.96060001850128107 }, "id": 394 }, "geometry": { "type": "Polygon", "coordinates": [ [ [ -111.632920382589305, 40.255578653162125 ], [ -111.632936993614919, 40.255682274015726 ], [ -111.632994072496501, 40.255676947817733 ], [ -111.632977470352444, 40.255573323077961 ], [ -111.632920382589305, 40.255578653162125 ] ] ] } },
{ "type": "Feature", "properties": { "type": "Feature", "properties": { "height": 5.6909394264221191, "confidence": 0.97740000486373912 }, "id": 395 }, "geometry": { "type": "Polygon", "coordinates": [ [ [ -111.633114441361229, 40.262626522771463 ], [ -111.633302522612112, 40.26264258472159 ], [ -111.633327721600352, 40.262470761314034 ], [ -111.633139640349484, 40.262454699323115 ], [ -111.633114441361229, 40.262626522771463 ] ] ] } },
{ "type": "Feature", "properties": { "type": "Feature", "properties": { "height": 5.0862984657287598, "confidence": 0.98949998617172208 }, "id": 396 }, "geometry": { "type": "Polygon", "coordinates": [ [ [ -111.631412707204589, 40.25481254298181 ], [ -111.631345683529901, 40.254813652781074 ], [ -111.631348126554087, 40.25489958641711 ], [ -111.631230164886631, 40.254901539661311 ], [ -111.631231211897017, 40.254938368327998 ], [ -111.631153464434362, 40.254939655692766 ], [ -111.631155500287875, 40.25501126693036 ], [ -111.631230566803509, 40.255010023958818 ], [ -111.631230973974212, 40.255024346197501 ], [ -111.63134190820125, 40.255022509319055 ], [ -111.63134231668478, 40.255036831533374 ], [ -111.631419047434051, 40.25503556100545 ], [ -111.631412707204589, 40.25481254298181 ] ] ] } },
{ "type": "Feature", "properties": { "type": "Feature", "properties": { "height": 6.0524425506591797, "confidence": 0.99860000610351507 }, "id": 397 }, "geometry": { "type": "Polygon", "coordinates": [ [ [ -111.631551563905631, 40.251765749533782 ], [ -111.631458101137468, 40.251787212022577 ], [ -111.631515823706167, 40.25193363004793 ], [ -111.631584691009039, 40.251917815617361 ], [ -111.631570904157897, 40.251882844160384 ], [ -111.631666824620339, 40.251860812201897 ], [ -111.631636951380742, 40.251785036239816 ], [ -111.631565624531362, 40.251801415503529 ], [ -111.631551563905631, 40.251765749533782 ] ] ] } },
{ "type": "Feature", "properties": { "type": "Feature", "properties": { "height": 5.4019856452941895, "confidence": 0.93010002374649003 }, "id": 398 }, "geometry": { "type": "Polygon", "coordinates": [ [ [ -111.632223551069558, 40.257325583528505 ], [ -111.632070715376258, 40.257327697810602 ], [ -111.632075933409283, 40.257547376337669 ], [ -111.632209999976951, 40.257545528868647 ], [ -111.632208784857951, 40.257494372574918 ], [ -111.632227554177405, 40.257494113929035 ], [ -111.632223551069558, 40.257325583528505 ] ] ] } },
{ "type": "Feature", "properties": { "type": "Feature", "properties": { "height": 7.1944141387939453, "confidence": 0.97670000791549605 }, "id": 399 }, "geometry": { "type": "Polygon", "coordinates": [ [ [ -111.638720115020163, 40.259097084467342 ], [ -111.638568482931603, 40.259115727793144 ], [ -111.638616500686709, 40.259343167129416 ], [ -111.638768132775297, 40.25932452386629 ], [ -111.638720115020163, 40.259097084467342 ] ] ] } },
{ "type": "Feature", "properties": { "type": "Feature", "properties": { "height": 4.5946798324584961, "confidence": 0.99000000953674305 }, "id": 400 }, "geometry": { "type": "Polygon", "coordinates": [ [ [ -111.639933501744295, 40.253123425541091 ], [ -111.639866016468247, 40.253044415682467 ], [ -111.639680803028625, 40.253136571110481 ], [ -111.639748293389189, 40.25321557833167 ], [ -111.639933501744295, 40.253123425541091 ] ] ] } },
{ "type": "Feature", "properties": { "type": "Feature", "properties": { "height": 5.6508998870849609, "confidence": 0.95429998636245705 }, "id": 401 }, "geometry": { "type": "Polygon", "coordinates": [ [ [ -111.640518619254209, 40.257964651919991 ], [ -111.640388860915706, 40.257930893058223 ], [ -111.640274992571833, 40.258185788129516 ], [ -111.640404750910307, 40.258219546864105 ], [ -111.640518619254209, 40.257964651919991 ] ] ] } },
{ "type": "Feature", "properties": { "type": "Feature", "properties": { "height": 6.2818841934204102, "confidence": 0.9868000149726861 }, "id": 402 }, "geometry": { "type": "Polygon", "coordinates": [ [ [ -111.629497725875609, 40.254895543382823 ], [ -111.629365526738923, 40.254907674637479 ], [ -111.629401133162617, 40.255133670899369 ], [ -111.629533332299289, 40.255121539685234 ], [ -111.629497725875609, 40.254895543382823 ] ] ] } },
{ "type": "Feature", "properties": { "type": "Feature", "properties": { "height": 6.1041412353515616, "confidence": 0.98420000076293912 }, "id": 403 }, "geometry": { "type": "Polygon", "coordinates": [ [ [ -111.631568211695111, 40.253694260413631 ], [ -111.631570479035986, 40.253772009272211 ], [ -111.631642862824151, 40.25377077976912 ], [ -111.631644533496399, 40.253828068345634 ], [ -111.631562432506229, 40.253829462902864 ], [ -111.631565763348519, 40.253944040086431 ], [ -111.631789961536128, 40.253940231890212 ], [ -111.631787612792067, 40.253859691852945 ], [ -111.631771527480765, 40.253859964216723 ], [ -111.631770355904806, 40.253819790041653 ], [ -111.631790129311696, 40.253819454172969 ], [ -111.631787750138656, 40.253737613196684 ], [ -111.631762607468119, 40.253738040267535 ], [ -111.631761235130213, 40.25369098173492 ], [ -111.631568211695111, 40.253694260413631 ] ] ] } },
{ "type": "Feature", "properties": { "type": "Feature", "properties": { "height": 11.241767883300781, "confidence": 0.98729997873306208 }, "id": 404 }, "geometry": { "type": "Polygon", "coordinates": [ [ [ -111.640261026609949, 40.263850168935377 ], [ -111.640036105804512, 40.263358335195328 ], [ -111.639904601577754, 40.263393360234183 ], [ -111.639873362839921, 40.26332505032002 ], [ -111.639808804813981, 40.263342241367212 ], [ -111.63982215499928, 40.263371434289411 ], [ -111.639635654035402, 40.26342109726869 ], [ -111.639647335447535, 40.263446641046528 ], [ -111.639582777421595, 40.263463832062818 ], [ -111.639596500749263, 40.263493840883413 ], [ -111.639340665253599, 40.263561980351284 ], [ -111.63948630419263, 40.263880448089687 ], [ -111.639503041458596, 40.263875991187405 ], [ -111.639580639410582, 40.264045673532628 ], [ -111.639838871514371, 40.263976910032639 ], [ -111.639809202108893, 40.263912032347193 ], [ -111.639892886616821, 40.263889743859089 ], [ -111.639916717138235, 40.263941853758247 ], [ -111.640261026609949, 40.263850168935377 ] ] ] } },
{ "type": "Feature", "properties": { "type": "Feature", "properties": { "height": 7.4660401344299316, "confidence": 0.95499998331069902 }, "id": 405 }, "geometry": { "type": "Polygon", "coordinates": [ [ [ -111.629655442138414, 40.25581303828826 ], [ -111.62963995154746, 40.255685171854424 ], [ -111.62952293460755, 40.255693428439109 ], [ -111.629544818140815, 40.255874065054748 ], [ -111.629645878225276, 40.255866934387065 ], [ -111.629639485282979, 40.255814164184095 ], [ -111.629655442138414, 40.25581303828826 ] ] ] } },
{ "type": "Feature", "properties": { "type": "Feature", "properties": { "height": 6.4555435180664062, "confidence": 0.99889999628067005 }, "id": 406 }, "geometry": { "type": "Polygon", "coordinates": [ [ [ -111.630009894916796, 40.259625256362746 ], [ -111.630016057933005, 40.259816704913575 ], [ -111.630162036276474, 40.259813976068514 ], [ -111.630160618372784, 40.259769804367295 ], [ -111.630191555257227, 40.25976922439613 ], [ -111.630188591935607, 40.259677171479652 ], [ -111.630151063657394, 40.259677875020067 ], [ -111.630149285664402, 40.259622643210612 ], [ -111.630009894916796, 40.259625256362746 ] ] ] } },
{ "type": "Feature", "properties": { "type": "Feature", "properties": { "height": 5.520228385925293, "confidence": 0.99479997158050504 }, "id": 407 }, "geometry": { "type": "Polygon", "coordinates": [ [ [ -111.630479738230051, 40.256862127703485 ], [ -111.630500480679032, 40.257001569501668 ], [ -111.630635532892924, 40.25698986930778 ], [ -111.630603968296626, 40.256777675116318 ], [ -111.630431842926001, 40.256792587174537 ], [ -111.630442665073289, 40.256865339527685 ], [ -111.630479738230051, 40.256862127703485 ] ] ] } },
{ "type": "Feature", "properties": { "type": "Feature", "properties": { "height": 6.1722936630249023, "confidence": 0.98790001869201605 }, "id": 408 }, "geometry": { "type": "Polygon", "coordinates": [ [ [ -111.63082259045953, 40.251595346893289 ], [ -111.63071294879451, 40.251439727638797 ], [ -111.630561064448713, 40.251502060893763 ], [ -111.630606934941241, 40.251567166891988 ], [ -111.630638144053378, 40.251554358705903 ], [ -111.630701915225885, 40.251644871836 ], [ -111.63082259045953, 40.251595346893289 ] ] ] } },
{ "type": "Feature", "properties": { "type": "Feature", "properties": { "height": 6.5589175224304199, "confidence": 0.9980000257492061 }, "id": 409 }, "geometry": { "type": "Polygon", "coordinates": [ [ [ -111.631939812414672, 40.248715488891527 ], [ -111.631944843906609, 40.248730120834161 ], [ -111.631859525865579, 40.248747211761703 ], [ -111.631890059633378, 40.248836006077383 ], [ -111.632084412238484, 40.248797062986256 ], [ -111.63205585048722, 40.248714025530639 ], [ -111.631997006789874, 40.248725813115449 ], [ -111.631989998635177, 40.248705432892436 ], [ -111.631939812414672, 40.248715488891527 ] ] ] } },
{ "type": "Feature", "properties": { "type": "Feature", "properties": { "height": 5.1895294189453116, "confidence": 0.99140000343322709 }, "id": 410 }, "geometry": { "type": "Polygon", "coordinates": [ [ [ -111.63431973940807, 40.24881437450972 ], [ -111.634355298220484, 40.248889729689751 ], [ -111.634433646096639, 40.248868188286728 ], [ -111.634439989358086, 40.248881630733642 ], [ -111.634486180103622, 40.24886893325862 ], [ -111.634477269010191, 40.24885005280494 ], [ -111.634557989263001, 40.248827859114307 ], [ -111.634521573601788, 40.248750703047577 ], [ -111.634591729773945, 40.248731417625784 ], [ -111.634562295707354, 40.248669041685432 ], [ -111.634397171034749, 40.248714442111527 ], [ -111.63443002750229, 40.248784057140298 ], [ -111.63431973940807, 40.24881437450972 ] ] ] } },
{ "type": "Feature", "properties": { "type": "Feature", "properties": { "height": 5.0721139907836914, "confidence": 0.95270001888275102 }, "id": 411 }, "geometry": { "type": "Polygon", "coordinates": [ [ [ -111.637833719644703, 40.255938652116079 ], [ -111.637924135003502, 40.255892179177991 ], [ -111.637859511794815, 40.255818952600954 ], [ -111.637896416022897, 40.255799984025089 ], [ -111.637846705862358, 40.255743655819195 ], [ -111.637719386275506, 40.255809097437911 ], [ -111.637833719644703, 40.255938652116079 ] ] ] } },
{ "type": "Feature", "properties": { "type": "Feature", "properties": { "height": 5.1708407402038574, "confidence": 0.97549998760223311 }, "id": 412 }, "geometry": { "type": "Polygon", "coordinates": [ [ [ -111.637341375919917, 40.248959220473061 ], [ -111.637237523091358, 40.249005643336723 ], [ -111.637374375068973, 40.249183989386317 ], [ -111.63744227884149, 40.249153636059035 ], [ -111.63739900086567, 40.249097236051782 ], [ -111.637434949921698, 40.249081166624329 ], [ -111.637341375919917, 40.248959220473061 ] ] ] } },
{ "type": "Feature", "properties": { "type": "Feature", "properties": { "height": 6.0561256408691406, "confidence": 0.98760002851486206 }, "id": 413 }, "geometry": { "type": "Polygon", "coordinates": [ [ [ -111.630059673307471, 40.248135067753722 ], [ -111.629885624484118, 40.24815553165498 ], [ -111.629903146346805, 40.24824234771382 ], [ -111.629882186282401, 40.24824481322284 ], [ -111.629890898479431, 40.248287979744113 ], [ -111.629854217980395, 40.248292292467923 ], [ -111.629873354574116, 40.248387108882106 ], [ -111.630105061876094, 40.24835985346278 ], [ -111.630059673307471, 40.248135067753722 ] ] ] } },
{ "type": "Feature", "properties": { "type": "Feature", "properties": { "height": 3.1657142639160152, "confidence": 0.9309999942779541 }, "id": 414 }, "geometry": { "type": "Polygon", "coordinates": [ [ [ -111.631692638966783, 40.262628908950425 ], [ -111.631660106058462, 40.262622256025594 ], [ -111.631650472815735, 40.262649693728704 ], [ -111.63168300629323, 40.262656345029711 ], [ -111.631692638966783, 40.262628908950425 ] ] ] } },
{ "type": "Feature", "properties": { "type": "Feature", "properties": { "height": 4.7393760681152344, "confidence": 0.97490000724792403 }, "id": 415 }, "geometry": { "type": "Polygon", "coordinates": [ [ [ -111.634097715709487, 40.250304151245203 ], [ -111.634078646325293, 40.250155294997349 ], [ -111.633929864944406, 40.250166397716548 ], [ -111.633948933320085, 40.250315246067657 ], [ -111.634097715709487, 40.250304151245203 ] ] ] } },
{ "type": "Feature", "properties": { "type": "Feature", "properties": { "height": 5.5370526313781738, "confidence": 0.98849999904632513 }, "id": 416 }, "geometry": { "type": "Polygon", "coordinates": [ [ [ -111.635049020099672, 40.256577018177879 ], [ -111.634961754126635, 40.256628532600246 ], [ -111.635029812517217, 40.256695685631428 ], [ -111.634890517880876, 40.256777905756898 ], [ -111.635066486543167, 40.256951533043427 ], [ -111.635174633451555, 40.256887692588379 ], [ -111.635099910960321, 40.256813970983657 ], [ -111.635129381006976, 40.256796575995978 ], [ -111.635072267462249, 40.256740222303314 ], [ -111.635096496319221, 40.256725920964634 ], [ -111.635056254952659, 40.256686218534789 ], [ -111.635120975551331, 40.256648016480788 ], [ -111.635049020099672, 40.256577018177879 ] ] ] } },
{ "type": "Feature", "properties": { "type": "Feature", "properties": { "height": 4.4542083740234366, "confidence": 0.97049999237060502 }, "id": 417 }, "geometry": { "type": "Polygon", "coordinates": [ [ [ -111.637525611352231, 40.251257977808265 ], [ -111.637449100175203, 40.251159564916399 ], [ -111.63719319488375, 40.251275456063631 ], [ -111.637269706060792, 40.251373868786978 ], [ -111.637525611352231, 40.251257977808265 ] ] ] } },
{ "type": "Feature", "properties": { "type": "Feature", "properties": { "height": 4.4719357490539551, "confidence": 0.93150001764297408 }, "id": 418 }, "geometry": { "type": "Polygon", "coordinates": [ [ [ -111.632263311559186, 40.257840982961199 ], [ -111.632240212253521, 40.257587081016716 ], [ -111.632004062821267, 40.257599580648659 ], [ -111.632021770931928, 40.257794420349974 ], [ -111.632112528991939, 40.25778961159925 ], [ -111.632117898153808, 40.2578486875802 ], [ -111.632263311559186, 40.257840982961199 ] ] ] } },
{ "type": "Feature", "properties": { "type": "Feature", "properties": { "height": 4.8348784446716309, "confidence": 0.97740000486373912 }, "id": 419 }, "geometry": { "type": "Polygon", "coordinates": [ [ [ -111.632314291426169, 40.259745202721135 ], [ -111.632377606752911, 40.259961615653737 ], [ -111.632502794756064, 40.259940286436041 ], [ -111.632439479429323, 40.259723873435199 ], [ -111.632314291426169, 40.259745202721135 ] ] ] } },
{ "type": "Feature", "properties": { "type": "Feature", "properties": { "height": 4.5170068740844727, "confidence": 0.98890000581741311 }, "id": 420 }, "geometry": { "type": "Polygon", "coordinates": [ [ [ -111.632831723576516, 40.256343692300383 ], [ -111.632795264959029, 40.256176374608351 ], [ -111.632727404114036, 40.256184986755294 ], [ -111.63271828945966, 40.256143157272966 ], [ -111.63257734770464, 40.256161044047261 ], [ -111.632622920976473, 40.256370191145038 ], [ -111.632831723576516, 40.256343692300383 ] ] ] } },
{ "type": "Feature", "properties": { "type": "Feature", "properties": { "height": 4.2851901054382324, "confidence": 0.97469997406005804 }, "id": 421 }, "geometry": { "type": "Polygon", "coordinates": [ [ [ -111.636493175608422, 40.252664383424744 ], [ -111.636423779718726, 40.252593308255292 ], [ -111.636370317636505, 40.252623713029379 ], [ -111.636383168727207, 40.252636875097515 ], [ -111.63626589706297, 40.252703569379868 ], [ -111.636322441861992, 40.252761482392188 ], [ -111.636493175608422, 40.252664383424744 ] ] ] } },
{ "type": "Feature", "properties": { "type": "Feature", "properties": { "height": 5.7412428855895996, "confidence": 0.9713000059127801 }, "id": 422 }, "geometry": { "type": "Polygon", "coordinates": [ [ [ -111.63685338445822, 40.248493125976943 ], [ -111.636816319604662, 40.248423758572969 ], [ -111.636556445153474, 40.248504636370619 ], [ -111.636611336120296, 40.248607365452727 ], [ -111.636695401845088, 40.248581198183906 ], [ -111.636677584713752, 40.248547847496347 ], [ -111.63685338445822, 40.248493125976943 ] ] ] } },
{ "type": "Feature", "properties": { "type": "Feature", "properties": { "height": 4.6459355354309082, "confidence": 0.97310000658035212 }, "id": 423 }, "geometry": { "type": "Polygon", "coordinates": [ [ [ -111.637172579118385, 40.25386450477491 ], [ -111.637300671400652, 40.254029822950237 ], [ -111.637372214063078, 40.253997535775234 ], [ -111.637315806452506, 40.253924735125892 ], [ -111.637450942592608, 40.253863748132119 ], [ -111.637388659189298, 40.253783363918394 ], [ -111.637227688198877, 40.253856010270418 ], [ -111.637218286930477, 40.253843876808922 ], [ -111.637172579118385, 40.25386450477491 ] ] ] } },
{ "type": "Feature", "properties": { "type": "Feature", "properties": { "height": 5.3552336692810059, "confidence": 0.97259998321533203 }, "id": 424 }, "geometry": { "type": "Polygon", "coordinates": [ [ [ -111.630680301623286, 40.257182587030705 ], [ -111.630680029423786, 40.257080240802388 ], [ -111.630639796460031, 40.257080305270243 ], [ -111.630639701765901, 40.257044700521043 ], [ -111.630516320659481, 40.257044891632553 ], [ -111.630516409927154, 40.257078456045534 ], [ -111.630478859160974, 40.257078516215543 ], [ -111.630479392672001, 40.25727911468249 ], [ -111.630629595736721, 40.257278874003198 ], [ -111.630629339869188, 40.257182668689858 ], [ -111.630680301623286, 40.257182587030705 ] ] ] } },
{ "type": "Feature", "properties": { "type": "Feature", "properties": { "height": 6.0419292449951172, "confidence": 0.98780000209808305 }, "id": 425 }, "geometry": { "type": "Polygon", "coordinates": [ [ [ -111.631504152057161, 40.250674349637016 ], [ -111.63152444823902, 40.250670643960689 ], [ -111.6315426555676, 40.250728733503863 ], [ -111.631661895635929, 40.250706962669952 ], [ -111.631603632184465, 40.250521075896472 ], [ -111.631438725706985, 40.250551184577397 ], [ -111.631458753768442, 40.250615083184947 ], [ -111.631484123995762, 40.250610451085429 ], [ -111.631504152057161, 40.250674349637016 ] ] ] } },
{ "type": "Feature", "properties": { "type": "Feature", "properties": { "height": 5.9622373580932617, "confidence": 0.98750001192092907 }, "id": 426 }, "geometry": { "type": "Polygon", "coordinates": [ [ [ -111.636225240284858, 40.248595152931188 ], [ -111.63626802439498, 40.248677296051888 ], [ -111.636512511643375, 40.24860312708951 ], [ -111.636469728164698, 40.248520970626963 ], [ -111.636225240284858, 40.248595152931188 ] ] ] } },
{ "type": "Feature", "properties": { "type": "Feature", "properties": { "height": 8.1719064712524414, "confidence": 0.9466000199317931 }, "id": 427 }, "geometry": { "type": "Polygon", "coordinates": [ [ [ -111.642171007795142, 40.2590859091531 ], [ -111.642460609295853, 40.259159674939738 ], [ -111.642501690732146, 40.259065748450006 ], [ -111.642212089231435, 40.258991982560957 ], [ -111.642171007795142, 40.2590859091531 ] ] ] } },
{ "type": "Feature", "properties": { "type": "Feature", "properties": { "height": 2.3659999370574951, "confidence": 0.96950000524520807 }, "id": 428 }, "geometry": { "type": "Polygon", "coordinates": [ [ [ -111.631097279404656, 40.252179478375325 ], [ -111.631132011227166, 40.25216661046251 ], [ -111.631155843213719, 40.252204084288536 ], [ -111.631242675157267, 40.252171918267393 ], [ -111.631200929300846, 40.252106276319118 ], [ -111.631079367922055, 40.252151314043374 ], [ -111.631097279404656, 40.252179478375325 ] ] ] } },
{ "type": "Feature", "properties": { "type": "Feature", "properties": { "height": 4.4945764541625977, "confidence": 0.89550000429153409 }, "id": 429 }, "geometry": { "type": "Polygon", "coordinates": [ [ [ -111.632176637649536, 40.261886690931775 ], [ -111.632176637649536, 40.261682011679433 ], [ -111.632018387317657, 40.261682011679433 ], [ -111.632018387317657, 40.261886690931775 ], [ -111.632176637649536, 40.261886690931775 ] ] ] } },
{ "type": "Feature", "properties": { "type": "Feature", "properties": { "height": 6.2099165916442871, "confidence": 0.94539999961853005 }, "id": 430 }, "geometry": { "type": "Polygon", "coordinates": [ [ [ -111.632669656266188, 40.253340648250351 ], [ -111.632811725640991, 40.253337954280127 ], [ -111.632804199714812, 40.253106780165673 ], [ -111.632650335958019, 40.253109697795118 ], [ -111.632652539982118, 40.253177208781096 ], [ -111.632664328176844, 40.253176985248608 ], [ -111.632669656266188, 40.253340648250351 ] ] ] } },
{ "type": "Feature", "properties": { "type": "Feature", "properties": { "height": 4.6824045181274414, "confidence": 0.97670000791549605 }, "id": 431 }, "geometry": { "type": "Polygon", "coordinates": [ [ [ -111.635596549464708, 40.252332383358649 ], [ -111.635642248947789, 40.252315564326807 ], [ -111.635597124881471, 40.252244147153547 ], [ -111.635440440939448, 40.252301812449048 ], [ -111.635538034850356, 40.252456272620655 ], [ -111.63564901930927, 40.252415426467977 ], [ -111.635596549464708, 40.252332383358649 ] ] ] } },
{ "type": "Feature", "properties": { "type": "Feature", "properties": { "height": 3.898412704467773, "confidence": 0.95599997043609608 }, "id": 432 }, "geometry": { "type": "Polygon", "coordinates": [ [ [ -111.638706529254975, 40.25138148846036 ], [ -111.638656993467265, 40.251401140560354 ], [ -111.638681661397413, 40.251437354851376 ], [ -111.638570712767319, 40.251481376861676 ], [ -111.638622300709514, 40.251557121746785 ], [ -111.638727879909908, 40.251515230257297 ], [ -111.638690044151289, 40.251459677226592 ], [ -111.638744946907963, 40.251437895932739 ], [ -111.638706529254975, 40.25138148846036 ] ] ] } },
{ "type": "Feature", "properties": { "type": "Feature", "properties": { "height": 1.985102415084838, "confidence": 0.99070000648498513 }, "id": 433 }, "geometry": { "type": "Polygon", "coordinates": [ [ [ -111.644285089866017, 40.264464054124581 ], [ -111.644352131424768, 40.264464784534773 ], [ -111.644353777809272, 40.264376793823416 ], [ -111.64428673625055, 40.264376063412264 ], [ -111.644285089866017, 40.264464054124581 ] ] ] } },
{ "type": "Feature", "properties": { "type": "Feature", "properties": { "height": 4.8319907188415527, "confidence": 0.99000000953674305 }, "id": 434 }, "geometry": { "type": "Polygon", "coordinates": [ [ [ -111.630347723579945, 40.255040768776425 ], [ -111.630623706292482, 40.255034002532753 ], [ -111.63062017714546, 40.254950162138336 ], [ -111.630344194432894, 40.254956928390385 ], [ -111.630347723579945, 40.255040768776425 ] ] ] } },
{ "type": "Feature", "properties": { "type": "Feature", "properties": { "height": 4.9996199607849121, "confidence": 0.95480000972747803 }, "id": 435 }, "geometry": { "type": "Polygon", "coordinates": [ [ [ -111.634035975608498, 40.248890382182701 ], [ -111.634098280253014, 40.248873957380468 ], [ -111.634125593713705, 40.248934313996763 ], [ -111.634227333249711, 40.248907493350991 ], [ -111.634160278982094, 40.248759348337551 ], [ -111.634094496570171, 40.248776689980943 ], [ -111.634070155648729, 40.248722901886481 ], [ -111.633971908138847, 40.248748807281018 ], [ -111.634035975608498, 40.248890382182701 ] ] ] } },
{ "type": "Feature", "properties": { "type": "Feature", "properties": { "height": 4.9487180709838867, "confidence": 1.0 }, "id": 436 }, "geometry": { "type": "Polygon", "coordinates": [ [ [ -111.634727660712343, 40.260536078413345 ], [ -111.634834937249479, 40.260535218976869 ], [ -111.634833839181624, 40.260455401344572 ], [ -111.634726562644488, 40.260456260782071 ], [ -111.634727660712343, 40.260536078413345 ] ] ] } },
{ "type": "Feature", "properties": { "type": "Feature", "properties": { "height": 4.6864514350891113, "confidence": 0.96280002593994107 }, "id": 437 }, "geometry": { "type": "Polygon", "coordinates": [ [ [ -111.636784309138733, 40.252093823353121 ], [ -111.636854892704122, 40.252184717788168 ], [ -111.63699582200023, 40.252120964146492 ], [ -111.636976393198594, 40.252095944572289 ], [ -111.637068821699643, 40.252054136625453 ], [ -111.637017659628043, 40.251988260007053 ], [ -111.636784309138733, 40.252093823353121 ] ] ] } },
{ "type": "Feature", "properties": { "type": "Feature", "properties": { "height": 4.2748990058898926, "confidence": 0.9488000273704521 }, "id": 438 }, "geometry": { "type": "Polygon", "coordinates": [ [ [ -111.637701936108897, 40.253736402823009 ], [ -111.637620299791678, 40.253639176864205 ], [ -111.637422553841176, 40.253735887695285 ], [ -111.637504190158381, 40.253833113515128 ], [ -111.637701936108897, 40.253736402823009 ] ] ] } },
{ "type": "Feature", "properties": { "type": "Feature", "properties": { "height": 7.7393703460693359, "confidence": 0.8885999917984001 }, "id": 439 }, "geometry": { "type": "Polygon", "coordinates": [ [ [ -111.640154397702986, 40.260193565312164 ], [ -111.63974800558438, 40.260070040491158 ], [ -111.639691751510355, 40.260177799203568 ], [ -111.640098152158728, 40.260301326420475 ], [ -111.640154397702986, 40.260193565312164 ] ] ] } },
{ "type": "Feature", "properties": { "type": "Feature", "properties": { "height": 6.2627077102661133, "confidence": 0.99320000410079912 }, "id": 440 }, "geometry": { "type": "Polygon", "coordinates": [ [ [ -111.630068808726932, 40.25716119039496 ], [ -111.630060442540227, 40.257091340312975 ], [ -111.630095022564532, 40.257088929987454 ], [ -111.630087242133527, 40.257023970367953 ], [ -111.63005266210925, 40.257026380695791 ], [ -111.630045953855856, 40.256970372749599 ], [ -111.629896994696253, 40.256980763598285 ], [ -111.629898596096737, 40.256994133869377 ], [ -111.629858696068695, 40.256996915018107 ], [ -111.629868279219977, 40.257076925757836 ], [ -111.62991615894984, 40.257073585847102 ], [ -111.629927829522302, 40.257171024563327 ], [ -111.630068808726932, 40.25716119039496 ] ] ] } },
{ "type": "Feature", "properties": { "type": "Feature", "properties": { "height": 5.3418550491333008, "confidence": 0.96149998903274503 }, "id": 441 }, "geometry": { "type": "Polygon", "coordinates": [ [ [ -111.635211924852115, 40.251322484342943 ], [ -111.635205918068223, 40.251231885261518 ], [ -111.635273345773783, 40.251049113410481 ], [ -111.635195689626272, 40.251032421250763 ], [ -111.635162273696054, 40.251033711788239 ], [ -111.635088090497831, 40.251234745356896 ], [ -111.635094209072918, 40.251327030556936 ], [ -111.635211924852115, 40.251322484342943 ] ] ] } },
{ "type": "Feature", "properties": { "type": "Feature", "properties": { "height": 5.5512094497680664, "confidence": 0.96640002727508512 }, "id": 442 }, "geometry": { "type": "Polygon", "coordinates": [ [ [ -111.636748743346416, 40.25755384242256 ], [ -111.636815110386962, 40.257514683219057 ], [ -111.636831359473874, 40.257530721750847 ], [ -111.636927818803755, 40.257473801716259 ], [ -111.636853162493964, 40.25740011937701 ], [ -111.63681119632983, 40.257424881133844 ], [ -111.63670995307632, 40.25732495861407 ], [ -111.6365890905236, 40.257396272528432 ], [ -111.636748743346416, 40.25755384242256 ] ] ] } },
{ "type": "Feature", "properties": { "type": "Feature", "properties": { "height": 3.5699038505554199, "confidence": 0.95870000123977606 }, "id": 443 }, "geometry": { "type": "Polygon", "coordinates": [ [ [ -111.638138452944162, 40.253553055712892 ], [ -111.638207437585621, 40.253650546899927 ], [ -111.638329956853553, 40.253600050694487 ], [ -111.638260968627023, 40.253502554368112 ], [ -111.638138452944162, 40.253553055712892 ] ] ] } },
{ "type": "Feature", "properties": { "type": "Feature", "properties": { "height": 8.6151504516601562, "confidence": 0.94910001754760709 }, "id": 444 }, "geometry": { "type": "Polygon", "coordinates": [ [ [ -111.639108903111406, 40.256363476910117 ], [ -111.63964394571093, 40.256918946969741 ], [ -111.639753646740928, 40.256857405868764 ], [ -111.639218604141377, 40.256301935303931 ], [ -111.639108903111406, 40.256363476910117 ] ] ] } },
{ "type": "Feature", "properties": { "type": "Feature", "properties": { "height": 8.2854585647583008, "confidence": 0.95370000600814808 }, "id": 445 }, "geometry": { "type": "Polygon", "coordinates": [ [ [ -111.641276366231608, 40.258501521824201 ], [ -111.640424228920395, 40.258271359566344 ], [ -111.640381203213281, 40.25836413007999 ], [ -111.641233348085649, 40.258594294064508 ], [ -111.641276366231608, 40.258501521824201 ] ] ] } },
{ "type": "Feature", "properties": { "type": "Feature", "properties": { "height": 7.6214475631713867, "confidence": 0.97250002622604304 }, "id": 446 }, "geometry": { "type": "Polygon", "coordinates": [ [ [ -111.644028568731287, 40.263682764643406 ], [ -111.643807096697074, 40.26390320236257 ], [ -111.643780734623974, 40.263887781493224 ], [ -111.643749652617004, 40.263918721115559 ], [ -111.643784459688831, 40.26393908199686 ], [ -111.643670485776482, 40.264052523290005 ], [ -111.64366440530128, 40.264048966437755 ], [ -111.643518060851903, 40.264194640022332 ], [ -111.643881284925897, 40.264407111833449 ], [ -111.644394138040511, 40.263896609940922 ], [ -111.644028568731287, 40.263682764643406 ] ] ] } },
{ "type": "Feature", "properties": { "type": "Feature", "properties": { "height": 5.3471026420593262, "confidence": 0.95240002870559604 }, "id": 447 }, "geometry": { "type": "Polygon", "coordinates": [ [ [ -111.632720105307754, 40.254662164938829 ], [ -111.632716616509327, 40.254600104625517 ], [ -111.632647007203317, 40.254602383831866 ], [ -111.632649002559901, 40.254637878136535 ], [ -111.6326168750916, 40.254638928364443 ], [ -111.632624758113792, 40.254779154941701 ], [ -111.63280949050278, 40.254773106294323 ], [ -111.632806662054421, 40.254722792671437 ], [ -111.632856544115782, 40.254721162058416 ], [ -111.632852989127045, 40.254657821046848 ], [ -111.632720105307754, 40.254662164938829 ] ] ] } },
{ "type": "Feature", "properties": { "type": "Feature", "properties": { "height": 5.1566309928894043, "confidence": 0.97909998893737704 }, "id": 448 }, "geometry": { "type": "Polygon", "coordinates": [ [ [ -111.632726348242898, 40.248858490616001 ], [ -111.632722585433157, 40.248716009983909 ], [ -111.632615340494425, 40.248717654175145 ], [ -111.632619103455397, 40.248860140530333 ], [ -111.632726348242898, 40.248858490616001 ] ] ] } },
{ "type": "Feature", "properties": { "type": "Feature", "properties": { "height": 5.406531810760498, "confidence": 0.99339997768402111 }, "id": 449 }, "geometry": { "type": "Polygon", "coordinates": [ [ [ -111.634688904294777, 40.256359692514302 ], [ -111.634572048305927, 40.256442356142756 ], [ -111.634814091157793, 40.256641634156168 ], [ -111.634896323149945, 40.25658346363651 ], [ -111.634837484003626, 40.256535020374891 ], [ -111.634872108000337, 40.256510527491997 ], [ -111.634688904294777, 40.256359692514302 ] ] ] } },
{ "type": "Feature", "properties": { "type": "Feature", "properties": { "height": 2.9379391670227051, "confidence": 0.99299997091293313 }, "id": 450 }, "geometry": { "type": "Polygon", "coordinates": [ [ [ -111.636709552975475, 40.252112571441522 ], [ -111.636673063077382, 40.252061181481572 ], [ -111.636602572405309, 40.252090340242951 ], [ -111.636639060236746, 40.252141727270192 ], [ -111.636709552975475, 40.252112571441522 ] ] ] } },
{ "type": "Feature", "properties": { "type": "Feature", "properties": { "height": 4.7364907264709473, "confidence": 0.99629998207092207 }, "id": 451 }, "geometry": { "type": "Polygon", "coordinates": [ [ [ -111.637448985646927, 40.257308228869135 ], [ -111.637457434560019, 40.257486078058086 ], [ -111.6376288710415, 40.257481344026452 ], [ -111.637625374939532, 40.257407751310154 ], [ -111.63757715842911, 40.257409082758038 ], [ -111.637572205618028, 40.257304826274996 ], [ -111.637448985646927, 40.257308228869135 ] ] ] } },
{ "type": "Feature", "properties": { "type": "Feature", "properties": { "height": 4.9340505599975595, "confidence": 0.93669998645782404 }, "id": 452 }, "geometry": { "type": "Polygon", "coordinates": [ [ [ -111.637251200467574, 40.250017752582487 ], [ -111.637302462798374, 40.250081926462059 ], [ -111.637359169099398, 40.250055539810127 ], [ -111.637392549221786, 40.250097327436237 ], [ -111.637435567794967, 40.250077309981634 ], [ -111.637495175156374, 40.250151930700412 ], [ -111.637591972113384, 40.250106889051153 ], [ -111.637447734371406, 40.249926301032524 ], [ -111.637251200467574, 40.250017752582487 ] ] ] } },
{ "type": "Feature", "properties": { "type": "Feature", "properties": { "height": 4.2922000885009775, "confidence": 0.99510002136230413 }, "id": 453 }, "geometry": { "type": "Polygon", "coordinates": [ [ [ -111.639510056804269, 40.253721781917498 ], [ -111.639371373496743, 40.253789703447218 ], [ -111.639432887372649, 40.253862852293707 ], [ -111.639617876140548, 40.253772242405653 ], [ -111.639570329868732, 40.253715696814375 ], [ -111.639524016323506, 40.253738381817378 ], [ -111.639510056804269, 40.253721781917498 ] ] ] } },
{ "type": "Feature", "properties": { "type": "Feature", "properties": { "height": 7.5521478652954102, "confidence": 0.91200000047683705 }, "id": 454 }, "geometry": { "type": "Polygon", "coordinates": [ [ [ -111.640395638324264, 40.259777705354225 ], [ -111.63997004682426, 40.259667324278652 ], [ -111.63992101498711, 40.259777418714428 ], [ -111.6403466064871, 40.259887799610389 ], [ -111.640395638324264, 40.259777705354225 ] ] ] } },
{ "type": "Feature", "properties": { "type": "Feature", "properties": { "height": 3.8875739574432369, "confidence": 0.98030000925064009 }, "id": 455 }, "geometry": { "type": "Polygon", "coordinates": [ [ [ -111.63105822691999, 40.259392090233341 ], [ -111.631180137456369, 40.25939405663982 ], [ -111.631186030877529, 40.259181277422357 ], [ -111.631064100835175, 40.25917931069506 ], [ -111.63105822691999, 40.259392090233341 ] ] ] } },
{ "type": "Feature", "properties": { "type": "Feature", "properties": { "height": 5.3615074157714844, "confidence": 0.9846000075340271 }, "id": 456 }, "geometry": { "type": "Polygon", "coordinates": [ [ [ -111.631730376011134, 40.257247432255745 ], [ -111.631721784879304, 40.257147563501377 ], [ -111.631741685156669, 40.257146565423916 ], [ -111.631735126909646, 40.257070409298656 ], [ -111.631712562796864, 40.257071539774046 ], [ -111.631706841147377, 40.257005027542327 ], [ -111.631601206719836, 40.257010325536783 ], [ -111.631615007701555, 40.257170586284168 ], [ -111.631536349768496, 40.257174527087237 ], [ -111.63154342795832, 40.257256808424025 ], [ -111.631730376011134, 40.257247432255745 ] ] ] } },
{ "type": "Feature", "properties": { "type": "Feature", "properties": { "height": 5.8262805938720703, "confidence": 0.97810000181198109 }, "id": 457 }, "geometry": { "type": "Polygon", "coordinates": [ [ [ -111.634266349723475, 40.2505284691212 ], [ -111.634235787350931, 40.250375235810715 ], [ -111.634125684767511, 40.250388021966643 ], [ -111.634156248286558, 40.250541260996357 ], [ -111.634266349723475, 40.2505284691212 ] ] ] } },
{ "type": "Feature", "properties": { "type": "Feature", "properties": { "height": 3.669025182723999, "confidence": 0.99559998512268011 }, "id": 458 }, "geometry": { "type": "Polygon", "coordinates": [ [ [ -111.637981602805681, 40.250869166345659 ], [ -111.638058008716257, 40.250959398120145 ], [ -111.63811098245074, 40.250933265869548 ], [ -111.638138511303694, 40.250965776128794 ], [ -111.638210406522873, 40.250930313641334 ], [ -111.638218965717144, 40.250940421642689 ], [ -111.63828140103908, 40.250909625261521 ], [ -111.638168908771434, 40.250776777062853 ], [ -111.637981602805681, 40.250869166345659 ] ] ] } },
{ "type": "Feature", "properties": { "type": "Feature", "properties": { "height": 4.5616436004638672, "confidence": 0.93660002946853604 }, "id": 459 }, "geometry": { "type": "Polygon", "coordinates": [ [ [ -111.640261361502141, 40.254240773187504 ], [ -111.640268787621977, 40.254326372762328 ], [ -111.640483385857465, 40.254315529125833 ], [ -111.640475967553414, 40.254229929142362 ], [ -111.640261361502141, 40.254240773187504 ] ] ] } },
{ "type": "Feature", "properties": { "type": "Feature", "properties": { "height": 5.177180290222168, "confidence": 0.99680000543594305 }, "id": 460 }, "geometry": { "type": "Polygon", "coordinates": [ [ [ -111.629857701648717, 40.256721839807511 ], [ -111.629921525388383, 40.256907619833775 ], [ -111.630047008184164, 40.256882506230703 ], [ -111.630023709017919, 40.256814686363498 ], [ -111.630046296308961, 40.256810167038246 ], [ -111.630005771347697, 40.256692205673509 ], [ -111.629857701648717, 40.256721839807511 ] ] ] } },
{ "type": "Feature", "properties": { "type": "Feature", "properties": { "height": 5.6893267631530762, "confidence": 0.99099999666213912 }, "id": 461 }, "geometry": { "type": "Polygon", "coordinates": [ [ [ -111.631711090600191, 40.256743200478098 ], [ -111.631461678948867, 40.256763063093736 ], [ -111.631472754238118, 40.256844058810117 ], [ -111.631573580224824, 40.256836029252419 ], [ -111.631591752170351, 40.256968923984246 ], [ -111.631740338908486, 40.256957098824188 ], [ -111.631711090600191, 40.256743200478098 ] ] ] } },
{ "type": "Feature", "properties": { "type": "Feature", "properties": { "height": 6.0999140739440918, "confidence": 0.99040001630783003 }, "id": 462 }, "geometry": { "type": "Polygon", "coordinates": [ [ [ -111.63259637005892, 40.263465386659071 ], [ -111.632469624652472, 40.263481822042046 ], [ -111.632485247628622, 40.263551947833939 ], [ -111.632495069805913, 40.263559917621123 ], [ -111.632504314935602, 40.263601415567564 ], [ -111.63234244038, 40.263717581459375 ], [ -111.632354071331321, 40.26376978834552 ], [ -111.632420216613255, 40.263823458924705 ], [ -111.632451530436356, 40.26380098726473 ], [ -111.632481632169615, 40.263825411940488 ], [ -111.632507785201753, 40.263822019234439 ], [ -111.632573932062741, 40.263774550419441 ], [ -111.632622671855046, 40.263768227637634 ], [ -111.632672690488278, 40.263732332859 ], [ -111.632608438654685, 40.263680198562668 ], [ -111.632642599188969, 40.263655683972225 ], [ -111.632614489011786, 40.263632875196677 ], [ -111.632631025871632, 40.263621007859086 ], [ -111.63259637005892, 40.263465386659071 ] ] ] } },
{ "type": "Feature", "properties": { "type": "Feature", "properties": { "height": 3.7666113376617432, "confidence": 0.99000000953674305 }, "id": 463 }, "geometry": { "type": "Polygon", "coordinates": [ [ [ -111.638225123297715, 40.253721875089923 ], [ -111.638299677840592, 40.253816693948636 ], [ -111.638423918021232, 40.253759794685834 ], [ -111.638368297965428, 40.253689056760216 ], [ -111.638409711358975, 40.253670090308837 ], [ -111.638371226040775, 40.253621144389832 ], [ -111.638298261838571, 40.253654564356971 ], [ -111.638317810416595, 40.253679426378596 ], [ -111.638225123297715, 40.253721875089923 ] ] ] } },
{ "type": "Feature", "properties": { "type": "Feature", "properties": { "height": 7.8359384536743164, "confidence": 0.96969997882843006 }, "id": 464 }, "geometry": { "type": "Polygon", "coordinates": [ [ [ -111.641396876783148, 40.260255996641419 ], [ -111.641601344546302, 40.260553685455875 ], [ -111.641739300604698, 40.260498497992209 ], [ -111.641534815394493, 40.260200823281679 ], [ -111.641396876783148, 40.260255996641419 ] ] ] } },
{ "type": "Feature", "properties": { "type": "Feature", "properties": { "height": 1.409298777580261, "confidence": 0.92720001935958807 }, "id": 465 }, "geometry": { "type": "Polygon", "coordinates": [ [ [ -111.632820923777672, 40.253397717055158 ], [ -111.632823240977501, 40.253475464541111 ], [ -111.632916030851845, 40.253473853720983 ], [ -111.632913706525869, 40.253396106356895 ], [ -111.632820923777672, 40.253397717055158 ] ] ] } },
{ "type": "Feature", "properties": { "type": "Feature", "properties": { "height": 3.7446897029876709, "confidence": 0.99110001325607311 }, "id": 466 }, "geometry": { "type": "Polygon", "coordinates": [ [ [ -111.637019024455839, 40.258954257130618 ], [ -111.637136718226998, 40.258949548840221 ], [ -111.637121222219747, 40.258723964182138 ], [ -111.637003528017942, 40.258728666219305 ], [ -111.637019024455839, 40.258954257130618 ] ] ] } },
{ "type": "Feature", "properties": { "type": "Feature", "properties": { "height": 5.2024192810058594, "confidence": 0.99500000476837103 }, "id": 467 }, "geometry": { "type": "Polygon", "coordinates": [ [ [ -111.637335801228062, 40.262017173822308 ], [ -111.637197503689578, 40.262040122829283 ], [ -111.637243468926556, 40.262201372553115 ], [ -111.637257236671303, 40.262199087212664 ], [ -111.637273661370301, 40.262256724822741 ], [ -111.637398196011503, 40.262236059688846 ], [ -111.637335801228062, 40.262017173822308 ] ] ] } },
{ "type": "Feature", "properties": { "type": "Feature", "properties": { "height": 5.4203286170959473, "confidence": 0.99529999494552612 }, "id": 468 }, "geometry": { "type": "Polygon", "coordinates": [ [ [ -111.630047432718712, 40.254851685907006 ], [ -111.629940168645902, 40.254852917726296 ], [ -111.629944002052781, 40.255047338634739 ], [ -111.630029813310998, 40.255046353182138 ], [ -111.630030983508888, 40.255105702612191 ], [ -111.630127521174401, 40.255104593978956 ], [ -111.630124212338984, 40.254936778211928 ], [ -111.63004912748805, 40.254937640484357 ], [ -111.630047432718712, 40.254851685907006 ] ] ] } },
{ "type": "Feature", "properties": { "type": "Feature", "properties": { "height": 4.2308487892150879, "confidence": 0.95819997787475508 }, "id": 469 }, "geometry": { "type": "Polygon", "coordinates": [ [ [ -111.631779670715332, 40.25877549946722 ], [ -111.631699204444885, 40.25877549946722 ], [ -111.631699204444885, 40.258742749322465 ], [ -111.631522178649902, 40.258742749322465 ], [ -111.631522178649902, 40.258826671536674 ], [ -111.631624102592468, 40.258826671536674 ], [ -111.631624102592468, 40.258943343710314 ], [ -111.631779670715332, 40.258943343710314 ], [ -111.631779670715332, 40.25877549946722 ] ] ] } },
{ "type": "Feature", "properties": { "type": "Feature", "properties": { "height": 4.4272527694702148, "confidence": 0.92930001020431507 }, "id": 470 }, "geometry": { "type": "Polygon", "coordinates": [ [ [ -111.631910524326713, 40.249029063153742 ], [ -111.632013873606056, 40.24902792035585 ], [ -111.63201462569495, 40.249067542066825 ], [ -111.632038760485884, 40.249067273904181 ], [ -111.632040236816181, 40.249145050190407 ], [ -111.632177000631501, 40.249143530603902 ], [ -111.632173451446974, 40.248956551699763 ], [ -111.632009871031443, 40.248958360513036 ], [ -111.632009030241704, 40.248914065772993 ], [ -111.63190835227023, 40.24891518441251 ], [ -111.631910524326713, 40.249029063153742 ] ] ] } },
{ "type": "Feature", "properties": { "type": "Feature", "properties": { "height": 4.9309582710266113, "confidence": 0.85039997100830012 }, "id": 471 }, "geometry": { "type": "Polygon", "coordinates": [ [ [ -111.632086498638543, 40.248268005254808 ], [ -111.631925153855704, 40.248294792765719 ], [ -111.631958022058484, 40.2484101205103 ], [ -111.63213729403941, 40.248380356659332 ], [ -111.632093841161165, 40.248227889362724 ], [ -111.632075913963064, 40.248230865755104 ], [ -111.632086498638543, 40.248268005254808 ] ] ] } },
{ "type": "Feature", "properties": { "type": "Feature", "properties": { "height": 5.4320359230041504, "confidence": 0.99889999628067005 }, "id": 472 }, "geometry": { "type": "Polygon", "coordinates": [ [ [ -111.635003383086641, 40.249280449331529 ], [ -111.635009207136747, 40.249081973030798 ], [ -111.634877844786303, 40.249079727535317 ], [ -111.634876678196832, 40.249119483484307 ], [ -111.634782848093508, 40.249117874550116 ], [ -111.634779931696755, 40.249217261704104 ], [ -111.63487108108275, 40.249218819799836 ], [ -111.634869339871898, 40.249278158016338 ], [ -111.635003383086641, 40.249280449331529 ] ] ] } },
{ "type": "Feature", "properties": { "type": "Feature", "properties": { "height": 5.6688389778137207, "confidence": 0.98430001735687211 }, "id": 473 }, "geometry": { "type": "Polygon", "coordinates": [ [ [ -111.635395904343639, 40.25016836802159 ], [ -111.635274784202281, 40.25003285749375 ], [ -111.635210720334584, 40.25006621312771 ], [ -111.63522695293085, 40.250084374339252 ], [ -111.635109807572761, 40.250145367439622 ], [ -111.635214695117853, 40.250262716583357 ], [ -111.635395904343639, 40.25016836802159 ] ] ] } },
{ "type": "Feature", "properties": { "type": "Feature", "properties": { "height": 5.3790373802185059, "confidence": 0.90119999647140503 }, "id": 474 }, "geometry": { "type": "Polygon", "coordinates": [ [ [ -111.637374999032374, 40.251886659239759 ], [ -111.63746248147514, 40.2518508454894 ], [ -111.637358575956583, 40.251703002752066 ], [ -111.637271093513817, 40.251738816580676 ], [ -111.637374999032374, 40.251886659239759 ] ] ] } },
{ "type": "Feature", "properties": { "type": "Feature", "properties": { "height": 5.3863940238952637, "confidence": 0.98199999332427912 }, "id": 475 }, "geometry": { "type": "Polygon", "coordinates": [ [ [ -111.638138652885715, 40.251277827072819 ], [ -111.638123196808749, 40.251258364443018 ], [ -111.638189891057621, 40.251227512416328 ], [ -111.638120933175799, 40.251140679037185 ], [ -111.637881618518065, 40.251251383444988 ], [ -111.637966032476854, 40.251357679288908 ], [ -111.638138652885715, 40.251277827072819 ] ] ] } },
{ "type": "Feature", "properties": { "type": "Feature", "properties": { "height": 3.777178049087524, "confidence": 0.99919998645782404 }, "id": 476 }, "geometry": { "type": "Polygon", "coordinates": [ [ [ -111.638563559532969, 40.261797960926927 ], [ -111.638554559828322, 40.261862730043688 ], [ -111.638663307744622, 40.261871529235975 ], [ -111.638672307449255, 40.261806760127634 ], [ -111.638563559532969, 40.261797960926927 ] ] ] } },
{ "type": "Feature", "properties": { "type": "Feature", "properties": { "height": 4.9959969520568848, "confidence": 0.9711999893188471 }, "id": 477 }, "geometry": { "type": "Polygon", "coordinates": [ [ [ -111.631491504686409, 40.254547460630953 ], [ -111.631494308952654, 40.254647718432871 ], [ -111.631684659054613, 40.254644617384542 ], [ -111.631681568638754, 40.254534129181266 ], [ -111.631536795321779, 40.254536487728913 ], [ -111.631537081471393, 40.25454671812534 ], [ -111.631491504686409, 40.254547460630953 ] ] ] } },
{ "type": "Feature", "properties": { "type": "Feature", "properties": { "height": 5.9718227386474609, "confidence": 0.97259998321533203 }, "id": 478 }, "geometry": { "type": "Polygon", "coordinates": [ [ [ -111.631712960227802, 40.253980778891282 ], [ -111.631592318717338, 40.253982795868303 ], [ -111.631599131352587, 40.254220136863573 ], [ -111.63171977286305, 40.254218119893629 ], [ -111.631712960227802, 40.253980778891282 ] ] ] } },
{ "type": "Feature", "properties": { "type": "Feature", "properties": { "height": 5.3414311408996582, "confidence": 0.99299997091293313 }, "id": 479 }, "geometry": { "type": "Polygon", "coordinates": [ [ [ -111.632416051794308, 40.259625847163122 ], [ -111.632357683348602, 40.259444375237834 ], [ -111.632403219723685, 40.259435845827028 ], [ -111.632388938082727, 40.259391443042198 ], [ -111.632310514325624, 40.259406132592012 ], [ -111.632327900671143, 40.259460188140558 ], [ -111.632224178927885, 40.259479616234415 ], [ -111.632279442669031, 40.259651435320478 ], [ -111.632416051794308, 40.259625847163122 ] ] ] } },
{ "type": "Feature", "properties": { "type": "Feature", "properties": { "height": 4.4085507392883301, "confidence": 0.9868999719619751 }, "id": 480 }, "geometry": { "type": "Polygon", "coordinates": [ [ [ -111.632754232622531, 40.261617816565483 ], [ -111.632911874781314, 40.261651553253074 ], [ -111.632961652466733, 40.26151610628466 ], [ -111.633003926054442, 40.261525150929295 ], [ -111.633052742496972, 40.261392319293606 ], [ -111.632908514962367, 40.261361461028706 ], [ -111.632880619852386, 40.26143736488708 ], [ -111.632824912414492, 40.261425445987584 ], [ -111.632754232622531, 40.261617816565483 ] ] ] } },
{ "type": "Feature", "properties": { "type": "Feature", "properties": { "height": 6.3154697418212891, "confidence": 0.96429997682571411 }, "id": 481 }, "geometry": { "type": "Polygon", "coordinates": [ [ [ -111.633003936420863, 40.259294113460996 ], [ -111.632872614359357, 40.259103119592645 ], [ -111.632731701877603, 40.259159543579209 ], [ -111.632863023939109, 40.259350537288292 ], [ -111.633003936420863, 40.259294113460996 ] ] ] } },
{ "type": "Feature", "properties": { "type": "Feature", "properties": { "height": 5.7122220993041992, "confidence": 0.96249997615814209 }, "id": 482 }, "geometry": { "type": "Polygon", "coordinates": [ [ [ -111.636155098642519, 40.254182062724453 ], [ -111.6361012809963, 40.254009662771416 ], [ -111.635908381907939, 40.254044736285387 ], [ -111.635937078992526, 40.254136664802481 ], [ -111.635952308108216, 40.254133896615045 ], [ -111.635977428429555, 40.254214367195139 ], [ -111.636155098642519, 40.254182062724453 ] ] ] } },
{ "type": "Feature", "properties": { "type": "Feature", "properties": { "height": 4.0, "confidence": 0.91369998455047607 }, "id": 483 }, "geometry": { "type": "Polygon", "coordinates": [ [ [ -111.636982794856635, 40.249619213106996 ], [ -111.63693436443873, 40.249642137018313 ], [ -111.636975789512562, 40.249693124079599 ], [ -111.636998034981772, 40.249682595671977 ], [ -111.636977029081734, 40.249656743980935 ], [ -111.637003216439922, 40.249644348537629 ], [ -111.636982794856635, 40.249619213106996 ] ] ] } },
{ "type": "Feature", "properties": { "type": "Feature", "properties": { "height": 4.6958847045898438, "confidence": 0.98519998788833607 }, "id": 484 }, "geometry": { "type": "Polygon", "coordinates": [ [ [ -111.63739751740259, 40.256652674047054 ], [ -111.637481498671676, 40.256646887561601 ], [ -111.637492059639015, 40.256736225539498 ], [ -111.637604965111592, 40.256728446125322 ], [ -111.637597038290906, 40.256661443065234 ], [ -111.637627807992331, 40.256659322968645 ], [ -111.637619887266823, 40.256592319420136 ], [ -111.637586450948419, 40.256594623254472 ], [ -111.637583088054782, 40.256566197665713 ], [ -111.637388869961853, 40.256579579714547 ], [ -111.63739751740259, 40.256652674047054 ] ] ] } },
{ "type": "Feature", "properties": { "type": "Feature", "properties": { "height": 5.8816680908203125, "confidence": 0.98659998178482011 }, "id": 485 }, "geometry": { "type": "Polygon", "coordinates": [ [ [ -111.630155112489945, 40.255616995387165 ], [ -111.630142939163235, 40.255360244595913 ], [ -111.629994564706536, 40.255364341923318 ], [ -111.630002207125102, 40.255525842639813 ], [ -111.630011303879812, 40.255525591435571 ], [ -111.630015819644129, 40.255620834473241 ], [ -111.630155112489945, 40.255616995387165 ] ] ] } },
{ "type": "Feature", "properties": { "type": "Feature", "properties": { "height": 5.8779964447021484, "confidence": 0.99099999666213912 }, "id": 486 }, "geometry": { "type": "Polygon", "coordinates": [ [ [ -111.631014744103894, 40.257181699588877 ], [ -111.631021410634844, 40.257294050719615 ], [ -111.631172762956183, 40.257288828438966 ], [ -111.631166152758411, 40.257177254235216 ], [ -111.631123325097761, 40.257178734256506 ], [ -111.631118121138314, 40.257090895965966 ], [ -111.63101908217304, 40.257094318519542 ], [ -111.631024239634044, 40.257181371953308 ], [ -111.631014744103894, 40.257181699588877 ] ] ] } },
{ "type": "Feature", "properties": { "type": "Feature", "properties": { "height": 6.7725076675415039, "confidence": 0.98739999532699507 }, "id": 487 }, "geometry": { "type": "Polygon", "coordinates": [ [ [ -111.632039667210009, 40.264137473597927 ], [ -111.632014517331939, 40.264128550928149 ], [ -111.632043232057327, 40.264081430113407 ], [ -111.631856653788674, 40.264015235821688 ], [ -111.631725777919826, 40.264230035170186 ], [ -111.631911031981957, 40.264295769344827 ], [ -111.631940398307734, 40.264247572119459 ], [ -111.631966863881857, 40.264256961555127 ], [ -111.632039667210009, 40.264137473597927 ] ] ] } },
{ "type": "Feature", "properties": { "type": "Feature", "properties": { "height": 5.1327600479125977, "confidence": 0.97780001163482611 }, "id": 488 }, "geometry": { "type": "Polygon", "coordinates": [ [ [ -111.636346256793829, 40.250597686010714 ], [ -111.636259066603202, 40.250476641173577 ], [ -111.636318797653615, 40.250451578421398 ], [ -111.636272899456841, 40.250387858530978 ], [ -111.636114298533414, 40.250454397995668 ], [ -111.636247391606972, 40.250639169092146 ], [ -111.636346256793829, 40.250597686010714 ] ] ] } },
{ "type": "Feature", "properties": { "type": "Feature", "properties": { "height": 4.1560187339782706, "confidence": 0.98879998922348011 }, "id": 489 }, "geometry": { "type": "Polygon", "coordinates": [ [ [ -111.638119169074912, 40.253374516009629 ], [ -111.637944717486306, 40.253455976910921 ], [ -111.638010980949332, 40.253538622463424 ], [ -111.638236162100284, 40.253433461262112 ], [ -111.638182430054854, 40.253366437464379 ], [ -111.638131689542675, 40.2533901336827 ], [ -111.638119169074912, 40.253374516009629 ] ] ] } },
{ "type": "Feature", "properties": { "type": "Feature", "properties": { "height": 7.5073981285095206, "confidence": 0.92519998550415006 }, "id": 490 }, "geometry": { "type": "Polygon", "coordinates": [ [ [ -111.638784650900917, 40.256563074057418 ], [ -111.638676348402356, 40.256621516979067 ], [ -111.639199158465871, 40.257185718920113 ], [ -111.639307422896891, 40.25712729124524 ], [ -111.638784650900917, 40.256563074057418 ] ] ] } },
{ "type": "Feature", "properties": { "type": "Feature", "properties": { "height": 3.6677463054656982, "confidence": 0.98890000581741311 }, "id": 491 }, "geometry": { "type": "Polygon", "coordinates": [ [ [ -111.638959336875629, 40.254261454422476 ], [ -111.638861724304746, 40.254137368921064 ], [ -111.638787519027659, 40.254171365008531 ], [ -111.638746093021396, 40.254118697916965 ], [ -111.638681026888918, 40.254148507045073 ], [ -111.638730110566968, 40.254210909711333 ], [ -111.638758969896344, 40.254197686690176 ], [ -111.638848928440694, 40.254312042267884 ], [ -111.638959336875629, 40.254261454422476 ] ] ] } },
{ "type": "Feature", "properties": { "type": "Feature", "properties": { "height": 5.6636638641357422, "confidence": 0.99220001697540205 }, "id": 492 }, "geometry": { "type": "Polygon", "coordinates": [ [ [ -111.633623693676199, 40.263920578350763 ], [ -111.633618229212601, 40.263721320280311 ], [ -111.633477770893876, 40.263723563211634 ], [ -111.633478945161869, 40.263766525857399 ], [ -111.63329232115872, 40.263769505990894 ], [ -111.633291142951947, 40.263726543409909 ], [ -111.633178539485172, 40.263728341536385 ], [ -111.63318285957665, 40.263885870862396 ], [ -111.633397342370529, 40.263882445867495 ], [ -111.633398486412943, 40.263924162571072 ], [ -111.633623693676199, 40.263920578350763 ] ] ] } },
{ "type": "Feature", "properties": { "type": "Feature", "properties": { "height": 4.2321052551269531, "confidence": 0.98769998550415006 }, "id": 493 }, "geometry": { "type": "Polygon", "coordinates": [ [ [ -111.638851237824682, 40.25595057760782 ], [ -111.638823062510454, 40.255895519049218 ], [ -111.638864953133705, 40.255883033759538 ], [ -111.638824962365149, 40.255804886036657 ], [ -111.63861085473512, 40.255868699788927 ], [ -111.638645392217072, 40.255936190945818 ], [ -111.638591865309564, 40.255952144358581 ], [ -111.638636400483662, 40.256039172309421 ], [ -111.638734145271286, 40.256010040025103 ], [ -111.638723238698034, 40.255988727058721 ], [ -111.638851237824682, 40.25595057760782 ] ] ] } },
{ "type": "Feature", "properties": { "type": "Feature", "properties": { "height": 8.430206298828125, "confidence": 0.96210002899169911 }, "id": 494 }, "geometry": { "type": "Polygon", "coordinates": [ [ [ -111.639863463562747, 40.2615384355286 ], [ -111.639775880425063, 40.261641194194461 ], [ -111.640028459809244, 40.261766542186209 ], [ -111.640116034867191, 40.261663793190451 ], [ -111.639863463562747, 40.2615384355286 ] ] ] } },
{ "type": "Feature", "properties": { "type": "Feature", "properties": { "height": 5.1184930801391602, "confidence": 0.97820001840591408 }, "id": 495 }, "geometry": { "type": "Polygon", "coordinates": [ [ [ -111.63116266718535, 40.254017355752346 ], [ -111.630999228534705, 40.254021450123538 ], [ -111.631003098249977, 40.254111422326041 ], [ -111.63089860468645, 40.254114040035169 ], [ -111.630903002090164, 40.254216281025208 ], [ -111.631012854297964, 40.254213529078754 ], [ -111.6310147891556, 40.254258515067264 ], [ -111.631172869161972, 40.254254554951615 ], [ -111.63116266718535, 40.254017355752346 ] ] ] } },
{ "type": "Feature", "properties": { "type": "Feature", "properties": { "height": 4.5555553436279297, "confidence": 1.0 }, "id": 496 }, "geometry": { "type": "Polygon", "coordinates": [ [ [ -111.63291282722615, 40.256808788663086 ], [ -111.632891395694372, 40.256809359872641 ], [ -111.632892986222117, 40.256844115503306 ], [ -111.632914417753909, 40.256843544294043 ], [ -111.63291282722615, 40.256808788663086 ] ] ] } },
{ "type": "Feature", "properties": { "type": "Feature", "properties": { "height": 2.1775956153869629, "confidence": 0.96469998359680109 }, "id": 497 }, "geometry": { "type": "Polygon", "coordinates": [ [ [ -111.635845311150831, 40.259659421407086 ], [ -111.635742447586466, 40.25967816677354 ], [ -111.635748233069037, 40.259696655060552 ], [ -111.635851096610637, 40.259677904209433 ], [ -111.635845311150831, 40.259659421407086 ] ] ] } },
{ "type": "Feature", "properties": { "type": "Feature", "properties": { "height": 6.1840696334838867, "confidence": 0.96850001811981212 }, "id": 498 }, "geometry": { "type": "Polygon", "coordinates": [ [ [ -111.639057856147545, 40.262336249854044 ], [ -111.638939364650611, 40.262554664038184 ], [ -111.639099649290429, 40.262605299095917 ], [ -111.639218140787364, 40.262386885075259 ], [ -111.639057856147545, 40.262336249854044 ] ] ] } },
{ "type": "Feature", "properties": { "type": "Feature", "properties": { "height": 4.6490345001220703, "confidence": 0.99500000476837103 }, "id": 499 }, "geometry": { "type": "Polygon", "coordinates": [ [ [ -111.630791360840419, 40.255360248974725 ], [ -111.630794480892135, 40.25545025334231 ], [ -111.631024989532662, 40.255445599309475 ], [ -111.631021869480932, 40.255355594935672 ], [ -111.630791360840419, 40.255360248974725 ] ] ] } },
{ "type": "Feature", "properties": { "type": "Feature", "properties": { "height": 4.6370654106140137, "confidence": 0.99180001020431507 }, "id": 500 }, "geometry": { "type": "Polygon", "coordinates": [ [ [ -111.632323050419743, 40.249583927410505 ], [ -111.632268772555108, 40.249658409225496 ], [ -111.63239987976641, 40.249714058890007 ], [ -111.632454153733192, 40.249639582485052 ], [ -111.632323050419743, 40.249583927410505 ] ] ] } },
{ "type": "Feature", "properties": { "type": "Feature", "properties": { "height": 5.8096408843994141, "confidence": 0.98640000820159912 }, "id": 501 }, "geometry": { "type": "Polygon", "coordinates": [ [ [ -111.632555315234526, 40.247435247718109 ], [ -111.632680273964112, 40.247434166325306 ], [ -111.63267759810627, 40.247254033300074 ], [ -111.63247645828757, 40.247255773968618 ], [ -111.632477735401551, 40.24734174660643 ], [ -111.63255390785757, 40.247341087409104 ], [ -111.632555315234526, 40.247435247718109 ] ] ] } },
{ "type": "Feature", "properties": { "type": "Feature", "properties": { "height": 6.0899472236633301, "confidence": 0.97780001163482611 }, "id": 502 }, "geometry": { "type": "Polygon", "coordinates": [ [ [ -111.633138902379955, 40.259624656084824 ], [ -111.633085358580075, 40.259462214152691 ], [ -111.633157327319481, 40.259448395442661 ], [ -111.633132818239957, 40.259374059990812 ], [ -111.632869137232092, 40.259424675311784 ], [ -111.632947184891236, 40.259661457397712 ], [ -111.633138902379955, 40.259624656084824 ] ] ] } },
{ "type": "Feature", "properties": { "type": "Feature", "properties": { "height": 4.7928175926208496, "confidence": 0.9311000108718871 }, "id": 503 }, "geometry": { "type": "Polygon", "coordinates": [ [ [ -111.637630393714375, 40.250663699012819 ], [ -111.637647787439676, 40.250686765755098 ], [ -111.637706218060032, 40.250661100129221 ], [ -111.637597217381455, 40.250516548359677 ], [ -111.637423940369374, 40.25059266034993 ], [ -111.63751554732265, 40.250714145231818 ], [ -111.637630393714375, 40.250663699012819 ] ] ] } },
{ "type": "Feature", "properties": { "type": "Feature", "properties": { "height": 5.348757266998291, "confidence": 0.99889999628067005 }, "id": 504 }, "geometry": { "type": "Polygon", "coordinates": [ [ [ -111.638655741935864, 40.252727865491359 ], [ -111.63859626059957, 40.252653061883485 ], [ -111.638455932419802, 40.252718057226616 ], [ -111.638515408742549, 40.252792863084764 ], [ -111.638655741935864, 40.252727865491359 ] ] ] } },
{ "type": "Feature", "properties": { "type": "Feature", "properties": { "height": 5.0227503776550293, "confidence": 0.95069998502731312 }, "id": 505 }, "geometry": { "type": "Polygon", "coordinates": [ [ [ -111.635272681352149, 40.259065935095705 ], [ -111.635432107981558, 40.259028715726977 ], [ -111.635452362469451, 40.259079252790393 ], [ -111.635365335518927, 40.259099569886487 ], [ -111.635373921175713, 40.259120987078418 ], [ -111.635510003341366, 40.259089224949072 ], [ -111.635454156345205, 40.258949880788023 ], [ -111.635357307867579, 40.2589724908363 ], [ -111.635352387285366, 40.258960216262466 ], [ -111.635294714468799, 40.258973677359215 ], [ -111.635303385981629, 40.258995313711956 ], [ -111.635249426199366, 40.259007911045273 ], [ -111.635272681352149, 40.259065935095705 ] ] ] } },
{ "type": "Feature", "properties": { "type": "Feature", "properties": { "height": 7.1635231971740723, "confidence": 0.96810001134872403 }, "id": 506 }, "geometry": { "type": "Polygon", "coordinates": [ [ [ -111.63760253849118, 40.257539344298003 ], [ -111.637469866353484, 40.257543192134008 ], [ -111.637480452247644, 40.257755764548293 ], [ -111.637613104918202, 40.257751917288978 ], [ -111.63760253849118, 40.257539344298003 ] ] ] } },
{ "type": "Feature", "properties": { "type": "Feature", "properties": { "height": 6.2472810745239258, "confidence": 0.98220002651214611 }, "id": 507 }, "geometry": { "type": "Polygon", "coordinates": [ [ [ -111.632834456808794, 40.257517840741301 ], [ -111.632927045252231, 40.257516297803093 ], [ -111.632925054818841, 40.257446735600915 ], [ -111.632855350621696, 40.257447897186267 ], [ -111.632853594356945, 40.257386518714235 ], [ -111.632690057586757, 40.257389243974565 ], [ -111.632694155537877, 40.257532460316916 ], [ -111.63272364577513, 40.257531968877586 ], [ -111.632725789968788, 40.257606904638038 ], [ -111.632836960079473, 40.257605046110683 ], [ -111.632834456808794, 40.257517840741301 ] ] ] } },
{ "type": "Feature", "properties": { "type": "Feature", "properties": { "height": 6.0726199150085449, "confidence": 0.98369997739791804 }, "id": 508 }, "geometry": { "type": "Polygon", "coordinates": [ [ [ -111.634827930868184, 40.258876417525308 ], [ -111.634912925926201, 40.258946567750414 ], [ -111.634989563528606, 40.258892491601621 ], [ -111.634903995748559, 40.258821868626697 ], [ -111.634937253576012, 40.258798401580798 ], [ -111.634870403747883, 40.258743227311193 ], [ -111.634808226070447, 40.258787100513146 ], [ -111.634782823135751, 40.2587661342925 ], [ -111.634737997368319, 40.258797763802335 ], [ -111.634766074296138, 40.258820936982367 ], [ -111.63467642276126, 40.258884195936005 ], [ -111.634741168291427, 40.258937633320024 ], [ -111.634827930868184, 40.258876417525308 ] ] ] } },
{ "type": "Feature", "properties": { "type": "Feature", "properties": { "height": 6.1757988929748526, "confidence": 0.99119997024536111 }, "id": 509 }, "geometry": { "type": "Polygon", "coordinates": [ [ [ -111.63548802055989, 40.252212390303313 ], [ -111.635586928952748, 40.252183089177734 ], [ -111.635500986628045, 40.252014076080954 ], [ -111.635402064765572, 40.252043381270035 ], [ -111.63548802055989, 40.252212390303313 ] ] ] } },
{ "type": "Feature", "properties": { "type": "Feature", "properties": { "height": 4.9354162216186523, "confidence": 0.95529997348785411 }, "id": 510 }, "geometry": { "type": "Polygon", "coordinates": [ [ [ -111.63847906351296, 40.255603530036488 ], [ -111.638468829789673, 40.255521418005266 ], [ -111.638248200962366, 40.255537421393399 ], [ -111.638258436141214, 40.255619545084059 ], [ -111.63847906351296, 40.255603530036488 ] ] ] } },
{ "type": "Feature", "properties": { "type": "Feature", "properties": { "height": 3.6077690124511719, "confidence": 0.95730000734329213 }, "id": 511 }, "geometry": { "type": "Polygon", "coordinates": [ [ [ -111.638725538859134, 40.253541177732174 ], [ -111.638778978749727, 40.253613396681892 ], [ -111.638811517703502, 40.253599373979156 ], [ -111.638859142012961, 40.253663733670265 ], [ -111.639023865529794, 40.253592737089285 ], [ -111.63894002737311, 40.253479437693649 ], [ -111.638769985588013, 40.253552726593753 ], [ -111.638752760188297, 40.253529445200051 ], [ -111.638725538859134, 40.253541177732174 ] ] ] } },
{ "type": "Feature", "properties": { "type": "Feature", "properties": { "height": 4.3490395545959473, "confidence": 0.98269999027252208 }, "id": 512 }, "geometry": { "type": "Polygon", "coordinates": [ [ [ -111.638990712376525, 40.255085748517139 ], [ -111.639002255716107, 40.255122531503943 ], [ -111.638961668497544, 40.255129950101214 ], [ -111.638979287279014, 40.255186092510044 ], [ -111.639019874497606, 40.255178673918941 ], [ -111.639063617679199, 40.255318061782361 ], [ -111.63921835645003, 40.255289778454561 ], [ -111.639172790635854, 40.25514458269658 ], [ -111.63919308424515, 40.255140873398858 ], [ -111.639165744756639, 40.255053755789739 ], [ -111.638990712376525, 40.255085748517139 ] ] ] } },
{ "type": "Feature", "properties": { "type": "Feature", "properties": { "height": 4.247126579284668, "confidence": 0.97380000352859508 }, "id": 513 }, "geometry": { "type": "Polygon", "coordinates": [ [ [ -111.639476044057005, 40.252171237339098 ], [ -111.639380369264217, 40.2522168184611 ], [ -111.639408738315709, 40.252251507421967 ], [ -111.639311400899516, 40.252297875391818 ], [ -111.639365620203264, 40.252364165861096 ], [ -111.639604961910877, 40.252250152317359 ], [ -111.639537488999537, 40.252167657362293 ], [ -111.639491164798073, 40.252189724541672 ], [ -111.639476044057005, 40.252171237339098 ] ] ] } },
{ "type": "Feature", "properties": { "type": "Feature", "properties": { "height": 5.7665963172912598, "confidence": 0.9846000075340271 }, "id": 514 }, "geometry": { "type": "Polygon", "coordinates": [ [ [ -111.631973304706648, 40.263612558316694 ], [ -111.631977138321702, 40.263679973466409 ], [ -111.631868414098221, 40.263683579381485 ], [ -111.631875004334006, 40.26379928366439 ], [ -111.632070437007172, 40.263792812451172 ], [ -111.63206000639137, 40.26360968279154 ], [ -111.631973304706648, 40.263612558316694 ] ] ] } },
{ "type": "Feature", "properties": { "type": "Feature", "properties": { "height": 5.3659548759460449, "confidence": 0.98930001258850109 }, "id": 515 }, "geometry": { "type": "Polygon", "coordinates": [ [ [ -111.633513941854631, 40.249948934135737 ], [ -111.633511185165432, 40.24988720536237 ], [ -111.633532337008631, 40.249880357127537 ], [ -111.633529621335938, 40.249819546749677 ], [ -111.633463791948742, 40.249701124393475 ], [ -111.633322863138105, 40.249746759901193 ], [ -111.633357491354232, 40.249809053567503 ], [ -111.633363912447408, 40.24995283706847 ], [ -111.633513941854631, 40.249948934135737 ] ] ] } },
{ "type": "Feature", "properties": { "type": "Feature", "properties": { "height": 4.8712763786315918, "confidence": 0.93379998207092207 }, "id": 516 }, "geometry": { "type": "Polygon", "coordinates": [ [ [ -111.638094632346807, 40.252198695847895 ], [ -111.638038908751255, 40.252220885883318 ], [ -111.638113175444488, 40.252329518469509 ], [ -111.638234252515332, 40.252281310160654 ], [ -111.63817485611753, 40.252194417191411 ], [ -111.638109496410863, 40.252220440991501 ], [ -111.638094632346807, 40.252198695847895 ] ] ] } },
{ "type": "Feature", "properties": { "type": "Feature", "properties": { "height": 3.0340018272399898, "confidence": 0.92830002307891812 }, "id": 517 }, "geometry": { "type": "Polygon", "coordinates": [ [ [ -111.638980851234578, 40.262674154846145 ], [ -111.638858976260295, 40.262608100825489 ], [ -111.638747545118832, 40.262727822585838 ], [ -111.63867979680559, 40.262691104268654 ], [ -111.638607619816256, 40.262768651247001 ], [ -111.638797231077817, 40.262871416832326 ], [ -111.638897272404606, 40.262763943131866 ], [ -111.638897272404606, 40.262763943131866 ], [ -111.638980851234578, 40.262674154846145 ] ] ] } },
{ "type": "Feature", "properties": { "type": "Feature", "properties": { "height": 4.0875234603881836, "confidence": 0.99390000104904108 }, "id": 518 }, "geometry": { "type": "Polygon", "coordinates": [ [ [ -111.63904065138118, 40.25635730781223 ], [ -111.638961949944985, 40.256277826085658 ], [ -111.63867853075601, 40.25644125794085 ], [ -111.638757232192219, 40.256520739475448 ], [ -111.63904065138118, 40.25635730781223 ] ] ] } },
{ "type": "Feature", "properties": { "type": "Feature", "properties": { "height": 4.7375836372375488, "confidence": 0.99910002946853604 }, "id": 519 }, "geometry": { "type": "Polygon", "coordinates": [ [ [ -111.640204989421719, 40.256820288509125 ], [ -111.640088115962769, 40.256705167879645 ], [ -111.6399590570703, 40.25678147721576 ], [ -111.640075930529221, 40.256896597715418 ], [ -111.640204989421719, 40.256820288509125 ] ] ] } },
{ "type": "Feature", "properties": { "type": "Feature", "properties": { "height": 5.928192138671875, "confidence": 0.96560001373291005 }, "id": 520 }, "geometry": { "type": "Polygon", "coordinates": [ [ [ -111.636059176138261, 40.255393825943905 ], [ -111.635866388697067, 40.255461315370994 ], [ -111.635922294536357, 40.255554328374359 ], [ -111.636115081977522, 40.255486839040039 ], [ -111.636059176138261, 40.255393825943905 ] ] ] } },
{ "type": "Feature", "properties": { "type": "Feature", "properties": { "height": 5.354273796081543, "confidence": 0.99819999933242809 }, "id": 521 }, "geometry": { "type": "Polygon", "coordinates": [ [ [ -111.630094697652311, 40.257272017992257 ], [ -111.629963366258252, 40.257274739684398 ], [ -111.629969146120629, 40.257437169908521 ], [ -111.630100477265287, 40.257434441213455 ], [ -111.630094697652311, 40.257272017992257 ] ] ] } },
{ "type": "Feature", "properties": { "type": "Feature", "properties": { "height": 5.0326724052429199, "confidence": 0.99500000476837103 }, "id": 522 }, "geometry": { "type": "Polygon", "coordinates": [ [ [ -111.6315774434524, 40.257864456844374 ], [ -111.631707539536649, 40.257866506690007 ], [ -111.631714113918363, 40.257624324737094 ], [ -111.631566655708824, 40.257621993442569 ], [ -111.631563080420392, 40.257753697243949 ], [ -111.631580432630955, 40.257753970652722 ], [ -111.6315774434524, 40.257864456844374 ] ] ] } },
{ "type": "Feature", "properties": { "type": "Feature", "properties": { "height": 5.606926441192627, "confidence": 0.98849999904632513 }, "id": 523 }, "geometry": { "type": "Polygon", "coordinates": [ [ [ -111.633285146675391, 40.261153533619584 ], [ -111.633212360606876, 40.260985645527583 ], [ -111.633183348854971, 40.260992968418044 ], [ -111.633161752988514, 40.26094315539293 ], [ -111.633026364812991, 40.260977328896473 ], [ -111.633077248927336, 40.261094698075567 ], [ -111.633005719557858, 40.26111275667774 ], [ -111.633003320524764, 40.26110722190878 ], [ -111.63293462889574, 40.261124564080085 ], [ -111.632964222613623, 40.261192824756769 ], [ -111.633110273271356, 40.26115595223866 ], [ -111.633126573877476, 40.261193559057283 ], [ -111.633285146675391, 40.261153533619584 ] ] ] } },
{ "type": "Feature", "properties": { "type": "Feature", "properties": { "height": 2.587191104888916, "confidence": 0.98809999227523804 }, "id": 524 }, "geometry": { "type": "Polygon", "coordinates": [ [ [ -111.633356661986866, 40.26047501512241 ], [ -111.633304329953816, 40.260384068948049 ], [ -111.633274113756087, 40.260394194134918 ], [ -111.633240155669228, 40.260335188804923 ], [ -111.633121969641948, 40.260374798254091 ], [ -111.633208252179941, 40.260524745885412 ], [ -111.633356661986866, 40.26047501512241 ] ] ] } },
{ "type": "Feature", "properties": { "type": "Feature", "properties": { "height": 5.648989200592041, "confidence": 0.98739999532699507 }, "id": 525 }, "geometry": { "type": "Polygon", "coordinates": [ [ [ -111.635453366746347, 40.256205087732042 ], [ -111.635561587959671, 40.256208561753006 ], [ -111.63556412788634, 40.256162479332147 ], [ -111.635628702442276, 40.256164555697453 ], [ -111.63565198237842, 40.25618372691325 ], [ -111.635702223859823, 40.256185342404599 ], [ -111.635770272205406, 40.256241380735375 ], [ -111.635877048156033, 40.256165858886305 ], [ -111.635834111387609, 40.256130500096482 ], [ -111.63583609116867, 40.256094580475427 ], [ -111.635769802246998, 40.256039990925778 ], [ -111.635716412408811, 40.25607775039699 ], [ -111.63570033538933, 40.256064510821176 ], [ -111.635581355455571, 40.256060685070153 ], [ -111.635552521239532, 40.256081077800182 ], [ -111.635551194724556, 40.256105145071835 ], [ -111.635541777393797, 40.256097389815395 ], [ -111.635491231017994, 40.256095767218028 ], [ -111.635458108912758, 40.256119192504983 ], [ -111.635453366746347, 40.256205087732042 ] ] ] } },
{ "type": "Feature", "properties": { "type": "Feature", "properties": { "height": 4.5651688575744629, "confidence": 0.99839997291564908 }, "id": 526 }, "geometry": { "type": "Polygon", "coordinates": [ [ [ -111.636959721716792, 40.256849298589167 ], [ -111.636938984342336, 40.256726474175601 ], [ -111.636802941453226, 40.256739851578914 ], [ -111.636837975729023, 40.256947241611165 ], [ -111.637042598459061, 40.256927120658503 ], [ -111.637028320266808, 40.256842553150669 ], [ -111.636959721716792, 40.256849298589167 ] ] ] } },
{ "type": "Feature", "properties": { "type": "Feature", "properties": { "height": 4.3196735382080078, "confidence": 0.96030002832412709 }, "id": 527 }, "geometry": { "type": "Polygon", "coordinates": [ [ [ -111.633080458246837, 40.262952759466465 ], [ -111.633208775587917, 40.262962998009911 ], [ -111.633238630401394, 40.262745121934792 ], [ -111.633110333756562, 40.262734878157708 ], [ -111.633080458246837, 40.262952759466465 ] ] ] } },
{ "type": "Feature", "properties": { "type": "Feature", "properties": { "height": 4.3661508560180664, "confidence": 0.94090002775192205 }, "id": 528 }, "geometry": { "type": "Polygon", "coordinates": [ [ [ -111.636486574252189, 40.250547066112013 ], [ -111.636416200186005, 40.250448259859894 ], [ -111.636310609903248, 40.250492068486416 ], [ -111.636342722062764, 40.250537154432209 ], [ -111.636368625497141, 40.25052640591516 ], [ -111.636406894307328, 40.250580128941813 ], [ -111.636486574252189, 40.250547066112013 ] ] ] } },
{ "type": "Feature", "properties": { "type": "Feature", "properties": { "height": 2.664206743240356, "confidence": 0.9936000108718871 }, "id": 529 }, "geometry": { "type": "Polygon", "coordinates": [ [ [ -111.636973546058826, 40.252987766758224 ], [ -111.637029221803544, 40.253055127297294 ], [ -111.637092539369789, 40.253024644173237 ], [ -111.637036863625099, 40.252957283603827 ], [ -111.636973546058826, 40.252987766758224 ] ] ] } },
{ "type": "Feature", "properties": { "type": "Feature", "properties": { "height": 4.5349349975585938, "confidence": 0.93709999322891202 }, "id": 530 }, "geometry": { "type": "Polygon", "coordinates": [ [ [ -111.637107543922113, 40.258082336529966 ], [ -111.636893524342653, 40.25809066978232 ], [ -111.636905672477724, 40.258272371008069 ], [ -111.637063511917589, 40.258266225251056 ], [ -111.637058461569282, 40.258190686591618 ], [ -111.637114641708905, 40.258188499116216 ], [ -111.637107543922113, 40.258082336529966 ] ] ] } },
{ "type": "Feature", "properties": { "type": "Feature", "properties": { "height": 6.625981330871582, "confidence": 0.91839998960494995 }, "id": 531 }, "geometry": { "type": "Polygon", "coordinates": [ [ [ -111.631933884399515, 40.252951224888569 ], [ -111.632094000933861, 40.252942501146045 ], [ -111.63208980975358, 40.252897694162144 ], [ -111.63215385636731, 40.25289420466251 ], [ -111.632142806892034, 40.25277607701122 ], [ -111.632084097496119, 40.252779275724791 ], [ -111.63208581206986, 40.252797605890237 ], [ -111.6319203583177, 40.252806620443444 ], [ -111.631933884399515, 40.252951224888569 ] ] ] } },
{ "type": "Feature", "properties": { "type": "Feature", "properties": { "height": 5.6321368217468262, "confidence": 0.98989999294281006 }, "id": 532 }, "geometry": { "type": "Polygon", "coordinates": [ [ [ -111.636887431570599, 40.261944715833984 ], [ -111.636782298889045, 40.26196192567658 ], [ -111.636771297616676, 40.261922790790813 ], [ -111.636727706016984, 40.26192992658207 ], [ -111.636717254808218, 40.261892748423541 ], [ -111.636645456879364, 40.261904501496289 ], [ -111.636669659678645, 40.261990598238363 ], [ -111.636641453349455, 40.261995215510503 ], [ -111.636668406466796, 40.262091095837761 ], [ -111.636917135006058, 40.262050379939346 ], [ -111.636887431570599, 40.261944715833984 ] ] ] } },
{ "type": "Feature", "properties": { "type": "Feature", "properties": { "height": 4.1462111473083496, "confidence": 0.97189998626708907 }, "id": 533 }, "geometry": { "type": "Polygon", "coordinates": [ [ [ -111.639036257832331, 40.252368717423202 ], [ -111.639120788609233, 40.252484141992753 ], [ -111.63929450636185, 40.252410037728225 ], [ -111.639221398662897, 40.252310210975665 ], [ -111.639089425058074, 40.25236650817321 ], [ -111.63907800307004, 40.252350909777853 ], [ -111.639036257832331, 40.252368717423202 ] ] ] } },
{ "type": "Feature", "properties": { "type": "Feature", "properties": { "height": 4.9735770225524902, "confidence": 0.98830002546310403 }, "id": 534 }, "geometry": { "type": "Polygon", "coordinates": [ [ [ -111.639058185729226, 40.253402804030884 ], [ -111.638951365715755, 40.253450766929348 ], [ -111.639029907221669, 40.253552653195449 ], [ -111.639087690805653, 40.253526708024161 ], [ -111.639097608398245, 40.25353957340019 ], [ -111.63925700651275, 40.253467994150917 ], [ -111.63921128972116, 40.253408688978418 ], [ -111.639100930313177, 40.253458246978575 ], [ -111.639058185729226, 40.253402804030884 ] ] ] } },
{ "type": "Feature", "properties": { "type": "Feature", "properties": { "height": 8.42779541015625, "confidence": 0.90979999303817705 }, "id": 535 }, "geometry": { "type": "Polygon", "coordinates": [ [ [ -111.641825204753303, 40.258836108706703 ], [ -111.641785134916205, 40.258941897279151 ], [ -111.642076035148193, 40.259006050247116 ], [ -111.642116096030961, 40.258900259800235 ], [ -111.641825204753303, 40.258836108706703 ] ] ] } },
{ "type": "Feature", "properties": { "type": "Feature", "properties": { "height": 3.7792515754699703, "confidence": 0.98530000448226907 }, "id": 536 }, "geometry": { "type": "Polygon", "coordinates": [ [ [ -111.638217015120816, 40.250252756851928 ], [ -111.63817800463157, 40.250270992566954 ], [ -111.63824729384595, 40.250357336975142 ], [ -111.638391632656194, 40.25028986489103 ], [ -111.638288893476229, 40.250161836808417 ], [ -111.638183565155245, 40.250211073293876 ], [ -111.638217015120816, 40.250252756851928 ] ] ] } },
{ "type": "Feature", "properties": { "type": "Feature", "properties": { "height": 4.0627574920654297, "confidence": 0.92949998378753607 }, "id": 537 }, "geometry": { "type": "Polygon", "coordinates": [ [ [ -111.634926444897076, 40.262729558001091 ], [ -111.634839684668563, 40.26273078592159 ], [ -111.634840433431151, 40.262761476775708 ], [ -111.634911103125731, 40.262760476585534 ], [ -111.634912296643591, 40.262809581987604 ], [ -111.635032002558006, 40.262807887787645 ], [ -111.635030982560522, 40.26276607937487 ], [ -111.635018531962416, 40.262766256253499 ], [ -111.63501596755691, 40.262660747739218 ], [ -111.634924803810037, 40.262662037984178 ], [ -111.634926444897076, 40.262729558001091 ] ] ] } },
{ "type": "Feature", "properties": { "type": "Feature", "properties": { "height": 6.8970589637756348, "confidence": 0.97359997034072809 }, "id": 538 }, "geometry": { "type": "Polygon", "coordinates": [ [ [ -111.635105002545586, 40.249518202545175 ], [ -111.635052609501443, 40.249387097864066 ], [ -111.634864948083958, 40.249430784782064 ], [ -111.634902685841681, 40.249525238739984 ], [ -111.634930851150841, 40.249518683470555 ], [ -111.634945497963002, 40.249555334580918 ], [ -111.635105002545586, 40.249518202545175 ] ] ] } },
{ "type": "Feature", "properties": { "type": "Feature", "properties": { "height": 4.0939955711364746, "confidence": 0.97729998826980513 }, "id": 539 }, "geometry": { "type": "Polygon", "coordinates": [ [ [ -111.635121964640362, 40.260941130839832 ], [ -111.635206077238138, 40.260926449749313 ], [ -111.635210741121696, 40.260942010256713 ], [ -111.635307598052478, 40.260925104758485 ], [ -111.635294189387224, 40.260880368278869 ], [ -111.635388497451402, 40.26086390764722 ], [ -111.635367509975367, 40.26079388525487 ], [ -111.635247713245207, 40.260814794726855 ], [ -111.635235797601368, 40.260775039479263 ], [ -111.635308630369366, 40.260762323259677 ], [ -111.635289060218128, 40.260697049492578 ], [ -111.635190743365158, 40.260714209864808 ], [ -111.635166586079819, 40.26063361156978 ], [ -111.635099223124683, 40.260645372811155 ], [ -111.635073235082331, 40.260558692815486 ], [ -111.635009514386681, 40.260569814745338 ], [ -111.634998434442323, 40.260532858893278 ], [ -111.634946011498215, 40.260542008895968 ], [ -111.63498390555219, 40.260668438633473 ], [ -111.635037431750774, 40.260659096084026 ], [ -111.635121964640362, 40.260941130839832 ] ] ] } },
{ "type": "Feature", "properties": { "type": "Feature", "properties": { "height": 5.7797436714172363, "confidence": 0.9756000041961671 }, "id": 540 }, "geometry": { "type": "Polygon", "coordinates": [ [ [ -111.636483876234493, 40.251416238954469 ], [ -111.636416904695295, 40.251304518846823 ], [ -111.636225147549723, 40.251371487764978 ], [ -111.636257622706296, 40.251425653624906 ], [ -111.636290890121586, 40.2514140353871 ], [ -111.636325394975458, 40.251471586575668 ], [ -111.636483876234493, 40.251416238954469 ] ] ] } },
{ "type": "Feature", "properties": { "type": "Feature", "properties": { "height": 5.0232639312744141, "confidence": 0.99830001592636108 }, "id": 541 }, "geometry": { "type": "Polygon", "coordinates": [ [ [ -111.639354097593085, 40.254133542044798 ], [ -111.639485985223473, 40.254286212298084 ], [ -111.639603767888275, 40.254226948380129 ], [ -111.639565557453324, 40.254182716808138 ], [ -111.639606007408204, 40.254162363848813 ], [ -111.63951232328148, 40.254053928488815 ], [ -111.639354097593085, 40.254133542044798 ] ] ] } },
{ "type": "Feature", "properties": { "type": "Feature", "properties": { "height": 4.7501158714294434, "confidence": 0.97210001945495605 }, "id": 542 }, "geometry": { "type": "Polygon", "coordinates": [ [ [ -111.630664864159101, 40.258256868777394 ], [ -111.630525457479408, 40.2582545158795 ], [ -111.630522552172863, 40.258354764835993 ], [ -111.630475656152598, 40.258353973328823 ], [ -111.630471671025376, 40.258491047981728 ], [ -111.63069954697616, 40.25849489404537 ], [ -111.630705101918835, 40.258303823082002 ], [ -111.630663523782658, 40.25830311910839 ], [ -111.630664864159101, 40.258256868777394 ] ] ] } },
{ "type": "Feature", "properties": { "type": "Feature", "properties": { "height": 7.8649954795837402, "confidence": 0.92259997129440308 }, "id": 543 }, "geometry": { "type": "Polygon", "coordinates": [ [ [ -111.640852977791127, 40.25967039610169 ], [ -111.640565955102744, 40.259601932696043 ], [ -111.64052013892217, 40.259713815596001 ], [ -111.640807152262653, 40.259782276658697 ], [ -111.640852977791127, 40.25967039610169 ] ] ] } },
{ "type": "Feature", "properties": { "type": "Feature", "properties": { "height": 7.9622454643249512, "confidence": 0.94319999217987005 }, "id": 544 }, "geometry": { "type": "Polygon", "coordinates": [ [ [ -111.642379410418357, 40.259453487136739 ], [ -111.642100818984915, 40.259508512030557 ], [ -111.642072425085388, 40.259557397822064 ], [ -111.642234874561495, 40.259612345796157 ], [ -111.642182550117155, 40.259702418430606 ], [ -111.642102941441863, 40.25971813772054 ], [ -111.642078021907352, 40.259644642919277 ], [ -111.642013051381511, 40.25959808479783 ], [ -111.641924471002639, 40.259670070884113 ], [ -111.641980247968718, 40.259834528379137 ], [ -111.642042387017156, 40.259879057298342 ], [ -111.642106100109373, 40.259769380225094 ], [ -111.642219107199665, 40.259807604367936 ], [ -111.642236970767641, 40.259860288996492 ], [ -111.642070616054298, 40.259893145702762 ], [ -111.642189292088617, 40.259978188997081 ], [ -111.642415755635056, 40.259933460252235 ], [ -111.642454885891922, 40.259901660633865 ], [ -111.642371504126842, 40.259841904717348 ], [ -111.642292385412233, 40.259857531454657 ], [ -111.642358692130372, 40.259743371595128 ], [ -111.642435061343718, 40.259728291965317 ], [ -111.642483700847109, 40.259871704664306 ], [ -111.642603553041454, 40.259774305370939 ], [ -111.642540614548466, 40.259588732033933 ], [ -111.642460816005524, 40.259604488841028 ], [ -111.642418685378146, 40.259677025048383 ], [ -111.642378677227626, 40.259684927077899 ], [ -111.642359813963566, 40.259629293922238 ], [ -111.642309536792496, 40.25963922419789 ], [ -111.642291974443197, 40.259587427778065 ], [ -111.642416495888199, 40.259562833447696 ], [ -111.642379410418357, 40.259453487136739 ] ] ] } },
{ "type": "Feature", "properties": { "type": "Feature", "properties": { "height": 4.9734973907470703, "confidence": 0.98309999704360906 }, "id": 545 }, "geometry": { "type": "Polygon", "coordinates": [ [ [ -111.630792772685496, 40.254554401126647 ], [ -111.630696268613704, 40.254556169182258 ], [ -111.630700542469754, 40.254692436713754 ], [ -111.630924023011119, 40.254688354261468 ], [ -111.630920765929531, 40.254584808329504 ], [ -111.63079379932455, 40.254587134489569 ], [ -111.630792772685496, 40.254554401126647 ] ] ] } },
{ "type": "Feature", "properties": { "type": "Feature", "properties": { "height": 5.0132942199707031, "confidence": 0.94580000638961703 }, "id": 546 }, "geometry": { "type": "Polygon", "coordinates": [ [ [ -111.634480784490535, 40.249800340488754 ], [ -111.634404366419275, 40.24982598826567 ], [ -111.634431051992578, 40.249872305084757 ], [ -111.634336653198645, 40.249903987597584 ], [ -111.634383105863293, 40.249984613058174 ], [ -111.634553922728514, 40.249927282854266 ], [ -111.634480784490535, 40.249800340488754 ] ] ] } },
{ "type": "Feature", "properties": { "type": "Feature", "properties": { "height": 4.5491328239440918, "confidence": 0.95380002260208108 }, "id": 547 }, "geometry": { "type": "Polygon", "coordinates": [ [ [ -111.63499276411892, 40.262001993861986 ], [ -111.634961163050619, 40.262009747420976 ], [ -111.634972551597016, 40.262036770441533 ], [ -111.635004152020699, 40.262029015356084 ], [ -111.63499276411892, 40.262001993861986 ] ] ] } },
{ "type": "Feature", "properties": { "type": "Feature", "properties": { "height": 5.138247013092041, "confidence": 0.97409999370574907 }, "id": 548 }, "geometry": { "type": "Polygon", "coordinates": [ [ [ -111.635272454283538, 40.251841086768835 ], [ -111.635313029912794, 40.251928358479653 ], [ -111.635258238140977, 40.251943197194144 ], [ -111.635297123119031, 40.252026832459741 ], [ -111.635461498434523, 40.251982316361548 ], [ -111.635438674643055, 40.251933226077192 ], [ -111.635448203646845, 40.251930645431045 ], [ -111.635391566831004, 40.251808828641039 ], [ -111.635272454283538, 40.251841086768835 ] ] ] } },
{ "type": "Feature", "properties": { "type": "Feature", "properties": { "height": 5.9974870681762686, "confidence": 0.97439998388290405 }, "id": 549 }, "geometry": { "type": "Polygon", "coordinates": [ [ [ -111.635992860596431, 40.25738270379847 ], [ -111.635946283602266, 40.257328029455799 ], [ -111.635982105116554, 40.257310256840981 ], [ -111.635863878736757, 40.257171476727365 ], [ -111.63573465094241, 40.257235599281451 ], [ -111.63589946265337, 40.257429042530134 ], [ -111.635992860596431, 40.25738270379847 ] ] ] } },
{ "type": "Feature", "properties": { "type": "Feature", "properties": { "height": 4.822080135345459, "confidence": 0.99449998140335005 }, "id": 550 }, "geometry": { "type": "Polygon", "coordinates": [ [ [ -111.639209805016876, 40.251693947744315 ], [ -111.639257408323047, 40.251746729033343 ], [ -111.639334849311666, 40.251706045415034 ], [ -111.63928724272148, 40.251653265819549 ], [ -111.639209805016876, 40.251693947744315 ] ] ] } },
{ "type": "Feature", "properties": { "type": "Feature", "properties": { "height": 3.7533409595489502, "confidence": 0.98049998283386208 }, "id": 551 }, "geometry": { "type": "Polygon", "coordinates": [ [ [ -111.639635673347271, 40.253142702714548 ], [ -111.639590252206872, 40.253162393599659 ], [ -111.639610988394509, 40.253190251043577 ], [ -111.639488092359599, 40.253243528644759 ], [ -111.639539292954055, 40.253312321004856 ], [ -111.639652051201153, 40.253263432341981 ], [ -111.639625555757846, 40.253227837825655 ], [ -111.639681110163451, 40.253203751042022 ], [ -111.639635673347271, 40.253142702714548 ] ] ] } },
{ "type": "Feature", "properties": { "type": "Feature", "properties": { "height": 5.9910521507263184, "confidence": 0.99320000410079912 }, "id": 552 }, "geometry": { "type": "Polygon", "coordinates": [ [ [ -111.630316866380696, 40.255723417564354 ], [ -111.630199720221981, 40.255736407411085 ], [ -111.630192313777286, 40.255697505223303 ], [ -111.630084615741467, 40.255709441659434 ], [ -111.630096447288309, 40.255771586577282 ], [ -111.63015580168836, 40.255765008190579 ], [ -111.630182278950372, 40.255904146207222 ], [ -111.630347766176129, 40.255885796066877 ], [ -111.630316866380696, 40.255723417564354 ] ] ] } },
{ "type": "Feature", "properties": { "type": "Feature", "properties": { "height": 5.6281652450561523, "confidence": 0.99690002202987604 }, "id": 553 }, "geometry": { "type": "Polygon", "coordinates": [ [ [ -111.631460998043806, 40.256371855986288 ], [ -111.631616498976911, 40.256369389186155 ], [ -111.631615551564778, 40.256334605948751 ], [ -111.631651950607917, 40.256334028529636 ], [ -111.631649716705695, 40.256251736012864 ], [ -111.631676250789027, 40.256241126407701 ], [ -111.631674575062789, 40.256179395909378 ], [ -111.631609816040708, 40.256180419762664 ], [ -111.631564205010477, 40.256113982934693 ], [ -111.631448457312302, 40.256160264516851 ], [ -111.631518577998804, 40.256262401906589 ], [ -111.631519280837239, 40.256288293083657 ], [ -111.631458748058407, 40.256289250117646 ], [ -111.631460998043806, 40.256371855986288 ] ] ] } },
{ "type": "Feature", "properties": { "type": "Feature", "properties": { "height": 5.6206088066101074, "confidence": 0.99489998817443803 }, "id": 554 }, "geometry": { "type": "Polygon", "coordinates": [ [ [ -111.635160084211577, 40.262033966971778 ], [ -111.635097569768817, 40.261865294931432 ], [ -111.634956007405478, 40.261895847364386 ], [ -111.635018521848238, 40.262064519328554 ], [ -111.635160084211577, 40.262033966971778 ] ] ] } },
{ "type": "Feature", "properties": { "type": "Feature", "properties": { "height": 6.0519905090332031, "confidence": 0.98210000991821211 }, "id": 555 }, "geometry": { "type": "Polygon", "coordinates": [ [ [ -111.635500262016564, 40.261448516374763 ], [ -111.635506064162939, 40.261594618023423 ], [ -111.635654513542335, 40.26159119292447 ], [ -111.635653990950786, 40.26157800329576 ], [ -111.635750462080651, 40.26157577231227 ], [ -111.635742602870451, 40.261377414286059 ], [ -111.6357093633776, 40.261378182982114 ], [ -111.63571001305894, 40.261394542394122 ], [ -111.635641420415666, 40.261396128666249 ], [ -111.635643364962519, 40.261445206981328 ], [ -111.635500262016564, 40.261448516374763 ] ] ] } },
{ "type": "Feature", "properties": { "type": "Feature", "properties": { "height": 4.4673662185668936, "confidence": 0.9512000083923341 }, "id": 556 }, "geometry": { "type": "Polygon", "coordinates": [ [ [ -111.636381123591107, 40.253116561116826 ], [ -111.636269425447722, 40.253166613110984 ], [ -111.636260056589478, 40.253154434872606 ], [ -111.636158331494613, 40.253200017914693 ], [ -111.636205175785776, 40.253260909043668 ], [ -111.636225121882788, 40.253251971202758 ], [ -111.63625791288662, 40.253294594966064 ], [ -111.636206053034329, 40.25331783333538 ], [ -111.636238844038118, 40.253360457057205 ], [ -111.636484181031648, 40.253250521693445 ], [ -111.636381123591107, 40.253116561116826 ] ] ] } },
{ "type": "Feature", "properties": { "type": "Feature", "properties": { "height": 5.0129122734069824, "confidence": 0.99180001020431507 }, "id": 557 }, "geometry": { "type": "Polygon", "coordinates": [ [ [ -111.636738382843518, 40.250885173577181 ], [ -111.636714337740102, 40.250853946941533 ], [ -111.636759151604949, 40.250833848387607 ], [ -111.636714071923322, 40.250775297763738 ], [ -111.636660242146732, 40.250799442756239 ], [ -111.636616279871205, 40.250742343419105 ], [ -111.636433894784474, 40.250824141313508 ], [ -111.636490754688296, 40.250897983529548 ], [ -111.63653660828129, 40.250877416232299 ], [ -111.636592847526671, 40.250950452361202 ], [ -111.636738382843518, 40.250885173577181 ] ] ] } },
{ "type": "Feature", "properties": { "type": "Feature", "properties": { "height": 3.7082521915435791, "confidence": 0.95440000295639005 }, "id": 558 }, "geometry": { "type": "Polygon", "coordinates": [ [ [ -111.636805744896819, 40.251765457531619 ], [ -111.636737075646408, 40.25179255348187 ], [ -111.636797265059428, 40.251881393719771 ], [ -111.636877689040986, 40.251849659553393 ], [ -111.636845426411853, 40.251802039548906 ], [ -111.636833669033678, 40.251806679476388 ], [ -111.636805744896819, 40.251765457531619 ] ] ] } },
{ "type": "Feature", "properties": { "type": "Feature", "properties": { "height": 5.163729190826416, "confidence": 0.99980002641677812 }, "id": 559 }, "geometry": { "type": "Polygon", "coordinates": [ [ [ -111.636948504721516, 40.251914747402814 ], [ -111.636912506114072, 40.251873826295181 ], [ -111.636695150884037, 40.251985192207599 ], [ -111.63676838416751, 40.252068448028957 ], [ -111.636944031828762, 40.251978451874258 ], [ -111.636906794565974, 40.251936118362281 ], [ -111.636948504721516, 40.251914747402814 ] ] ] } },
{ "type": "Feature", "properties": { "type": "Feature", "properties": { "height": 6.3530669212341309, "confidence": 0.97740000486373912 }, "id": 560 }, "geometry": { "type": "Polygon", "coordinates": [ [ [ -111.637542509273487, 40.263115202195664 ], [ -111.637440549574023, 40.263284019253646 ], [ -111.637553376923265, 40.263323699117379 ], [ -111.637655336622714, 40.263154882158418 ], [ -111.637542509273487, 40.263115202195664 ] ] ] } },
{ "type": "Feature", "properties": { "type": "Feature", "properties": { "height": 3.4649090766906738, "confidence": 0.93250000476837103 }, "id": 561 }, "geometry": { "type": "Polygon", "coordinates": [ [ [ -111.632531576676186, 40.262951998977165 ], [ -111.632537743567227, 40.262757670722351 ], [ -111.632551146752405, 40.26275791840046 ], [ -111.632552445045263, 40.262717007117949 ], [ -111.632413051919499, 40.262714431263973 ], [ -111.632405586735587, 40.262949670809547 ], [ -111.632531576676186, 40.262951998977165 ] ] ] } },
{ "type": "Feature", "properties": { "type": "Feature", "properties": { "height": 5.5220856666564941, "confidence": 0.95300000905990612 }, "id": 562 }, "geometry": { "type": "Polygon", "coordinates": [ [ [ -111.637181145427604, 40.25222836434115 ], [ -111.637221691219722, 40.252303673439421 ], [ -111.637307908770026, 40.252276635196857 ], [ -111.637267357069518, 40.252201327921405 ], [ -111.637181145427604, 40.25222836434115 ] ] ] } },
{ "type": "Feature", "properties": { "type": "Feature", "properties": { "height": 6.5271415710449219, "confidence": 0.95029997825622503 }, "id": 563 }, "geometry": { "type": "Polygon", "coordinates": [ [ [ -111.639621812045533, 40.259902779159987 ], [ -111.639402890745799, 40.259745455491135 ], [ -111.639300420736959, 40.259828493808222 ], [ -111.639519334389732, 40.259985823480804 ], [ -111.639621812045533, 40.259902779159987 ] ] ] } },
{ "type": "Feature", "properties": { "type": "Feature", "properties": { "height": 5.3487706184387207, "confidence": 0.97170001268386808 }, "id": 564 }, "geometry": { "type": "Polygon", "coordinates": [ [ [ -111.635686765132093, 40.249563600144313 ], [ -111.635555885556201, 40.249594683609949 ], [ -111.635631995532876, 40.249781323616517 ], [ -111.635762859504752, 40.249750243942479 ], [ -111.635740448056524, 40.249695273336783 ], [ -111.635740448056524, 40.249695273336783 ], [ -111.635686765132093, 40.249563600144313 ] ] ] } },
{ "type": "Feature", "properties": { "type": "Feature", "properties": { "height": 5.9285712242126465, "confidence": 0.98360002040863004 }, "id": 565 }, "geometry": { "type": "Polygon", "coordinates": [ [ [ -111.630131111865566, 40.248431479436263 ], [ -111.62997909944491, 40.248457659426784 ], [ -111.630053154934146, 40.248708154734388 ], [ -111.630230671150173, 40.24867759200604 ], [ -111.63021167170966, 40.248613305847066 ], [ -111.630186148340144, 40.248617700176325 ], [ -111.630131111865566, 40.248431479436263 ] ] ] } },
{ "type": "Feature", "properties": { "type": "Feature", "properties": { "height": 5.6808085441589347, "confidence": 0.99210000038146906 }, "id": 566 }, "geometry": { "type": "Polygon", "coordinates": [ [ [ -111.631383860943416, 40.255721061041818 ], [ -111.631385319984219, 40.255755055884656 ], [ -111.631315657289136, 40.255756797268788 ], [ -111.631318992205394, 40.255834498905223 ], [ -111.631431524251269, 40.255831685903289 ], [ -111.63143240186082, 40.255852133688371 ], [ -111.631665503955887, 40.255846306757192 ], [ -111.631659831757318, 40.255714147752997 ], [ -111.631383860943416, 40.255721061041818 ] ] ] } },
{ "type": "Feature", "properties": { "type": "Feature", "properties": { "height": 6.356633186340332, "confidence": 1.0 }, "id": 567 }, "geometry": { "type": "Polygon", "coordinates": [ [ [ -111.632673923550499, 40.257073785668979 ], [ -111.632679413131427, 40.257195695910454 ], [ -111.632655301723915, 40.257196328239701 ], [ -111.632658708093985, 40.257271975323341 ], [ -111.632779265131575, 40.257268813680575 ], [ -111.632777147658274, 40.257221789825522 ], [ -111.632854839971372, 40.257219752320907 ], [ -111.632850420896688, 40.257121615471711 ], [ -111.63280099100335, 40.257122911787633 ], [ -111.632798636698965, 40.257070521682621 ], [ -111.632673923550499, 40.257073785668979 ] ] ] } },
{ "type": "Feature", "properties": { "type": "Feature", "properties": { "height": 5.5913834571838379, "confidence": 0.98030000925064009 }, "id": 568 }, "geometry": { "type": "Polygon", "coordinates": [ [ [ -111.634307592800795, 40.263858652708983 ], [ -111.634270125569728, 40.263871203007447 ], [ -111.634232244846075, 40.263858224900922 ], [ -111.634213034694042, 40.263824831227822 ], [ -111.634281001999753, 40.263802064383391 ], [ -111.634283412091975, 40.263797968225305 ], [ -111.634215895512455, 40.263680601637624 ], [ -111.634172193525117, 40.263695240414073 ], [ -111.634130197534262, 40.26376661626859 ], [ -111.634082120902633, 40.26378272039117 ], [ -111.634047909687936, 40.263840856206734 ], [ -111.634059098476058, 40.263860306062348 ], [ -111.634089163883345, 40.263870606606176 ], [ -111.634140196887287, 40.263959318949404 ], [ -111.634126968555037, 40.26398180157581 ], [ -111.63415955217539, 40.263992964850665 ], [ -111.634171283557421, 40.264013357869885 ], [ -111.634228330157669, 40.264032902246285 ], [ -111.63425407308182, 40.263989150079389 ], [ -111.634317544497179, 40.263967889264357 ], [ -111.634344286629982, 40.263922438817829 ], [ -111.634307592800795, 40.263858652708983 ] ] ] } },
{ "type": "Feature", "properties": { "type": "Feature", "properties": { "height": 6.3544521331787109, "confidence": 0.98720002174377408 }, "id": 569 }, "geometry": { "type": "Polygon", "coordinates": [ [ [ -111.635917535936741, 40.260182622703134 ], [ -111.635872185650555, 40.260069263270822 ], [ -111.635910091012761, 40.260060434351708 ], [ -111.635885377328904, 40.259998644762099 ], [ -111.635657189828748, 40.260051794238713 ], [ -111.635690141407224, 40.260134180280929 ], [ -111.635726945842748, 40.260125607797946 ], [ -111.635764051722973, 40.260218380380763 ], [ -111.635917535936741, 40.260182622703134 ] ] ] } },
{ "type": "Feature", "properties": { "type": "Feature", "properties": { "height": 4.2322497367858887, "confidence": 0.93580001592636108 }, "id": 570 }, "geometry": { "type": "Polygon", "coordinates": [ [ [ -111.639256705608972, 40.253345817332047 ], [ -111.63930736262887, 40.253421290826161 ], [ -111.639480755379054, 40.25335350383758 ], [ -111.639430087952121, 40.253278025075176 ], [ -111.639256705608972, 40.253345817332047 ] ] ] } },
{ "type": "Feature", "properties": { "type": "Feature", "properties": { "height": 5.9788765907287598, "confidence": 0.97699999809265103 }, "id": 571 }, "geometry": { "type": "Polygon", "coordinates": [ [ [ -111.632707319728382, 40.257981243112404 ], [ -111.632703614786266, 40.258265734568127 ], [ -111.632829666159608, 40.258266690590979 ], [ -111.632833371101711, 40.257982199139256 ], [ -111.632707319728382, 40.257981243112404 ] ] ] } },
{ "type": "Feature", "properties": { "type": "Feature", "properties": { "height": 6.7285594940185547, "confidence": 0.97500002384185702 }, "id": 572 }, "geometry": { "type": "Polygon", "coordinates": [ [ [ -111.636355206860159, 40.262465644610835 ], [ -111.636336076985955, 40.262314503787138 ], [ -111.636264326190187, 40.262319788207172 ], [ -111.636259962845472, 40.262285314359623 ], [ -111.636101506576637, 40.262296984610735 ], [ -111.636115869628114, 40.262410546194353 ], [ -111.636136149498498, 40.262409052591309 ], [ -111.636145270752621, 40.262481117505416 ], [ -111.636355206860159, 40.262465644610835 ] ] ] } },
{ "type": "Feature", "properties": { "type": "Feature", "properties": { "height": 4.2909135818481436, "confidence": 0.9733999967575071 }, "id": 573 }, "geometry": { "type": "Polygon", "coordinates": [ [ [ -111.637471433100657, 40.257070480340481 ], [ -111.637477144757412, 40.257178792399515 ], [ -111.637445010292396, 40.257179779311087 ], [ -111.637448458839884, 40.257245175186377 ], [ -111.637609131164851, 40.257240240633131 ], [ -111.637605359316055, 40.257168713886095 ], [ -111.63758004765269, 40.257169491256349 ], [ -111.637574668653187, 40.257067309771827 ], [ -111.637471433100657, 40.257070480340481 ] ] ] } },
{ "type": "Feature", "properties": { "type": "Feature", "properties": { "height": 5.6857843399047852, "confidence": 0.97579997777938809 }, "id": 574 }, "geometry": { "type": "Polygon", "coordinates": [ [ [ -111.630086257917029, 40.259019065857984 ], [ -111.630068491463675, 40.25880827280146 ], [ -111.629960331910169, 40.258813581758936 ], [ -111.629963498650852, 40.258851113289069 ], [ -111.62990206255958, 40.258854132128313 ], [ -111.62991668201019, 40.259027398437411 ], [ -111.630086257917029, 40.259019065857984 ] ] ] } },
{ "type": "Feature", "properties": { "type": "Feature", "properties": { "height": 3.7611656188964839, "confidence": 0.95889997482299805 }, "id": 575 }, "geometry": { "type": "Polygon", "coordinates": [ [ [ -111.634756167410032, 40.25712507088172 ], [ -111.634712129073748, 40.257032939126368 ], [ -111.634491983118508, 40.257094236024841 ], [ -111.634536021454807, 40.257186367696718 ], [ -111.634756167410032, 40.25712507088172 ] ] ] } },
{ "type": "Feature", "properties": { "type": "Feature", "properties": { "height": 7.9757461547851562, "confidence": 0.97939997911453203 }, "id": 576 }, "geometry": { "type": "Polygon", "coordinates": [ [ [ -111.6413380267809, 40.258504946304427 ], [ -111.641466537642401, 40.258539904114016 ], [ -111.641586995921415, 40.258282012465806 ], [ -111.641458485059928, 40.258247054522982 ], [ -111.6413380267809, 40.258504946304427 ] ] ] } },
{ "type": "Feature", "properties": { "type": "Feature", "properties": { "height": 5.6331362724304199, "confidence": 0.98760002851486206 }, "id": 577 }, "geometry": { "type": "Polygon", "coordinates": [ [ [ -111.631117129131141, 40.250606010715934 ], [ -111.63086565522957, 40.250596231459411 ], [ -111.630855334549608, 40.250750616331196 ], [ -111.630985136189594, 40.250755670948408 ], [ -111.6309901796281, 40.250680123635533 ], [ -111.631111857903775, 40.250684861925023 ], [ -111.631117129131141, 40.250606010715934 ] ] ] } },
{ "type": "Feature", "properties": { "type": "Feature", "properties": { "height": 5.4105896949768066, "confidence": 0.99140000343322709 }, "id": 578 }, "geometry": { "type": "Polygon", "coordinates": [ [ [ -111.633893341279233, 40.24971624757989 ], [ -111.633795666153958, 40.249720155565875 ], [ -111.633800714088068, 40.249793651227037 ], [ -111.633741867202488, 40.249796005690825 ], [ -111.633749074560569, 40.249900941455969 ], [ -111.633905580825882, 40.249894688010343 ], [ -111.633893341279233, 40.24971624757989 ] ] ] } },
{ "type": "Feature", "properties": { "type": "Feature", "properties": { "height": 4.9552469253540039, "confidence": 0.9265999794006341 }, "id": 579 }, "geometry": { "type": "Polygon", "coordinates": [ [ [ -111.635286228850703, 40.263717829508316 ], [ -111.635286985841219, 40.263719697629121 ], [ -111.635487733286453, 40.263672330918233 ], [ -111.635444921281604, 40.263566678189378 ], [ -111.635138897789844, 40.263638868723362 ], [ -111.635180958848949, 40.263742668136807 ], [ -111.635286228850703, 40.263717829508316 ] ] ] } },
{ "type": "Feature", "properties": { "type": "Feature", "properties": { "height": 5.4292082786560059, "confidence": 0.96490001678466808 }, "id": 580 }, "geometry": { "type": "Polygon", "coordinates": [ [ [ -111.636202024269807, 40.256462723779464 ], [ -111.636089539921016, 40.256304644969298 ], [ -111.636029470176354, 40.256329539640475 ], [ -111.635983351593367, 40.256264727245402 ], [ -111.63593985281274, 40.256282754432618 ], [ -111.635937603125782, 40.256279592851627 ], [ -111.635887890233619, 40.256300195346384 ], [ -111.636048742852395, 40.256526247946233 ], [ -111.636202024269807, 40.256462723779464 ] ] ] } },
{ "type": "Feature", "properties": { "type": "Feature", "properties": { "height": 5.932680606842041, "confidence": 0.99720001220703103 }, "id": 581 }, "geometry": { "type": "Polygon", "coordinates": [ [ [ -111.639057686751286, 40.264960509013306 ], [ -111.639056377044909, 40.264853145946631 ], [ -111.638832239620129, 40.264854737994334 ], [ -111.638833408402874, 40.264949833857862 ], [ -111.638880526618152, 40.264949496661345 ], [ -111.638881100817557, 40.264996566561258 ], [ -111.639000269252548, 40.264995713745577 ], [ -111.638999841653543, 40.26496092297554 ], [ -111.639057686751286, 40.264960509013306 ] ] ] } },
{ "type": "Feature", "properties": { "type": "Feature", "properties": { "height": 4.325371265411377, "confidence": 0.99049997329711903 }, "id": 582 }, "geometry": { "type": "Polygon", "coordinates": [ [ [ -111.631138399256002, 40.25808041640402 ], [ -111.631142003039784, 40.258006830585003 ], [ -111.630965224172598, 40.258001788552633 ], [ -111.630959279339962, 40.258123176316907 ], [ -111.630956600865289, 40.258123100065482 ], [ -111.630954098231115, 40.258174201382829 ], [ -111.631093378914542, 40.258178166454321 ], [ -111.631095781443335, 40.25812910919327 ], [ -111.631071675171199, 40.258128422930419 ], [ -111.63107411603157, 40.258078582939739 ], [ -111.631138399256002, 40.25808041640402 ] ] ] } },
{ "type": "Feature", "properties": { "type": "Feature", "properties": { "height": 3.0178570747375488, "confidence": 0.89200001955032304 }, "id": 583 }, "geometry": { "type": "Polygon", "coordinates": [ [ [ -111.633074189311927, 40.262695225440055 ], [ -111.632978274590158, 40.26268922689259 ], [ -111.632968003020906, 40.26278478239864 ], [ -111.633085232125268, 40.26279211394624 ], [ -111.633088291741672, 40.26276365062121 ], [ -111.63306697735905, 40.262762317612065 ], [ -111.633074189311927, 40.262695225440055 ] ] ] } },
{ "type": "Feature", "properties": { "type": "Feature", "properties": { "height": 3.1539018154144278, "confidence": 0.99419999122619607 }, "id": 584 }, "geometry": { "type": "Polygon", "coordinates": [ [ [ -111.635762583446123, 40.252867626208989 ], [ -111.63570061745186, 40.252796892936836 ], [ -111.635626473612149, 40.252834726929734 ], [ -111.635688439606412, 40.252905460162346 ], [ -111.635762583446123, 40.252867626208989 ] ] ] } },
{ "type": "Feature", "properties": { "type": "Feature", "properties": { "height": 5.3049983978271484, "confidence": 0.93830001354217507 }, "id": 585 }, "geometry": { "type": "Polygon", "coordinates": [ [ [ -111.636402312057029, 40.263469117637705 ], [ -111.636252276976805, 40.263472955834715 ], [ -111.636252636253332, 40.263481133608963 ], [ -111.636191014702504, 40.263482710011033 ], [ -111.636197391860989, 40.263627865335799 ], [ -111.636334030951915, 40.263624369842951 ], [ -111.636335557877175, 40.263659125298823 ], [ -111.636463121790015, 40.263655861968154 ], [ -111.636459578728093, 40.263575047012786 ], [ -111.63640702482823, 40.263576388637681 ], [ -111.636402312057029, 40.263469117637705 ] ] ] } },
{ "type": "Feature", "properties": { "type": "Feature", "properties": { "height": 5.148625373840332, "confidence": 0.86799997091293302 }, "id": 586 }, "geometry": { "type": "Polygon", "coordinates": [ [ [ -111.636571756841406, 40.254792796579395 ], [ -111.636240159286828, 40.254879089061497 ], [ -111.636282319422008, 40.254973469182744 ], [ -111.636613924064775, 40.254887192688706 ], [ -111.636571756841406, 40.254792796579395 ] ] ] } },
{ "type": "Feature", "properties": { "type": "Feature", "properties": { "height": 5.2270221710205078, "confidence": 0.9868000149726861 }, "id": 587 }, "geometry": { "type": "Polygon", "coordinates": [ [ [ -111.6372145037774, 40.263978515295278 ], [ -111.637100795194996, 40.263933115033161 ], [ -111.637015957656018, 40.264056839964944 ], [ -111.637129666238408, 40.264102240144013 ], [ -111.6372145037774, 40.263978515295278 ] ] ] } },
{ "type": "Feature", "properties": { "type": "Feature", "properties": { "height": 6.7058472633361816, "confidence": 0.97020000219345004 }, "id": 588 }, "geometry": { "type": "Polygon", "coordinates": [ [ [ -111.629763960531491, 40.247571479615353 ], [ -111.629766345951069, 40.247426149346538 ], [ -111.629707346560991, 40.247425588338032 ], [ -111.629706823065206, 40.247457482034143 ], [ -111.629677323396038, 40.247457199954397 ], [ -111.629678566500914, 40.247381464439677 ], [ -111.62954715888371, 40.247380207901237 ], [ -111.629544053713971, 40.247569388588147 ], [ -111.629763960531491, 40.247571479615353 ] ] ] } },
{ "type": "Feature", "properties": { "type": "Feature", "properties": { "height": 5.618891716003418, "confidence": 0.98540002107620206 }, "id": 589 }, "geometry": { "type": "Polygon", "coordinates": [ [ [ -111.631694898006714, 40.262973605338509 ], [ -111.631694008860563, 40.262876661886551 ], [ -111.631664506006587, 40.2628768194541 ], [ -111.631663799587074, 40.262799798558838 ], [ -111.631485060748304, 40.262800762706483 ], [ -111.631486475635342, 40.262953500327853 ], [ -111.631580348306599, 40.26295299897739 ], [ -111.631580544908232, 40.26297422217695 ], [ -111.631694898006714, 40.262973605338509 ] ] ] } },
{ "type": "Feature", "properties": { "type": "Feature", "properties": { "height": 4.5237994194030762, "confidence": 0.85720002651214611 }, "id": 590 }, "geometry": { "type": "Polygon", "coordinates": [ [ [ -111.632138841658161, 40.256589314041264 ], [ -111.632137196887001, 40.256390040514418 ], [ -111.632079731434985, 40.256390313689586 ], [ -111.632079754100673, 40.256393090628031 ], [ -111.632004655194876, 40.25639345163907 ], [ -111.632006259050883, 40.256589951382715 ], [ -111.632138841658161, 40.256589314041264 ] ] ] } },
{ "type": "Feature", "properties": { "type": "Feature", "properties": { "height": 6.8863973617553711, "confidence": 0.99140000343322709 }, "id": 591 }, "geometry": { "type": "Polygon", "coordinates": [ [ [ -111.632438126136279, 40.250156455090639 ], [ -111.632441619072978, 40.250227255454462 ], [ -111.632492508891573, 40.250225792950268 ], [ -111.632497689455917, 40.250330800685177 ], [ -111.632662399203696, 40.250326075956487 ], [ -111.632660285219572, 40.25028314666077 ], [ -111.632683060839398, 40.250282493337579 ], [ -111.632680098549727, 40.250222449020576 ], [ -111.632647957611681, 40.250223372707488 ], [ -111.63264436436485, 40.250150539094726 ], [ -111.632438126136279, 40.250156455090639 ] ] ] } },
{ "type": "Feature", "properties": { "type": "Feature", "properties": { "height": 5.7308244705200186, "confidence": 0.97759997844696012 }, "id": 592 }, "geometry": { "type": "Polygon", "coordinates": [ [ [ -111.63379810550056, 40.2642690420534 ], [ -111.633579164585583, 40.264247375180851 ], [ -111.633551589652171, 40.26440962169162 ], [ -111.633552679231101, 40.264409729460318 ], [ -111.633515616974506, 40.264627915001391 ], [ -111.633714983742848, 40.264647644662801 ], [ -111.633725930936279, 40.264583233395577 ], [ -111.63376549857152, 40.264587149076519 ], [ -111.633786024559242, 40.264466377792118 ], [ -111.633733267712245, 40.264461156874852 ], [ -111.633742846506507, 40.264404796863985 ], [ -111.633774500614692, 40.264407929417018 ], [ -111.63379810550056, 40.2642690420534 ] ] ] } },
{ "type": "Feature", "properties": { "type": "Feature", "properties": { "height": 5.7167892456054688, "confidence": 0.98320001363754206 }, "id": 593 }, "geometry": { "type": "Polygon", "coordinates": [ [ [ -111.633987707013134, 40.250102792452111 ], [ -111.633977080462302, 40.250017584268235 ], [ -111.633950499202101, 40.250019515345954 ], [ -111.633944679900466, 40.249972853677313 ], [ -111.633904808010172, 40.249975750295782 ], [ -111.633907338141341, 40.2499960379809 ], [ -111.633835568738789, 40.250001251892265 ], [ -111.633849484460129, 40.250112834043001 ], [ -111.633987707013134, 40.250102792452111 ] ] ] } },
{ "type": "Feature", "properties": { "type": "Feature", "properties": { "height": 6.3219208717346191, "confidence": 0.99459999799728305 }, "id": 594 }, "geometry": { "type": "Polygon", "coordinates": [ [ [ -111.635599000762639, 40.259788526712846 ], [ -111.635637216497116, 40.259896169305975 ], [ -111.635653345814859, 40.259892835434471 ], [ -111.635688236315829, 40.259991137062919 ], [ -111.635788189856825, 40.259970471716244 ], [ -111.635772622834367, 40.259926612686726 ], [ -111.635781484631337, 40.259924780512968 ], [ -111.635723940481725, 40.259762695407453 ], [ -111.635599000762639, 40.259788526712846 ] ] ] } },
{ "type": "Feature", "properties": { "type": "Feature", "properties": { "height": 5.6411442756652832, "confidence": 1.0 }, "id": 595 }, "geometry": { "type": "Polygon", "coordinates": [ [ [ -111.637561792552461, 40.256797231589736 ], [ -111.637441101730943, 40.256798011601909 ], [ -111.637443376791225, 40.257004737863554 ], [ -111.637564067612715, 40.25700395785374 ], [ -111.637561792552461, 40.256797231589736 ] ] ] } },
{ "type": "Feature", "properties": { "type": "Feature", "properties": { "height": 4.5929141044616699, "confidence": 0.9711999893188471 }, "id": 596 }, "geometry": { "type": "Polygon", "coordinates": [ [ [ -111.638774025977895, 40.254789438524824 ], [ -111.638750063315968, 40.254741086193377 ], [ -111.638778221759424, 40.254732958281593 ], [ -111.638723196387559, 40.25462192685788 ], [ -111.63866453296373, 40.254638860034127 ], [ -111.638653882891745, 40.254617370065482 ], [ -111.638574100635324, 40.254640399185682 ], [ -111.638573213129305, 40.254638608355279 ], [ -111.638491084335939, 40.254662314794984 ], [ -111.638552322249808, 40.254785881939391 ], [ -111.638623586467133, 40.254765311592784 ], [ -111.638652878906328, 40.254824407492343 ], [ -111.638774025977895, 40.254789438524824 ] ] ] } },
{ "type": "Feature", "properties": { "type": "Feature", "properties": { "height": 6.0261631011962891, "confidence": 0.97359997034072809 }, "id": 597 }, "geometry": { "type": "Polygon", "coordinates": [ [ [ -111.635406136651198, 40.258017892544885 ], [ -111.635564352805076, 40.258016117930211 ], [ -111.635563564532049, 40.257975188628926 ], [ -111.635673511350859, 40.257973955421356 ], [ -111.635672683664197, 40.257930979627552 ], [ -111.635728997888464, 40.257930347984235 ], [ -111.635726002451008, 40.257774816310395 ], [ -111.635691141264545, 40.257775207328578 ], [ -111.635690077095973, 40.257719952569246 ], [ -111.635566722128559, 40.257721336173162 ], [ -111.635568495742831, 40.257813427411797 ], [ -111.635552405964461, 40.257813607881623 ], [ -111.63555331247845, 40.257860676688395 ], [ -111.635574765516253, 40.257860436062124 ], [ -111.63557610558037, 40.257930015977607 ], [ -111.635404481277845, 40.257931940985799 ], [ -111.635406136651198, 40.258017892544885 ] ] ] } },
{ "type": "Feature", "properties": { "type": "Feature", "properties": { "height": 5.4450349807739258, "confidence": 0.99299997091293313 }, "id": 598 }, "geometry": { "type": "Polygon", "coordinates": [ [ [ -111.637779024362047, 40.261565964589437 ], [ -111.63775367360887, 40.261420488445658 ], [ -111.63772095539413, 40.2613725596281 ], [ -111.637748381608333, 40.261361657122386 ], [ -111.63771321349526, 40.261310139409737 ], [ -111.637666799902021, 40.261328589817069 ], [ -111.637642621824298, 40.261293171376536 ], [ -111.637538613932392, 40.261334516766802 ], [ -111.637540176123778, 40.261343486195329 ], [ -111.637613393789607, 40.261450742539999 ], [ -111.637643085660471, 40.261447729512618 ], [ -111.637653968307532, 40.261510179959501 ], [ -111.637682781126145, 40.261552387689555 ], [ -111.637686777422076, 40.26157532054323 ], [ -111.637779024362047, 40.261565964589437 ] ] ] } },
{ "type": "Feature", "properties": { "type": "Feature", "properties": { "height": 3.3140096664428711, "confidence": 0.98430001735687211 }, "id": 599 }, "geometry": { "type": "Polygon", "coordinates": [ [ [ -111.638395837844683, 40.254530448074682 ], [ -111.638320592588471, 40.254540998372555 ], [ -111.638334659149379, 40.254599453559109 ], [ -111.63840990534122, 40.254588907158357 ], [ -111.638395837844683, 40.254530448074682 ] ] ] } },
{ "type": "Feature", "properties": { "type": "Feature", "properties": { "height": 7.1774716377258301, "confidence": 0.97189998626708907 }, "id": 600 }, "geometry": { "type": "Polygon", "coordinates": [ [ [ -111.632085031476535, 40.251472946387935 ], [ -111.63204267483485, 40.251386287439345 ], [ -111.631854310693456, 40.251439916694842 ], [ -111.631909238715323, 40.251552295763673 ], [ -111.631909548262726, 40.251561418890581 ], [ -111.631932033503631, 40.251607430766221 ], [ -111.632012258542929, 40.251584594199407 ], [ -111.632011364225292, 40.251558236453469 ], [ -111.632087198766314, 40.251536649654376 ], [ -111.632085031476535, 40.251472946387935 ] ] ] } },
{ "type": "Feature", "properties": { "type": "Feature", "properties": { "height": 4.5958371162414551, "confidence": 0.96100002527236905 }, "id": 601 }, "geometry": { "type": "Polygon", "coordinates": [ [ [ -111.633461082086583, 40.26157747906138 ], [ -111.633375147731897, 40.261566119720008 ], [ -111.63335890873708, 40.261637657878474 ], [ -111.633444843091794, 40.261649017207816 ], [ -111.633461082086583, 40.26157747906138 ] ] ] } },
{ "type": "Feature", "properties": { "type": "Feature", "properties": { "height": 6.1449980735778809, "confidence": 0.96139997243881203 }, "id": 602 }, "geometry": { "type": "Polygon", "coordinates": [ [ [ -111.634690312116106, 40.258265123736287 ], [ -111.634652018642441, 40.258209783509642 ], [ -111.634718057669943, 40.258183170578718 ], [ -111.634675966758095, 40.258122350428195 ], [ -111.634596269574331, 40.258154467458787 ], [ -111.634505441817183, 40.258023223852099 ], [ -111.634399564516571, 40.258065891221989 ], [ -111.634570766340488, 40.258313305559867 ], [ -111.634690312116106, 40.258265123736287 ] ] ] } },
{ "type": "Feature", "properties": { "type": "Feature", "properties": { "height": 5.0133562088012686, "confidence": 0.99889999628067005 }, "id": 603 }, "geometry": { "type": "Polygon", "coordinates": [ [ [ -111.631556285144285, 40.257444878523437 ], [ -111.63156373068891, 40.25755922380695 ], [ -111.631724266817983, 40.257553135899556 ], [ -111.631722006563365, 40.25751842395578 ], [ -111.631802274627915, 40.257515380000299 ], [ -111.631788580144047, 40.257305066068383 ], [ -111.631636070821429, 40.257310849601659 ], [ -111.631644580015291, 40.257441530168769 ], [ -111.631556285144285, 40.257444878523437 ] ] ] } },
{ "type": "Feature", "properties": { "type": "Feature", "properties": { "height": 4.0446648597717276, "confidence": 0.96939998865127508 }, "id": 604 }, "geometry": { "type": "Polygon", "coordinates": [ [ [ -111.636978594342935, 40.261516957452798 ], [ -111.637163837591899, 40.261559766999213 ], [ -111.637202915449592, 40.261461321039278 ], [ -111.637017667526621, 40.261418500456557 ], [ -111.636978594342935, 40.261516957452798 ] ] ] } },
{ "type": "Feature", "properties": { "type": "Feature", "properties": { "height": 6.3653559684753418, "confidence": 0.9735000133514401 }, "id": 605 }, "geometry": { "type": "Polygon", "coordinates": [ [ [ -111.637530853494539, 40.258680929410325 ], [ -111.637488697383077, 40.258789058279014 ], [ -111.637621760729644, 40.258819263099888 ], [ -111.63761112953776, 40.258846531674926 ], [ -111.637729405805359, 40.258873386186053 ], [ -111.637782190563229, 40.258737995373437 ], [ -111.637530853494539, 40.258680929410325 ] ] ] } },
{ "type": "Feature", "properties": { "type": "Feature", "properties": { "height": 5.2086577415466309, "confidence": 0.96719998121261608 }, "id": 606 }, "geometry": { "type": "Polygon", "coordinates": [ [ [ -111.637652574666731, 40.249458454045318 ], [ -111.63756314899905, 40.249275041991531 ], [ -111.637458379878453, 40.249304799044083 ], [ -111.637488619862992, 40.24936683295099 ], [ -111.637409627763546, 40.249389264435528 ], [ -111.637443820712818, 40.249459394118425 ], [ -111.637486228854428, 40.249447351439223 ], [ -111.63751121742861, 40.249498602927112 ], [ -111.637652574666731, 40.249458454045318 ] ] ] } },
{ "type": "Feature", "properties": { "type": "Feature", "properties": { "height": 7.0315384864807129, "confidence": 0.97420001029968206 }, "id": 607 }, "geometry": { "type": "Polygon", "coordinates": [ [ [ -111.638388815037757, 40.255782246623973 ], [ -111.638511632543114, 40.255890065434464 ], [ -111.638602672778816, 40.255829665324946 ], [ -111.638479864060471, 40.255721845451724 ], [ -111.638388815037757, 40.255782246623973 ] ] ] } },
{ "type": "Feature", "properties": { "type": "Feature", "properties": { "height": 6.0564208030700684, "confidence": 0.98439997434616011 }, "id": 608 }, "geometry": { "type": "Polygon", "coordinates": [ [ [ -111.62959052538686, 40.25539174031033 ], [ -111.629451011105189, 40.255406390826607 ], [ -111.629461882792938, 40.255466658718674 ], [ -111.629435559343563, 40.255469422964218 ], [ -111.629444773253994, 40.255520500818122 ], [ -111.629480584269871, 40.255516738366005 ], [ -111.629500351997564, 40.255626377541546 ], [ -111.629630388241992, 40.255612722366713 ], [ -111.62959052538686, 40.25539174031033 ] ] ] } },
{ "type": "Feature", "properties": { "type": "Feature", "properties": { "height": 7.1842665672302246, "confidence": 0.97630000114440907 }, "id": 609 }, "geometry": { "type": "Polygon", "coordinates": [ [ [ -111.632651310879481, 40.254258051302621 ], [ -111.632941895977879, 40.254254838368915 ], [ -111.632940730452759, 40.254193440618756 ], [ -111.632891487634396, 40.254193985085976 ], [ -111.632889574748773, 40.25409370207673 ], [ -111.63281010774628, 40.254094580727518 ], [ -111.632808772222461, 40.254024227581432 ], [ -111.632685416624312, 40.254025598090045 ], [ -111.632685159138774, 40.254012034177578 ], [ -111.63262785475753, 40.25401266778146 ], [ -111.632629728604684, 40.254110904317784 ], [ -111.632593166363449, 40.254111308579091 ], [ -111.632594448441083, 40.254178846183152 ], [ -111.632649788378657, 40.254178234301285 ], [ -111.632651310879481, 40.254258051302621 ] ] ] } },
{ "type": "Feature", "properties": { "type": "Feature", "properties": { "height": 5.0041494369506836, "confidence": 1.0 }, "id": 610 }, "geometry": { "type": "Polygon", "coordinates": [ [ [ -111.634064382222789, 40.250984304498502 ], [ -111.633977230360912, 40.250986483219386 ], [ -111.633980470585257, 40.251062145583674 ], [ -111.634067629378094, 40.251059966691955 ], [ -111.634064382222789, 40.250984304498502 ] ] ] } },
{ "type": "Feature", "properties": { "type": "Feature", "properties": { "height": 3.3223235607147212, "confidence": 0.94480001926422108 }, "id": 611 }, "geometry": { "type": "Polygon", "coordinates": [ [ [ -111.634448889864643, 40.261704998110012 ], [ -111.634455700929678, 40.261848085171216 ], [ -111.634557490824662, 40.261845269098998 ], [ -111.634555114614784, 40.261795349641325 ], [ -111.634553479739182, 40.261795394958398 ], [ -111.634549053413693, 40.261702227025665 ], [ -111.634448889864643, 40.261704998110012 ] ] ] } },
{ "type": "Feature", "properties": { "type": "Feature", "properties": { "height": 4.7067809104919434, "confidence": 0.99010002613067605 }, "id": 612 }, "geometry": { "type": "Polygon", "coordinates": [ [ [ -111.635377956726288, 40.253820653859322 ], [ -111.635208363727116, 40.253826886286561 ], [ -111.635223590754777, 40.254067876198505 ], [ -111.635393161704897, 40.254061644603745 ], [ -111.635377956726288, 40.253820653859322 ] ] ] } },
{ "type": "Feature", "properties": { "type": "Feature", "properties": { "height": 4.5741539001464844, "confidence": 0.98390001058578402 }, "id": 613 }, "geometry": { "type": "Polygon", "coordinates": [ [ [ -111.636780284610822, 40.253409112662922 ], [ -111.636945821968396, 40.253616786619411 ], [ -111.637028042869545, 40.253578608527313 ], [ -111.636978024387417, 40.253515858154991 ], [ -111.637064160569565, 40.253475861998304 ], [ -111.636977223683942, 40.253366795672065 ], [ -111.636932197952348, 40.253387702790604 ], [ -111.636903615962552, 40.253351845340958 ], [ -111.636780284610822, 40.253409112662922 ] ] ] } },
{ "type": "Feature", "properties": { "type": "Feature", "properties": { "height": 5.7756104469299316, "confidence": 0.9689999818801881 }, "id": 614 }, "geometry": { "type": "Polygon", "coordinates": [ [ [ -111.636856421391414, 40.26496572134289 ], [ -111.637050627388859, 40.264968573573675 ], [ -111.637054859010917, 40.264800806426884 ], [ -111.636875217554007, 40.264798168093506 ], [ -111.636872843717242, 40.264892281425894 ], [ -111.636858285929776, 40.26489206762087 ], [ -111.636856421391414, 40.26496572134289 ] ] ] } },
{ "type": "Feature", "properties": { "type": "Feature", "properties": { "height": 5.2922029495239258, "confidence": 0.98659998178482011 }, "id": 615 }, "geometry": { "type": "Polygon", "coordinates": [ [ [ -111.637963141716668, 40.251715123692293 ], [ -111.637789301708096, 40.251801055380632 ], [ -111.637845597741105, 40.251867393752235 ], [ -111.637877720351383, 40.251851515094472 ], [ -111.637933415972853, 40.251917145901835 ], [ -111.638024118004239, 40.251872315481201 ], [ -111.638007581944024, 40.251852829652641 ], [ -111.638058600207415, 40.251827610600792 ], [ -111.637963141716668, 40.251715123692293 ] ] ] } },
{ "type": "Feature", "properties": { "type": "Feature", "properties": { "height": 4.7979264259338379, "confidence": 0.9958000183105461 }, "id": 616 }, "geometry": { "type": "Polygon", "coordinates": [ [ [ -111.632809574335994, 40.262292016993179 ], [ -111.632802894582554, 40.262060074182543 ], [ -111.632583059954072, 40.262063772588995 ], [ -111.632585202755322, 40.262138177714796 ], [ -111.632620054640242, 40.262137593243189 ], [ -111.632624591254469, 40.262295119181459 ], [ -111.632809574335994, 40.262292016993179 ] ] ] } },
{ "type": "Feature", "properties": { "type": "Feature", "properties": { "height": 4.3989953994750977, "confidence": 0.99159997701644909 }, "id": 617 }, "geometry": { "type": "Polygon", "coordinates": [ [ [ -111.636143389144408, 40.254602634712136 ], [ -111.636218255660921, 40.254807803726194 ], [ -111.636351750857116, 40.254779438578382 ], [ -111.636276901802461, 40.254574265768035 ], [ -111.636143389144408, 40.254602634712136 ] ] ] } },
{ "type": "Feature", "properties": { "type": "Feature", "properties": { "height": 6.5309915542602539, "confidence": 0.96619999408721913 }, "id": 618 }, "geometry": { "type": "Polygon", "coordinates": [ [ [ -111.636666135008426, 40.259940854882927 ], [ -111.636594355358909, 40.259763303198348 ], [ -111.636467001846384, 40.259793286203099 ], [ -111.63651384751239, 40.259909162040806 ], [ -111.636447721650129, 40.259924730107528 ], [ -111.636472655633668, 40.259986405861504 ], [ -111.636666135008426, 40.259940854882927 ] ] ] } },
{ "type": "Feature", "properties": { "type": "Feature", "properties": { "height": 5.3573217391967773, "confidence": 0.96920001506805409 }, "id": 619 }, "geometry": { "type": "Polygon", "coordinates": [ [ [ -111.632019517103203, 40.252395901970289 ], [ -111.632005293164582, 40.252330894608065 ], [ -111.63197919876265, 40.252334220347457 ], [ -111.631950002910997, 40.252200786982741 ], [ -111.631840406422896, 40.252214755113975 ], [ -111.631883824670268, 40.252413188745265 ], [ -111.632019517103203, 40.252395901970289 ] ] ] } },
{ "type": "Feature", "properties": { "type": "Feature", "properties": { "height": 5.9954419136047363, "confidence": 0.9980999827384941 }, "id": 620 }, "geometry": { "type": "Polygon", "coordinates": [ [ [ -111.634575652692121, 40.254922878787802 ], [ -111.634428398717816, 40.254918088758863 ], [ -111.634423215776167, 40.25501089035528 ], [ -111.634468730505418, 40.255012373334381 ], [ -111.634464099524209, 40.255095291860528 ], [ -111.634500561546574, 40.255096477931687 ], [ -111.634498961290547, 40.25512508379888 ], [ -111.634628497275983, 40.255129297465949 ], [ -111.63463294783736, 40.255049609430657 ], [ -111.63466507597721, 40.255050654525881 ], [ -111.634667766377476, 40.255002482420842 ], [ -111.634640993007309, 40.255001610080043 ], [ -111.634643845922781, 40.254950528072669 ], [ -111.634574235160386, 40.254948259984893 ], [ -111.634575652692121, 40.254922878787802 ] ] ] } },
{ "type": "Feature", "properties": { "type": "Feature", "properties": { "height": 6.1118831634521484, "confidence": 0.96869999170303311 }, "id": 621 }, "geometry": { "type": "Polygon", "coordinates": [ [ [ -111.636095619722255, 40.252092459658293 ], [ -111.636020270526231, 40.25195361826615 ], [ -111.635923112604786, 40.251984336717456 ], [ -111.635998470263914, 40.252123170181463 ], [ -111.636095619722255, 40.252092459658293 ] ] ] } },
{ "type": "Feature", "properties": { "type": "Feature", "properties": { "height": 5.5625734329223633, "confidence": 0.99299997091293313 }, "id": 622 }, "geometry": { "type": "Polygon", "coordinates": [ [ [ -111.637469781344606, 40.262567277945806 ], [ -111.637450443141844, 40.262341048806576 ], [ -111.637306217520049, 40.262348227815579 ], [ -111.637325555722825, 40.2625744569308 ], [ -111.637469781344606, 40.262567277945806 ] ] ] } },
{ "type": "Feature", "properties": { "type": "Feature", "properties": { "height": 4.7353777885437012, "confidence": 0.99970000982284513 }, "id": 623 }, "geometry": { "type": "Polygon", "coordinates": [ [ [ -111.631165886747993, 40.256942978286972 ], [ -111.631151316780574, 40.256849359984486 ], [ -111.631103708215122, 40.256853672715479 ], [ -111.631097425418716, 40.2568133030111 ], [ -111.631067167344113, 40.256816044009618 ], [ -111.631057555022267, 40.256754244192315 ], [ -111.630885635202674, 40.25676982714635 ], [ -111.630902781090754, 40.256880061920484 ], [ -111.630929230510461, 40.256877665940159 ], [ -111.630942538012121, 40.256963222743181 ], [ -111.631165886747993, 40.256942978286972 ] ] ] } },
{ "type": "Feature", "properties": { "type": "Feature", "properties": { "height": 4.5702853202819824, "confidence": 0.98449999094009411 }, "id": 624 }, "geometry": { "type": "Polygon", "coordinates": [ [ [ -111.635010340555624, 40.263135745947039 ], [ -111.635002086370122, 40.263070861300619 ], [ -111.635015372216643, 40.263069877137234 ], [ -111.634996542355964, 40.262921858802528 ], [ -111.634866341059933, 40.262931503624081 ], [ -111.634872015812476, 40.262976111917077 ], [ -111.634789643563977, 40.262982213738226 ], [ -111.634801508955647, 40.263075485520119 ], [ -111.634882199810747, 40.263069508258411 ], [ -111.63489175052942, 40.263144530621744 ], [ -111.635010340555624, 40.263135745947039 ] ] ] } },
{ "type": "Feature", "properties": { "type": "Feature", "properties": { "height": 3.649763822555542, "confidence": 0.99589997529983509 }, "id": 625 }, "geometry": { "type": "Polygon", "coordinates": [ [ [ -111.637492822219954, 40.252024196713606 ], [ -111.637587512599268, 40.252130768402608 ], [ -111.637699589105651, 40.252072763400086 ], [ -111.637604898726309, 40.251966191619758 ], [ -111.637492822219954, 40.252024196713606 ] ] ] } },
{ "type": "Feature", "properties": { "type": "Feature", "properties": { "height": 2.9123711585998531, "confidence": 0.94870001077651911 }, "id": 626 }, "geometry": { "type": "Polygon", "coordinates": [ [ [ -111.634309857079174, 40.249577145431665 ], [ -111.63430053103167, 40.249554852180623 ], [ -111.634256717824755, 40.249565529163405 ], [ -111.634266043872259, 40.249587822410923 ], [ -111.634309857079174, 40.249577145431665 ] ] ] } },
{ "type": "Feature", "properties": { "type": "Feature", "properties": { "height": 6.4490690231323242, "confidence": 0.96410000324249212 }, "id": 627 }, "geometry": { "type": "Polygon", "coordinates": [ [ [ -111.636662250088349, 40.252581501759941 ], [ -111.636649474683963, 40.252568152649026 ], [ -111.636740427336662, 40.25251745141621 ], [ -111.636651607552935, 40.252424642849967 ], [ -111.636486173589446, 40.252516854686043 ], [ -111.636587767943524, 40.252623021530219 ], [ -111.636662250088349, 40.252581501759941 ] ] ] } },
{ "type": "Feature", "properties": { "type": "Feature", "properties": { "height": 8.0081310272216797, "confidence": 0.91070002317428511 }, "id": 628 }, "geometry": { "type": "Polygon", "coordinates": [ [ [ -111.6411318624383, 40.259158883300174 ], [ -111.641169858586281, 40.259045533162457 ], [ -111.640879122059985, 40.258988792334868 ], [ -111.640841135669476, 40.259102144471939 ], [ -111.6411318624383, 40.259158883300174 ] ] ] } },
{ "type": "Feature", "properties": { "type": "Feature", "properties": { "height": 4.8873739242553711, "confidence": 0.9979000091552731 }, "id": 629 }, "geometry": { "type": "Polygon", "coordinates": [ [ [ -111.64006660531463, 40.254859303536371 ], [ -111.640210433544794, 40.254860225427414 ], [ -111.640211257271076, 40.254785374186355 ], [ -111.640260527747131, 40.2547856873623 ], [ -111.640261823332423, 40.254666969246756 ], [ -111.640172333421731, 40.254666400424618 ], [ -111.640172063117234, 40.254690962796332 ], [ -111.640068449626327, 40.254690304201127 ], [ -111.64006660531463, 40.254859303536371 ] ] ] } },
{ "type": "Feature", "properties": { "type": "Feature", "properties": { "height": 7.180152416229248, "confidence": 0.98159998655319203 }, "id": 630 }, "geometry": { "type": "Polygon", "coordinates": [ [ [ -111.632735139289053, 40.251620970504241 ], [ -111.632531298788834, 40.251621906909662 ], [ -111.632533026167948, 40.251840938314807 ], [ -111.632736866668196, 40.251840001912413 ], [ -111.632735139289053, 40.251620970504241 ] ] ] } },
{ "type": "Feature", "properties": { "type": "Feature", "properties": { "height": 5.7016167640686026, "confidence": 0.98729997873306208 }, "id": 631 }, "geometry": { "type": "Polygon", "coordinates": [ [ [ -111.63507474433888, 40.24984354089505 ], [ -111.635157842581975, 40.249990102903766 ], [ -111.635286614144903, 40.249947571980577 ], [ -111.635203515901821, 40.249801009879754 ], [ -111.63507474433888, 40.24984354089505 ] ] ] } },
{ "type": "Feature", "properties": { "type": "Feature", "properties": { "height": 5.7269673347473145, "confidence": 0.96969997882843006 }, "id": 632 }, "geometry": { "type": "Polygon", "coordinates": [ [ [ -111.635430345144144, 40.259388576826943 ], [ -111.635477232474472, 40.259378028853121 ], [ -111.635489599570889, 40.259410043401061 ], [ -111.635609354364675, 40.259383102857129 ], [ -111.635553326457142, 40.259238098360719 ], [ -111.635523713968524, 40.25924476012645 ], [ -111.635482238764254, 40.259137418945983 ], [ -111.635313149616763, 40.259175458089395 ], [ -111.635352433334802, 40.259277151611485 ], [ -111.635384514139758, 40.25926993456504 ], [ -111.635430345144144, 40.259388576826943 ] ] ] } },
{ "type": "Feature", "properties": { "type": "Feature", "properties": { "height": 4.8838286399841309, "confidence": 0.97780001163482611 }, "id": 633 }, "geometry": { "type": "Polygon", "coordinates": [ [ [ -111.636228428279992, 40.250354134994758 ], [ -111.636111676850206, 40.25019372465848 ], [ -111.63605120622384, 40.250219359474052 ], [ -111.636034128140608, 40.250195892104429 ], [ -111.63595418480665, 40.25022978182173 ], [ -111.636088007249697, 40.250413669872835 ], [ -111.636228428279992, 40.250354134994758 ] ] ] } },
{ "type": "Feature", "properties": { "type": "Feature", "properties": { "height": 5.9108552932739258, "confidence": 0.97149997949600209 }, "id": 634 }, "geometry": { "type": "Polygon", "coordinates": [ [ [ -111.636403722951229, 40.251756614817467 ], [ -111.636316511487081, 40.251798765067818 ], [ -111.636453507820832, 40.251963874757074 ], [ -111.636566461755194, 40.251909283018684 ], [ -111.63650341919454, 40.25183330332743 ], [ -111.636477682558109, 40.251845742112721 ], [ -111.636403722951229, 40.251756614817467 ] ] ] } },
{ "type": "Feature", "properties": { "type": "Feature", "properties": { "height": 4.723691463470459, "confidence": 0.96549999713897705 }, "id": 635 }, "geometry": { "type": "Polygon", "coordinates": [ [ [ -111.637127900701813, 40.251412546981101 ], [ -111.637146178485096, 40.251441665494099 ], [ -111.637208261532606, 40.251418968975479 ], [ -111.637147139799012, 40.25132158104222 ], [ -111.636931162979621, 40.251400550154536 ], [ -111.636974007408938, 40.251468815993974 ], [ -111.637127900701813, 40.251412546981101 ] ] ] } },
{ "type": "Feature", "properties": { "type": "Feature", "properties": { "height": 5.1268410682678223, "confidence": 0.99150002002716009 }, "id": 636 }, "geometry": { "type": "Polygon", "coordinates": [ [ [ -111.637110267452556, 40.264319735820095 ], [ -111.637429449603005, 40.26432011084038 ], [ -111.637429741326372, 40.264168654044155 ], [ -111.637334778452384, 40.264168542468099 ], [ -111.637334712373473, 40.264201289908762 ], [ -111.637034305676039, 40.264200936947908 ], [ -111.63703414460872, 40.264280758768507 ], [ -111.637110342354518, 40.264280848296444 ], [ -111.637110267452556, 40.264319735820095 ] ] ] } },
{ "type": "Feature", "properties": { "type": "Feature", "properties": { "height": 4.6336669921875, "confidence": 0.99430000782012906 }, "id": 637 }, "geometry": { "type": "Polygon", "coordinates": [ [ [ -111.63616843151371, 40.26338098675636 ], [ -111.636335740461448, 40.263380602529999 ], [ -111.636335315447866, 40.26327528689248 ], [ -111.636476753674501, 40.26317053790217 ], [ -111.636385599339576, 40.263098867673847 ], [ -111.636313776812187, 40.263152059432841 ], [ -111.636269540149641, 40.263117278292619 ], [ -111.636172343111653, 40.263189262382859 ], [ -111.636216090801426, 40.263223661511695 ], [ -111.636216444459905, 40.263313333901237 ], [ -111.636168165134919, 40.2633134447752 ], [ -111.63616843151371, 40.26338098675636 ] ] ] } },
{ "type": "Feature", "properties": { "type": "Feature", "properties": { "height": 5.1400570869445801, "confidence": 0.95980000495910611 }, "id": 638 }, "geometry": { "type": "Polygon", "coordinates": [ [ [ -111.638503055033041, 40.261851725416832 ], [ -111.638449682602229, 40.261939193858979 ], [ -111.638548029913721, 40.261974139150837 ], [ -111.638520859238085, 40.262018673948255 ], [ -111.638623101156256, 40.262054997588926 ], [ -111.638703644881176, 40.26192300014575 ], [ -111.638503055033041, 40.261851725416832 ] ] ] } },
{ "type": "Feature", "properties": { "type": "Feature", "properties": { "height": 7.0530505180358887, "confidence": 0.99459999799728305 }, "id": 639 }, "geometry": { "type": "Polygon", "coordinates": [ [ [ -111.635038717814098, 40.246560023368815 ], [ -111.635087573248086, 40.246670242308248 ], [ -111.63503462530403, 40.246683915265798 ], [ -111.635088366281394, 40.246805155867392 ], [ -111.635158161298563, 40.246787132455069 ], [ -111.635236329992921, 40.246963482080311 ], [ -111.635207449296175, 40.246970940025179 ], [ -111.635229076919316, 40.247019732147209 ], [ -111.635269990370432, 40.247009164771548 ], [ -111.635287447963762, 40.247048549247417 ], [ -111.635590695279717, 40.246970240875022 ], [ -111.635566267562723, 40.246915131671997 ], [ -111.63560236843368, 40.246905809233091 ], [ -111.635581197745623, 40.246858047880927 ], [ -111.635533063251032, 40.246870477807946 ], [ -111.635454080299425, 40.246692290960191 ], [ -111.635507028243481, 40.246678618004339 ], [ -111.635453287266131, 40.246557377176089 ], [ -111.635383492248948, 40.246575400649611 ], [ -111.635337079586677, 40.246470692514698 ], [ -111.635255250945875, 40.246491823510212 ], [ -111.635242222830129, 40.246462431733107 ], [ -111.635090599172131, 40.246501586224369 ], [ -111.635108512831266, 40.246541999891221 ], [ -111.635038717814098, 40.246560023368815 ] ] ] } },
{ "type": "Feature", "properties": { "type": "Feature", "properties": { "height": 3.8081343173980708, "confidence": 0.97409999370574907 }, "id": 640 }, "geometry": { "type": "Polygon", "coordinates": [ [ [ -111.636954602674564, 40.254587578967048 ], [ -111.63683376051452, 40.25463378797555 ], [ -111.636813350084822, 40.25460269957145 ], [ -111.636673992380665, 40.254655988750976 ], [ -111.636709442074363, 40.254709984348558 ], [ -111.636660130886725, 40.254728840494678 ], [ -111.636706322911849, 40.254799198310273 ], [ -111.636774929781595, 40.254772963698031 ], [ -111.636755079402178, 40.254742728403983 ], [ -111.636995981451008, 40.254650596770269 ], [ -111.636954602674564, 40.254587578967048 ] ] ] } },
{ "type": "Feature", "properties": { "type": "Feature", "properties": { "height": 4.4575967788696289, "confidence": 0.99049997329711903 }, "id": 641 }, "geometry": { "type": "Polygon", "coordinates": [ [ [ -111.630943309101013, 40.257899367568108 ], [ -111.631085341985298, 40.257902568939421 ], [ -111.631086959100855, 40.25786088407569 ], [ -111.63111643756298, 40.257861550084762 ], [ -111.631124133345708, 40.2576631732788 ], [ -111.630998179916617, 40.257660327595346 ], [ -111.630995641101705, 40.257725771557133 ], [ -111.63095008347841, 40.25772474226833 ], [ -111.630943309101013, 40.257899367568108 ] ] ] } },
{ "type": "Feature", "properties": { "type": "Feature", "properties": { "height": 5.6254944801330566, "confidence": 0.9980000257492061 }, "id": 642 }, "geometry": { "type": "Polygon", "coordinates": [ [ [ -111.631034677543255, 40.256599946809786 ], [ -111.631032140930458, 40.256518114715654 ], [ -111.630923384621326, 40.256520083951443 ], [ -111.630928193840205, 40.256674773433318 ], [ -111.631071785365748, 40.2566721811165 ], [ -111.631069526700585, 40.256599315801552 ], [ -111.631034677543255, 40.256599946809786 ] ] ] } },
{ "type": "Feature", "properties": { "type": "Feature", "properties": { "height": 5.278292179107666, "confidence": 0.98509997129440308 }, "id": 643 }, "geometry": { "type": "Polygon", "coordinates": [ [ [ -111.634759485156252, 40.248632167864187 ], [ -111.634670180237464, 40.248647591089707 ], [ -111.634710017610232, 40.248781967028421 ], [ -111.634822257762522, 40.248762582857694 ], [ -111.63484129571701, 40.248765436511448 ], [ -111.634888022060082, 40.248757366747306 ], [ -111.634931456524228, 40.24858856241201 ], [ -111.63491043281698, 40.248585411099825 ], [ -111.634883748402856, 40.248495429170354 ], [ -111.634866679656341, 40.248492870676628 ], [ -111.634725421315778, 40.248517266461441 ], [ -111.634759485156252, 40.248632167864187 ] ] ] } },
{ "type": "Feature", "properties": { "type": "Feature", "properties": { "height": 5.208733081817627, "confidence": 0.90119999647140503 }, "id": 644 }, "geometry": { "type": "Polygon", "coordinates": [ [ [ -111.636049738981185, 40.25329940776043 ], [ -111.635816863635739, 40.25334908936761 ], [ -111.635850244327116, 40.25344022616482 ], [ -111.636083127424399, 40.253390542970742 ], [ -111.636049738981185, 40.25329940776043 ] ] ] } },
{ "type": "Feature", "properties": { "type": "Feature", "properties": { "height": 3.1950232982635498, "confidence": 0.97259998321533203 }, "id": 645 }, "geometry": { "type": "Polygon", "coordinates": [ [ [ -111.637481201463018, 40.253235158092551 ], [ -111.637321565324172, 40.253316428803601 ], [ -111.637388429508576, 40.253392928873822 ], [ -111.637548065647408, 40.253311658254646 ], [ -111.637481201463018, 40.253235158092551 ] ] ] } },
{ "type": "Feature", "properties": { "type": "Feature", "properties": { "height": 4.7066183090209961, "confidence": 0.98500001430511408 }, "id": 646 }, "geometry": { "type": "Polygon", "coordinates": [ [ [ -111.637992120389228, 40.254121233374192 ], [ -111.637870037492149, 40.253993890522246 ], [ -111.637772205989251, 40.254048519215544 ], [ -111.637825260053859, 40.254103859105044 ], [ -111.637779836769639, 40.254129220810896 ], [ -111.637848862338998, 40.254201220239878 ], [ -111.637992120389228, 40.254121233374192 ] ] ] } },
{ "type": "Feature", "properties": { "type": "Feature", "properties": { "height": 6.4949069023132324, "confidence": 0.98259997367858809 }, "id": 647 }, "geometry": { "type": "Polygon", "coordinates": [ [ [ -111.632837545187456, 40.253042953770375 ], [ -111.632834375316591, 40.252944754565235 ], [ -111.6327807636751, 40.252945762583167 ], [ -111.632776008868831, 40.252798463510487 ], [ -111.632610913196103, 40.252801567682511 ], [ -111.632618815373547, 40.253047066370662 ], [ -111.632837545187456, 40.253042953770375 ] ] ] } },
{ "type": "Feature", "properties": { "type": "Feature", "properties": { "height": 4.1999382972717276, "confidence": 0.99599999189376809 }, "id": 648 }, "geometry": { "type": "Polygon", "coordinates": [ [ [ -111.635839099327015, 40.25263035773704 ], [ -111.635724904002799, 40.252675508570839 ], [ -111.635814128983881, 40.252806972542601 ], [ -111.635912653476183, 40.252768023021851 ], [ -111.635872118126372, 40.252708306355842 ], [ -111.635887796540175, 40.252702108227503 ], [ -111.635839099327015, 40.25263035773704 ] ] ] } },
{ "type": "Feature", "properties": { "type": "Feature", "properties": { "height": 2.9447512626647949, "confidence": 1.0 }, "id": 649 }, "geometry": { "type": "Polygon", "coordinates": [ [ [ -111.635945099427047, 40.252861544654067 ], [ -111.635902227257233, 40.252827322842215 ], [ -111.635886813549448, 40.25283857036365 ], [ -111.635929685719262, 40.252872792169825 ], [ -111.635945099427047, 40.252861544654067 ] ] ] } },
{ "type": "Feature", "properties": { "type": "Feature", "properties": { "height": 4.6091909408569345, "confidence": 0.98059999942779508 }, "id": 650 }, "geometry": { "type": "Polygon", "coordinates": [ [ [ -111.642949003194602, 40.262155663427023 ], [ -111.642888484746393, 40.262029257351472 ], [ -111.642787629876537, 40.262057369385516 ], [ -111.642848138095928, 40.262183778259697 ], [ -111.642949003194602, 40.262155663427023 ] ] ] } },
{ "type": "Feature", "properties": { "type": "Feature", "properties": { "height": 5.4096474647521973, "confidence": 0.98669999837875311 }, "id": 651 }, "geometry": { "type": "Polygon", "coordinates": [ [ [ -111.630459437264747, 40.257446698276254 ], [ -111.630551004622106, 40.257534111821272 ], [ -111.630458414293415, 40.257531337443865 ], [ -111.630454460504481, 40.257608185046045 ], [ -111.630579078518196, 40.257611925753103 ], [ -111.630581951793857, 40.257556178870622 ], [ -111.630730118386182, 40.257465786944238 ], [ -111.630623855350294, 40.257364353135145 ], [ -111.630595792049192, 40.257363512244048 ], [ -111.630459437264747, 40.257446698276254 ] ] ] } },
{ "type": "Feature", "properties": { "type": "Feature", "properties": { "height": 4.2392902374267578, "confidence": 0.88249999284744207 }, "id": 652 }, "geometry": { "type": "Polygon", "coordinates": [ [ [ -111.632251604595467, 40.258504766223794 ], [ -111.632261942061845, 40.258245050100427 ], [ -111.632138674180169, 40.258242192693103 ], [ -111.632136313656346, 40.258301498039955 ], [ -111.632077359452069, 40.258300131454988 ], [ -111.632076464080981, 40.258322626573431 ], [ -111.631996071984219, 40.258320763049056 ], [ -111.631988990412751, 40.258498678727079 ], [ -111.632251604595467, 40.258504766223794 ] ] ] } },
{ "type": "Feature", "properties": { "type": "Feature", "properties": { "height": 5.1174139976501456, "confidence": 0.98250001668930009 }, "id": 653 }, "geometry": { "type": "Polygon", "coordinates": [ [ [ -111.634128926074425, 40.261386436678414 ], [ -111.634098544127696, 40.261309506450431 ], [ -111.634032155617717, 40.261324777910303 ], [ -111.634046976079532, 40.261362304853222 ], [ -111.633936328562882, 40.261387757264558 ], [ -111.634025553247085, 40.261613682872913 ], [ -111.63416816835948, 40.261580884633055 ], [ -111.634154088648529, 40.2615452334636 ], [ -111.634202286155826, 40.261534149121104 ], [ -111.634161215813634, 40.26143017912328 ], [ -111.634103192645057, 40.261443526266063 ], [ -111.634084667067754, 40.261396617640465 ], [ -111.634128926074425, 40.261386436678414 ] ] ] } },
{ "type": "Feature", "properties": { "type": "Feature", "properties": { "height": 5.688483715057373, "confidence": 0.93889999389648404 }, "id": 654 }, "geometry": { "type": "Polygon", "coordinates": [ [ [ -111.634489542117805, 40.260316513634798 ], [ -111.6347342736847, 40.260414650713244 ], [ -111.634766939709024, 40.260367218240383 ], [ -111.634747102063898, 40.260359262307581 ], [ -111.634775184491517, 40.260318479951792 ], [ -111.634550287732509, 40.260228296485728 ], [ -111.634489542117805, 40.260316513634798 ] ] ] } },
{ "type": "Feature", "properties": { "type": "Feature", "properties": { "height": 5.8433637619018555, "confidence": 0.94029998779296808 }, "id": 655 }, "geometry": { "type": "Polygon", "coordinates": [ [ [ -111.63805303948007, 40.258620767942212 ], [ -111.638315355241588, 40.25873201143132 ], [ -111.638385963445955, 40.258635048169864 ], [ -111.638123647684438, 40.258523804521353 ], [ -111.63805303948007, 40.258620767942212 ] ] ] } },
{ "type": "Feature", "properties": { "type": "Feature", "properties": { "height": 7.1484360694885254, "confidence": 0.95509999990463212 }, "id": 656 }, "geometry": { "type": "Polygon", "coordinates": [ [ [ -111.641006966350545, 40.259390967405565 ], [ -111.641052893628142, 40.259290632634439 ], [ -111.640801889315028, 40.259223722062963 ], [ -111.640755962037417, 40.259324056933345 ], [ -111.641006966350545, 40.259390967405565 ] ] ] } },
{ "type": "Feature", "properties": { "type": "Feature", "properties": { "height": 6.1303420066833496, "confidence": 0.9979000091552731 }, "id": 657 }, "geometry": { "type": "Polygon", "coordinates": [ [ [ -111.632796950347966, 40.254971176358069 ], [ -111.632661303113025, 40.254974429558118 ], [ -111.632664425637074, 40.255050093574958 ], [ -111.632650010419241, 40.2550504392918 ], [ -111.632654273589338, 40.255153973020654 ], [ -111.632832150876752, 40.255149697536055 ], [ -111.632828469360746, 40.255060488325135 ], [ -111.632800655376244, 40.255061155381405 ], [ -111.632796950347966, 40.254971176358069 ] ] ] } },
{ "type": "Feature", "properties": { "type": "Feature", "properties": { "height": 4.0404314994812012, "confidence": 0.97600001096725408 }, "id": 658 }, "geometry": { "type": "Polygon", "coordinates": [ [ [ -111.638506463625788, 40.253773607491951 ], [ -111.638446587474192, 40.253803693606649 ], [ -111.638436732089275, 40.253792269392022 ], [ -111.638316278912825, 40.253852793760643 ], [ -111.638347670385542, 40.253889178378735 ], [ -111.638291540102287, 40.253917385248315 ], [ -111.638342691794406, 40.253976673090811 ], [ -111.63857914708943, 40.253857861052644 ], [ -111.638506463625788, 40.253773607491951 ] ] ] } },
{ "type": "Feature", "properties": { "type": "Feature", "properties": { "height": 5.3047990798950186, "confidence": 0.91900002956390303 }, "id": 659 }, "geometry": { "type": "Polygon", "coordinates": [ [ [ -111.63866193241995, 40.261284828341651 ], [ -111.638308493741974, 40.26138785752179 ], [ -111.638350517711643, 40.261471807089599 ], [ -111.638491898201394, 40.261430594024574 ], [ -111.638488322265175, 40.261423449213517 ], [ -111.638700379881584, 40.261361633386421 ], [ -111.63866193241995, 40.261284828341651 ] ] ] } },
{ "type": "Feature", "properties": { "type": "Feature", "properties": { "height": 4.1205673217773438, "confidence": 0.97610002756118708 }, "id": 660 }, "geometry": { "type": "Polygon", "coordinates": [ [ [ -111.639338784975052, 40.255553512082884 ], [ -111.63915315193681, 40.255586668774662 ], [ -111.63918350464283, 40.255685643261096 ], [ -111.63931319347779, 40.255662479032566 ], [ -111.639326881953053, 40.255707114553189 ], [ -111.639410798258027, 40.255692125940392 ], [ -111.639398300084949, 40.25565137176153 ], [ -111.639370327983301, 40.255656367969166 ], [ -111.639338784975052, 40.255553512082884 ] ] ] } },
{ "type": "Feature", "properties": { "type": "Feature", "properties": { "height": 5.0332603454589844, "confidence": 0.98390001058578402 }, "id": 661 }, "geometry": { "type": "Polygon", "coordinates": [ [ [ -111.631758430892077, 40.261699347886307 ], [ -111.631762038449907, 40.261846665528743 ], [ -111.631863926812613, 40.261845212597002 ], [ -111.631860319254784, 40.261697894951403 ], [ -111.631758430892077, 40.261699347886307 ] ] ] } },
{ "type": "Feature", "properties": { "type": "Feature", "properties": { "height": 5.9850564002990723, "confidence": 0.98489999771118109 }, "id": 662 }, "geometry": { "type": "Polygon", "coordinates": [ [ [ -111.636587908585255, 40.264955369099951 ], [ -111.636566114245284, 40.264880197852918 ], [ -111.636374335148957, 40.26491257328307 ], [ -111.636416197612135, 40.265056961709028 ], [ -111.636582406162276, 40.26502890306368 ], [ -111.636562338416525, 40.264959687121959 ], [ -111.636587908585255, 40.264955369099951 ] ] ] } },
{ "type": "Feature", "properties": { "type": "Feature", "properties": { "height": 3.71003246307373, "confidence": 0.98919999599456709 }, "id": 663 }, "geometry": { "type": "Polygon", "coordinates": [ [ [ -111.637932866572058, 40.251034390917596 ], [ -111.637916292274596, 40.251015045839644 ], [ -111.63801498127269, 40.250965792676162 ], [ -111.637948632993258, 40.250888360909926 ], [ -111.637770149473354, 40.250977437561062 ], [ -111.637853075850984, 40.251074216657287 ], [ -111.637932866572058, 40.251034390917596 ] ] ] } },
{ "type": "Feature", "properties": { "type": "Feature", "properties": { "height": 1.6402367353439331, "confidence": 0.97750002145767212 }, "id": 664 }, "geometry": { "type": "Polygon", "coordinates": [ [ [ -111.63197770106045, 40.260709580954668 ], [ -111.631973591239529, 40.260842550479239 ], [ -111.632008440569692, 40.260843177728468 ], [ -111.632012550390613, 40.260710208205133 ], [ -111.63197770106045, 40.260709580954668 ] ] ] } },
{ "type": "Feature", "properties": { "type": "Feature", "properties": { "height": 4.8937849998474121, "confidence": 0.98720002174377408 }, "id": 665 }, "geometry": { "type": "Polygon", "coordinates": [ [ [ -111.634002324597631, 40.263702647353497 ], [ -111.633854808139787, 40.263703301260534 ], [ -111.63385505339491, 40.263735134366108 ], [ -111.633814708040461, 40.263801722197925 ], [ -111.633694637974571, 40.263802254440549 ], [ -111.633695189866032, 40.2638738875577 ], [ -111.633720276405271, 40.263873776355055 ], [ -111.633758087329269, 40.263887116242508 ], [ -111.633775272711503, 40.263887039145999 ], [ -111.633937990456928, 40.263944446769251 ], [ -111.633956268402386, 40.263944365747555 ], [ -111.633973402111906, 40.263916087551536 ], [ -111.633973135855854, 40.2638811123294 ], [ -111.633988458951052, 40.263855822424539 ], [ -111.633920802505486, 40.263831952871442 ], [ -111.633984316576118, 40.263831671328489 ], [ -111.634003080060126, 40.263800703231823 ], [ -111.634002324597631, 40.263702647353497 ] ] ] } },
{ "type": "Feature", "properties": { "type": "Feature", "properties": { "height": 4.5127201080322275, "confidence": 0.96069997549057007 }, "id": 666 }, "geometry": { "type": "Polygon", "coordinates": [ [ [ -111.635143486700329, 40.257456121863314 ], [ -111.635181377287438, 40.257515800272806 ], [ -111.635257405361358, 40.257487687377676 ], [ -111.635219514774249, 40.257428008943378 ], [ -111.635143486700329, 40.257456121863314 ] ] ] } },
{ "type": "Feature", "properties": { "type": "Feature", "properties": { "height": 4.6560702323913574, "confidence": 0.98519998788833607 }, "id": 667 }, "geometry": { "type": "Polygon", "coordinates": [ [ [ -111.6365786971907, 40.251576287436492 ], [ -111.636620895570616, 40.251555960058866 ], [ -111.636547047063303, 40.251466660344086 ], [ -111.6364281243563, 40.251523946650089 ], [ -111.636527396120215, 40.251643988760748 ], [ -111.636604120447302, 40.251607029924763 ], [ -111.6365786971907, 40.251576287436492 ] ] ] } },
{ "type": "Feature", "properties": { "type": "Feature", "properties": { "height": 5.6266422271728525, "confidence": 0.99010002613067605 }, "id": 668 }, "geometry": { "type": "Polygon", "coordinates": [ [ [ -111.638960130156903, 40.25137678418514 ], [ -111.638898348860735, 40.251298870947537 ], [ -111.63875700005255, 40.251364159112498 ], [ -111.638818781348732, 40.251442072274955 ], [ -111.638960130156903, 40.25137678418514 ] ] ] } },
{ "type": "Feature", "properties": { "type": "Feature", "properties": { "height": 6.8387980461120597, "confidence": 0.90710002183914107 }, "id": 669 }, "geometry": { "type": "Polygon", "coordinates": [ [ [ -111.639328007301714, 40.26202022468523 ], [ -111.639255801122559, 40.26212113120463 ], [ -111.6395153603886, 40.262229286985395 ], [ -111.639587559438453, 40.262128377656602 ], [ -111.639328007301714, 40.26202022468523 ] ] ] } },
{ "type": "Feature", "properties": { "type": "Feature", "properties": { "height": 6.5188727378845215, "confidence": 0.95389997959136907 }, "id": 670 }, "geometry": { "type": "Polygon", "coordinates": [ [ [ -111.639948214366939, 40.261867128595703 ], [ -111.639689903519155, 40.261744813518028 ], [ -111.639614198396416, 40.261837913616745 ], [ -111.639872503079374, 40.261960225606963 ], [ -111.639948214366939, 40.261867128595703 ] ] ] } },
{ "type": "Feature", "properties": { "type": "Feature", "properties": { "height": 6.0377497673034668, "confidence": 0.97409999370574907 }, "id": 671 }, "geometry": { "type": "Polygon", "coordinates": [ [ [ -111.633406772564044, 40.264256141627698 ], [ -111.633189743996937, 40.264261542907768 ], [ -111.633195445595263, 40.264395227076136 ], [ -111.63322759804872, 40.264394428603431 ], [ -111.633229918720176, 40.2644488408204 ], [ -111.633162934594537, 40.264450507877456 ], [ -111.633165845745339, 40.264518764856604 ], [ -111.633185718010949, 40.264518271350482 ], [ -111.633188131149979, 40.264574730111349 ], [ -111.633232558517321, 40.264573624434156 ], [ -111.633235382626992, 40.264639840462927 ], [ -111.633422938605577, 40.264635182722181 ], [ -111.633406772564044, 40.264256141627698 ] ] ] } },
{ "type": "Feature", "properties": { "type": "Feature", "properties": { "height": 5.2068324089050293, "confidence": 0.99720001220703103 }, "id": 672 }, "geometry": { "type": "Polygon", "coordinates": [ [ [ -111.635017456350155, 40.261801634063161 ], [ -111.635009204241712, 40.261601246038985 ], [ -111.634861828283903, 40.261604780180278 ], [ -111.634870080392332, 40.26180516819398 ], [ -111.635017456350155, 40.261801634063161 ] ] ] } },
{ "type": "Feature", "properties": { "type": "Feature", "properties": { "height": 6.527350902557373, "confidence": 0.98559999465942305 }, "id": 673 }, "geometry": { "type": "Polygon", "coordinates": [ [ [ -111.637477381750685, 40.260053465206582 ], [ -111.637536339537121, 40.260052391423827 ], [ -111.637792378050534, 40.260161339770711 ], [ -111.637818229172439, 40.260160870332435 ], [ -111.637852111839834, 40.260114493561524 ], [ -111.637850740382845, 40.260070512391707 ], [ -111.637757095855548, 40.260030670165591 ], [ -111.637756544708338, 40.260013047273539 ], [ -111.637681657843729, 40.259981181702884 ], [ -111.637680687574004, 40.259950066124034 ], [ -111.637603229200337, 40.259917106303782 ], [ -111.637564346826068, 40.259917812383023 ], [ -111.637564331415106, 40.259917318168171 ], [ -111.637532139348281, 40.259961381065224 ], [ -111.637474542925418, 40.259962426978994 ], [ -111.637477381750685, 40.260053465206582 ] ] ] } },
{ "type": "Feature", "properties": { "type": "Feature", "properties": { "height": 3.9810554981231689, "confidence": 0.99930000305175704 }, "id": 674 }, "geometry": { "type": "Polygon", "coordinates": [ [ [ -111.637864654515283, 40.253493234558718 ], [ -111.637938716156029, 40.25358218761825 ], [ -111.638003680616606, 40.253550682844697 ], [ -111.637929618975861, 40.253461729743741 ], [ -111.637864654515283, 40.253493234558718 ] ] ] } },
{ "type": "Feature", "properties": { "type": "Feature", "properties": { "height": 4.6085257530212402, "confidence": 0.98299998044967607 }, "id": 675 }, "geometry": { "type": "Polygon", "coordinates": [ [ [ -111.63320187518633, 40.260762485199777 ], [ -111.633086042036766, 40.260769061512093 ], [ -111.63307663001703, 40.260672611858084 ], [ -111.632947067740247, 40.260679974557569 ], [ -111.632955874933472, 40.26077031115036 ], [ -111.633008090631321, 40.26076734665596 ], [ -111.633020406215593, 40.260893550377297 ], [ -111.633290939791749, 40.260878191128747 ], [ -111.633289153716603, 40.260859871149293 ], [ -111.633350504940225, 40.260856387999105 ], [ -111.633343283317572, 40.260782314925173 ], [ -111.633383294777957, 40.260780041177682 ], [ -111.633375356707333, 40.260698619312336 ], [ -111.633330010385578, 40.260701196229249 ], [ -111.633327033609092, 40.260670663005648 ], [ -111.63319366207449, 40.260678242175906 ], [ -111.63320187518633, 40.260762485199777 ] ] ] } },
{ "type": "Feature", "properties": { "type": "Feature", "properties": { "height": 4.3707914352416992, "confidence": 0.99629998207092207 }, "id": 676 }, "geometry": { "type": "Polygon", "coordinates": [ [ [ -111.634076523161085, 40.26340491521335 ], [ -111.634071109313354, 40.263293333516117 ], [ -111.633977360264453, 40.263295977147273 ], [ -111.633976666070055, 40.263281669493828 ], [ -111.633860485309242, 40.263284945677775 ], [ -111.633866582362941, 40.263410846540197 ], [ -111.634076523161085, 40.26340491521335 ] ] ] } },
{ "type": "Feature", "properties": { "type": "Feature", "properties": { "height": 5.0126810073852539, "confidence": 0.99699997901916504 }, "id": 677 }, "geometry": { "type": "Polygon", "coordinates": [ [ [ -111.635604339002924, 40.254386730835087 ], [ -111.635488227480693, 40.25440609971411 ], [ -111.635493261731824, 40.254423683076404 ], [ -111.635436942906239, 40.254433077768525 ], [ -111.635457079910736, 40.254503411162247 ], [ -111.635519441856104, 40.254493008412091 ], [ -111.635557490048015, 40.254625858259345 ], [ -111.635675245873102, 40.254606215153451 ], [ -111.635656781309393, 40.254541743917919 ], [ -111.6356737734435, 40.2545389094198 ], [ -111.635644378825305, 40.25443624158423 ], [ -111.635619697617074, 40.254440357402849 ], [ -111.635604339002924, 40.254386730835087 ] ] ] } },
{ "type": "Feature", "properties": { "type": "Feature", "properties": { "height": 5.2601404190063477, "confidence": 0.94779998064041104 }, "id": 678 }, "geometry": { "type": "Polygon", "coordinates": [ [ [ -111.637621744188934, 40.259226928274707 ], [ -111.6376952176565, 40.259431609553125 ], [ -111.637620368168399, 40.259447256675209 ], [ -111.637641555616568, 40.259506280220307 ], [ -111.63785362916623, 40.259461946737012 ], [ -111.637830728460827, 40.259398150392109 ], [ -111.637805779076402, 40.259403367341974 ], [ -111.637734016418833, 40.259203451935868 ], [ -111.637621744188934, 40.259226928274707 ] ] ] } },
{ "type": "Feature", "properties": { "type": "Feature", "properties": { "height": 4.7000241279602051, "confidence": 0.96859997510910012 }, "id": 679 }, "geometry": { "type": "Polygon", "coordinates": [ [ [ -111.637893023374275, 40.262005290196122 ], [ -111.637860381061344, 40.261879217315041 ], [ -111.637674517604751, 40.261907240271455 ], [ -111.637698489303318, 40.261999825028056 ], [ -111.637744955167449, 40.261992819299628 ], [ -111.637753625781841, 40.262026307375329 ], [ -111.637893023374275, 40.262005290196122 ] ] ] } },
{ "type": "Feature", "properties": { "type": "Feature", "properties": { "height": 3.9797048568725581, "confidence": 0.97140002250671309 }, "id": 680 }, "geometry": { "type": "Polygon", "coordinates": [ [ [ -111.639099402893166, 40.251821749365604 ], [ -111.639127508696021, 40.251869414569931 ], [ -111.63923135183181, 40.251833747923058 ], [ -111.639203242394174, 40.251786083942044 ], [ -111.639099402893166, 40.251821749365604 ] ] ] } },
{ "type": "Feature", "properties": { "type": "Feature", "properties": { "height": 7.7785234451293936, "confidence": 0.94529998302459706 }, "id": 681 }, "geometry": { "type": "Polygon", "coordinates": [ [ [ -111.639549987043736, 40.260373731170503 ], [ -111.639825114176503, 40.260469685618908 ], [ -111.639886970387209, 40.260366401976142 ], [ -111.639611843254457, 40.260270447381231 ], [ -111.639549987043736, 40.260373731170503 ] ] ] } },
{ "type": "Feature", "properties": { "type": "Feature", "properties": { "height": 6.5683050155639648, "confidence": 0.99000000953674305 }, "id": 682 }, "geometry": { "type": "Polygon", "coordinates": [ [ [ -111.63058281478834, 40.251163484259415 ], [ -111.630357415574835, 40.251205299536203 ], [ -111.630381423815649, 40.251280682959994 ], [ -111.630502987436415, 40.251258130928925 ], [ -111.63054176997926, 40.251379904015174 ], [ -111.630645605571999, 40.251360640850677 ], [ -111.63058281478834, 40.251163484259415 ] ] ] } },
{ "type": "Feature", "properties": { "type": "Feature", "properties": { "height": 6.3821043968200684, "confidence": 0.99089998006820612 }, "id": 683 }, "geometry": { "type": "Polygon", "coordinates": [ [ [ -111.63145566980144, 40.261948139697893 ], [ -111.631454725575139, 40.261913359177001 ], [ -111.63149865654924, 40.261912667024504 ], [ -111.631496386987735, 40.261828784396194 ], [ -111.63135697154982, 40.261830980952553 ], [ -111.631357469746263, 40.261849394220739 ], [ -111.631236821771139, 40.261851295086267 ], [ -111.631239278355707, 40.261942090022657 ], [ -111.631287537476055, 40.261941327101141 ], [ -111.631288291560367, 40.26196919790172 ], [ -111.631355318213238, 40.261968141867179 ], [ -111.631354820016796, 40.261949728631308 ], [ -111.63145566980144, 40.261948139697893 ] ] ] } },
{ "type": "Feature", "properties": { "type": "Feature", "properties": { "height": 5.7988429069519043, "confidence": 0.98830002546310403 }, "id": 684 }, "geometry": { "type": "Polygon", "coordinates": [ [ [ -111.632154919033397, 40.252650865218875 ], [ -111.632104481119868, 40.252496715040969 ], [ -111.631977184320618, 40.252520983004231 ], [ -111.632027635540126, 40.252675130590198 ], [ -111.632154919033397, 40.252650865218875 ] ] ] } },
{ "type": "Feature", "properties": { "type": "Feature", "properties": { "height": 5.6055684089660645, "confidence": 0.99830001592636108 }, "id": 685 }, "geometry": { "type": "Polygon", "coordinates": [ [ [ -111.635787222836584, 40.251282770729141 ], [ -111.635704561407778, 40.25121247425556 ], [ -111.635555319077298, 40.251314707659112 ], [ -111.635637984076354, 40.251385001580829 ], [ -111.635787222836584, 40.251282770729141 ] ] ] } },
{ "type": "Feature", "properties": { "type": "Feature", "properties": { "height": 3.9333522319793701, "confidence": 0.93440002202987604 }, "id": 686 }, "geometry": { "type": "Polygon", "coordinates": [ [ [ -111.638131997795568, 40.254423947583497 ], [ -111.638228016640454, 40.254547170179222 ], [ -111.638417523085536, 40.254461160744214 ], [ -111.638363323415845, 40.254391597150494 ], [ -111.638403660073976, 40.254373289913424 ], [ -111.638345920623152, 40.2542991917433 ], [ -111.638201275014865, 40.254364840796491 ], [ -111.638217202623039, 40.254385280996857 ], [ -111.638131997795568, 40.254423947583497 ] ] ] } },
{ "type": "Feature", "properties": { "type": "Feature", "properties": { "height": 4.1692953109741211, "confidence": 0.98489999771118109 }, "id": 687 }, "geometry": { "type": "Polygon", "coordinates": [ [ [ -111.631560684165265, 40.259012757097054 ], [ -111.631596661991438, 40.259234513828467 ], [ -111.631741956276514, 40.259220785978002 ], [ -111.631705978450327, 40.25899902920159 ], [ -111.631560684165265, 40.259012757097054 ] ] ] } },
{ "type": "Feature", "properties": { "type": "Feature", "properties": { "height": 4.804110050201416, "confidence": 0.98519998788833607 }, "id": 688 }, "geometry": { "type": "Polygon", "coordinates": [ [ [ -111.631878809329791, 40.255325172308602 ], [ -111.631506208421399, 40.255332177786592 ], [ -111.631509576409172, 40.255436510756375 ], [ -111.631722395232714, 40.255432509436957 ], [ -111.631727229765232, 40.255581848257428 ], [ -111.631886998162827, 40.25557884437363 ], [ -111.631878809329791, 40.255325172308602 ] ] ] } },
{ "type": "Feature", "properties": { "type": "Feature", "properties": { "height": 5.597928524017334, "confidence": 0.97589999437332109 }, "id": 689 }, "geometry": { "type": "Polygon", "coordinates": [ [ [ -111.637564305359504, 40.264778908006832 ], [ -111.637443890135145, 40.264822503082009 ], [ -111.637511409175147, 40.26493109397817 ], [ -111.637474189923992, 40.264944568792274 ], [ -111.637518856365816, 40.265016405736546 ], [ -111.637639271590132, 40.264972810786333 ], [ -111.637627324447934, 40.264953596217779 ], [ -111.637675489232166, 40.264936156125238 ], [ -111.637637577465725, 40.264875182643742 ], [ -111.637682302780277, 40.264858990326303 ], [ -111.637640226343365, 40.264791328707126 ], [ -111.637584560764694, 40.264811484821557 ], [ -111.637564305359504, 40.264778908006832 ] ] ] } },
{ "type": "Feature", "properties": { "type": "Feature", "properties": { "height": 4.3218002319335938, "confidence": 0.99210000038146906 }, "id": 690 }, "geometry": { "type": "Polygon", "coordinates": [ [ [ -111.637819394566364, 40.251124442136742 ], [ -111.637761478410525, 40.251059217590047 ], [ -111.637719202193978, 40.251081082098686 ], [ -111.637672485938353, 40.251028470729374 ], [ -111.637579609014722, 40.251076509999052 ], [ -111.637603274505537, 40.251103164571674 ], [ -111.637571166613469, 40.251119771908364 ], [ -111.637637185549579, 40.251194121646833 ], [ -111.637689507829407, 40.25116705874192 ], [ -111.637716909976646, 40.251197921889023 ], [ -111.637780385943827, 40.251165089909094 ], [ -111.637767929540786, 40.251151061656778 ], [ -111.637819394566364, 40.251124442136742 ] ] ] } },
{ "type": "Feature", "properties": { "type": "Feature", "properties": { "height": 4.5146808624267578, "confidence": 0.98619997501373202 }, "id": 691 }, "geometry": { "type": "Polygon", "coordinates": [ [ [ -111.637281666610974, 40.248909531018541 ], [ -111.63723364431624, 40.248847126949208 ], [ -111.63718868541487, 40.248867283937457 ], [ -111.637135973348762, 40.24879879371391 ], [ -111.636982425948034, 40.248867635570697 ], [ -111.637033966634888, 40.248934603721914 ], [ -111.637054990750116, 40.248925177726726 ], [ -111.637104184320336, 40.248989103772097 ], [ -111.637281666610974, 40.248909531018541 ] ] ] } },
{ "type": "Feature", "properties": { "type": "Feature", "properties": { "height": 3.2385294437408438, "confidence": 0.97269999980926503 }, "id": 692 }, "geometry": { "type": "Polygon", "coordinates": [ [ [ -111.637479481147622, 40.254774214264685 ], [ -111.63751479508322, 40.254819634586234 ], [ -111.637483053917109, 40.254834006661461 ], [ -111.63752484356084, 40.254887755903177 ], [ -111.637558567513963, 40.254872484252985 ], [ -111.637581521121362, 40.254902006842826 ], [ -111.637674020444294, 40.254860124129443 ], [ -111.637573973022626, 40.254731429263742 ], [ -111.637479481147622, 40.254774214264685 ] ] ] } },
{ "type": "Feature", "properties": { "type": "Feature", "properties": { "height": 2.8220338821411133, "confidence": 0.98940002918243408 }, "id": 693 }, "geometry": { "type": "Polygon", "coordinates": [ [ [ -111.638266338457143, 40.255353452152853 ], [ -111.638215798084275, 40.255296754343028 ], [ -111.638184627594683, 40.255312939090217 ], [ -111.638235166952981, 40.255369635748295 ], [ -111.638266338457143, 40.255353452152853 ] ] ] } },
{ "type": "Feature", "properties": { "type": "Feature", "properties": { "height": 7.6287298202514648, "confidence": 0.97369998693466109 }, "id": 694 }, "geometry": { "type": "Polygon", "coordinates": [ [ [ -111.64182825887849, 40.260109908836739 ], [ -111.641708548002441, 40.26016073255726 ], [ -111.641865119839451, 40.260375470554003 ], [ -111.641984812116945, 40.260324648498163 ], [ -111.64182825887849, 40.260109908836739 ] ] ] } },
{ "type": "Feature", "properties": { "type": "Feature", "properties": { "height": 0.82867133617401112, "confidence": 0.9979000091552731 }, "id": 695 }, "geometry": { "type": "Polygon", "coordinates": [ [ [ -111.629555561316437, 40.255319383990226 ], [ -111.629430142215213, 40.255330491058324 ], [ -111.629439526400844, 40.255392245465309 ], [ -111.629564952095308, 40.255381144522886 ], [ -111.629555561316437, 40.255319383990226 ] ] ] } },
{ "type": "Feature", "properties": { "type": "Feature", "properties": { "height": 5.9636650085449219, "confidence": 0.97619998455047607 }, "id": 696 }, "geometry": { "type": "Polygon", "coordinates": [ [ [ -111.632632033575391, 40.253661160232951 ], [ -111.632798317189071, 40.253662297130475 ], [ -111.632799254235067, 40.253582468999014 ], [ -111.632839484141584, 40.253582744055187 ], [ -111.632840180919359, 40.253523384614574 ], [ -111.632794587025288, 40.253523072883972 ], [ -111.632795788366266, 40.253420728898085 ], [ -111.632634868740126, 40.253419628670763 ], [ -111.632632033575391, 40.253661160232951 ] ] ] } },
{ "type": "Feature", "properties": { "type": "Feature", "properties": { "height": 4.3596992492675781, "confidence": 0.97229999303817705 }, "id": 697 }, "geometry": { "type": "Polygon", "coordinates": [ [ [ -111.633763370820034, 40.262158564321211 ], [ -111.633768107230779, 40.262240275647422 ], [ -111.633987618884149, 40.262232866273386 ], [ -111.633973646472484, 40.2619918175508 ], [ -111.633941522815903, 40.261992901853361 ], [ -111.633944009431545, 40.262035800416967 ], [ -111.63390385486079, 40.262037155794268 ], [ -111.633902197117024, 40.262008556755461 ], [ -111.633805826147238, 40.262011809662255 ], [ -111.633809970506661, 40.262083307233191 ], [ -111.633842094163242, 40.262082222932086 ], [ -111.633846356932892, 40.262155763213102 ], [ -111.633763370820034, 40.262158564321211 ] ] ] } },
{ "type": "Feature", "properties": { "type": "Feature", "properties": { "height": 5.2971677780151367, "confidence": 0.9824000000953671 }, "id": 698 }, "geometry": { "type": "Polygon", "coordinates": [ [ [ -111.634685506586152, 40.250884099204633 ], [ -111.634770039097404, 40.250905917978933 ], [ -111.634783651940694, 40.250938950227486 ], [ -111.634682427919472, 40.250963255056803 ], [ -111.634715444517752, 40.251043353573003 ], [ -111.63498635673723, 40.250978305085859 ], [ -111.634946429688142, 40.250881441658848 ], [ -111.634964676752375, 40.250877060364303 ], [ -111.634938575889777, 40.250813725237087 ], [ -111.634933295147164, 40.250814993195092 ], [ -111.634738415904337, 40.250764692633084 ], [ -111.634685506586152, 40.250884099204633 ] ] ] } },
{ "type": "Feature", "properties": { "type": "Feature", "properties": { "height": 5.9264559745788574, "confidence": 0.94999998807907104 }, "id": 699 }, "geometry": { "type": "Polygon", "coordinates": [ [ [ -111.636976380784859, 40.256629469015451 ], [ -111.636909305357193, 40.256459615044562 ], [ -111.636791279057292, 40.25648676047124 ], [ -111.636858356767092, 40.256656620153052 ], [ -111.636976380784859, 40.256629469015451 ] ] ] } },
{ "type": "Feature", "properties": { "type": "Feature", "properties": { "height": 7.0142498016357422, "confidence": 0.99430000782012906 }, "id": 700 }, "geometry": { "type": "Polygon", "coordinates": [ [ [ -111.638288045596383, 40.257137452478538 ], [ -111.638267642720791, 40.257144069502608 ], [ -111.63815867606678, 40.257209121136036 ], [ -111.638159927554995, 40.257208715322882 ], [ -111.638221259893172, 40.25726854905534 ], [ -111.638219523208036, 40.257265429860539 ], [ -111.638348706380398, 40.257391467656596 ], [ -111.638359996707948, 40.257411745748534 ], [ -111.638428747396532, 40.257478816365214 ], [ -111.638536955219834, 40.257414223780849 ], [ -111.638528941006498, 40.257399832154334 ], [ -111.638470209878065, 40.257342531058718 ], [ -111.638455987385285, 40.257316990805492 ], [ -111.638353301113426, 40.257216813630869 ], [ -111.638363285243074, 40.257210853775717 ], [ -111.638288045596383, 40.257137452478538 ] ] ] } },
{ "type": "Feature", "properties": { "type": "Feature", "properties": { "height": 5.5076518058776847, "confidence": 0.9868000149726861 }, "id": 701 }, "geometry": { "type": "Polygon", "coordinates": [ [ [ -111.638973362171527, 40.258338190298694 ], [ -111.638729547977562, 40.258143215161112 ], [ -111.638799013008523, 40.258092626326651 ], [ -111.638645581034666, 40.257969937329534 ], [ -111.638411163548199, 40.258140667666353 ], [ -111.638717311970083, 40.258385472665154 ], [ -111.638762231861079, 40.258352759277408 ], [ -111.638853330770758, 40.258425604424758 ], [ -111.638973362171527, 40.258338190298694 ] ] ] } },
{ "type": "Feature", "properties": { "type": "Feature", "properties": { "height": 4.3465690612792969, "confidence": 0.98350000381469704 }, "id": 702 }, "geometry": { "type": "Polygon", "coordinates": [ [ [ -111.637678267131079, 40.252849630726864 ], [ -111.637605345537636, 40.252771641149536 ], [ -111.637458559625927, 40.252851576513862 ], [ -111.637531481337646, 40.252929573775297 ], [ -111.637678267131079, 40.252849630726864 ] ] ] } },
{ "type": "Feature", "properties": { "type": "Feature", "properties": { "height": 7.2500824928283691, "confidence": 0.9623000025749201 }, "id": 703 }, "geometry": { "type": "Polygon", "coordinates": [ [ [ -111.638064302635087, 40.257769891374132 ], [ -111.638334433621424, 40.258040862119081 ], [ -111.638450843452702, 40.257973276668579 ], [ -111.638180728207502, 40.257702296513877 ], [ -111.638064302635087, 40.257769891374132 ] ] ] } },
{ "type": "Feature", "properties": { "type": "Feature", "properties": { "height": 6.5579652786254883, "confidence": 0.99199998378753607 }, "id": 704 }, "geometry": { "type": "Polygon", "coordinates": [ [ [ -111.633241603145365, 40.258587474086767 ], [ -111.633222178887976, 40.258458172424405 ], [ -111.63318642906016, 40.258461300080228 ], [ -111.633172342493168, 40.258367586940473 ], [ -111.633041314708734, 40.258379057220196 ], [ -111.633060247819245, 40.25850508961048 ], [ -111.633025831426707, 40.258508100605574 ], [ -111.633035847059418, 40.258574771756891 ], [ -111.633116593115517, 40.258567707514302 ], [ -111.633121148419107, 40.258598012324519 ], [ -111.633241603145365, 40.258587474086767 ] ] ] } },
{ "type": "Feature", "properties": { "type": "Feature", "properties": { "height": 4.2151999473571777, "confidence": 0.98780000209808305 }, "id": 705 }, "geometry": { "type": "Polygon", "coordinates": [ [ [ -111.639598851613115, 40.254874358142267 ], [ -111.639589719043158, 40.255012286119438 ], [ -111.639798397752529, 40.25502034490583 ], [ -111.639801852996797, 40.254968160855 ], [ -111.639780449976755, 40.25496733545252 ], [ -111.63978612803858, 40.254881580423593 ], [ -111.639598851613115, 40.254874358142267 ] ] ] } },
{ "type": "Feature", "properties": { "type": "Feature", "properties": { "height": 6.132573127746582, "confidence": 0.99260002374649003 }, "id": 706 }, "geometry": { "type": "Polygon", "coordinates": [ [ [ -111.630405252645119, 40.259804112175779 ], [ -111.630519062576738, 40.259801948198778 ], [ -111.630513318766333, 40.259626027867704 ], [ -111.630388770549487, 40.259628396028141 ], [ -111.630389775189258, 40.259659079785195 ], [ -111.63036028924661, 40.259659640430797 ], [ -111.630363705021836, 40.25976396509985 ], [ -111.63040391312542, 40.25976320058431 ], [ -111.630405252645119, 40.259804112175779 ] ] ] } },
{ "type": "Feature", "properties": { "type": "Feature", "properties": { "height": 3.7802526950836182, "confidence": 0.9713000059127801 }, "id": 707 }, "geometry": { "type": "Polygon", "coordinates": [ [ [ -111.63800064995516, 40.263452734845792 ], [ -111.637895033875679, 40.263431932128228 ], [ -111.637857387062724, 40.263543227989622 ], [ -111.637789491011645, 40.263529854832655 ], [ -111.637768720356235, 40.263591259379595 ], [ -111.637942232486779, 40.263625435188921 ], [ -111.63800064995516, 40.263452734845792 ] ] ] } },
{ "type": "Feature", "properties": { "type": "Feature", "properties": { "height": 5.2914462089538574, "confidence": 0.96579998731613104 }, "id": 708 }, "geometry": { "type": "Polygon", "coordinates": [ [ [ -111.636062890266572, 40.253975247464609 ], [ -111.636053068279068, 40.253912687198564 ], [ -111.636040831895485, 40.253913805511573 ], [ -111.636027215693773, 40.253827027557037 ], [ -111.635854345516577, 40.253842826603403 ], [ -111.635877791551252, 40.253992164071057 ], [ -111.636062890266572, 40.253975247464609 ] ] ] } },
{ "type": "Feature", "properties": { "type": "Feature", "properties": { "height": 5.2246212959289551, "confidence": 0.97479999065399103 }, "id": 709 }, "geometry": { "type": "Polygon", "coordinates": [ [ [ -111.639858588099614, 40.253674433539921 ], [ -111.63978699913082, 40.253575705756973 ], [ -111.639722558272794, 40.25360292245383 ], [ -111.639737332029881, 40.253623294253032 ], [ -111.639627235792418, 40.253669793531259 ], [ -111.639684052434333, 40.253748148817429 ], [ -111.639858588099614, 40.253674433539921 ] ] ] } },
{ "type": "Feature", "properties": { "type": "Feature", "properties": { "height": 4.933927059173584, "confidence": 0.95990002155303911 }, "id": 710 }, "geometry": { "type": "Polygon", "coordinates": [ [ [ -111.64004928006878, 40.253551506456851 ], [ -111.64009243337884, 40.25361398186336 ], [ -111.640135217802111, 40.253596771081916 ], [ -111.640038962727886, 40.253457398729267 ], [ -111.639847949005969, 40.253534237459149 ], [ -111.639901055253802, 40.25361113249847 ], [ -111.64004928006878, 40.253551506456851 ] ] ] } },
{ "type": "Feature", "properties": { "type": "Feature", "properties": { "height": 7.6705670356750488, "confidence": 0.95870000123977606 }, "id": 711 }, "geometry": { "type": "Polygon", "coordinates": [ [ [ -111.631391275568689, 40.252595294239882 ], [ -111.63143769759823, 40.252723417596563 ], [ -111.631580755402567, 40.252693225963704 ], [ -111.631496715528229, 40.252461219523781 ], [ -111.631291345982916, 40.25250456188175 ], [ -111.631328982472368, 40.252608437579013 ], [ -111.631391275568689, 40.252595294239882 ] ] ] } },
{ "type": "Feature", "properties": { "type": "Feature", "properties": { "height": 5.7773017883300781, "confidence": 0.89359998703002907 }, "id": 712 }, "geometry": { "type": "Polygon", "coordinates": [ [ [ -111.63202979267615, 40.261941578622569 ], [ -111.631955097739876, 40.262122116940091 ], [ -111.632051141346125, 40.262145261294407 ], [ -111.632072707117359, 40.262093148255566 ], [ -111.632143437712259, 40.262110192750143 ], [ -111.632201973377008, 40.261968742906532 ], [ -111.632082463061494, 40.261939943525398 ], [ -111.632077071618681, 40.261952971818395 ], [ -111.63202979267615, 40.261941578622569 ] ] ] } },
{ "type": "Feature", "properties": { "type": "Feature", "properties": { "height": 4.7638683319091797, "confidence": 0.96939998865127508 }, "id": 713 }, "geometry": { "type": "Polygon", "coordinates": [ [ [ -111.636413384954736, 40.253716572601171 ], [ -111.6362685523968, 40.253761705583003 ], [ -111.636299529055776, 40.253819604721784 ], [ -111.636232860100534, 40.253840380193452 ], [ -111.63628354917887, 40.253935124102803 ], [ -111.636495050692048, 40.253869215780178 ], [ -111.636413384954736, 40.253716572601171 ] ] ] } },
{ "type": "Feature", "properties": { "type": "Feature", "properties": { "height": 2.7289094924926762, "confidence": 0.96350002288818304 }, "id": 714 }, "geometry": { "type": "Polygon", "coordinates": [ [ [ -111.634928547882765, 40.261941767379817 ], [ -111.634927318361747, 40.261892662448382 ], [ -111.63471013900876, 40.261895840625925 ], [ -111.634711368529807, 40.261944945555051 ], [ -111.634928547882765, 40.261941767379817 ] ] ] } },
{ "type": "Feature", "properties": { "type": "Feature", "properties": { "height": 6.6384930610656738, "confidence": 0.95950001478195113 }, "id": 715 }, "geometry": { "type": "Polygon", "coordinates": [ [ [ -111.635597641974812, 40.249289892343739 ], [ -111.635528624339187, 40.249129035188325 ], [ -111.635377303936423, 40.249166848835713 ], [ -111.635446308249641, 40.249327709230393 ], [ -111.635597641974812, 40.249289892343739 ] ] ] } },
{ "type": "Feature", "properties": { "type": "Feature", "properties": { "height": 7.6980328559875488, "confidence": 0.9243000149726861 }, "id": 716 }, "geometry": { "type": "Polygon", "coordinates": [ [ [ -111.640237540516324, 40.255695163805733 ], [ -111.640128716126256, 40.255753511284382 ], [ -111.640647257842403, 40.256316793524178 ], [ -111.640756047644572, 40.256258465075817 ], [ -111.640237540516324, 40.255695163805733 ] ] ] } },
{ "type": "Feature", "properties": { "type": "Feature", "properties": { "height": 4.0475025177001953, "confidence": 0.98720002174377408 }, "id": 717 }, "geometry": { "type": "Polygon", "coordinates": [ [ [ -111.63959952026363, 40.255076792025861 ], [ -111.639629127598539, 40.255251965812768 ], [ -111.639792702948995, 40.255235863252302 ], [ -111.639763095614086, 40.255060689423715 ], [ -111.63959952026363, 40.255076792025861 ] ] ] } },
{ "type": "Feature", "properties": { "type": "Feature", "properties": { "height": 6.1042442321777344, "confidence": 0.98589998483657804 }, "id": 718 }, "geometry": { "type": "Polygon", "coordinates": [ [ [ -111.641035322211337, 40.260159678466032 ], [ -111.641288166844078, 40.260221676943537 ], [ -111.641332694630577, 40.260115925371949 ], [ -111.641079849997837, 40.260053926797525 ], [ -111.641035322211337, 40.260159678466032 ] ] ] } },
{ "type": "Feature", "properties": { "type": "Feature", "properties": { "height": 4.9411225318908691, "confidence": 0.96929997205734209 }, "id": 719 }, "geometry": { "type": "Polygon", "coordinates": [ [ [ -111.632114195497891, 40.258763629066436 ], [ -111.632114660113785, 40.258917144366713 ], [ -111.632093202556149, 40.258917182186792 ], [ -111.632093605223247, 40.259050228498538 ], [ -111.632206257400924, 40.259050029943531 ], [ -111.632206139698241, 40.259011139510108 ], [ -111.632281241150039, 40.259011007140025 ], [ -111.632280937600967, 40.258910710655769 ], [ -111.632243386875089, 40.258910776840899 ], [ -111.632242940843838, 40.258763402145462 ], [ -111.632114195497891, 40.258763629066436 ] ] ] } },
{ "type": "Feature", "properties": { "type": "Feature", "properties": { "height": 5.9157896041870117, "confidence": 0.96770000457763605 }, "id": 720 }, "geometry": { "type": "Polygon", "coordinates": [ [ [ -111.637216883315247, 40.255912404421572 ], [ -111.637263198069959, 40.255895970881546 ], [ -111.637204750327641, 40.255800032091294 ], [ -111.637026107702283, 40.255863418670735 ], [ -111.637098385625464, 40.255982058819633 ], [ -111.637118235337184, 40.255975016753432 ], [ -111.637148496781691, 40.256024689157329 ], [ -111.637260975471733, 40.255984779190833 ], [ -111.637216883315247, 40.255912404421572 ] ] ] } },
{ "type": "Feature", "properties": { "type": "Feature", "properties": { "height": 6.003387451171875, "confidence": 0.95649999380111606 }, "id": 721 }, "geometry": { "type": "Polygon", "coordinates": [ [ [ -111.637422406110517, 40.259459289518567 ], [ -111.637391945124705, 40.259386929432964 ], [ -111.6374235519922, 40.259379180902968 ], [ -111.637368097376964, 40.259247448225622 ], [ -111.637303725726312, 40.259263229182316 ], [ -111.637294351264387, 40.259240964938058 ], [ -111.637197101346359, 40.259264806128797 ], [ -111.637211163039282, 40.259298202480636 ], [ -111.63711506614743, 40.259321760982694 ], [ -111.63716310913766, 40.259435887202415 ], [ -111.637237332772457, 40.259417687075882 ], [ -111.637270527144452, 40.2594965231063 ], [ -111.637422406110517, 40.259459289518567 ] ] ] } },
{ "type": "Feature", "properties": { "type": "Feature", "properties": { "height": 6.717498779296875, "confidence": 0.92960000038146906 }, "id": 722 }, "geometry": { "type": "Polygon", "coordinates": [ [ [ -111.632015957492399, 40.253990077112341 ], [ -111.632017830110584, 40.254166109815763 ], [ -111.632109995194625, 40.254165543676947 ], [ -111.632110297411629, 40.254194200136602 ], [ -111.632209532716573, 40.254193590568079 ], [ -111.632207374023565, 40.253988901302534 ], [ -111.632015957492399, 40.253990077112341 ] ] ] } },
{ "type": "Feature", "properties": { "type": "Feature", "properties": { "height": 4.4887528419494629, "confidence": 0.99390000104904108 }, "id": 723 }, "geometry": { "type": "Polygon", "coordinates": [ [ [ -111.636815982315497, 40.250251610771862 ], [ -111.63687389882864, 40.250323783173442 ], [ -111.636930464038031, 40.25029734140567 ], [ -111.636956746153842, 40.250330092733108 ], [ -111.636978201922943, 40.250320063099203 ], [ -111.637002094755474, 40.250349837023919 ], [ -111.637090851898421, 40.250308346942937 ], [ -111.63698274625591, 40.250173646883766 ], [ -111.636815982315497, 40.250251610771862 ] ] ] } },
{ "type": "Feature", "properties": { "type": "Feature", "properties": { "height": 5.4197878837585449, "confidence": 0.9890999794006341 }, "id": 724 }, "geometry": { "type": "Polygon", "coordinates": [ [ [ -111.637262589372753, 40.2533453319475 ], [ -111.637098515860856, 40.253413673590323 ], [ -111.637153207070369, 40.253490152277628 ], [ -111.637226343054408, 40.253459692849837 ], [ -111.637234237867489, 40.253470734153623 ], [ -111.637325174819694, 40.253432861025736 ], [ -111.637262589372753, 40.2533453319475 ] ] ] } },
{ "type": "Feature", "properties": { "type": "Feature", "properties": { "height": 6.9644856452941895, "confidence": 0.98509997129440308 }, "id": 725 }, "geometry": { "type": "Polygon", "coordinates": [ [ [ -111.634809175327632, 40.25395907890141 ], [ -111.634618933537027, 40.253963732954993 ], [ -111.634624540441678, 40.25409751855932 ], [ -111.634605784166851, 40.25409797640792 ], [ -111.634608147615424, 40.25415437025962 ], [ -111.63481714563892, 40.254149257370074 ], [ -111.634809175327632, 40.25395907890141 ] ] ] } },
{ "type": "Feature", "properties": { "type": "Feature", "properties": { "height": 4.7653517723083496, "confidence": 0.98140001296997004 }, "id": 726 }, "geometry": { "type": "Polygon", "coordinates": [ [ [ -111.635033245282017, 40.263349974259462 ], [ -111.634975980052175, 40.263309132708791 ], [ -111.635022811651737, 40.263270896871965 ], [ -111.634934050545468, 40.263207592383935 ], [ -111.634801584021005, 40.263315745224808 ], [ -111.634887481865761, 40.263377007535588 ], [ -111.634898186231396, 40.263368267926417 ], [ -111.634958314722738, 40.263411151516479 ], [ -111.635033245282017, 40.263349974259462 ] ] ] } },
{ "type": "Feature", "properties": { "type": "Feature", "properties": { "height": 3.5546138286590572, "confidence": 0.99720001220703103 }, "id": 727 }, "geometry": { "type": "Polygon", "coordinates": [ [ [ -111.637224228730361, 40.253051146923028 ], [ -111.637179613214528, 40.253000219112636 ], [ -111.637099908586819, 40.253040890531942 ], [ -111.637144524102681, 40.253091818311731 ], [ -111.637224228730361, 40.253051146923028 ] ] ] } },
{ "type": "Feature", "properties": { "type": "Feature", "properties": { "height": 4.7402944564819345, "confidence": 0.98129999637603704 }, "id": 728 }, "geometry": { "type": "Polygon", "coordinates": [ [ [ -111.638527019853385, 40.251603308076483 ], [ -111.638457878950419, 40.251516744506084 ], [ -111.638354236849082, 40.251564964802256 ], [ -111.638423377752048, 40.251651528310987 ], [ -111.638527019853385, 40.251603308076483 ] ] ] } },
{ "type": "Feature", "properties": { "type": "Feature", "properties": { "height": 7.5035171508789062, "confidence": 0.97780001163482611 }, "id": 729 }, "geometry": { "type": "Polygon", "coordinates": [ [ [ -111.641341476566552, 40.260749130279649 ], [ -111.641111701984514, 40.260462612190231 ], [ -111.640984858609102, 40.260521842816686 ], [ -111.641214637143733, 40.260808365583955 ], [ -111.641341476566552, 40.260749130279649 ] ] ] } },
{ "type": "Feature", "properties": { "type": "Feature", "properties": { "height": 6.1285529136657706, "confidence": 0.95260000228881803 }, "id": 730 }, "geometry": { "type": "Polygon", "coordinates": [ [ [ -111.630509406235944, 40.257954395079082 ], [ -111.630500332290055, 40.258175243700705 ], [ -111.630635615050494, 40.25817848078038 ], [ -111.630644668761903, 40.257957631685152 ], [ -111.630509406235944, 40.257954395079082 ] ] ] } },
{ "type": "Feature", "properties": { "type": "Feature", "properties": { "height": 4.2922806739807129, "confidence": 0.99830001592636108 }, "id": 731 }, "geometry": { "type": "Polygon", "coordinates": [ [ [ -111.630935281556035, 40.258532889335775 ], [ -111.631097533184757, 40.258534223902885 ], [ -111.631098929415515, 40.258434720116618 ], [ -111.63115123874735, 40.258435147582894 ], [ -111.631152319288248, 40.258358641693547 ], [ -111.631104045134038, 40.258358244623487 ], [ -111.631105288101907, 40.258270238254525 ], [ -111.630939010459642, 40.258268870566937 ], [ -111.630935281556035, 40.258532889335775 ] ] ] } },
{ "type": "Feature", "properties": { "type": "Feature", "properties": { "height": 5.7747936248779297, "confidence": 0.94539999961853005 }, "id": 732 }, "geometry": { "type": "Polygon", "coordinates": [ [ [ -111.635867898967703, 40.250678204766096 ], [ -111.63572113708895, 40.250734461764523 ], [ -111.635778145896211, 40.250821106730989 ], [ -111.635924914119968, 40.250764847372409 ], [ -111.635867898967703, 40.250678204766096 ] ] ] } },
{ "type": "Feature", "properties": { "type": "Feature", "properties": { "height": 5.462864875793457, "confidence": 0.97659999132156305 }, "id": 733 }, "geometry": { "type": "Polygon", "coordinates": [ [ [ -111.640210358373963, 40.254195867244981 ], [ -111.640084324703096, 40.254194379469702 ], [ -111.640083992885408, 40.254210751727847 ], [ -111.63995259607961, 40.254209200643338 ], [ -111.639950314832944, 40.254321759813436 ], [ -111.640070985368865, 40.254323184276437 ], [ -111.640070985368865, 40.254323184276437 ], [ -111.640121935150702, 40.254323785716366 ], [ -111.640121437424156, 40.254348344055124 ], [ -111.640167024071062, 40.254348882185383 ], [ -111.640167521797622, 40.254324323846802 ], [ -111.640207745309596, 40.254324798667803 ], [ -111.640210358373963, 40.254195867244981 ] ] ] } },
{ "type": "Feature", "properties": { "type": "Feature", "properties": { "height": 6.8034629821777344, "confidence": 0.98409998416900613 }, "id": 734 }, "geometry": { "type": "Polygon", "coordinates": [ [ [ -111.640298663626993, 40.26025123940645 ], [ -111.640168354275986, 40.260308052024129 ], [ -111.64032086798538, 40.260511740921245 ], [ -111.64045116325228, 40.260454934615041 ], [ -111.640298663626993, 40.26025123940645 ] ] ] } },
{ "type": "Feature", "properties": { "type": "Feature", "properties": { "height": 5.1116423606872559, "confidence": 0.98610001802444402 }, "id": 735 }, "geometry": { "type": "Polygon", "coordinates": [ [ [ -111.641963716653763, 40.264867590927565 ], [ -111.642106989808383, 40.264865915217364 ], [ -111.642106014617596, 40.264817587095344 ], [ -111.642233585239012, 40.264816088226453 ], [ -111.642233996258867, 40.264836550402116 ], [ -111.642302182361547, 40.264835749261565 ], [ -111.642302579708343, 40.264855440817129 ], [ -111.64238456015201, 40.264854481980912 ], [ -111.642381066479459, 40.264680553150022 ], [ -111.642296388510545, 40.264681543538806 ], [ -111.642297173014214, 40.264720421744613 ], [ -111.64216463951729, 40.264721971848054 ], [ -111.642164228496995, 40.264701509615783 ], [ -111.642097189021442, 40.264702293705504 ], [ -111.642097764449872, 40.264730940828599 ], [ -111.641961003919775, 40.264732540370922 ], [ -111.641963716653763, 40.264867590927565 ] ] ] } },
{ "type": "Feature", "properties": { "type": "Feature", "properties": { "height": 3.171701192855835, "confidence": 0.99919998645782404 }, "id": 736 }, "geometry": { "type": "Polygon", "coordinates": [ [ [ -111.632057386479602, 40.261453725454501 ], [ -111.631982327130217, 40.261455088453687 ], [ -111.631985197691037, 40.261547142376514 ], [ -111.632060257040422, 40.261545779379183 ], [ -111.632057386479602, 40.261453725454501 ] ] ] } },
{ "type": "Feature", "properties": { "type": "Feature", "properties": { "height": 4.9527974128723145, "confidence": 0.98839998245239202 }, "id": 737 }, "geometry": { "type": "Polygon", "coordinates": [ [ [ -111.635008458402751, 40.262613488437559 ], [ -111.634965653223119, 40.262384822552775 ], [ -111.634893023786347, 40.26239273956952 ], [ -111.634887769534004, 40.26236465746905 ], [ -111.634771139248784, 40.262377370828865 ], [ -111.634795921194879, 40.262509756449894 ], [ -111.634843235494358, 40.262504598934399 ], [ -111.634854124531259, 40.262562768296455 ], [ -111.634817324520569, 40.262566779693991 ], [ -111.634829715493609, 40.262632972351554 ], [ -111.635008458402751, 40.262613488437559 ] ] ] } },
{ "type": "Feature", "properties": { "type": "Feature", "properties": { "height": 5.4859709739685059, "confidence": 0.96549999713897705 }, "id": 738 }, "geometry": { "type": "Polygon", "coordinates": [ [ [ -111.635168944017281, 40.249750453997315 ], [ -111.635121322120398, 40.249656983482645 ], [ -111.635156270672013, 40.249646611087584 ], [ -111.635123654632906, 40.249582593436564 ], [ -111.634895324095666, 40.249650359786344 ], [ -111.634956026168439, 40.24976950358014 ], [ -111.635032912982012, 40.249746684346839 ], [ -111.635052451599208, 40.249785033993732 ], [ -111.635168944017281, 40.249750453997315 ] ] ] } },
{ "type": "Feature", "properties": { "type": "Feature", "properties": { "height": 3.365089893341064, "confidence": 0.93400001525878906 }, "id": 739 }, "geometry": { "type": "Polygon", "coordinates": [ [ [ -111.6385702310277, 40.25248738876639 ], [ -111.638510220210904, 40.25251035633876 ], [ -111.638582229920985, 40.252619950315577 ], [ -111.638642240737781, 40.252596982780382 ], [ -111.6385702310277, 40.25248738876639 ] ] ] } },
{ "type": "Feature", "properties": { "type": "Feature", "properties": { "height": 7.3563523292541504, "confidence": 0.96149998903274503 }, "id": 740 }, "geometry": { "type": "Polygon", "coordinates": [ [ [ -111.640697070632243, 40.256371396307109 ], [ -111.64039622537183, 40.256522894261664 ], [ -111.640462807732661, 40.25659990047842 ], [ -111.640763652993058, 40.256448402696279 ], [ -111.640697070632243, 40.256371396307109 ] ] ] } },
{ "type": "Feature", "properties": { "type": "Feature", "properties": { "height": 7.6343259811401367, "confidence": 0.98509997129440308 }, "id": 741 }, "geometry": { "type": "Polygon", "coordinates": [ [ [ -111.631694571235556, 40.253332754939812 ], [ -111.631688045284989, 40.253216286077134 ], [ -111.631637176337108, 40.253217946270659 ], [ -111.631629734463672, 40.253085130659571 ], [ -111.631455709115727, 40.253090810279858 ], [ -111.631462693027714, 40.253215452619642 ], [ -111.631440213402428, 40.253216186279971 ], [ -111.631447208723841, 40.253340828016469 ], [ -111.631694571235556, 40.253332754939812 ] ] ] } },
{ "type": "Feature", "properties": { "type": "Feature", "properties": { "height": 4.3794560432434082, "confidence": 0.9868000149726861 }, "id": 742 }, "geometry": { "type": "Polygon", "coordinates": [ [ [ -111.631799925104971, 40.254846251908717 ], [ -111.631661600583342, 40.254849731869648 ], [ -111.631661512073705, 40.254847687094028 ], [ -111.631513151950799, 40.254851419529992 ], [ -111.631521365925309, 40.255041583826383 ], [ -111.631660689395019, 40.255038078743901 ], [ -111.631659629527348, 40.255013541444086 ], [ -111.63180699088953, 40.255009834143763 ], [ -111.631799925104971, 40.254846251908717 ] ] ] } },
{ "type": "Feature", "properties": { "type": "Feature", "properties": { "height": 2.5570175647735591, "confidence": 0.99540001153945912 }, "id": 743 }, "geometry": { "type": "Polygon", "coordinates": [ [ [ -111.633835685889608, 40.250020687195494 ], [ -111.633803518738745, 40.250021288598937 ], [ -111.633804743470762, 40.250059339239769 ], [ -111.633836910566359, 40.250058736119406 ], [ -111.633835685889608, 40.250020687195494 ] ] ] } },
{ "type": "Feature", "properties": { "type": "Feature", "properties": { "height": 3.9590015411376949, "confidence": 0.97960001230239813 }, "id": 744 }, "geometry": { "type": "Polygon", "coordinates": [ [ [ -111.637661285024166, 40.254663252541434 ], [ -111.63778291340985, 40.254812121400455 ], [ -111.637855087872225, 40.254777776114082 ], [ -111.637832799448219, 40.254750498940766 ], [ -111.637881079615454, 40.254727521510638 ], [ -111.637905165633924, 40.254756998637987 ], [ -111.637972757868042, 40.254724830236725 ], [ -111.637884843900608, 40.254617238608603 ], [ -111.637767040292587, 40.254673303615782 ], [ -111.637731518389089, 40.254629830881726 ], [ -111.637661285024166, 40.254663252541434 ] ] ] } },
{ "type": "Feature", "properties": { "type": "Feature", "properties": { "height": 5.6669678688049316, "confidence": 0.92150002717971802 }, "id": 745 }, "geometry": { "type": "Polygon", "coordinates": [ [ [ -111.632119247939514, 40.247130497493906 ], [ -111.632253309626947, 40.247128542384139 ], [ -111.63224766233499, 40.246902120308434 ], [ -111.632113600469026, 40.246904068265728 ], [ -111.632119247939514, 40.247130497493906 ] ] ] } },
{ "type": "Feature", "properties": { "type": "Feature", "properties": { "height": 4.852241039276123, "confidence": 0.98320001363754206 }, "id": 746 }, "geometry": { "type": "Polygon", "coordinates": [ [ [ -111.633863417247213, 40.262518421514045 ], [ -111.633891389426708, 40.262332569935232 ], [ -111.633798734315064, 40.262324449407863 ], [ -111.633776843044174, 40.262469898530441 ], [ -111.633739780999534, 40.262466650326203 ], [ -111.633725794909793, 40.262559575995269 ], [ -111.633889926821809, 40.262573960878797 ], [ -111.633897832002987, 40.262521437701373 ], [ -111.633863417247213, 40.262518421514045 ] ] ] } },
{ "type": "Feature", "properties": { "type": "Feature", "properties": { "height": 3.5180723667144771, "confidence": 0.96399998664855913 }, "id": 747 }, "geometry": { "type": "Polygon", "coordinates": [ [ [ -111.639588234774223, 40.255212896177902 ], [ -111.639593471285949, 40.255255508183019 ], [ -111.639625377161991, 40.255253224545605 ], [ -111.639620140650266, 40.255210612539067 ], [ -111.639588234774223, 40.255212896177902 ] ] ] } },
{ "type": "Feature", "properties": { "type": "Feature", "properties": { "height": 5.255927562713623, "confidence": 0.99559998512268011 }, "id": 748 }, "geometry": { "type": "Polygon", "coordinates": [ [ [ -111.631164384891363, 40.255447993785261 ], [ -111.631253812106635, 40.255445290221729 ], [ -111.631255658933668, 40.25548080723064 ], [ -111.631277082867555, 40.255480158398278 ], [ -111.631279739679741, 40.255531252497413 ], [ -111.631365435415248, 40.255528657169869 ], [ -111.631362778603034, 40.255477563068759 ], [ -111.631383146645888, 40.255476946214458 ], [ -111.6313811973382, 40.255439392126803 ], [ -111.631448147502553, 40.255437368089211 ], [ -111.631443307162328, 40.255344117165102 ], [ -111.631159439251263, 40.255352714234533 ], [ -111.631164384891363, 40.255447993785261 ] ] ] } },
{ "type": "Feature", "properties": { "type": "Feature", "properties": { "height": 5.7110185623168936, "confidence": 0.98089998960494995 }, "id": 749 }, "geometry": { "type": "Polygon", "coordinates": [ [ [ -111.632702778512069, 40.248926508448676 ], [ -111.632528916486919, 40.248940513938933 ], [ -111.632551785714682, 40.249105784997248 ], [ -111.632725631481577, 40.249091771564323 ], [ -111.632702778512069, 40.248926508448676 ] ] ] } },
{ "type": "Feature", "properties": { "type": "Feature", "properties": { "height": 5.6121082305908203, "confidence": 0.98619997501373202 }, "id": 750 }, "geometry": { "type": "Polygon", "coordinates": [ [ [ -111.636279626851064, 40.258410143028421 ], [ -111.636246434130356, 40.258512352443319 ], [ -111.636405637789906, 40.258542453862937 ], [ -111.636398454794062, 40.258564572230611 ], [ -111.636497007829902, 40.258583211389244 ], [ -111.636537385157027, 40.258458878727083 ], [ -111.636279626851064, 40.258410143028421 ] ] ] } },
{ "type": "Feature", "properties": { "type": "Feature", "properties": { "height": 6.3207831382751456, "confidence": 0.97219997644424405 }, "id": 751 }, "geometry": { "type": "Polygon", "coordinates": [ [ [ -111.637622735996572, 40.256399034892432 ], [ -111.637422686884989, 40.256328673088966 ], [ -111.637422173067293, 40.25632952391534 ], [ -111.637347887648744, 40.25630340000064 ], [ -111.63731272195335, 40.256361639418841 ], [ -111.637383517467768, 40.256386539800936 ], [ -111.637360069674301, 40.256425372656459 ], [ -111.637563606778272, 40.256496961162888 ], [ -111.637622735996572, 40.256399034892432 ] ] ] } },
{ "type": "Feature", "properties": { "type": "Feature", "properties": { "height": 6.5542607307434082, "confidence": 0.96439999341964711 }, "id": 752 }, "geometry": { "type": "Polygon", "coordinates": [ [ [ -111.636291103415203, 40.261142746712167 ], [ -111.636310820284208, 40.261221753775644 ], [ -111.636437648808652, 40.261203322350582 ], [ -111.636427790374142, 40.261163818819611 ], [ -111.636391553652871, 40.26116908494464 ], [ -111.636352119914847, 40.261011070602422 ], [ -111.636228956158249, 40.261028969494021 ], [ -111.63625852097276, 40.261147481778245 ], [ -111.636291103415203, 40.261142746712167 ] ] ] } },
{ "type": "Feature", "properties": { "type": "Feature", "properties": { "height": 5.0924854278564453, "confidence": 0.90069997310638406 }, "id": 753 }, "geometry": { "type": "Polygon", "coordinates": [ [ [ -111.636500817929488, 40.248954957327804 ], [ -111.636590305824512, 40.249141944313692 ], [ -111.63669789090271, 40.249111944846483 ], [ -111.636608390306947, 40.248924967065619 ], [ -111.636500817929488, 40.248954957327804 ] ] ] } },
{ "type": "Feature", "properties": { "type": "Feature", "properties": { "height": 5.6477251052856436, "confidence": 0.99180001020431507 }, "id": 754 }, "geometry": { "type": "Polygon", "coordinates": [ [ [ -111.637640920431664, 40.257962115948892 ], [ -111.63763386669855, 40.25780673724168 ], [ -111.637482434124905, 40.257810740925599 ], [ -111.637492292077411, 40.258027452697156 ], [ -111.637590124928309, 40.25802486612978 ], [ -111.637587340559989, 40.257963532529075 ], [ -111.637640920431664, 40.257962115948892 ] ] ] } },
{ "type": "Feature", "properties": { "type": "Feature", "properties": { "height": 4.0717720985412598, "confidence": 0.96380001306533802 }, "id": 755 }, "geometry": { "type": "Polygon", "coordinates": [ [ [ -111.637862277343515, 40.252426530773128 ], [ -111.637881839475099, 40.252449637211818 ], [ -111.638004833834756, 40.252388984410615 ], [ -111.6379589973956, 40.252334843170537 ], [ -111.637891680124838, 40.252368036098112 ], [ -111.637869052980278, 40.252341306392871 ], [ -111.637745252061464, 40.252402356979289 ], [ -111.637794157390445, 40.25246012308186 ], [ -111.637862277343515, 40.252426530773128 ] ] ] } },
{ "type": "Feature", "properties": { "type": "Feature", "properties": { "height": 8.6478900909423828, "confidence": 0.92619997262954712 }, "id": 756 }, "geometry": { "type": "Polygon", "coordinates": [ [ [ -111.641480938955752, 40.258100227881727 ], [ -111.640626442777574, 40.25787974174856 ], [ -111.640584122285262, 40.257975261036577 ], [ -111.64143861846344, 40.258195746858483 ], [ -111.641480938955752, 40.258100227881727 ] ] ] } },
{ "type": "Feature", "properties": { "type": "Feature", "properties": { "height": 7.1117682456970206, "confidence": 0.98360002040863004 }, "id": 757 }, "geometry": { "type": "Polygon", "coordinates": [ [ [ -111.63051770120201, 40.254113347074295 ], [ -111.63035426255135, 40.254117441439682 ], [ -111.630352679486037, 40.254080634647302 ], [ -111.630207996090391, 40.254084259169247 ], [ -111.630212833234452, 40.254196724299305 ], [ -111.630239626455889, 40.254196053092663 ], [ -111.630241913105806, 40.254249218362332 ], [ -111.630523241930675, 40.254242170697758 ], [ -111.63051770120201, 40.254113347074295 ] ] ] } },
{ "type": "Feature", "properties": { "type": "Feature", "properties": { "height": 1.0189274549484251, "confidence": 0.96530002355575506 }, "id": 758 }, "geometry": { "type": "Polygon", "coordinates": [ [ [ -111.630622339147791, 40.249260637824435 ], [ -111.630564205319018, 40.249182746129804 ], [ -111.630513578054973, 40.249204757449263 ], [ -111.630571713407647, 40.249282651160343 ], [ -111.630622339147791, 40.249260637824435 ] ] ] } },
{ "type": "Feature", "properties": { "type": "Feature", "properties": { "height": 4.8350644111633301, "confidence": 0.98070001602172807 }, "id": 759 }, "geometry": { "type": "Polygon", "coordinates": [ [ [ -111.633802180813603, 40.249435258953817 ], [ -111.633767396494505, 40.249309861004782 ], [ -111.63367241230543, 40.249325209523725 ], [ -111.633682738900177, 40.249362437055645 ], [ -111.633582620430616, 40.249378615211562 ], [ -111.633607078154981, 40.249466785579166 ], [ -111.633802180813603, 40.249435258953817 ] ] ] } },
{ "type": "Feature", "properties": { "type": "Feature", "properties": { "height": 3.4055285453796382, "confidence": 0.96200001239776611 }, "id": 760 }, "geometry": { "type": "Polygon", "coordinates": [ [ [ -111.636925699999168, 40.252864603628844 ], [ -111.636996110560986, 40.252955737014453 ], [ -111.63714655164982, 40.252888026740791 ], [ -111.637089044626975, 40.252813603356465 ], [ -111.637018215020149, 40.252845482270942 ], [ -111.637005306417166, 40.252828774465556 ], [ -111.636925699999168, 40.252864603628844 ] ] ] } }
]
}
