type,properties,id,yolo_pred,Confidence,Area_sqm,Perimeter_m,centroid_x,centroid_y,neighbor_mean_area,neighbor_mean_perimeter,neighbor_mean_conf,neighbor_majority_class,spatial_cluster_id
Feature,"{ ""height"": 7.1993064880371094, ""confidence"": -1.0 }",1,3,0.9593,300.02804169728836,69.55997360361869,434381.5674087386,4622723.631119521,336.5551252345396,78.28020928722087,0.9351200000000001,3,2
Feature,"{ ""height"": 5.3900060653686523, ""confidence"": -1.0 }",22,3,0.9079,187.12616404775744,57.85438652640262,433752.14742074686,4623411.725207629,234.86616375785965,66.97161328929518,0.8033199999999999,3,2
Feature,"{ ""height"": 5.4741902351379395, ""confidence"": -1.0 }",27,3,0.8647,195.76070423978783,59.3507516729364,433715.17729767214,4622894.519808389,341.75390698032004,82.11912498572026,0.9233600000000001,3,2
Feature,"{ ""height"": 3.1090846061706539, ""confidence"": -1.0 }",30,3,0.9195,282.53665113643973,76.6588809437219,434104.56761806,4622179.939456332,297.58659268296077,80.21844334670843,0.8479000000000001,3,2
Feature,"{ ""height"": 3.8762779235839839, ""confidence"": -1.0 }",39,3,0.7886,286.357370372369,80.61809446453287,434241.6346428762,4622484.2549438365,310.97409723705556,77.61900398823295,0.8612,3,2
Feature,"{ ""height"": 3.6049084663391109, ""confidence"": -1.0 }",42,3,0.6264,246.0028403970464,70.34836787309709,434136.9358878924,4623206.262753609,237.65459970798375,67.65262045910202,0.7979800000000001,3,2
Feature,"{ ""height"": 3.7677757740020752, ""confidence"": -1.0 }",47,3,0.8893,445.6742268691546,97.29716458370802,433783.0779712603,4619804.661745609,222.95843118513835,60.844377262093225,0.89908,3,2
Feature,"{ ""height"": 4.2104434967041025, ""confidence"": -1.0 }",50,3,0.8235,252.02967677635775,72.08659518136132,434327.1216502092,4623540.066945242,264.03053753093235,69.1457924035561,0.8995799999999999,3,2
Feature,"{ ""height"": 4.3543415069580078, ""confidence"": -1.0 }",58,3,0.8813,176.67763443082492,55.03194790923017,433659.19363116415,4621708.9910235675,224.0850803328934,65.5944422493847,0.8949400000000001,3,2
Feature,"{ ""height"": -1.0, ""confidence"": -1.0 }",64,3,0.8754,227.70710414837347,64.11765094901409,434171.8385911519,4623286.469626745,240.95759418664807,68.63709741250568,0.773,3,2
Feature,"{ ""height"": 3.0464756488800049, ""confidence"": -1.0 }",72,2,0.7835,288.885685531362,74.84626246921846,433863.3603345488,4622724.061211695,228.8422255299166,64.41343474025234,0.8564599999999999,3,2
Feature,"{ ""height"": 4.1783084869384775, ""confidence"": -1.0 }",76,3,0.9008,248.94344060480336,72.52473854274649,433717.98951495724,4622921.117769889,331.11735970731695,79.48432761175825,0.9161400000000001,3,2
Feature,"{ ""height"": -1.0, ""confidence"": -1.0 }",83,3,0.889,210.8498599600635,63.1587247167451,434044.5738618432,4623154.506952407,243.41221812250964,70.92341289349568,0.7517,3,2
Feature,"{ ""height"": 3.8125, ""confidence"": -1.0 }",92,3,0.8623,310.8111747445803,77.468968811236,434245.1028357748,4622430.569791442,306.6122291577495,78.74551322462614,0.83546,3,2
Feature,"{ ""height"": 3.4665195941925049, ""confidence"": -1.0 }",112,3,0.868,247.12695671433764,68.0924255116778,433851.8328475226,4622847.439192101,256.7452307938125,69.16688958585007,0.8787800000000001,3,2
Feature,"{ ""height"": 5.3832159042358398, ""confidence"": -1.0 }",114,3,0.8779,302.45472732558324,78.27348228536762,433749.7573152052,4620411.825028689,234.60298280907915,66.0732533541849,0.87248,3,2
Feature,"{ ""height"": 3.3386309146881099, ""confidence"": -1.0 }",123,3,0.8756,243.14798108252927,71.94106614350926,433847.58171183645,4622483.021678253,182.50987072198194,59.029782646545655,0.7624799999999999,3,2
Feature,"{ ""height"": 5.3293242454528809, ""confidence"": -1.0 }",125,3,0.9144,379.39017191455184,89.67085897777376,433612.6849475582,4619553.862624575,292.53722328429166,76.11182394932976,0.8727199999999999,3,2
Feature,"{ ""height"": 3.9808392524719243, ""confidence"": -1.0 }",135,3,0.912,203.99801085816048,64.42989976675126,434248.4945927351,4623660.67311362,273.6368707145718,70.6771314864781,0.88188,3,2
Feature,"{ ""height"": 5.2456812858581543, ""confidence"": -1.0 }",157,3,0.8219,324.2072385607354,88.7800094518995,433999.79909466614,4620259.566021216,283.3770673243993,74.55206034502622,0.92004,3,2
Feature,"{ ""height"": 6.2590460777282706, ""confidence"": -1.0 }",165,3,0.9375,429.92425947162224,86.79052634509627,434419.7786793402,4622842.535971061,305.15732086416415,76.61957879242661,0.8622200000000001,3,2
Feature,"{ ""height"": 5.1770186424255371, ""confidence"": -1.0 }",180,3,0.7008,143.5410707263647,50.733177300747386,433652.7600214243,4623456.247026682,253.04554573004225,69.5076120709667,0.8353000000000002,3,2
Feature,"{ ""height"": 4.6358766555786133, ""confidence"": -1.0 }",181,3,0.8907,610.5433397354108,128.8600604687118,434405.7500694971,4622232.467995269,335.68680117179014,83.27740649069895,0.80242,3,2
Feature,"{ ""height"": -1.0, ""confidence"": -1.0 }",193,3,0.8962,71.14590844273734,33.84991454326904,433636.19242159993,4619626.495771414,357.10996109851453,87.19102312691523,0.88508,3,2
Feature,"{ ""height"": 3.7664341926574703, ""confidence"": -1.0 }",198,3,0.9859,198.81710034666688,57.10324372568603,434220.2435813249,4623536.7823678935,274.67305281687055,72.14246269469115,0.8671,3,2
Feature,"{ ""height"": 4.3919963836669922, ""confidence"": -1.0 }",203,3,0.7245,224.11222345620513,65.39615153892126,433885.36160398147,4623182.986909589,233.46708430870822,70.02094090095144,0.8865999999999999,3,2
Feature,"{ ""height"": 3.3509082794189449, ""confidence"": -1.0 }",216,3,0.9711,389.8518299502264,83.79604508597305,434226.20467176975,4623630.175707015,236.46610689615864,66.80390242263375,0.87006,3,2
Feature,"{ ""height"": -1.0, ""confidence"": -1.0 }",222,3,0.5298,354.0850266665809,87.30216477444107,434529.3526616836,4622945.455592005,288.36469740994664,71.44609603751857,0.91084,3,2
Feature,"{ ""height"": 4.614405632019043, ""confidence"": -1.0 }",224,3,0.7637,307.44008860661523,79.25672159727307,434360.03521290334,4622190.808383257,396.30745139754924,93.19807426498669,0.82782,3,2
Feature,"{ ""height"": 3.9895038604736333, ""confidence"": -1.0 }",236,3,0.8679,310.5997389818216,75.45160754444814,433995.6080252301,4622336.370431686,235.05045946841793,69.5942264273852,0.7352599999999999,3,2
Feature,"{ ""height"": 4.5269770622253418, ""confidence"": -1.0 }",246,3,0.7888,173.36451417858592,53.7043135327408,433804.142432743,4622340.307808068,211.2080723654823,61.285887086584296,0.79748,3,2
Feature,"{ ""height"": 3.404853343963623, ""confidence"": -1.0 }",247,3,0.9364,245.1739797548888,69.86834193830242,433764.23168531246,4622826.637037793,269.8242546115228,73.51413930729015,0.87508,3,2
Feature,"{ ""height"": 3.6081957817077632, ""confidence"": -1.0 }",256,3,0.9063,236.92251599589397,65.71911976365513,433916.157969763,4623080.972989478,226.45656323037375,68.96253356311259,0.85512,3,2
Feature,"{ ""height"": 3.965937614440918, ""confidence"": -1.0 }",266,3,0.6813,296.60343842094176,82.92566563748872,434115.4762571274,4623201.660147769,227.9645002858364,65.29918350660014,0.7891,3,2
Feature,"{ ""height"": 3.943925142288208, ""confidence"": -1.0 }",274,3,0.8508,170.17113798963854,56.52836628010488,433891.1745842772,4622436.109945179,214.1219145382121,64.80650019478415,0.71632,3,2
Feature,"{ ""height"": 3.392831563949585, ""confidence"": -1.0 }",287,3,0.8861,277.83774647657975,70.81727774198413,434131.1796664638,4622489.074065788,312.67802201621345,79.57916733274268,0.8417,3,2
Feature,"{ ""height"": 4.0238461494445801, ""confidence"": -1.0 }",295,3,0.974,257.55860458861815,75.94545382712369,434192.56893747585,4622771.210543482,279.9394266443213,69.68218604386159,0.92332,3,2
Feature,"{ ""height"": 3.6516621112823482, ""confidence"": -1.0 }",296,3,0.8471,239.2967415527604,63.467034646979705,434069.01065228437,4623287.076229386,240.96755859044788,68.749824025464,0.7891199999999999,3,2
Feature,"{ ""height"": 5.1193037033081046, ""confidence"": -1.0 }",302,3,0.8054,290.42805722749176,72.49370250640993,433871.10882367694,4620986.288922029,285.01934973106,84.87367787498611,0.82046,3,2
Feature,"{ ""height"": 3.6275017261505123, ""confidence"": -1.0 }",309,3,0.9248,230.3153179001524,66.76124583084169,433717.5590071367,4621766.806181641,201.5778850575111,61.483377084238406,0.88164,3,2
Feature,"{ ""height"": -1.0, ""confidence"": -1.0 }",314,3,0.5838,60.23399075578453,32.714509920885355,434264.7126521276,4621498.485767781,249.70482020406524,68.77588458100016,0.8350200000000001,3,2
Feature,"{ ""height"": 4.9623804092407227, ""confidence"": -1.0 }",318,3,0.8986,346.50804346531675,78.86045534241102,433707.0911099154,4619704.5252987705,302.9162265387813,75.79062767650268,0.9033,3,2
Feature,"{ ""height"": 3.7780523300170898, ""confidence"": -1.0 }",343,3,0.599,280.7367815496116,71.70987912884938,433770.8854574709,4623457.451567068,216.14404025748885,64.20051476880583,0.8651,3,2
Feature,"{ ""height"": 3.3927648067474361, ""confidence"": -1.0 }",353,3,0.9565,325.89690989921763,79.14164136483166,434195.47903031454,4622666.666056315,294.81880231657374,74.05561314021875,0.9014999999999999,3,2
Feature,"{ ""height"": 3.4572484493255611, ""confidence"": -1.0 }",357,3,0.8311,280.4822104522604,73.30069827065321,434317.53679506003,4622332.428637646,393.82003262018435,92.51496207530272,0.8564,3,2
Feature,"{ ""height"": -1.0, ""confidence"": -1.0 }",377,3,0.7202,161.2426294087821,54.32353456032284,433636.29839295015,4622288.060901655,254.4480571076959,65.61761721501601,0.8435599999999999,3,2
Feature,"{ ""height"": 3.1618185043334961, ""confidence"": -1.0 }",396,3,0.8859,229.85720506153197,64.92776395089633,434021.5405697466,4623199.684828032,238.26952933335875,69.19333840144195,0.7964600000000001,3,2
Feature,"{ ""height"": 5.0362110137939453, ""confidence"": -1.0 }",409,3,0.874,224.32258537010455,62.432597447205424,434460.93790609867,4622685.77177199,362.29039237416066,81.05880298117718,0.9239200000000001,3,2
Feature,"{ ""height"": 3.5927896499633789, ""confidence"": -1.0 }",430,3,0.8766,204.66720492434584,61.429671716823705,434044.842637582,4623346.816594129,221.47856986596926,63.81986053817535,0.87294,3,2
Feature,"{ ""height"": 4.975548267364502, ""confidence"": -1.0 }",432,3,0.9601,373.0563543853981,90.6605169757021,433907.8397333749,4620405.095868513,273.60724415946675,74.17595884026571,0.8924,3,2
Feature,"{ ""height"": 3.83588695526123, ""confidence"": -1.0 }",436,3,0.9024,313.87476790762196,83.2558659632657,433688.9161966119,4622646.16723122,320.5528691308608,78.60631174713137,0.88074,3,2
Feature,"{ ""height"": 3.990716695785522, ""confidence"": -1.0 }",443,3,0.838,229.5153999420679,70.31034210168181,433721.03383338003,4622517.017601677,294.5279479406661,77.08633433229024,0.89824,3,2
Feature,"{ ""height"": 4.5239715576171866, ""confidence"": -1.0 }",455,3,0.7878,174.80010243124997,54.03017287567902,433761.6899439576,4622384.142841067,183.82257658426903,58.59682971918846,0.79574,3,2
Feature,"{ ""height"": 3.8887944221496582, ""confidence"": -1.0 }",458,3,0.8897,174.27938188476065,54.54629810657622,433656.00116747775,4622341.691683616,189.46548959376983,59.98018862371894,0.83446,3,2
Feature,"{ ""height"": 5.0596714019775391, ""confidence"": -1.0 }",465,3,0.8914,219.4488256181753,67.23623278655535,433774.5643576579,4623081.827115333,235.95042565355385,70.25531799496301,0.8609199999999999,3,2
Feature,"{ ""height"": 3.6508951187133789, ""confidence"": -1.0 }",488,3,0.9389,348.7127216793613,77.4127908123141,433777.34069126507,4622202.929211492,169.03470685076582,54.63691417568678,0.80548,3,2
Feature,"{ ""height"": 3.4610068798065181, ""confidence"": -1.0 }",489,3,0.8903,209.11258713083689,66.2754314918018,433751.9706583224,4622481.701404887,270.89681683600776,72.2197405166004,0.85808,3,2
Feature,"{ ""height"": 3.8364090919494629, ""confidence"": -1.0 }",491,3,0.8579,436.2661054842237,87.7790148262937,433657.65886755433,4622516.943425493,253.45942535972546,72.90423362147561,0.8589,3,2
Feature,"{ ""height"": 3.910584449768066, ""confidence"": -1.0 }",495,3,0.8327,442.7632253691498,94.62329662311248,434246.62481481145,4622538.529259921,302.7485453852544,76.64491187036228,0.8854200000000001,3,2
Feature,"{ ""height"": 4.0270190238952637, ""confidence"": -1.0 }",513,3,0.8625,170.55017792900514,55.22157950349708,433701.4207234247,4621913.801582979,277.5875617106769,72.09258329050272,0.81312,3,2
Feature,"{ ""height"": 6.0461540222167969, ""confidence"": -1.0 }",518,3,0.8762,264.21791068709473,68.40788445793487,433732.8515473708,4619948.050458234,256.70569274282036,68.35442326122754,0.9158799999999999,3,2
Feature,"{ ""height"": 3.2226583957672119, ""confidence"": -1.0 }",537,3,0.9029,189.39926727604305,57.42750830481501,433872.59079618973,4622599.197794553,257.25705364419764,70.67904847840826,0.74828,3,2
Feature,"{ ""height"": 3.1859505176544189, ""confidence"": -1.0 }",558,3,0.8492,239.69738333378632,71.15734919161898,433967.6484710526,4623337.977265453,234.64617233835457,64.86063584430639,0.88892,3,2
Feature,"{ ""height"": 3.439710140228271, ""confidence"": -1.0 }",559,3,0.6614,170.90922876227273,53.887009995998135,433893.74343588686,4622565.641827513,236.66894991647132,68.13444380609896,0.78402,3,2
Feature,"{ ""height"": 4.377983570098877, ""confidence"": -1.0 }",577,3,0.9545,176.51139297322334,56.00893961034937,433713.0256684847,4620019.922780235,250.29372404952406,66.17772614066712,0.90014,3,2
Feature,"{ ""height"": 4.8372855186462402, ""confidence"": -1.0 }",583,3,0.7978,302.88697295035786,75.34731891775807,434261.1824301305,4623502.087335202,253.8590782961324,68.49364765627675,0.90472,3,2
Feature,"{ ""height"": 4.5193629264831543, ""confidence"": -1.0 }",584,3,0.8311,224.5987735492502,65.0524545216121,434246.9013291838,4623435.413125281,239.93171997198039,66.73391119239174,0.86324,3,2
Feature,"{ ""height"": 3.2680678367614742, ""confidence"": -1.0 }",588,3,0.8678,230.7817522752484,71.8212406607137,433963.7975391035,4623112.716890804,223.64006177228626,65.22729099045922,0.86718,3,2
Feature,"{ ""height"": 3.176521778106689, ""confidence"": -1.0 }",589,3,0.9071,170.83441523339425,55.42950395236766,433915.3728311168,4623374.128469465,242.9959814641662,67.52356132671328,0.81638,3,2
Feature,"{ ""height"": 3.2917129993438721, ""confidence"": -1.0 }",600,3,0.8855,310.91514137609255,79.2934735272655,434323.8357083177,4622187.361801018,395.61244084365376,93.19072387898821,0.80346,3,2
Feature,"{ ""height"": 3.744465589523315, ""confidence"": -1.0 }",605,3,0.8644,235.03194238736387,74.81159980947679,434139.6839785592,4622387.158298615,288.17434693734515,74.82050290517942,0.8564599999999999,3,2
Feature,"{ ""height"": 3.6363427639007568, ""confidence"": -1.0 }",610,3,0.8798,429.3904186382226,97.6955859720272,434366.14098985406,4622283.088332904,371.91738539122775,89.51030139003585,0.8046,3,2
Feature,"{ ""height"": 3.5705194473266602, ""confidence"": -1.0 }",611,3,0.974,389.79234599822865,87.85770430974425,434191.14941693516,4622715.804328505,282.03971509677154,72.31240055123622,0.898,3,2
Feature,"{ ""height"": 6.3382606506347656, ""confidence"": -1.0 }",623,3,0.911,171.0569783726918,53.2042620079052,433676.7050959479,4620806.679531535,266.9986829485379,74.29561602497135,0.85436,3,2
Feature,"{ ""height"": 3.7899727821350089, ""confidence"": -1.0 }",650,3,0.925,182.8253916851468,60.683623059428704,433684.60695788526,4620150.677470957,229.80070768807508,63.30316999722644,0.89258,3,2
Feature,"{ ""height"": 3.4213836193084712, ""confidence"": -1.0 }",667,3,0.853,204.84322669120047,60.46691810177795,433963.2849724517,4623557.883510118,236.22942352597585,66.32352777382206,0.82248,3,2
Feature,"{ ""height"": 3.351751327514648, ""confidence"": -1.0 }",668,3,0.9116,200.89694467609743,62.75197357224334,433725.1201782103,4621870.859190942,247.68163666771906,66.49821136105302,0.8125199999999999,3,2
Feature,"{ ""height"": 3.8211574554443359, ""confidence"": -1.0 }",683,3,0.9363,313.3585707657729,82.39805256400822,433690.30106674624,4622601.408619393,295.7077979544243,76.75082282111912,0.8657199999999999,3,2
Feature,"{ ""height"": 3.6903271675109859, ""confidence"": -1.0 }",698,3,0.7932,71.14031019334695,36.673033971886554,434053.4575158858,4622764.62870489,310.7470482318935,78.11658998427727,0.92032,3,2
Feature,"{ ""height"": 3.5765082836151119, ""confidence"": -1.0 }",702,3,0.9302,216.45850438773667,66.93469498207828,433984.3605434027,4623001.703861621,230.93481439799376,66.85406307694424,0.8511799999999999,3,2
Feature,"{ ""height"": 5.1992664337158203, ""confidence"": -1.0 }",714,3,0.8007,216.04571703635816,65.77104489418204,433745.52724332694,4620910.4746863805,299.89581776928674,86.21820939743169,0.8214,3,2
Feature,"{ ""height"": 5.3494086265563956, ""confidence"": -1.0 }",729,3,0.9491,330.98850801137047,85.97685625706255,434010.4879234882,4620310.253720224,282.0208134342723,75.11269098399362,0.8946,3,2
Feature,"{ ""height"": 3.613559246063232, ""confidence"": -1.0 }",750,3,0.8336,218.2177456381459,65.0147471881392,434273.1246041767,4623287.252259775,244.98043048754235,68.98921358915216,0.76472,3,2
Feature,"{ ""height"": -1.0, ""confidence"": -1.0 }",767,3,0.8866,206.3413459035181,61.509395281644274,434160.93237667327,4623083.141132481,239.45239783158627,68.70574270743245,0.74064,3,2
Feature,"{ ""height"": -1.0, ""confidence"": -1.0 }",788,3,0.569,200.8694933767112,61.87785366170842,433891.65657244745,4622384.631175772,211.75405571660514,62.841121060783635,0.8448,3,2
Feature,"{ ""height"": -1.0, ""confidence"": -1.0 }",793,3,0.9704,314.65608937426646,89.1641597405528,433964.4469070443,4622083.349388082,278.5305343723602,71.61037787720272,0.87998,3,2
Feature,"{ ""height"": 5.567410945892334, ""confidence"": -1.0 }",794,3,0.9407,222.10855182925732,60.68769669614985,433844.15768506704,4620154.091446181,239.54581679565894,67.3298111531694,0.89254,3,2
Feature,"{ ""height"": 4.4554324150085449, ""confidence"": -1.0 }",825,3,0.8724,188.27719507038745,57.161749510849006,433715.54389727785,4620258.455663237,224.08292439271176,63.4484714954245,0.86876,3,2
Feature,"{ ""height"": 4.1612539291381836, ""confidence"": -1.0 }",862,3,0.8957,262.304089300983,68.97720389832476,433913.9628044058,4622924.6465118695,247.45673039897952,68.6812940292364,0.9109,3,2
Feature,"{ ""height"": 3.3913452625274658, ""confidence"": -1.0 }",863,3,0.9113,228.29243779636337,74.21223228219785,433753.9313372587,4623129.105741393,229.28053307057672,68.55789444974894,0.8595199999999998,3,2
Feature,"{ ""height"": 3.474753618240356, ""confidence"": -1.0 }",874,3,0.8292,161.30324259334682,54.27170164180984,433998.8578715573,4623507.62136536,229.72350502049343,65.50652958341057,0.8827599999999999,3,2
Feature,"{ ""height"": 3.8865096569061279, ""confidence"": -1.0 }",890,3,0.8409,161.48690635045045,56.580251803115075,433848.17781892966,4622383.734861017,192.47064581174294,59.61635449874848,0.7743999999999999,3,2
Feature,"{ ""height"": 3.7721021175384521, ""confidence"": -1.0 }",897,3,0.8848,277.43904588559235,74.82429655278874,434076.56318394205,4622287.959959538,278.8864952379618,73.62264859899727,0.8796799999999999,3,2
Feature,"{ ""height"": 3.77772045135498, ""confidence"": -1.0 }",902,3,0.8605,288.42639720760417,70.37387695535537,434171.34309785994,4622384.153226704,277.49545597329706,75.70804747600371,0.85724,3,2
Feature,"{ ""height"": 4.2630281448364258, ""confidence"": -1.0 }",920,3,0.8617,241.48151041450328,73.42434784729429,433847.0666256442,4623206.711678383,227.91155102837723,68.87699540640865,0.86026,3,2
Feature,"{ ""height"": 3.9232017993927002, ""confidence"": -1.0 }",952,3,0.6971,213.8158544577797,64.59402634528253,434094.4484289489,4623152.864566145,237.93093794862034,68.5739834919743,0.79384,3,2
Feature,"{ ""height"": 3.0147256851196289, ""confidence"": -1.0 }",983,3,0.5073,291.7406777027837,79.92901583284716,433992.5425921386,4622487.6125564035,212.58711753754628,63.01031476466096,0.7685799999999999,3,2
Feature,"{ ""height"": 5.372586727142334, ""confidence"": -1.0 }",988,3,0.8699,256.40890035731957,67.09469235650178,433804.79288739053,4619946.304346162,258.2674948087753,68.61706168151417,0.9171400000000001,3,2
Feature,"{ ""height"": 3.499677181243896, ""confidence"": -1.0 }",990,3,0.8094,229.9899959221,62.50192896454874,434241.24156951084,4623155.039642704,236.19624496348638,68.87844046513035,0.7450000000000001,3,2
Feature,"{ ""height"": 3.7763535976409912, ""confidence"": -1.0 }",993,3,0.9279,328.5752949197404,79.04920495446451,433880.9621441478,4623405.352763473,207.93959735157927,62.084564088209696,0.8184799999999999,3,2
Feature,"{ ""height"": 4.8195061683654776, ""confidence"": -1.0 }",997,3,0.9336,312.83952543352507,75.17857696922675,434225.30592160067,4622663.263246325,343.2078255105005,81.42561394568615,0.9392999999999999,3,2
Feature,"{ ""height"": 3.9524292945861812, ""confidence"": -1.0 }",998,3,0.9136,291.6016951420407,72.79188795046832,433916.7873799205,4622756.075367319,208.34523989399568,61.381514439180044,0.8568,3,2
Feature,"{ ""height"": 4.7014079093933097, ""confidence"": -1.0 }",1006,3,0.8703,182.9888213528795,58.4600517733286,433824.5475262841,4620895.940307805,306.5071969059824,87.68040802160239,0.80748,3,2
Feature,"{ ""height"": 4.4250078201293936, ""confidence"": -1.0 }",1033,3,0.8889,325.90786568880173,74.01473413332039,433667.3977345549,4620196.072364046,197.66551113228996,60.46867268401955,0.8525,3,2
Feature,"{ ""height"": 4.5625176429748526, ""confidence"": -1.0 }",1040,3,0.652,350.20614678575976,86.84055308627569,434286.41456530354,4622142.660922259,388.1651278985562,92.35294450179988,0.86784,3,2
Feature,"{ ""height"": 4.6968398094177255, ""confidence"": -1.0 }",1073,3,0.7227,92.51844431774872,47.06062083640241,431418.3880383622,4622652.243923028,178.88678308295758,56.46160186754728,0.7701800000000001,3,4
Feature,"{ ""height"": -1.0, ""confidence"": -1.0 }",1140,3,0.9129,195.8088227925466,60.1357288720761,431507.9303326213,4619678.817077842,142.32115235370313,49.746864401349306,0.8596,3,4
Feature,"{ ""height"": 3.3376154899597172, ""confidence"": -1.0 }",1171,3,0.8374,123.49721309158254,45.0554633562727,429328.7232222242,4619615.796984979,144.20472993935766,49.76812986703914,0.83368,3,3
Feature,"{ ""height"": 4.4834790229797363, ""confidence"": -1.0 }",1197,3,0.686,175.61717592650135,62.13504555171987,431694.5566144961,4622615.387977201,176.5603757467961,55.53597953506053,0.8378800000000002,3,4
Feature,"{ ""height"": 4.0505490303039551, ""confidence"": -1.0 }",1198,3,0.8968,171.8010514653857,59.85557480596833,431581.42417626065,4621778.216576246,208.61778070365085,62.074412368913876,0.86452,3,4
Feature,"{ ""height"": 3.896654367446899, ""confidence"": -1.0 }",1209,3,0.5149,66.5268735387341,32.72147265862964,430426.395061062,4619668.901164124,322.7893128249615,69.84418685714739,0.7759199999999999,3,3
Feature,"{ ""height"": 4.9978499412536621, ""confidence"": -1.0 }",1210,3,0.9019,161.43102309541467,52.52393162121761,430199.7837539087,4619511.712624055,124.83456281232922,47.18672185832009,0.75444,3,3
Feature,"{ ""height"": 6.0455985069274902, ""confidence"": -1.0 }",1214,3,0.7131,235.12980866874275,64.08899186378332,429936.2926452922,4617228.5286896685,62.06684392897453,32.02192592428268,0.65994,3,3
Feature,"{ ""height"": 3.015413761138916, ""confidence"": -1.0 }",1235,3,0.8082,157.67279435910186,56.11834471899344,427870.65784418606,4618747.112009929,169.55219546561142,57.15027077897433,0.76396,3,3
Feature,"{ ""height"": 3.0591835975646968, ""confidence"": -1.0 }",1250,3,0.6793,145.64872326926366,48.530966996344695,431687.9737230307,4622431.79841051,152.5036098222186,51.80942012017948,0.79474,3,4
Feature,"{ ""height"": 6.7827339172363281, ""confidence"": -1.0 }",1265,3,0.681,103.51038635258836,40.93034529075568,430267.4206428862,4618918.828900955,334.43045281400344,75.48042440154602,0.83908,3,3
Feature,"{ ""height"": -1.0, ""confidence"": -1.0 }",1281,2,0.8097,876.6338903415176,202.45560083297912,429248.49664774525,4625397.350363128,431.1480382730075,78.74215885523752,0.8057000000000001,3,0
Feature,"{ ""height"": 5.5230770111083984, ""confidence"": -1.0 }",1296,3,0.8841,225.06970964256556,66.61454425346663,433126.6793880944,4619894.295667874,184.11565093629775,57.92739791786376,0.8257200000000001,3,2
Feature,"{ ""height"": -1.0, ""confidence"": -1.0 }",1328,3,0.8916,61.657248033177495,31.43290456408342,429884.45669591776,4620139.583972338,231.98627012712933,67.72031621879388,0.82934,3,4
Feature,"{ ""height"": -1.0, ""confidence"": -1.0 }",1329,3,0.9015,38.82046786357206,24.92247315396042,429871.53893245547,4622518.3135426855,181.42863894755735,58.04997882657184,0.8638,3,4
Feature,"{ ""height"": 5.2764115333557129, ""confidence"": -1.0 }",1334,2,0.9153,177.4087251646662,55.482979199344626,429697.08247311576,4619572.437108865,192.40991070004102,57.69424468249472,0.8205399999999999,3,3
Feature,"{ ""height"": -1.0, ""confidence"": -1.0 }",1337,3,0.88,40.78458869368917,26.273344414965372,429655.0931487325,4618519.635814827,137.17274033856415,49.242497055766414,0.7035600000000001,3,3
Feature,"{ ""height"": 3.3189654350280762, ""confidence"": -1.0 }",1340,3,0.9181,264.6574844569381,75.01129979921174,429445.1977614395,4619868.686137163,151.30591549255817,53.564506748982055,0.7962,3,3
Feature,"{ ""height"": 3.5295886993408199, ""confidence"": -1.0 }",1351,3,0.8105,313.5955171209172,89.07186857657194,428099.00133302744,4617177.660885757,318.62270491619233,78.52220704905287,0.8788199999999999,3,3
Feature,"{ ""height"": 8.4511222839355469, ""confidence"": -1.0 }",1381,0,0.9456,997.0811935220768,149.15079080245786,429904.8057338092,4623779.221892723,301.15738603272723,72.90291199693486,0.8295999999999999,3,0
Feature,"{ ""height"": 5.8557267189025879, ""confidence"": -1.0 }",1387,0,0.8137,505.87301920445935,102.0241374802146,429671.69178828533,4623404.011082357,268.32106479435834,73.9205826344641,0.7135200000000002,2,4
Feature,"{ ""height"": 4.951448917388916, ""confidence"": -1.0 }",1396,3,0.6053,126.65739593605804,47.63338177349809,428184.1876246916,4619539.011899858,138.49106616617743,46.9531355852557,0.7851199999999999,3,3
Feature,"{ ""height"": 4.7503700256347656, ""confidence"": -1.0 }",1402,3,0.8742,167.17245551344286,55.206437418316504,433013.3136988043,4621206.141482419,231.593041109536,62.47510453397966,0.89258,3,2
Feature,"{ ""height"": 4.403444766998291, ""confidence"": -1.0 }",1420,3,0.8574,95.42850204478852,43.64303457791662,431069.76171239425,4622003.43148532,251.10226248788626,68.61158502984885,0.8541400000000001,3,4
Feature,"{ ""height"": 3.0472619533538818, ""confidence"": -1.0 }",1422,2,0.9129,151.45274936988707,49.3229270003006,430735.0728702262,4620738.822671919,532.2128715370302,94.29446966100123,0.70488,3,4
Feature,"{ ""height"": 4.0482878684997559, ""confidence"": -1.0 }",1445,2,0.9093,951.8440066700992,135.39525521344785,429200.178881919,4622966.077811017,134.19415898475995,48.01025894854695,0.77276,3,0
Feature,"{ ""height"": 4.6096749305725098, ""confidence"": -1.0 }",1446,3,0.8697,118.97282753582203,44.546285019172466,428959.10948831326,4618267.983963839,204.16922356638096,60.48724747722829,0.77888,3,3
Feature,"{ ""height"": 4.632176399230957, ""confidence"": -1.0 }",1455,3,0.8637,149.9471803467551,55.25036381330729,428496.19500556897,4618866.227940402,135.05118244538272,48.104552290609966,0.8121600000000001,3,3
Feature,"{ ""height"": -1.0, ""confidence"": -1.0 }",1461,3,0.8501,19.53846487221443,17.773336040869346,433108.6219544146,4620295.344405931,227.563060192828,68.17509966857065,0.77614,3,2
Feature,"{ ""height"": 4.3389301300048828, ""confidence"": -1.0 }",1466,3,0.9098,206.96909242674135,64.7920576172755,431761.19289721677,4619822.419377262,181.72343458612235,58.842961786166846,0.7590600000000001,3,2
Feature,"{ ""height"": 4.2269954681396484, ""confidence"": -1.0 }",1471,3,0.9024,211.47845701791164,58.59572260733959,431329.7256614823,4621872.984337448,164.77710616304282,53.94099141692551,0.83614,3,4
Feature,"{ ""height"": -1.0, ""confidence"": -1.0 }",1487,3,0.5867,75.30154786946925,34.72372871037567,430053.153260571,4621892.2131078,152.57145566831676,51.58254001102809,0.76532,3,4
Feature,"{ ""height"": 6.4625258445739746, ""confidence"": -1.0 }",1492,0,0.7475,313.2893299755215,79.57205846899171,429717.8962609937,4623949.300459224,119.53544531774983,46.849167896224245,0.85616,3,4
Feature,"{ ""height"": 5.1565790176391602, ""confidence"": -1.0 }",1505,3,0.6143,113.04731893099536,43.03564687335749,428086.94250649627,4616399.739982695,97.93948244783648,41.986161855424534,0.691,3,3
Feature,"{ ""height"": 3.2932331562042232, ""confidence"": -1.0 }",1530,3,0.5714,112.2402192484312,42.73210249763726,431319.30596581195,4622643.471303329,183.39567657917405,58.58244721877518,0.8013600000000001,3,4
Feature,"{ ""height"": 5.053307056427002, ""confidence"": -1.0 }",1551,3,0.8797,227.9603219861795,65.69173857476208,430206.94989160483,4619068.705424897,118.97938787918665,44.09314054198873,0.79328,3,3
Feature,"{ ""height"": -1.0, ""confidence"": -1.0 }",1557,3,0.8873,57.93396375222255,30.484001114769654,429948.90565704583,4617168.768965912,97.77083941384755,38.81647503267327,0.65428,0,3
Feature,"{ ""height"": 5.5101170539855957, ""confidence"": -1.0 }",1584,3,0.8974,279.20207460040353,77.09180990825075,431912.80618971545,4621624.866993656,147.213378731803,51.38296116858265,0.75234,3,2
Feature,"{ ""height"": 4.6057062149047852, ""confidence"": -1.0 }",1587,3,0.703,143.9253053525603,53.153483509989215,431683.99724601523,4620953.07390967,134.54905991479788,47.96657685056116,0.77002,3,4
Feature,"{ ""height"": 4.003021240234375, ""confidence"": -1.0 }",1589,3,0.8919,213.21115259748555,62.73434835491493,431515.7437310616,4622268.628194901,126.64773844924255,45.65498654641884,0.86172,3,4
Feature,"{ ""height"": 4.6942205429077148, ""confidence"": -1.0 }",1601,3,0.7934,209.20541518321645,60.56658341280915,430200.5624767724,4623147.284736396,226.26289648116062,61.11419042320883,0.7691999999999999,3,4
Feature,"{ ""height"": 5.3955907821655273, ""confidence"": -1.0 }",1616,3,0.8242,81.0117472049152,36.067292908537134,428697.4150135207,4619172.64142245,143.959331933118,50.080367882662436,0.75166,3,3
Feature,"{ ""height"": -1.0, ""confidence"": -1.0 }",1621,3,0.8521,158.52508072457985,57.86041965344228,428103.2294802468,4616524.5533421235,106.32503629105886,43.0392188765335,0.7160399999999999,3,3
Feature,"{ ""height"": 4.1753721237182617, ""confidence"": -1.0 }",1622,3,0.9206,313.52121130272906,76.23780676373732,428074.0161678616,4616909.234025991,323.7541795082304,83.64198582523838,0.85282,3,3
Feature,"{ ""height"": 5.1455698013305664, ""confidence"": -1.0 }",1660,3,0.841,242.86370006915016,66.30128755186054,429762.64136354387,4619657.067760308,368.5843597759303,74.65461762585068,0.8718600000000001,3,3
Feature,"{ ""height"": -1.0, ""confidence"": -1.0 }",1673,3,0.7149,129.4749698531289,46.01597994046029,428074.04447204544,4619898.573214231,119.16034554831776,44.16628361161084,0.7428,3,3
Feature,"{ ""height"": 4.7410120964050293, ""confidence"": -1.0 }",1674,3,0.9551,284.3587446834234,70.60769562721275,427713.5102277173,4618758.986209195,162.38625457960995,55.33229307456004,0.80716,3,3
Feature,"{ ""height"": -1.0, ""confidence"": -1.0 }",1675,3,0.8805,80.2917778449204,37.38142136053405,427349.7682271543,4619095.439458359,174.52026497066646,56.7598136324947,0.82032,3,3
Feature,"{ ""height"": -1.0, ""confidence"": -1.0 }",1686,3,0.8073,219.4121746480601,64.08912143491088,432542.48659239535,4620988.52275095,193.30497698048114,57.85929581011269,0.85958,3,2
Feature,"{ ""height"": -1.0, ""confidence"": -1.0 }",1701,3,0.7049,42.03686349420912,26.04292614455695,430400.627790451,4622289.74210867,394.28792003472233,99.87939701609045,0.8525,0,4
Feature,"{ ""height"": 4.7842402458190918, ""confidence"": -1.0 }",1706,3,0.8479,105.74008762534308,41.28497551439161,430149.09717117983,4618899.569182429,277.8544187229716,64.2888596419971,0.71304,3,3
Feature,"{ ""height"": 5.7685432434082031, ""confidence"": -1.0 }",1717,3,0.7753,110.93624912782582,43.1365969944227,429587.7055001698,4622048.958432466,105.0048309987653,46.24820927783383,0.8034399999999999,3,4
Feature,"{ ""height"": 5.2149453163146973, ""confidence"": -1.0 }",1718,3,0.9214,230.81194291347407,63.04714231095673,429469.6548416462,4622572.448672486,171.19821288367496,54.26829785554669,0.76124,3,4
Feature,"{ ""height"": 3.9058001041412349, ""confidence"": -1.0 }",1719,3,0.8844,120.57070666406749,44.50848043126627,429452.27830457495,4621365.408602607,466.52411299013073,96.89873993145696,0.7391599999999998,3,4
Feature,"{ ""height"": 5.217440128326416, ""confidence"": -1.0 }",1724,3,0.9442,264.99125693394734,65.82315933979334,428776.26600990986,4618201.8286500685,218.14696071832995,64.18012302181617,0.7027599999999999,3,3
Feature,"{ ""height"": -1.0, ""confidence"": -1.0 }",1726,2,0.891,1178.363513766718,152.89750202659334,428589.102533026,4620624.923740823,912.1389065072153,143.6294033913262,0.7875,2,0
Feature,"{ ""height"": 3.2910099029541011, ""confidence"": -1.0 }",1734,3,0.8552,116.10005844335876,46.51847554194565,427751.40261537343,4617041.376979028,162.46447710556134,53.111493185623885,0.82818,3,3
Feature,"{ ""height"": 4.1761775016784668, ""confidence"": -1.0 }",1769,3,0.8864,109.37723148164412,43.54397583097705,429938.58542391955,4620166.025564773,238.72915452465386,63.20997642975673,0.8378,3,4
Feature,"{ ""height"": 4.0386338233947754, ""confidence"": -1.0 }",1775,3,0.8644,121.59132652019426,48.34013703513443,429694.0933184123,4621075.408504477,141.18746705232678,51.34154330883028,0.84536,3,4
Feature,"{ ""height"": -1.0, ""confidence"": -1.0 }",1776,3,0.9221,315.98560454782825,75.47050745928635,429734.398367477,4623301.315411983,225.5861769408228,70.14903443631613,0.7332000000000001,2,4
Feature,"{ ""height"": 4.2653450965881348, ""confidence"": -1.0 }",1779,3,0.9086,130.0450338575698,46.73119604805083,429535.7781681706,4620912.5675144065,165.83263265085807,56.88796186133693,0.84046,3,4
Feature,"{ ""height"": 4.4987502098083496, ""confidence"": -1.0 }",1781,3,0.9496,494.3294171436263,100.06223930601446,429509.8939804202,4623722.0788452765,420.7189393435275,95.71867634430205,0.7245800000000001,0,4
Feature,"{ ""height"": -1.0, ""confidence"": -1.0 }",1805,2,0.5118,52.98945178858265,29.849262607374705,432496.66981511086,4622392.624143966,702.5958113902204,130.47589521181703,0.7824,2,2
Feature,"{ ""height"": -1.0, ""confidence"": -1.0 }",1823,3,0.6299,87.93616907025685,38.25180956363808,430431.7301177974,4623413.712615418,1440.3761498375147,140.3250533087451,0.7865,2,4
Feature,"{ ""height"": -1.0, ""confidence"": -1.0 }",1827,3,0.5772,156.23829582429326,73.34236471581542,430166.36175191903,4620689.630961587,93.29383621227628,37.95429238653834,0.73012,3,4
Feature,"{ ""height"": 4.0222039222717276, ""confidence"": -1.0 }",1840,3,0.7945,178.59667615537458,55.64706383650707,429281.1799477117,4619535.063077804,116.33654513231072,44.43898656001621,0.8102400000000001,3,3
Feature,"{ ""height"": -1.0, ""confidence"": -1.0 }",1851,3,0.7982,142.842846801748,49.9130519968821,427714.97254857107,4616987.7217243705,121.16858318923644,48.57344558397142,0.8322800000000001,3,3
Feature,"{ ""height"": 4.5841584205627441, ""confidence"": -1.0 }",1854,3,0.9108,290.343579583358,72.2019047412022,433261.33500880265,4620974.069357744,285.2585078702674,72.34027314312796,0.9037600000000001,3,2
Feature,"{ ""height"": 4.051177978515625, ""confidence"": -1.0 }",1856,2,0.6338,609.784008382823,141.92415948032755,432435.76558512525,4623122.95910541,972.2690460921642,127.37233873167659,0.75412,2,2
Feature,"{ ""height"": 4.6641731262207031, ""confidence"": -1.0 }",1858,3,0.8311,185.51155134066545,62.27413192278185,432102.52924718655,4622658.605143078,404.21728463038187,82.06181033819203,0.88734,3,2
Feature,"{ ""height"": 5.1376314163208008, ""confidence"": -1.0 }",1869,3,0.836,330.32988484272147,85.96349131605051,430902.9494943595,4621855.099454591,180.783940038306,57.71783661408132,0.72736,3,4
Feature,"{ ""height"": 5.573422908782959, ""confidence"": -1.0 }",1871,3,0.8538,95.94623211463366,40.51484933940443,430816.9991524564,4620594.938985449,187.84057496170826,53.95482286811544,0.76704,2,4
Feature,"{ ""height"": 4.8284025192260742, ""confidence"": -1.0 }",1878,3,0.8586,167.3279126562546,54.27751831853814,429978.70077400707,4623033.496960821,126.58284644569139,46.31186952083814,0.7484,3,4
Feature,"{ ""height"": 3.0329971313476558, ""confidence"": -1.0 }",1899,3,0.7474,108.3113454301242,44.07131672808572,428209.3790419724,4616368.828349708,378.47976597261834,82.44669787181044,0.75858,3,3
Feature,"{ ""height"": 4.3441824913024902, ""confidence"": -1.0 }",1908,3,0.8936,121.5482022791921,45.893190634959055,433304.6503356159,4619994.422509902,150.1117939980382,52.5134165310066,0.82012,3,2
Feature,"{ ""height"": 3.133289098739624, ""confidence"": -1.0 }",1914,3,0.8025,149.57567203390877,50.99002102648068,431799.5962078839,4622517.538626472,189.43033958154842,59.16678069817537,0.8196,3,4
Feature,"{ ""height"": -1.0, ""confidence"": -1.0 }",1916,3,0.8707,90.343127362739,39.63546047919288,431440.9698141943,4620028.953100015,216.92521677577798,62.96752498281482,0.8740600000000001,3,4
Feature,"{ ""height"": -1.0, ""confidence"": -1.0 }",1945,2,0.7102,425.49586888621866,126.19650770232084,428858.9104629638,4620507.666148852,905.4974868307996,142.14573935784506,0.81386,2,3
Feature,"{ ""height"": 3.0752720832824698, ""confidence"": -1.0 }",1948,3,0.8524,159.42138669613416,56.281341228741304,427914.3859159702,4618645.741191543,163.2451410088362,56.252569176388384,0.78406,3,3
Feature,"{ ""height"": 6.7810492515563965, ""confidence"": -1.0 }",1955,3,0.855,331.88861786601683,79.28540388898838,433513.99263524,4619507.836788217,341.85239470137765,86.4297870526354,0.8956800000000001,3,2
Feature,"{ ""height"": 3.6382977962493892, ""confidence"": -1.0 }",1968,3,0.8686,184.1287175711566,59.74469974049719,431891.6646258233,4620916.26969223,109.16254841050855,42.599789579382154,0.7928200000000001,3,2
Feature,"{ ""height"": 5.5500402450561523, ""confidence"": -1.0 }",1994,3,0.794,306.39385770111306,74.14182585814137,429554.225594496,4623307.237120964,237.11729805002074,63.37211030868771,0.74558,2,4
Feature,"{ ""height"": 4.5224251747131348, ""confidence"": -1.0 }",2006,3,0.8378,160.20615698925147,52.04588325335986,433415.71520808846,4620044.688654158,143.0977197849062,50.454608820287966,0.8446199999999999,3,2
Feature,"{ ""height"": 5.2847604751586914, ""confidence"": -1.0 }",2044,2,0.8871,742.2020166365635,128.3590131788706,429255.9413988848,4621840.327928633,302.75413118442486,69.96193747337284,0.711,2,4
Feature,"{ ""height"": -1.0, ""confidence"": -1.0 }",2050,3,0.8258,114.43176819892857,44.78323103035522,427715.6883669555,4617002.225575301,126.85079890980032,49.59940977727679,0.8267599999999999,3,3
Feature,"{ ""height"": 6.0565624237060547, ""confidence"": -1.0 }",2060,3,0.8352,317.19996359018677,73.05158859515252,431940.70237445243,4621383.1122519495,214.47240568272838,66.39257152243096,0.7709399999999998,3,2
Feature,"{ ""height"": 5.5212006568908691, ""confidence"": -1.0 }",2083,3,0.9124,104.02867767909262,40.95964009161803,429591.5608396353,4622218.387655759,135.88838696985542,47.175865552541914,0.83696,3,4
Feature,"{ ""height"": 4.3291616439819336, ""confidence"": -1.0 }",2089,3,0.9333,237.8052989449198,68.19283216361555,428813.8166199158,4618330.016918969,220.14604321849242,63.22308642682052,0.77128,3,3
Feature,"{ ""height"": 5.1522369384765616, ""confidence"": -1.0 }",2092,2,0.9408,3373.914549376963,289.9102720213381,428571.5631264714,4623973.639353602,1924.1424010012336,212.22623133471038,0.8196199999999999,2,0
Feature,"{ ""height"": 5.9791302680969238, ""confidence"": -1.0 }",2094,3,0.6888,1384.108988419155,222.61344352488885,428348.5036835623,4616349.47824402,168.51022247387007,53.911735981833,0.77528,3,0
Feature,"{ ""height"": -1.0, ""confidence"": -1.0 }",2097,2,0.5078,142.198463728648,49.384514113241046,427915.96721695655,4620940.54401876,473.55539148408315,102.09922742209825,0.7956999999999999,2,3
Feature,"{ ""height"": 6.1781630516052246, ""confidence"": -1.0 }",2102,3,0.9282,269.0546652161221,69.66840242939627,433049.1344328136,4619952.91682024,178.1781731944029,57.73770913247182,0.8019000000000001,3,2
Feature,"{ ""height"": 4.9386811256408691, ""confidence"": -1.0 }",2103,2,0.5012,1341.8862416992067,205.26828330065385,432908.47788267245,4623101.397807333,1057.4622464882846,146.57154749644144,0.81662,2,0
Feature,"{ ""height"": 4.251396656036377, ""confidence"": -1.0 }",2121,3,0.8221,88.79380589083239,38.103365504851446,431102.4656130117,4622342.088184845,193.30197738067554,55.93135787374238,0.8749600000000001,3,4
Feature,"{ ""height"": 3.5179486274719238, ""confidence"": -1.0 }",2130,3,0.9115,38.62885872985931,26.24397756444707,430223.22380478313,4623907.877651906,200.65389682978588,62.108534377987176,0.74386,0,4
Feature,"{ ""height"": 4.550506591796875, ""confidence"": -1.0 }",2160,3,0.8756,171.30403109394203,57.4678928549022,428320.331494855,4619675.75089919,114.12581309483294,41.586244767328864,0.7802399999999999,3,3
Feature,"{ ""height"": 5.5081663131713867, ""confidence"": -1.0 }",2198,1,0.5982,240.01857419299895,65.60387026803969,429947.39725225815,4617532.756819188,137.73432788012073,47.98204243261602,0.7595200000000001,3,3
Feature,"{ ""height"": 4.8386869430541992, ""confidence"": -1.0 }",2207,3,0.9138,210.9776315855187,63.677592912422256,429441.361956553,4620510.97852957,147.6254801030845,51.92232866397328,0.7452799999999999,3,4
Feature,"{ ""height"": -1.0, ""confidence"": -1.0 }",2226,3,0.5428,22.786302286352623,21.16133645974732,432149.5244445248,4620710.228419056,187.911004638631,57.0744713666969,0.80212,3,2
Feature,"{ ""height"": 3.3018343448638912, ""confidence"": -1.0 }",2246,3,0.6247,89.17135382978996,45.80159568226765,430358.89092793694,4621532.037719827,191.40937079388615,57.350308945622785,0.68606,3,4
Feature,"{ ""height"": 4.7424373626708984, ""confidence"": -1.0 }",2302,3,0.7071,114.60992302610671,42.91225857748625,430259.4033115845,4620202.684222212,859.0380287558885,123.35515714398802,0.7782,2,4
Feature,"{ ""height"": -1.0, ""confidence"": -1.0 }",2311,3,0.854,85.77807410924363,37.15510216093839,429645.58347696386,4619630.512297944,166.05078771876327,53.491060742902015,0.7721600000000001,3,3
Feature,"{ ""height"": 3.206728458404541, ""confidence"": -1.0 }",2318,3,0.8662,101.6766213503913,40.97148712653919,429384.64555069956,4619532.305139625,148.56884828759593,50.58492511298584,0.82792,3,3
Feature,"{ ""height"": 3.1340854167938228, ""confidence"": -1.0 }",2322,3,0.7667,268.04529286537735,68.80114881075009,428863.94376863836,4619047.389984521,214.57207587079515,63.157799563964716,0.8941000000000001,3,3
Feature,"{ ""height"": -1.0, ""confidence"": -1.0 }",2345,3,0.8354,92.3817213674912,38.895142965234434,431771.9359413866,4621769.803316314,158.12402269229628,53.818251939836614,0.7332400000000001,3,4
Feature,"{ ""height"": -1.0, ""confidence"": -1.0 }",2353,3,0.7999,20.56975900745297,18.187894151193223,431296.88802774955,4622224.993408604,211.01299758999454,61.16232403744051,0.8771800000000001,3,4
Feature,"{ ""height"": 4.4542779922485352, ""confidence"": -1.0 }",2383,2,0.6297,522.9322855234467,104.74676050770856,429346.60966985323,4620012.329489195,231.42245574147128,60.81437432588647,0.84826,3,3
Feature,"{ ""height"": 4.2972226142883301, ""confidence"": -1.0 }",2386,3,0.9528,359.0812995282736,84.140536675573,428803.59267679695,4617989.9254162535,189.42012694275977,55.41297390943949,0.7809,3,3
Feature,"{ ""height"": 3.0148227214813228, ""confidence"": -1.0 }",2391,3,0.7655,367.6215710421144,103.64177009114862,428198.8691997188,4616864.870578507,265.16210287939396,68.74034233500636,0.8767400000000001,3,3
Feature,"{ ""height"": 5.4361701011657706, ""confidence"": -1.0 }",2392,3,0.5172,121.2599869705011,48.24764820702649,428034.29142236937,4616393.355371246,98.3063157233079,41.629258687599524,0.72288,3,3
Feature,"{ ""height"": 3.11897873878479, ""confidence"": -1.0 }",2393,3,0.8386,291.16218784304846,74.74263802881782,427849.631778767,4621589.023290102,589.8039188649107,107.28396685317644,0.6657200000000001,2,4
Feature,"{ ""height"": 4.6584839820861816, ""confidence"": -1.0 }",2408,3,0.9038,137.24986598155667,48.08329453522285,431065.07361019246,4621939.260974662,184.07874233139188,57.8694492719206,0.7829200000000001,3,4
Feature,"{ ""height"": 5.1929454803466797, ""confidence"": -1.0 }",2427,3,0.8569,259.9501327056497,68.03696578092672,429916.6322499698,4622696.968618323,199.71111516620903,60.14336924547886,0.80752,3,4
Feature,"{ ""height"": 5.1798105239868164, ""confidence"": -1.0 }",2444,3,0.8685,125.74347667627956,48.09969957250544,433473.4662801894,4620125.666309256,189.7041284083056,58.99000304290786,0.8466400000000001,3,2
Feature,"{ ""height"": 7.2837314605712891, ""confidence"": -1.0 }",2456,3,0.8616,395.9400445102135,80.26354207261545,431246.81861017883,4623028.344234237,923.5743004566381,159.7632131458098,0.8089600000000001,0,4
Feature,"{ ""height"": 7.9359612464904785, ""confidence"": -1.0 }",2458,2,0.9083,328.22020374014306,82.88180715482899,430523.31491741084,4620327.673019507,1015.7366264270931,128.51742488244636,0.78646,2,4
Feature,"{ ""height"": 4.9468960762023935, ""confidence"": -1.0 }",2467,3,0.8867,470.2387339095642,98.10144326522833,429945.1592936072,4620267.232779554,110.04431409028707,43.46767510848309,0.8056999999999999,3,4
Feature,"{ ""height"": 4.0751185417175293, ""confidence"": -1.0 }",2476,3,0.5707,177.63697987377213,57.14451143460016,429500.67750888393,4621633.095178244,199.1595699048458,54.983244226839794,0.7658200000000001,3,4
Feature,"{ ""height"": 4.8764634132385254, ""confidence"": -1.0 }",2498,3,0.8281,207.65088102398508,59.400652991524666,431294.8370885285,4622456.677037032,208.34803972036775,60.700068027836934,0.79442,3,4
Feature,"{ ""height"": 3.4531517028808589, ""confidence"": -1.0 }",2504,3,0.8638,58.25561621894977,32.1408767407648,430412.71345532656,4621705.674852102,198.9591308387034,58.5539322109838,0.73238,3,4
Feature,"{ ""height"": 3.8025000095367432, ""confidence"": -1.0 }",2509,3,0.7777,198.0154683642434,59.03511234031321,430158.0274469748,4623027.707946363,2768.23448773591,147.72802733544353,0.83474,3,4
Feature,"{ ""height"": -1.0, ""confidence"": -1.0 }",2512,3,0.576,61.83635135697593,31.46161865217124,429980.65197346883,4617346.695539387,172.17829843880813,50.72400344223381,0.6994399999999998,3,3
Feature,"{ ""height"": -1.0, ""confidence"": -1.0 }",2513,3,0.8265,217.66184843583173,65.47557504041623,429968.54111503984,4619301.129662662,125.79728086032942,45.40426879198956,0.8360200000000001,3,3
Feature,"{ ""height"": 4.6725740432739258, ""confidence"": -1.0 }",2519,3,0.6693,117.62163218830248,43.55789861428617,429737.1715478906,4618603.5772413295,108.53041554667763,42.091872834639354,0.84952,3,3
Feature,"{ ""height"": -1.0, ""confidence"": -1.0 }",2520,2,0.8348,140.4252284949165,58.82076711233323,429764.4034326466,4623285.740410003,260.6982521514052,73.47898250570675,0.7506600000000001,2,4
Feature,"{ ""height"": -1.0, ""confidence"": -1.0 }",2524,3,0.7953,95.29872566543324,50.05002963335725,429582.9481230519,4618667.310476005,198.7680569230992,60.29200235987936,0.73156,3,3
Feature,"{ ""height"": 3.5713586807250972, ""confidence"": -1.0 }",2537,3,0.9031,202.57818856836232,64.47322332943084,433557.9576146369,4621769.380699704,244.28864534532394,64.88027504125847,0.7820400000000001,3,2
Feature,"{ ""height"": 6.3905124664306641, ""confidence"": -1.0 }",2541,3,0.8687,364.7908090871064,79.78204070309249,433136.07980599353,4619453.906463771,391.47343890135056,84.40864955528998,0.87514,3,2
Feature,"{ ""height"": 6.4677915573120117, ""confidence"": -1.0 }",2542,2,0.796,1115.9548411714136,159.50535266342402,432458.88816207997,4622644.516626004,786.3683299209666,104.42805677397533,0.68564,2,0
Feature,"{ ""height"": -1.0, ""confidence"": -1.0 }",2548,3,0.6861,154.17092840294495,56.55048312833629,431626.4726958038,4619748.27433309,175.2662158159141,57.27752013002398,0.86826,3,4
Feature,"{ ""height"": 3.771193265914917, ""confidence"": -1.0 }",2563,3,0.8251,186.42273691615907,55.606649056449214,430192.7926591309,4621620.302699212,185.53825817153225,57.61401368898872,0.68472,3,4
Feature,"{ ""height"": -1.0, ""confidence"": -1.0 }",2581,3,0.8842,94.12320348688532,39.182829335411895,429563.9229473687,4620991.411255455,160.97664329579862,56.37355715230818,0.81944,3,4
Feature,"{ ""height"": 3.953596830368042, ""confidence"": -1.0 }",2594,3,0.6988,244.55607371998195,68.49923531404806,433589.77207529737,4622487.4290933935,264.0428419058128,71.51050076205419,0.8714000000000001,3,2
Feature,"{ ""height"": 5.3845534324645996, ""confidence"": -1.0 }",2597,3,0.9188,184.9187884122908,56.26677845853754,432823.310113719,4620080.915155196,224.14469301538102,63.86404469883847,0.79298,3,2
Feature,"{ ""height"": -1.0, ""confidence"": -1.0 }",2616,3,0.7195,16.84367402461792,16.473175703694512,430401.08919015515,4622471.802065807,361.7058626136812,90.62825514882529,0.8209399999999999,0,4
Feature,"{ ""height"": 4.0870013236999512, ""confidence"": -1.0 }",2622,3,0.9352,144.21756267210006,63.43314627976278,430084.57462155796,4622166.28534109,158.9940013355399,52.28750128146508,0.78308,3,4
Feature,"{ ""height"": 4.0274500846862793, ""confidence"": -1.0 }",2625,3,0.8672,218.52327586406253,65.23996105919815,429994.5168658358,4618789.5198849635,361.5875198031434,82.13667603236638,0.7048,3,3
Feature,"{ ""height"": -1.0, ""confidence"": -1.0 }",2633,3,0.7133,115.52225521338907,44.54549767128519,429441.46088421746,4621476.419171834,207.85245551077938,55.90313216749611,0.7392399999999999,3,4
Feature,"{ ""height"": 5.3753499984741211, ""confidence"": -1.0 }",2646,3,0.9721,177.02657023863125,53.280828375852835,433211.95633406757,4619827.457272402,212.4628193381298,62.04096478879886,0.8622,3,2
Feature,"{ ""height"": 3.3784666061401358, ""confidence"": -1.0 }",2654,3,0.8146,212.56232404621264,60.47003398240054,432100.1935801978,4620826.162263905,156.3837137332063,51.877884374149836,0.81852,3,2
Feature,"{ ""height"": 6.189661979675293, ""confidence"": -1.0 }",2656,3,0.5043,249.38381320295397,84.88166237131435,431838.3096778036,4621256.614414434,206.35097155410517,57.96785367819329,0.75316,3,2
Feature,"{ ""height"": 4.463047981262207, ""confidence"": -1.0 }",2687,3,0.8478,151.59922898889755,53.65814424120903,428019.7449875466,4618865.175374136,178.92150447783615,58.72791987529897,0.75966,3,3
Feature,"{ ""height"": 5.4290742874145508, ""confidence"": -1.0 }",2702,3,0.8955,98.54980741504744,40.07671392764745,431893.3837781167,4620846.917295924,141.72445483429183,49.6567303948824,0.8202,3,4
Feature,"{ ""height"": 4.8773632049560547, ""confidence"": -1.0 }",2703,3,0.8613,194.09011873860763,56.570161551705034,431829.462087505,4621565.580171541,150.61396864757552,50.67051476865997,0.7678,3,4
Feature,"{ ""height"": 5.3967828750610352, ""confidence"": -1.0 }",2706,3,0.8151,221.74524352478045,63.307640725826914,431442.0305375624,4622888.48621184,204.84290778512758,64.66942889253025,0.78352,3,4
Feature,"{ ""height"": -1.0, ""confidence"": -1.0 }",2750,3,0.8561,60.177285602407856,31.36959512346589,431364.2080087298,4619629.189413495,114.11590557720424,42.4458722927099,0.78296,3,4
Feature,"{ ""height"": -1.0, ""confidence"": -1.0 }",2758,3,0.9055,105.07419242437048,41.41974469727823,430803.87026637146,4619530.754714524,343.8482911973583,74.77223684139388,0.7468,3,3
Feature,"{ ""height"": 5.5305080413818359, ""confidence"": -1.0 }",2790,3,0.6491,164.8729383962473,68.79024861578246,432611.2897819794,4620650.424783137,145.242895569782,49.20717468045948,0.7462799999999999,3,2
Feature,"{ ""height"": -1.0, ""confidence"": -1.0 }",2791,3,0.538,205.250368618727,64.80311050297715,432457.4005592644,4620515.673561791,170.347617107688,63.2479364675713,0.7264999999999999,3,2
Feature,"{ ""height"": 3.143002986907959, ""confidence"": -1.0 }",2803,3,0.6391,97.10617847539038,39.417306921558264,431367.7147602217,4619787.093655585,191.71778807480717,57.55375209445903,0.8513400000000001,3,4
Feature,"{ ""height"": 4.7612547874450684, ""confidence"": -1.0 }",2806,3,0.9103,278.5163755371556,73.76975731657686,431188.0864759789,4622900.8099513715,286.0873962050459,84.28003168381338,0.82732,3,4
Feature,"{ ""height"": 6.4744939804077148, ""confidence"": -1.0 }",2856,3,0.8319,244.96506938706128,62.664763303176464,432792.2313383688,4620192.506139004,209.41832153653348,63.31045209768752,0.81472,3,2
Feature,"{ ""height"": 3.7371406555175781, ""confidence"": -1.0 }",2862,3,0.9063,131.1102910942588,46.76338545672789,431641.3598997609,4620185.057355513,96.52981456020741,39.34284225642483,0.72732,3,4
Feature,"{ ""height"": 3.7367770671844482, ""confidence"": -1.0 }",2864,3,0.7857,200.4991325733033,60.57483108457628,431562.3890623232,4621180.420050619,199.4421809075847,59.658672427645115,0.77214,3,4
Feature,"{ ""height"": 5.470238208770752, ""confidence"": -1.0 }",2872,3,0.7821,83.38702148678766,36.728688267481125,430082.41297312226,4620668.222411099,148.09790706374713,58.168874278263914,0.79588,3,4
Feature,"{ ""height"": 3.8387272357940669, ""confidence"": -1.0 }",2889,3,0.875,182.39072153418965,58.730256607878594,427883.69263063977,4618840.196793747,164.22561899718926,56.41834152099882,0.79724,3,3
Feature,"{ ""height"": 3.4727745056152339, ""confidence"": -1.0 }",2911,3,0.6955,57.66047800962635,30.432285918401185,431006.54965895345,4619992.902175076,197.07733416569528,60.308048439394284,0.83126,3,4
Feature,"{ ""height"": 3.9682958126068111, ""confidence"": -1.0 }",2921,3,0.9132,225.3908933936963,70.5979186353785,430222.34968276264,4620971.534776223,831.4083656239425,110.16016582645167,0.77488,3,4
Feature,"{ ""height"": 5.0493664741516113, ""confidence"": -1.0 }",2924,2,0.5165,74.77395486494855,34.9556420919372,430063.74487963546,4618847.277215853,331.3741269503444,70.98656031747157,0.8002,3,3
Feature,"{ ""height"": 3.6802663803100581, ""confidence"": -1.0 }",2931,3,0.7243,177.49231602121242,65.30066647041063,429794.69763857685,4620263.334335504,313.4742903158074,77.34551170814252,0.85344,3,4
Feature,"{ ""height"": -1.0, ""confidence"": -1.0 }",2933,3,0.7951,74.75952684068741,42.28692782616474,429729.97733759973,4624086.36618736,230.53391031050205,71.21934273263375,0.74696,0,4
Feature,"{ ""height"": 7.3542776107788086, ""confidence"": -1.0 }",2940,2,0.7978,1332.8305091888749,277.2597862854168,428949.7337636336,4620022.060251919,112.75928130477345,43.57714148189105,0.86226,3,0
Feature,"{ ""height"": 4.5641508102416992, ""confidence"": -1.0 }",2945,3,0.7245,157.63613926837132,52.774314372869355,428207.6610349478,4619381.704729914,164.29183105943915,53.97795825211597,0.73994,3,3
Feature,"{ ""height"": 3.2645142078399658, ""confidence"": -1.0 }",2953,3,0.8346,175.6495133406155,59.17106832230594,433612.62255414075,4622383.264468642,211.77225515513632,63.53222930818733,0.82704,3,2
Feature,"{ ""height"": 4.3002595901489258, ""confidence"": -1.0 }",2964,3,0.5806,190.3330221961046,61.25643516165587,432002.6720281987,4620480.591303857,116.84589918166026,46.012660671978644,0.7715000000000001,3,2
Feature,"{ ""height"": 3.0231361389160152, ""confidence"": -1.0 }",2967,3,0.8918,96.46290276550704,40.89522791199497,431528.6231911281,4619739.925085535,186.8078209434017,60.40857117329225,0.8271200000000001,3,4
Feature,"{ ""height"": 3.845665454864502, ""confidence"": -1.0 }",2979,3,0.74,203.67888406049303,62.5414550202118,430700.9786861611,4618824.210918219,676.1287087272244,106.71344025930603,0.78354,3,3
Feature,"{ ""height"": 4.8461251258850098, ""confidence"": -1.0 }",3040,2,0.7817,1201.484064678571,181.07058747052352,430360.93488493934,4623411.737547199,1320.5334490307218,126.74013078559567,0.7743,2,0
Feature,"{ ""height"": 5.0112900733947754, ""confidence"": -1.0 }",3051,3,0.7162,206.17175479717815,60.790229196861816,429577.6305964436,4622434.285903554,177.6383840180568,54.05181462949069,0.8128,3,4
Feature,"{ ""height"": 5.622072696685791, ""confidence"": -1.0 }",3052,3,0.894,308.7354462077747,75.2476473762137,429524.9822353167,4623306.392262514,209.154095455613,55.51761746211738,0.73354,3,4
Feature,"{ ""height"": 3.2483325004577632, ""confidence"": -1.0 }",3071,3,0.9252,222.8292335408649,67.44528056915526,433467.33605150995,4622138.044285323,145.60165984313326,49.0032959337506,0.73184,3,2
Feature,"{ ""height"": 5.6233563423156738, ""confidence"": -1.0 }",3090,3,0.8765,252.56471819518265,63.57634153541757,430846.8123441656,4621474.906871049,289.92854631011534,74.00689139217552,0.79344,3,4
Feature,"{ ""height"": 4.256563663482666, ""confidence"": -1.0 }",3099,3,0.6952,107.66441083436334,43.572819049976914,430045.2738873004,4619516.927276732,776.3847616314197,110.49644746443155,0.78468,3,3
Feature,"{ ""height"": 4.761472225189209, ""confidence"": -1.0 }",3120,3,0.8348,103.75376607861536,41.28808059408446,429158.1187992929,4618700.356365624,226.52121307561492,67.84230988356938,0.83316,3,3
Feature,"{ ""height"": 4.4622902870178223, ""confidence"": -1.0 }",3124,2,0.8789,1141.3635413712486,157.65211023189704,428990.2353588786,4620705.341520886,598.527881011566,117.9902624450373,0.75952,2,0
Feature,"{ ""height"": -1.0, ""confidence"": -1.0 }",3127,2,0.7218,71.47849740336773,33.82809249356703,428509.79912475793,4622258.959493473,4781.153494692617,262.1200776227003,0.78852,2,4
Feature,"{ ""height"": 4.0843334197998047, ""confidence"": -1.0 }",3155,2,0.8658,466.61322649789065,111.61720713227186,430897.58381926233,4620203.842561163,150.66872451979097,49.16902888890347,0.7710400000000001,3,4
Feature,"{ ""height"": 5.8543882369995117, ""confidence"": -1.0 }",3157,3,0.5135,275.7881613059993,81.22434047673744,430884.01491465257,4621797.202038784,150.09970946647468,49.72218914845843,0.7909400000000001,3,4
Feature,"{ ""height"": 4.9103217124938965, ""confidence"": -1.0 }",3158,3,0.69,117.49251528193388,43.42339572453937,430684.89427678206,4619704.82177779,364.4391631901907,79.46669054370463,0.81142,3,3
Feature,"{ ""height"": 3.2132406234741211, ""confidence"": -1.0 }",3179,2,0.8688,832.8518521757139,156.87652613109182,429266.6743800767,4623407.323724697,507.8919987791276,115.73488554368755,0.80114,0,0
Feature,"{ ""height"": 3.946178674697876, ""confidence"": -1.0 }",3181,3,0.8939,138.60251639993422,50.53387165763437,428583.9902404556,4618877.8864342645,182.67594884445674,59.103800730817554,0.81724,3,3
Feature,"{ ""height"": 3.818544864654541, ""confidence"": -1.0 }",3198,3,0.9315,333.8541401548685,76.41068952112053,433600.11958036147,4622726.87720139,306.11638674059554,80.8824477056001,0.9147000000000001,3,2
Feature,"{ ""height"": 5.8873295783996582, ""confidence"": -1.0 }",3201,3,0.9292,374.4700548308931,88.72958187670058,433348.0149011211,4620751.924899296,333.36075291922566,85.03648830619053,0.89358,3,2
Feature,"{ ""height"": 5.6544041633605957, ""confidence"": -1.0 }",3202,3,0.9359,522.9958227588173,109.39633995987268,433288.0382598109,4619634.550361531,278.9000966825114,66.78612067901916,0.82356,3,2
Feature,"{ ""height"": 4.3962850570678711, ""confidence"": -1.0 }",3203,3,0.5322,16.036965499675006,16.01850037115657,433208.653697565,4620303.6858146,117.99491602706821,43.393154838363934,0.86786,3,2
Feature,"{ ""height"": -1.0, ""confidence"": -1.0 }",3211,3,0.7697,65.57450180196705,34.26732922093773,431719.6092320684,4621504.17862951,143.18994389120647,49.10360015254603,0.76662,3,4
Feature,"{ ""height"": -1.0, ""confidence"": -1.0 }",3225,2,0.6862,27.678168915921965,21.654249748221982,430927.7334375919,4620596.724314853,201.49418760145062,57.726942786351934,0.8005599999999999,3,4
Feature,"{ ""height"": 4.4844851493835449, ""confidence"": -1.0 }",3249,3,0.7087,70.02572232424592,35.13031473192239,429498.9872921788,4623164.411469068,133.8255942643096,47.398271164360416,0.84934,3,4
Feature,"{ ""height"": 3.6088130474090572, ""confidence"": -1.0 }",3260,3,0.7991,110.29897418236096,42.887651232670784,433298.50418364414,4622151.106950898,471.49591092639014,96.41573229269453,0.72348,3,2
Feature,"{ ""height"": 4.1988730430603027, ""confidence"": -1.0 }",3266,3,0.8139,88.2199738477653,37.64313835224581,431955.3861815639,4620867.4219555175,139.89574266189857,49.81641880508309,0.8320000000000001,3,2
Feature,"{ ""height"": -1.0, ""confidence"": -1.0 }",3269,3,0.7612,89.40074976711567,38.283066050091634,431764.4917587882,4620422.83609579,98.42575245516643,40.15316122519774,0.7741399999999999,3,4
Feature,"{ ""height"": 3.3866302967071529, ""confidence"": -1.0 }",3290,3,0.7193,181.4685518068305,58.93398902966761,429823.44473854784,4619917.0285982955,127.29090962899195,44.70491178581251,0.796,3,3
Feature,"{ ""height"": -1.0, ""confidence"": -1.0 }",3292,3,0.816,45.44616454895169,34.484311557310306,429569.5818949175,4622044.964490498,115.68164021005035,46.33258806678401,0.80228,3,4
Feature,"{ ""height"": 6.3004636764526367, ""confidence"": -1.0 }",3314,3,0.6256,235.1912243218321,63.15346240513259,432271.90500752843,4622457.574237489,358.22640901096605,73.77131695311017,0.7653399999999999,3,2
Feature,"{ ""height"": 3.402789831161499, ""confidence"": -1.0 }",3322,3,0.7999,113.56633388191744,46.95440449691375,431522.481395076,4621567.861403367,155.9559982215448,51.70318052326742,0.7812000000000001,3,4
Feature,"{ ""height"": 5.3541827201843262, ""confidence"": -1.0 }",3326,3,0.751,190.5269121645237,58.742672991069355,431357.9696052024,4620871.911144795,175.3523176322753,58.32230779234527,0.759,3,4
Feature,"{ ""height"": -1.0, ""confidence"": -1.0 }",3341,3,0.6085,52.867491560283185,29.110041983016885,430050.64533298963,4617293.737609646,136.34376040612912,44.99685587745016,0.6681199999999998,3,3
Feature,"{ ""height"": 4.322843074798584, ""confidence"": -1.0 }",3362,3,0.9313,91.34309848882305,38.86298683190438,428748.8170840388,4619620.474394447,150.53716223524412,55.571939660485,0.88278,3,3
Feature,"{ ""height"": 5.0409660339355469, ""confidence"": -1.0 }",3363,3,0.8596,256.8044506924182,69.70710776278389,428744.06542322383,4618331.877189313,216.34621286899272,62.92023130698685,0.7860199999999999,3,3
Feature,"{ ""height"": 4.2879962921142578, ""confidence"": -1.0 }",3368,3,0.5214,102.55623811170332,41.04529922826248,427756.8078634771,4615702.50342611,208.3179666664675,58.56844755890777,0.7116,3,3
Feature,"{ ""height"": 5.4213123321533203, ""confidence"": -1.0 }",3376,2,0.5887,170.58933093372195,55.16130453462535,432531.15163738036,4622772.138682828,1266.2127094175582,171.08250200431388,0.8004000000000001,2,2
Feature,"{ ""height"": 5.0868778228759775, ""confidence"": -1.0 }",3377,2,0.9594,3334.1044441343397,325.0665225968339,432533.3092148108,4622874.809590421,636.1554218711346,115.25482061624776,0.67278,2,0
Feature,"{ ""height"": 5.9282393455505371, ""confidence"": -1.0 }",3380,0,0.6296,1321.0524643675426,173.8832381333208,432237.21982804796,4622094.889591655,235.0439215075724,63.75756398438989,0.7757,3,0
Feature,"{ ""height"": 5.2401056289672852, ""confidence"": -1.0 }",3388,3,0.615,56.72338420639842,31.343077826440428,431003.2795174605,4621725.696033279,189.71244126281934,59.326296185983175,0.8149599999999999,3,4
Feature,"{ ""height"": 3.216956615447998, ""confidence"": -1.0 }",3393,3,0.5436,113.94506452856734,42.731877355619325,430452.2630727378,4621587.256497563,1304.9989102781406,171.08117506955688,0.70736,3,4
Feature,"{ ""height"": 3.202247142791748, ""confidence"": -1.0 }",3410,3,0.9182,203.1154366558675,62.717624542885446,429023.2252546665,4618147.390983293,145.8443548693518,49.502419527303594,0.6946399999999999,3,3
Feature,"{ ""height"": -1.0, ""confidence"": -1.0 }",3420,3,0.8501,110.50533993604206,57.512734932270774,427790.6499156256,4617197.315635941,163.92280375593137,59.7687551408829,0.74014,3,3
Feature,"{ ""height"": 3.9450180530548091, ""confidence"": -1.0 }",3425,3,0.8266,179.7587429556385,54.774716052220846,427111.3911411339,4619078.67985451,181.12171423152373,58.33026821071801,0.7732600000000001,3,3
Feature,"{ ""height"": 3.9882533550262451, ""confidence"": -1.0 }",3444,3,0.712,97.08787899483993,39.623911281370944,430948.17367683334,4619895.666622271,351.07391678663356,73.18187325168228,0.8235199999999999,3,4
Feature,"{ ""height"": 4.9617557525634775, ""confidence"": -1.0 }",3456,0,0.9272,193.17741313016575,57.76267821007318,430197.46160742844,4623860.341100755,169.7441859497246,55.80479424886197,0.7407200000000002,0,4
Feature,"{ ""height"": 3.8493976593017583, ""confidence"": -1.0 }",3459,0,0.592,82.3609296324653,39.21141397331881,429948.410351046,4617208.059334249,92.88544623779899,37.07099246096343,0.71334,3,3
Feature,"{ ""height"": -1.0, ""confidence"": -1.0 }",3493,3,0.8898,170.01779458776727,63.49942197515951,431574.9172983818,4619678.340160014,172.09684257894963,55.887732360659335,0.82752,3,4
Feature,"{ ""height"": -1.0, ""confidence"": -1.0 }",3503,3,0.8659,192.6682308528327,57.178363789427905,431054.6021406231,4621680.195011583,114.05351652256077,43.5881790748359,0.80346,3,4
Feature,"{ ""height"": 5.484461784362793, ""confidence"": -1.0 }",3510,3,0.8954,205.60487763440705,71.4290029323008,430053.5975911241,4622661.882600318,210.753219481641,62.023541778222906,0.82194,3,4
Feature,"{ ""height"": 4.2337660789489746, ""confidence"": -1.0 }",3515,3,0.8055,76.3149872874068,36.93081779164207,429818.6144503206,4620496.576097708,133.41644129728974,49.422615935129215,0.76712,3,4
Feature,"{ ""height"": 4.6029143333435059, ""confidence"": -1.0 }",3532,3,0.538,136.16337302403718,46.96179517032844,428900.602677995,4618148.35218886,176.47886852788073,54.070052035869935,0.84738,3,3
Feature,"{ ""height"": 4.4647936820983887, ""confidence"": -1.0 }",3535,3,0.6222,281.19092865714157,77.29805384283422,428735.8256584111,4618264.7444172045,216.80947311336575,62.46049673904241,0.8408599999999999,3,3
Feature,"{ ""height"": 3.9036343097686759, ""confidence"": -1.0 }",3559,3,0.8934,180.4265475762644,60.78492368214633,431460.3931468979,4620768.582417202,147.4010892730966,50.414718723981665,0.76402,3,4
Feature,"{ ""height"": 5.9348430633544922, ""confidence"": -1.0 }",3569,3,0.687,142.28941150319858,49.45514382015871,430498.83979742986,4618602.275918788,578.2471326887165,109.81027345543103,0.82,3,3
Feature,"{ ""height"": 3.2864406108856201, ""confidence"": -1.0 }",3578,3,0.7706,29.503039048344817,21.88774420291553,429952.15636539564,4620440.726231497,133.35542919708604,50.29967546601347,0.72234,3,4
Feature,"{ ""height"": -1.0, ""confidence"": -1.0 }",3584,0,0.5937,529.383072834187,102.90625133565489,429637.51087958226,4623634.631452135,341.74445053686117,80.24648286431763,0.8097200000000001,0,4
Feature,"{ ""height"": 4.561732292175293, ""confidence"": -1.0 }",3585,3,0.5812,153.1105158528099,54.968232430559866,429567.46391421504,4623050.567845761,129.4166161062529,46.231487324475346,0.82812,3,4
Feature,"{ ""height"": 4.841118335723877, ""confidence"": -1.0 }",3599,3,0.7651,156.04839262910568,51.87342909304533,433335.45318531455,4619973.031828947,153.76078519430715,52.2766743262798,0.8434000000000001,3,2
Feature,"{ ""height"": 3.4117765426635742, ""confidence"": -1.0 }",3606,3,0.8303,488.7438207607149,124.21797955136154,432064.82948284404,4623060.067480514,301.31169278743545,79.6202997495636,0.79794,3,2
Feature,"{ ""height"": -1.0, ""confidence"": -1.0 }",3614,3,0.7794,75.65283379867135,34.97287023393047,431413.9442869472,4621808.460229034,191.94223080689088,58.66556189160733,0.8607400000000001,3,4
Feature,"{ ""height"": -1.0, ""confidence"": -1.0 }",3622,2,0.7054,108.46666330795132,42.10000159945892,430622.3189412175,4621194.84312461,1287.628950691791,145.21362790183835,0.85266,2,4
Feature,"{ ""height"": 3.6731348037719722, ""confidence"": -1.0 }",3638,3,0.8081,147.70258024433974,58.337305685863384,429585.7077774941,4619866.555041146,175.8291446747996,55.925786231435566,0.76414,3,3
Feature,"{ ""height"": -1.0, ""confidence"": -1.0 }",3642,3,0.6663,130.3188194271601,54.33908692378608,429447.1105924089,4620001.000494182,339.12268755779627,77.1730240944598,0.8569999999999999,3,3
Feature,"{ ""height"": 5.6581902503967276, ""confidence"": -1.0 }",3648,2,0.7411,3681.029961509575,322.29015832121416,428298.6453462819,4623982.088713764,1862.7193185747115,205.75025407473518,0.8595599999999999,2,0
Feature,"{ ""height"": 4.4206867218017578, ""confidence"": -1.0 }",3658,3,0.7451,220.8248862665833,62.28862213994248,432067.2464542695,4622927.49394273,270.04098827783025,76.07616572033828,0.85444,3,2
Feature,"{ ""height"": 3.1733818054199219, ""confidence"": -1.0 }",3671,2,0.7687,340.6814737753547,123.46138909251648,431120.1171471216,4623005.630675884,934.6260146036096,151.12364374182962,0.8275399999999999,3,4
Feature,"{ ""height"": 5.6524205207824707, ""confidence"": -1.0 }",3674,3,0.7843,438.1225979112611,90.71059012255776,431016.57853783615,4622643.612408409,169.55782946030428,56.48649575674777,0.83744,3,4
Feature,"{ ""height"": 3.029904842376709, ""confidence"": -1.0 }",3682,3,0.9127,286.70159677422265,78.62619266460412,430399.22276298405,4621770.014257786,184.75208726870818,54.620013510327944,0.78676,3,4
Feature,"{ ""height"": -1.0, ""confidence"": -1.0 }",3702,3,0.7041,55.840459742056495,32.07518541101191,429174.42384578846,4621284.81767609,664.29205640703,119.75715459695996,0.8122999999999999,3,4
Feature,"{ ""height"": -1.0, ""confidence"": -1.0 }",3727,2,0.8817,11.312526323763304,13.571925214596984,433139.38458814134,4619640.530637445,384.41308814525496,84.45800466303706,0.86524,3,2
Feature,"{ ""height"": 3.4903056621551509, ""confidence"": -1.0 }",3731,3,0.845,267.9258332016262,75.70227030713369,432081.34527236805,4622728.325744834,209.3446902178739,61.11872483104071,0.8835200000000001,3,2
Feature,"{ ""height"": 4.3306541442871094, ""confidence"": -1.0 }",3741,2,0.692,715.5598920165473,133.66440062394776,430460.8173993388,4619355.465497049,97.39342810699927,39.75113210403048,0.8412799999999999,3,3
Feature,"{ ""height"": 3.6418836116790771, ""confidence"": -1.0 }",3746,3,0.8741,79.86837134772973,50.53199686543485,430110.6470687724,4617578.213504381,127.37882511054185,43.93325249835509,0.76934,1,3
Feature,"{ ""height"": 3.7391624450683589, ""confidence"": -1.0 }",3752,3,0.6856,269.1073871398858,81.70338423468537,429955.3167490309,4620552.684696756,105.16079636145575,45.29457822259629,0.76286,3,4
Feature,"{ ""height"": -1.0, ""confidence"": -1.0 }",3756,3,0.8629,609.7959756825587,99.49641569574656,429820.2035431548,4623673.836589466,477.13648441737314,95.63623817683659,0.84866,0,4
Feature,"{ ""height"": -1.0, ""confidence"": -1.0 }",3757,3,0.91,255.8791050396383,92.34761607753504,429760.0685760776,4624128.486431917,165.25684594512444,53.445570225123866,0.75626,3,4
Feature,"{ ""height"": 5.0585842132568359, ""confidence"": -1.0 }",3760,3,0.917,206.9484016829712,60.357863688106995,429639.50543834176,4618770.25856252,125.17144031778483,47.12922159815853,0.78286,3,3
Feature,"{ ""height"": 5.005213737487793, ""confidence"": -1.0 }",3776,3,0.815,94.9105658854333,39.8163749499698,428254.49020470586,4619814.954332468,134.4390385900195,47.69658719259732,0.75492,3,3
Feature,"{ ""height"": -1.0, ""confidence"": -1.0 }",3783,3,0.8597,120.19741342799458,43.89671901580482,427628.3141171286,4616780.643317581,135.85653082105418,51.01247225953546,0.77542,3,3
Feature,"{ ""height"": 3.8252954483032222, ""confidence"": -1.0 }",3787,3,0.9018,209.78082332169836,61.963420821677104,433606.70069995447,4620257.6542596035,222.95584364218354,61.80294261516607,0.82574,3,2
Feature,"{ ""height"": 4.4532694816589347, ""confidence"": -1.0 }",3799,3,0.797,134.41178607184895,48.7567818029309,431593.360400669,4622076.305415449,177.11570402668175,58.00406383182958,0.8502600000000001,3,4
Feature,"{ ""height"": 3.533075094223022, ""confidence"": -1.0 }",3802,3,0.913,153.6685490143464,51.04943303806647,431173.56033962185,4621677.131511034,143.15933011364763,50.56687849489814,0.8355,3,4
Feature,"{ ""height"": -1.0, ""confidence"": -1.0 }",3811,3,0.8905,66.31653939004073,32.74081032226927,430355.6340929611,4619296.137571074,227.2420986323006,59.93585016436619,0.8015800000000001,3,3
Feature,"{ ""height"": 4.2066268920898438, ""confidence"": -1.0 }",3847,3,0.8558,158.6618126879511,58.34963783397506,432187.2274695765,4620384.641416358,189.23589236147657,65.8035997531627,0.6875199999999999,3,2
Feature,"{ ""height"": 3.1455302238464351, ""confidence"": -1.0 }",3851,3,0.5411,71.54040784568994,33.8326846004422,431746.6939581435,4621154.298701576,198.27556985028298,61.37946770129499,0.7283200000000001,3,4
Feature,"{ ""height"": -1.0, ""confidence"": -1.0 }",3870,0,0.7231,614.2337331190623,103.1140287450768,429745.15957420034,4623664.243641155,357.2868045824259,82.27494178152465,0.8511599999999999,3,4
Feature,"{ ""height"": 4.4069294929504395, ""confidence"": -1.0 }",3888,3,0.8851,196.13110847901075,59.14597469239071,427814.1860624987,4618996.344634772,170.61317373168464,56.97753090726578,0.7889999999999999,3,3
Feature,"{ ""height"": 5.8438162803649902, ""confidence"": -1.0 }",3909,2,0.6256,654.0354236009,108.4844605292556,430857.92164887965,4621386.673561358,257.0817870774355,74.70245047769484,0.8375,3,4
Feature,"{ ""height"": 4.5270919799804688, ""confidence"": -1.0 }",3912,3,0.6958,144.2736862997936,54.538647230871526,430345.5804375835,4619352.544017563,198.60444229916106,53.26960142523642,0.8341,3,3
Feature,"{ ""height"": 6.7183742523193359, ""confidence"": -1.0 }",3914,3,0.7786,259.92923363010925,67.95862005996264,430071.49571497226,4617670.946248035,78.47031427909221,37.6244629388353,0.7635200000000001,3,3
Feature,"{ ""height"": 3.013651847839355, ""confidence"": -1.0 }",3921,3,0.8775,116.13471620154156,49.19003158397954,429682.2270114465,4621909.717638671,121.10673411319257,50.11635799398239,0.8233599999999999,3,4
Feature,"{ ""height"": 3.5311670303344722, ""confidence"": -1.0 }",3932,3,0.8505,335.99311972300694,77.48741530587604,428159.0517277264,4617182.273588507,313.1057303824303,80.80826929115548,0.86086,3,3
Feature,"{ ""height"": 5.3772330284118652, ""confidence"": -1.0 }",3945,3,0.6265,260.73668871944074,70.5324987030123,432737.45647017844,4620647.402594352,170.48906144311135,56.21790661764537,0.80106,3,2
Feature,"{ ""height"": -1.0, ""confidence"": -1.0 }",3975,2,0.6689,207.50014678962287,73.29695744670171,429674.83751401166,4623274.162221334,164.52278727447793,58.37176372905967,0.78406,3,4
Feature,"{ ""height"": 4.8709564208984375, ""confidence"": -1.0 }",3981,2,0.9258,989.7172214988864,129.4781803848275,429279.90222346224,4621121.313473547,101.25464057762304,41.98141420563496,0.74468,3,4
Feature,"{ ""height"": 4.216153621673584, ""confidence"": -1.0 }",3999,3,0.9398,193.2608870752334,58.526310370345435,433493.21008551435,4621444.925028221,308.8554397521755,85.34305588044323,0.8239999999999998,3,2
Feature,"{ ""height"": 3.8348002433776851, ""confidence"": -1.0 }",4014,3,0.8737,73.3383826850149,35.205064947110735,431383.49909048853,4620877.883798412,185.82530913701777,59.97633402928962,0.7011799999999999,3,4
Feature,"{ ""height"": 3.6612880229949951, ""confidence"": -1.0 }",4015,3,0.9247,350.0196210521023,80.61349665877555,431203.3897217657,4622154.359453003,110.97006272578923,43.51635227253936,0.84428,3,4
Feature,"{ ""height"": 6.0060200691223136, ""confidence"": -1.0 }",4019,3,0.8045,214.0930074329923,61.40754651399923,430895.55544200103,4620318.182035182,221.51212456380426,62.789318767392636,0.84842,3,4
Feature,"{ ""height"": 5.0673823356628418, ""confidence"": -1.0 }",4028,3,0.7291,299.9996881796122,81.49349063992213,430043.095039011,4622615.844684702,181.7384140455485,58.913925028854564,0.8104199999999999,3,4
Feature,"{ ""height"": 3.9981775283813472, ""confidence"": -1.0 }",4035,3,0.8683,598.370106242747,116.45718745478806,429739.5275362136,4620285.606659106,146.5135955342789,53.710673369342125,0.7724,3,4
Feature,"{ ""height"": 4.8818321228027344, ""confidence"": -1.0 }",4044,3,0.9181,128.77759264715246,46.55017884822194,428748.69315402664,4619213.705316518,125.36750772999369,43.80087628393117,0.8455999999999999,3,3
Feature,"{ ""height"": 3.4761319160461421, ""confidence"": -1.0 }",4050,3,0.8194,161.1359459541739,55.68441597392463,427759.56825368764,4616661.045655036,135.90328102191438,49.60068658118662,0.7616,3,3
Feature,"{ ""height"": 3.8886990547180171, ""confidence"": -1.0 }",4062,3,0.9286,232.19848549102863,68.03978036185863,432096.10238163883,4620760.257583187,153.93947923141712,50.215119526907884,0.75966,3,2
Feature,"{ ""height"": 5.7597222328186026, ""confidence"": -1.0 }",4080,3,0.7857,71.31542050991854,33.829655570373504,430404.55883521086,4622533.674448559,322.3010101386377,78.67985055627166,0.81586,3,4
Feature,"{ ""height"": 3.0389678478240958, ""confidence"": -1.0 }",4087,3,0.9005,286.3938000623286,73.90932724548716,429360.1631962187,4619149.38396402,348.41073785782044,68.69027398502712,0.8279400000000001,3,3
Feature,"{ ""height"": 3.5678894519805913, ""confidence"": -1.0 }",4102,3,0.8954,208.0286955221891,63.2539719241514,433543.1232271211,4622439.487536046,341.97135362368164,79.4979822289112,0.8259000000000001,3,2
Feature,"{ ""height"": 4.0779528617858887, ""confidence"": -1.0 }",4103,3,0.8855,229.4484708365891,64.047607407617,433506.79033071763,4621832.675133557,253.75612834324323,67.08776003294342,0.77238,3,2
Feature,"{ ""height"": 5.9310016632080078, ""confidence"": -1.0 }",4121,2,0.7627,314.6036022885965,78.85918773185102,430635.81371413183,4621700.454030327,227.47610122571115,57.774962393617145,0.7786,3,4
Feature,"{ ""height"": 3.4419984817504878, ""confidence"": -1.0 }",4137,3,0.9124,200.3923249910809,56.95421046778371,429714.03302155674,4623043.739305265,135.60193884442998,49.66685505386033,0.80288,3,4
Feature,"{ ""height"": 3.0894045829772949, ""confidence"": -1.0 }",4143,3,0.8031,230.5748835596353,62.48025389048263,429526.6095734087,4623050.995677853,113.92374256488779,44.72908303249079,0.78374,3,4
Feature,"{ ""height"": 3.217573881149292, ""confidence"": -1.0 }",4145,0,0.6616,294.91522617648377,70.7914535498983,429465.8235003987,4623946.090928747,710.0402956890484,104.71503647441409,0.8064799999999999,0,4
Feature,"{ ""height"": 4.0090217590332031, ""confidence"": -1.0 }",4160,3,0.8846,208.76299211038705,58.75426727346236,433327.69941799593,4620189.045341002,146.13911183832477,49.726842457249084,0.8751,3,2
Feature,"{ ""height"": 5.8716778755187988, ""confidence"": -1.0 }",4165,3,0.9092,196.01544777489676,60.32409018586332,432399.42765223735,4620114.163489435,225.5423136921091,62.08384123925739,0.8860600000000002,3,2
Feature,"{ ""height"": 5.5445132255554199, ""confidence"": -1.0 }",4172,3,0.7612,72.19792392890099,34.07060854348422,431796.21257148427,4620541.024947924,156.59172825011356,49.692674980735056,0.78796,3,4
Feature,"{ ""height"": 5.3659725189208984, ""confidence"": -1.0 }",4190,0,0.867,660.9971237916611,146.32946492131296,430387.3225480266,4622477.739833181,232.87517266027254,64.65699730530162,0.7914399999999999,3,0
Feature,"{ ""height"": 4.082129955291748, ""confidence"": -1.0 }",4197,3,0.7329,264.10562706335725,76.05910340636773,429969.6029695916,4622536.019466779,184.12384527246527,56.54589784691134,0.8610599999999999,3,4
Feature,"{ ""height"": -1.0, ""confidence"": -1.0 }",4198,3,0.699,39.504484836053685,25.32705219220925,429932.67116100556,4622665.336185268,243.80024474012825,68.68535196322235,0.8391,3,4
Feature,"{ ""height"": 3.2367660999298091, ""confidence"": -1.0 }",4203,3,0.6475,206.15448019743633,61.90634844071799,429520.23324188025,4619694.030965686,146.8540970934436,49.78489691972366,0.7534599999999999,3,3
Feature,"{ ""height"": 4.4642586708068848, ""confidence"": -1.0 }",4271,3,0.8657,263.8707061329484,69.23443528958211,428838.7351068862,4619137.332910468,137.24296741090888,46.160449675044596,0.8384200000000002,3,3
Feature,"{ ""height"": 4.8131866455078125, ""confidence"": -1.0 }",4280,3,0.8363,171.62037638392923,58.09053367050925,427945.51095329126,4618697.844331171,162.30457752219854,56.33541329205559,0.75984,3,3
Feature,"{ ""height"": 4.4555888175964347, ""confidence"": -1.0 }",4315,3,0.8731,181.74967475150004,59.93563159540261,430076.56858994835,4623080.684586835,137.6493382703728,47.57790193294143,0.8180799999999999,3,4
Feature,"{ ""height"": 3.516338586807251, ""confidence"": -1.0 }",4319,3,0.7084,236.4998392583049,67.18703446804324,429833.9862917925,4622074.989262452,173.50935810642662,57.195535160279896,0.85404,3,4
Feature,"{ ""height"": 4.5265698432922363, ""confidence"": -1.0 }",4322,3,0.8371,112.86056105817732,43.62572585808122,429715.3246900075,4623091.8121858705,140.74002606302284,49.8652303741771,0.87226,3,4
Feature,"{ ""height"": 5.0333461761474609, ""confidence"": -1.0 }",4325,3,0.858,129.2228014602744,46.07437431020186,429605.7845661176,4623097.855075681,167.52391508042342,53.83749674774906,0.80596,3,4
Feature,"{ ""height"": 4.0108213424682617, ""confidence"": -1.0 }",4335,3,0.7466,77.97999065665604,35.593505168386876,428597.5413564322,4618944.129507246,184.03258982966446,59.25535804798568,0.8453199999999998,3,3
Feature,"{ ""height"": 4.8933038711547852, ""confidence"": -1.0 }",4343,3,0.831,178.62892268444236,55.83957489440641,427383.9435495924,4619055.374496303,150.32430502020404,52.71326241827851,0.83016,3,3
Feature,"{ ""height"": 5.8646020889282227, ""confidence"": -1.0 }",4370,3,0.5771,193.32936652944176,67.96760048110555,431309.4116980581,4620880.226017192,174.7918267592917,56.47732229433804,0.79378,3,4
Feature,"{ ""height"": 4.0869698524475098, ""confidence"": -1.0 }",4374,3,0.8823,161.48169846334633,55.185736555223215,431056.50129825174,4620944.039809862,202.5174571683212,61.441889652989275,0.76476,3,4
Feature,"{ ""height"": 5.5235047340393066, ""confidence"": -1.0 }",4395,3,0.8649,154.95907243527114,49.880734784468146,429556.6298622804,4622069.639973318,93.77905863278646,43.25330342135244,0.7925,3,4
Feature,"{ ""height"": 3.3227744102478018, ""confidence"": -1.0 }",4420,3,0.7512,239.49844885402467,64.5025975559883,432586.4358783234,4620987.125680944,217.16240478046478,64.13460262124988,0.86782,3,2
Feature,"{ ""height"": 5.3177661895751953, ""confidence"": -1.0 }",4426,3,0.7981,205.92412618342644,61.19230167985337,431621.32247638376,4621163.036926,184.72356733503997,54.78885325579862,0.7632000000000001,3,4
Feature,"{ ""height"": 6.6568102836608887, ""confidence"": -1.0 }",4441,0,0.9666,1014.7804454564132,148.66981147209407,430056.6335630837,4618764.74340359,170.23274763726553,60.16795970271293,0.7450600000000001,3,0
Feature,"{ ""height"": 3.6804423332214351, ""confidence"": -1.0 }",4452,3,0.8967,170.39271801174945,59.39004140266183,429599.09903371864,4621783.114085425,198.98075620675957,57.16069344423048,0.7604200000000001,3,4
Feature,"{ ""height"": 4.2542281150817871, ""confidence"": -1.0 }",4477,3,0.6614,184.86805339139,55.38400591508867,431696.77538107155,4621608.181353023,119.15962883146366,44.470914035961144,0.80368,3,4
Feature,"{ ""height"": -1.0, ""confidence"": -1.0 }",4489,2,0.9365,738.8257366759046,120.6380101320279,430550.9067690856,4619024.119930381,517.1023982448858,87.6574095237168,0.81006,3,3
Feature,"{ ""height"": 3.2204265594482422, ""confidence"": -1.0 }",4493,3,0.9228,220.6303589052804,62.97373633980207,430158.602173641,4621806.487309967,140.27284618792805,48.03594686905378,0.64162,3,4
Feature,"{ ""height"": 3.0152139663696289, ""confidence"": -1.0 }",4494,3,0.918,156.46443871312275,52.5691815122011,429960.60944905627,4619852.481139565,320.0724566118405,65.36464194311768,0.7936,3,3
Feature,"{ ""height"": 4.3451180458068848, ""confidence"": -1.0 }",4499,3,0.8894,117.7875243328136,49.86645317189553,429686.35819954105,4620861.834448273,125.3342737124035,47.181788648650354,0.8396399999999999,3,4
Feature,"{ ""height"": -1.0, ""confidence"": -1.0 }",4523,3,0.5677,102.54358178894812,40.50720604344531,431645.2050435643,4620335.2587764235,70.6468276580166,33.41806666305901,0.73518,3,4
Feature,"{ ""height"": -1.0, ""confidence"": -1.0 }",4524,3,0.8893,216.01179833984312,64.88459828188694,431483.9550084761,4619799.34478356,131.46806292412452,45.68419572160293,0.84346,3,4
Feature,"{ ""height"": -1.0, ""confidence"": -1.0 }",4546,3,0.9226,36.652529977883674,24.420878917004707,429761.47844811104,4623934.243140724,198.8706153928215,60.04277488162344,0.7731799999999999,3,4
Feature,"{ ""height"": -1.0, ""confidence"": -1.0 }",4549,3,0.8378,118.76979147159982,43.62572454026755,429402.87927409506,4619854.934494561,275.12679551919456,70.0454275991324,0.8332799999999999,3,3
Feature,"{ ""height"": 3.5784649848937988, ""confidence"": -1.0 }",4552,3,0.7882,129.81246890188365,47.64215792324923,429243.34578065947,4621205.477501885,649.4976545750646,116.6437600945125,0.79548,3,4
Feature,"{ ""height"": 5.1221380233764648, ""confidence"": -1.0 }",4558,2,0.8149,2318.882326410246,353.1150049969054,428239.8284898427,4623991.085443464,2135.1488455945773,199.58528473959691,0.8448,2,0
Feature,"{ ""height"": 3.6516501903533931, ""confidence"": -1.0 }",4564,3,0.8309,206.267931757258,64.16958671036448,427881.5844695306,4618967.91634145,173.60497137972126,57.27149781175932,0.8168,3,3
Feature,"{ ""height"": 5.383631706237793, ""confidence"": -1.0 }",4567,3,0.9584,368.4044859673232,92.75651833987158,433607.5261036257,4622843.984011042,324.57058732291915,77.10162445422178,0.9173199999999999,3,2
Feature,"{ ""height"": 5.1709661483764648, ""confidence"": -1.0 }",4570,3,0.9818,505.39820901548705,103.24118473480932,433218.0609626344,4619430.1634128615,363.3519589156745,79.71682074894662,0.8525200000000002,3,2
Feature,"{ ""height"": 3.8339319229125972, ""confidence"": -1.0 }",4587,3,0.8867,179.29402604947808,60.876830282992074,431260.2007283164,4622752.797001392,208.96342733879837,61.48663995126121,0.8135200000000001,3,4
Feature,"{ ""height"": 4.5212945938110352, ""confidence"": -1.0 }",4594,3,0.9285,145.40260432967463,65.996883756196,430345.9678414248,4622259.5893232105,262.3366932211588,71.78954794951551,0.8185400000000002,3,4
Feature,"{ ""height"": -1.0, ""confidence"": -1.0 }",4601,2,0.9127,52.217822529025035,28.93814530530449,429984.5661253529,4621636.108440818,155.2122260271336,51.76983578688864,0.86704,3,4
Feature,"{ ""height"": 3.6949152946472172, ""confidence"": -1.0 }",4617,3,0.9044,243.2520822777787,71.93041227607185,426750.23709943367,4614553.57939913,297.5476592250046,70.50738737817022,0.7341,3,3
Feature,"{ ""height"": 3.2763445377349849, ""confidence"": -1.0 }",4619,3,0.6979,294.01212619682855,73.04181428467518,432989.60877968307,4620769.552379458,273.0265300663958,73.6787041207984,0.8394400000000001,3,2
Feature,"{ ""height"": 3.3594498634338379, ""confidence"": -1.0 }",4622,3,0.882,165.298541239438,54.26936566317264,432157.35083191737,4620909.27927751,184.47813222191854,58.11027243516419,0.8393,3,2
Feature,"{ ""height"": 3.2715458869934082, ""confidence"": -1.0 }",4626,3,0.8706,144.93936520727118,49.40547163547417,431672.12653915456,4620021.209801273,152.3994503544869,51.39375847885799,0.7587200000000001,3,4
Feature,"{ ""height"": 4.0937051773071289, ""confidence"": -1.0 }",4627,3,0.8844,172.13852384875915,55.89067019136621,431424.7528196512,4619982.974292061,200.56613747857392,59.71648304038015,0.8713200000000001,3,4
Feature,"{ ""height"": 3.6898748874664302, ""confidence"": -1.0 }",4633,3,0.6918,202.18070548214212,61.445374869954875,430966.0552697375,4621962.514063141,214.90552985119493,65.17328573503359,0.8050200000000001,3,4
Feature,"{ ""height"": -1.0, ""confidence"": -1.0 }",4642,3,0.5304,239.14588289025653,68.75956360889609,430237.76496232394,4621537.586952898,172.08460425172706,54.507912343011114,0.76732,3,4
Feature,"{ ""height"": -1.0, ""confidence"": -1.0 }",4647,3,0.9083,104.04372082573096,40.94927261736706,430067.30916500837,4622003.712264821,131.54046183042834,50.42931321762195,0.7034800000000001,3,4
Feature,"{ ""height"": 3.1005444526672359, ""confidence"": -1.0 }",4685,3,0.8229,154.66871930030496,52.68771045159951,431327.1762222291,4621942.918577384,170.58679676237554,54.84969055761642,0.85928,3,4
Feature,"{ ""height"": 5.6725468635559082, ""confidence"": -1.0 }",4699,0,0.8088,270.24899703189715,68.44765431553334,429963.79877796845,4617423.463965461,131.47352240867514,43.62977199041266,0.6298999999999999,3,3
Feature,"{ ""height"": 4.2589244842529297, ""confidence"": -1.0 }",4707,3,0.8708,109.3600414499675,43.8667776115967,429624.1676795229,4621855.8184908945,122.4616690635074,51.18100878845896,0.8247,3,4
Feature,"{ ""height"": 3.2057299613952632, ""confidence"": -1.0 }",4718,3,0.8071,163.2181799432268,54.30955863557347,428412.4444985017,4619836.887252895,132.62040687711672,48.60638575920983,0.8375,3,3
Feature,"{ ""height"": -1.0, ""confidence"": -1.0 }",4726,3,0.7301,163.28047198967994,54.75235533240782,427486.4683424321,4619083.157392517,162.93274887111824,55.333234591996394,0.8210200000000001,3,3
Feature,"{ ""height"": 4.9369778633117685, ""confidence"": -1.0 }",4733,3,0.7509,130.60331370942208,50.113753686175464,433263.77484733623,4620018.386929789,144.70530713190112,51.63394118436538,0.86076,3,2
Feature,"{ ""height"": 5.0710315704345703, ""confidence"": -1.0 }",4747,0,0.9446,641.746992722382,134.5302620355909,430387.21622073074,4622452.75184644,236.72519887412835,67.01683788244603,0.7759199999999999,3,4
Feature,"{ ""height"": 5.3582744598388672, ""confidence"": -1.0 }",4763,3,0.8915,112.6118816671921,43.40056497879837,429574.791951849,4619739.851663101,162.73155367824697,54.42436838827079,0.70838,3,3
Feature,"{ ""height"": 3.3240869045257568, ""confidence"": -1.0 }",4776,3,0.9221,322.5852661670745,77.6379802644426,428099.1369209494,4617147.650742352,315.78730109361675,80.77815629944219,0.8465400000000001,3,3
Feature,"{ ""height"": 3.5481069087982169, ""confidence"": -1.0 }",4777,3,0.9063,302.9438013751329,84.78872022763402,428065.3833482133,4617116.809431047,319.71559405200503,79.34800830680389,0.8497,3,3
Feature,"{ ""height"": 5.4015297889709473, ""confidence"": -1.0 }",4781,3,0.7177,103.78344821761964,42.22550513284794,427091.0811267159,4619040.157759351,196.3167731791275,60.8401103945926,0.79504,3,3
Feature,"{ ""height"": 5.3332271575927734, ""confidence"": -1.0 }",4821,3,0.6106,1248.3249126889812,205.99883591211673,429523.72997248446,4618433.266063348,146.1822310909198,49.91547229214145,0.7004400000000001,3,0
Feature,"{ ""height"": 3.2264769077301021, ""confidence"": -1.0 }",4835,3,0.8581,226.5149744933935,67.63183722340065,432587.4377232706,4620962.0952971345,220.22042466647403,63.299260236127,0.84246,3,2
Feature,"{ ""height"": -1.0, ""confidence"": -1.0 }",4839,3,0.889,199.10070793157837,62.08081011634362,432007.69150705764,4620768.921709363,141.12586748984228,49.307776302200445,0.8309799999999999,3,2
Feature,"{ ""height"": 3.763787984848022, ""confidence"": -1.0 }",4844,3,0.829,184.28377271649737,61.43179153426765,431294.90583592985,4621033.15697422,160.86638126371636,52.54854876553295,0.7768200000000001,3,4
Feature,"{ ""height"": 6.1276893615722656, ""confidence"": -1.0 }",4861,3,0.8592,249.00571121099617,64.14911089226771,430031.3892660541,4618507.172747423,451.7654153758282,85.5303738513796,0.81458,3,3
Feature,"{ ""height"": 5.3351764678955078, ""confidence"": -1.0 }",4863,3,0.8376,116.50498885378131,43.329546477035635,429783.4823474575,4618533.199754811,133.37989965672895,48.23467768963849,0.81548,3,3
Feature,"{ ""height"": 4.0122323036193848, ""confidence"": -1.0 }",4879,3,0.8748,194.6402073006349,58.16430090331602,427154.09314582864,4618961.842198814,178.14542136252447,57.65235124049899,0.7636200000000001,3,3
Feature,"{ ""height"": 3.238429069519043, ""confidence"": -1.0 }",4886,3,0.8175,70.65082010065007,33.80286868305534,432433.8701821519,4620710.740692139,157.45721013919825,55.44700522030382,0.7359,3,2
Feature,"{ ""height"": 4.0663013458251953, ""confidence"": -1.0 }",4897,2,0.8073,271.5289710392317,72.40046758222606,430908.7864506296,4621319.50914397,277.91567800253387,69.66392055005285,0.78338,3,4
Feature,"{ ""height"": 4.8024578094482422, ""confidence"": -1.0 }",4921,3,0.8094,109.01363965241896,42.12074431071998,429739.26597318717,4618523.287594695,110.25201405385435,42.3793036953526,0.8215,3,3
Feature,"{ ""height"": 6.0906362533569336, ""confidence"": -1.0 }",4928,2,0.969,2420.286042708859,223.4765194635883,429366.53938657296,4623880.818774487,347.4483610901344,81.54466051224225,0.7826799999999998,3,0
Feature,"{ ""height"": 4.2035746574401847, ""confidence"": -1.0 }",4929,3,0.9007,177.6073494170554,57.236262037076635,429257.193548508,4619183.811044953,378.8323775134416,73.27059570985054,0.80784,3,3
Feature,"{ ""height"": 5.398688793182373, ""confidence"": -1.0 }",4937,3,0.718,158.9178841979527,55.167564118206656,433580.80261526455,4620275.131806504,233.12843146693268,63.162113955860164,0.8625,3,2
Feature,"{ ""height"": 5.8604769706726074, ""confidence"": -1.0 }",4939,3,0.856,191.99215937457143,59.42309054684824,433229.3749571142,4619879.004290477,191.8169792242469,58.180892205549945,0.8791800000000001,3,2
Feature,"{ ""height"": -1.0, ""confidence"": -1.0 }",4953,3,0.6009,148.3529211415981,54.97248253281623,431304.8896898631,4620377.419549835,129.9988021380531,46.52668875057889,0.8309000000000001,3,4
Feature,"{ ""height"": -1.0, ""confidence"": -1.0 }",4959,3,0.8777,254.486589145303,85.60311095686487,430719.91404183744,4621391.2764102975,526.8230099001421,96.16185553313026,0.82578,2,4
Feature,"{ ""height"": 3.9831018447875972, ""confidence"": -1.0 }",4992,3,0.9187,214.6557512159445,62.77418815170347,428321.8518273488,4616225.990321985,372.47917503193105,80.9340858151675,0.7359600000000001,3,3
Feature,"{ ""height"": 4.0638899803161621, ""confidence"": -1.0 }",4996,3,0.8954,298.93563031391835,76.84074976011942,433523.5984907139,4620217.8268429,175.8478906220195,56.39596229629395,0.81616,3,2
Feature,"{ ""height"": 3.236041784286499, ""confidence"": -1.0 }",5002,3,0.8933,109.11624858598196,43.63085717740152,431509.1073759278,4622370.724090228,187.34052663464527,56.329297619352054,0.84544,3,4
Feature,"{ ""height"": 4.4050426483154297, ""confidence"": -1.0 }",5006,3,0.6625,180.84221254235393,54.73780369442647,430941.7633721058,4620951.343745558,184.30560223120926,58.24875952423813,0.81166,3,4
Feature,"{ ""height"": 4.5071725845336914, ""confidence"": -1.0 }",5008,3,0.8311,155.2247005562145,54.964109153165715,430180.1928917129,4622267.883543908,162.93830019486694,58.332606441436766,0.7935199999999999,3,4
Feature,"{ ""height"": 4.7214789390563965, ""confidence"": -1.0 }",5027,3,0.8131,203.93603439974876,64.7680152534004,427698.62044463924,4619020.524687338,172.80419554249573,56.83893249647044,0.7990600000000001,3,3
Feature,"{ ""height"": 5.9973063468933097, ""confidence"": -1.0 }",5029,3,0.8855,165.36880811037275,55.76593558699345,433583.15239799494,4623379.073989291,248.67999825324068,68.50106041371748,0.7983600000000001,3,2
Feature,"{ ""height"": 4.0623693466186523, ""confidence"": -1.0 }",5071,0,0.5443,403.67857339534726,85.53812245490553,433551.12876708416,4621873.419479533,218.91010783149164,62.78965702348571,0.84062,3,2
Feature,"{ ""height"": 4.578305721282959, ""confidence"": -1.0 }",5086,3,0.576,81.55586534331746,36.24738547603083,432102.79775951896,4620219.97661317,178.8983600921851,58.2912692902451,0.7790799999999999,3,2
Feature,"{ ""height"": 5.0899934768676758, ""confidence"": -1.0 }",5089,3,0.8664,78.69299261414233,35.57893353280083,431838.2178029497,4622263.5297884075,131.68922517930207,46.86956716182991,0.8402,3,4
Feature,"{ ""height"": 4.0988340377807617, ""confidence"": -1.0 }",5097,3,0.8447,89.30626932407013,37.81078472548769,431373.7452984011,4619994.491717504,217.13258838351175,63.332460133555855,0.87926,3,4
Feature,"{ ""height"": 4.8545904159545898, ""confidence"": -1.0 }",5112,3,0.7536,260.7080452507983,70.71555374856652,430404.72179272166,4622576.153118201,284.42248519046177,71.30267092063306,0.8222799999999999,3,4
Feature,"{ ""height"": 3.1562974452972412, ""confidence"": -1.0 }",5113,3,0.7516,196.01541142655705,57.899799634892574,430220.7837313913,4620698.032062711,85.33841309182351,41.04280540272292,0.6952399999999999,3,4
Feature,"{ ""height"": 5.1062121391296387, ""confidence"": -1.0 }",5126,3,0.8283,227.4998460696251,65.70987896079268,429699.31340004684,4619688.647040267,167.23585661779413,52.346465279191804,0.7625200000000001,3,3
Feature,"{ ""height"": 3.2873878479003902, ""confidence"": -1.0 }",5145,3,0.9017,253.91083967684511,68.13326442520184,433243.9314230354,4620195.008554455,179.50566421012832,56.88119885299544,0.8682000000000001,3,2
Feature,"{ ""height"": 5.4356398582458496, ""confidence"": -1.0 }",5154,3,0.8333,256.4462767948944,72.4773269268767,432059.7262745974,4621587.308747487,207.83421798996773,62.6575481237933,0.8281000000000001,3,2
Feature,"{ ""height"": 5.4419355392456055, ""confidence"": -1.0 }",5155,3,0.6177,246.1238150280258,64.06528874677437,432053.99686324224,4621976.332588538,247.15517897111073,66.96864995468577,0.82446,3,2
Feature,"{ ""height"": 4.9489774703979492, ""confidence"": -1.0 }",5211,3,0.9051,254.5585914106656,69.06424302744436,431737.58411115594,4620975.289105775,119.21496809690511,45.34186253444808,0.72976,3,4
Feature,"{ ""height"": 4.256690502166748, ""confidence"": -1.0 }",5221,3,0.8646,263.06570322138157,72.5001738511739,430938.0728519871,4620851.4205070045,228.7106209272576,65.48562891753956,0.71922,3,4
Feature,"{ ""height"": 3.506382942199707, ""confidence"": -1.0 }",5235,3,0.9231,174.9461712007965,71.72097160632605,429959.60894637957,4620671.41257166,111.34405657222996,43.81248231868953,0.74018,3,4
Feature,"{ ""height"": 4.1692638397216797, ""confidence"": -1.0 }",5247,2,0.9132,620.9192873921833,109.35633467767084,429345.24040047504,4619975.883549945,211.82505536772396,59.89245949189401,0.79156,3,3
Feature,"{ ""height"": -1.0, ""confidence"": -1.0 }",5298,3,0.8196,106.57273099275032,51.34772546568163,429709.38560850587,4621970.397197783,111.1278373781661,46.434130335994155,0.8106599999999998,3,4
Feature,"{ ""height"": -1.0, ""confidence"": -1.0 }",5308,3,0.581,262.6557933439009,67.76315307987032,428584.8813398923,4616389.860579465,377.3727752376875,81.86679774878249,0.7646599999999999,3,3
Feature,"{ ""height"": 3.5048437118530269, ""confidence"": -1.0 }",5312,3,0.9166,316.90269683651184,78.70116747291613,427936.0678467823,4617235.650024793,234.9360051294634,71.35714059444682,0.82638,3,3
Feature,"{ ""height"": -1.0, ""confidence"": -1.0 }",5314,3,0.6444,107.08413655809936,52.64632765397452,427734.73286609433,4617313.557412844,195.25372763547347,65.29337842734756,0.78284,3,3
Feature,"{ ""height"": 5.4306325912475586, ""confidence"": -1.0 }",5316,3,0.8818,250.64325636018745,77.93630111004694,433632.54308224266,4623411.304514075,231.62510860327774,64.06698730910679,0.7990999999999999,3,2
Feature,"{ ""height"": 4.3531570434570312, ""confidence"": -1.0 }",5326,3,0.5824,121.77423862259472,48.29025388873848,432232.7142915375,4620324.621282517,271.70596982301726,77.95433734218835,0.8760600000000001,3,2
Feature,"{ ""height"": 4.8975591659545898, ""confidence"": -1.0 }",5347,2,0.9145,2123.026514726866,219.748104269474,430725.7664507047,4622304.386607882,257.56445097518576,72.4169126523672,0.7752199999999999,2,0
Feature,"{ ""height"": 5.2926673889160156, ""confidence"": -1.0 }",5370,3,0.8458,156.83457036276556,54.976988512103944,428664.8714153491,4619486.12032746,142.70057985790382,51.80998638752901,0.8478,3,3
Feature,"{ ""height"": 5.0339651107788086, ""confidence"": -1.0 }",5386,3,0.9264,62.92035198295747,35.015318846298086,432008.051880888,4620714.707831067,159.1201407858444,52.13268714449165,0.82696,3,2
Feature,"{ ""height"": -1.0, ""confidence"": -1.0 }",5404,3,0.5686,49.632069488917345,28.201560275611968,430327.436184465,4622755.479045344,2729.4651277088774,137.38154395023537,0.8431000000000001,3,4
Feature,"{ ""height"": 3.62230372428894, ""confidence"": -1.0 }",5405,3,0.8615,121.82565072489712,45.44531602342229,430282.19595592294,4619425.870923626,117.75102752143698,45.28085158716512,0.82508,3,3
Feature,"{ ""height"": 4.1284775733947754, ""confidence"": -1.0 }",5409,3,0.8355,98.05998705118404,39.63518949861769,430155.0031023316,4619124.581231957,147.09575100609138,49.21898112144644,0.82012,3,3
Feature,"{ ""height"": -1.0, ""confidence"": -1.0 }",5416,3,0.8622,213.26365367085933,74.40446811975744,429749.6080106598,4620203.811479629,218.4199164375299,60.66459953733702,0.7588800000000001,3,4
Feature,"{ ""height"": 3.9037711620330811, ""confidence"": -1.0 }",5422,2,0.6435,38.08954497808945,25.34417812532956,429111.5060500381,4624014.344966479,811.5804658423087,116.85954893790681,0.8175399999999999,0,4
Feature,"{ ""height"": 3.2895855903625488, ""confidence"": -1.0 }",5444,3,0.7584,93.2397450767822,40.941896854007936,431910.3874696155,4621604.068281254,202.50329015784058,61.39577842345676,0.7944199999999999,3,4
Feature,"{ ""height"": 4.1365556716918936, ""confidence"": -1.0 }",5458,3,0.8781,163.91536590942454,56.75901655271046,429884.9217579418,4618604.032061288,156.62023534632613,52.627347392651394,0.8310600000000001,3,3
Feature,"{ ""height"": 4.5345168113708496, ""confidence"": -1.0 }",5462,3,0.8812,75.32352575896587,74.18179458469383,429724.01622605225,4623714.177273277,490.49135026451387,91.45025450568653,0.77462,0,4
Feature,"{ ""height"": 4.7170009613037109, ""confidence"": -1.0 }",5464,3,0.896,140.68128994041382,51.15906109183788,429570.9705284884,4623101.0114073325,131.90246128873207,46.99332159221974,0.7651600000000001,3,4
Feature,"{ ""height"": 5.4868688583374023, ""confidence"": -1.0 }",5473,3,0.8548,147.25483765987863,48.54073575523268,428223.21566654096,4619536.907970428,146.84677174490838,48.80787503661926,0.74612,3,3
Feature,"{ ""height"": 3.3280198574066162, ""confidence"": -1.0 }",5476,3,0.8971,258.3023850874863,73.02673127046059,433409.0871578189,4620652.826683027,286.68033401769566,76.64972790079057,0.7616200000000001,3,2
Feature,"{ ""height"": -1.0, ""confidence"": -1.0 }",5495,1,0.8066,36.04036851163285,24.02832108041359,430177.50117476843,4617572.444779247,92.18114042666437,39.33499397767544,0.70046,3,3
Feature,"{ ""height"": 4.5716423988342276, ""confidence"": -1.0 }",5503,3,0.891,297.3296097128869,70.0866028245502,429858.3162484476,4622352.104973188,187.18411112322673,54.494388552627086,0.9032,3,4
Feature,"{ ""height"": 5.2605752944946289, ""confidence"": -1.0 }",5520,3,0.8727,117.16167470350156,43.637417091146105,428499.8776178408,4619470.1717929505,157.10914834322972,52.141804680072006,0.82844,3,3
Feature,"{ ""height"": -1.0, ""confidence"": -1.0 }",5521,3,0.7572,140.50980549378446,47.54145841254339,428231.9363466154,4619767.11944113,141.2822497419332,49.335016546507134,0.8088,3,3
Feature,"{ ""height"": -1.0, ""confidence"": -1.0 }",5529,3,0.6879,163.6620528621983,53.84383029820344,427613.8475044475,4616710.38846148,135.39805964030953,49.96880371633086,0.7879,3,3
Feature,"{ ""height"": 6.154695987701416, ""confidence"": -1.0 }",5533,3,0.7251,323.2889779414389,87.30679138919744,433591.88348376594,4619462.605577091,303.7574620789143,76.58463746704501,0.9105800000000001,3,2
Feature,"{ ""height"": 3.0039041042327881, ""confidence"": -1.0 }",5540,3,0.72,190.3512045912804,62.323419985237976,431972.3649744654,4620312.452301677,140.3397926579501,49.807890628302616,0.70976,3,2
Feature,"{ ""height"": -1.0, ""confidence"": -1.0 }",5549,0,0.7219,63.16048386482089,31.829373445110512,430058.32484117715,4617166.239644029,96.7255353913279,38.54740056660509,0.68736,3,3
Feature,"{ ""height"": 3.9050736427307129, ""confidence"": -1.0 }",5550,3,0.8554,90.64145011125215,38.44278212423801,430086.968823601,4620704.426081582,146.64702133885424,57.82605550691253,0.78122,3,4
Feature,"{ ""height"": -1.0, ""confidence"": -1.0 }",5559,2,0.8496,205.37161590312417,67.92509915909955,429851.6645577917,4621296.320899549,101.0610594148339,40.86215288614077,0.8703800000000002,3,4
Feature,"{ ""height"": 5.1750001907348633, ""confidence"": -1.0 }",5561,3,0.8185,109.06597508789582,42.13201801334498,429732.902147134,4618540.0650424,110.24154696675899,42.3770489548276,0.81968,3,3
Feature,"{ ""height"": 4.4340600967407227, ""confidence"": -1.0 }",5566,3,0.8556,143.18952428112192,48.06300410323904,429513.31269100204,4620226.822249582,130.8432596485639,45.26181033471639,0.7671600000000001,3,3
Feature,"{ ""height"": -1.0, ""confidence"": -1.0 }",5574,3,0.8808,120.7859334737552,47.063418987808085,427987.0384065127,4616518.966991004,105.92171414358843,44.895116798471975,0.70766,3,3
Feature,"{ ""height"": 4.2836999893188477, ""confidence"": -1.0 }",5580,3,0.7163,88.03518094028576,37.57864971969423,433541.83984724234,4620278.069117271,216.9192596334849,63.85758419128966,0.86494,3,2
Feature,"{ ""height"": 5.1223583221435547, ""confidence"": -1.0 }",5590,3,0.9316,177.68813810024812,56.24096658651436,432099.2261415912,4622900.531525379,278.6683379110973,77.2856968310239,0.81714,3,2
Feature,"{ ""height"": 3.1156351566314688, ""confidence"": -1.0 }",5625,3,0.8425,30.64249763952001,22.454173109052697,429547.85407457885,4621295.781045964,114.79483954738407,44.076976196559485,0.8093199999999999,3,4
Feature,"{ ""height"": -1.0, ""confidence"": -1.0 }",5634,3,0.6437,171.97030450096273,59.612968978562606,427938.6233721899,4616164.766261397,130.90270385242113,48.44792630350052,0.65998,3,3
Feature,"{ ""height"": 4.7051281929016113, ""confidence"": -1.0 }",5638,3,0.5042,143.25784680885093,52.6381051248255,433059.0710671217,4620065.284699489,234.59701013745612,70.5326729202742,0.90496,3,2
Feature,"{ ""height"": 3.2865426540374751, ""confidence"": -1.0 }",5643,3,0.8502,162.53453171763385,53.83812926962693,432206.4440414813,4620887.050991093,185.03093412627936,58.19651971387333,0.84566,3,2
Feature,"{ ""height"": 4.3798494338989258, ""confidence"": -1.0 }",5686,3,0.6054,177.6566894694451,58.33995859848743,433031.5086098739,4620300.265798665,228.83460849517027,68.64797341707461,0.88192,3,2
Feature,"{ ""height"": 3.3525927066802979, ""confidence"": -1.0 }",5706,3,0.7163,33.48317243990856,27.304888280244533,430115.9150408368,4617467.735377227,170.1644003524688,51.69695556325244,0.735,3,3
Feature,"{ ""height"": 4.4479165077209473, ""confidence"": -1.0 }",5714,3,0.69,100.3067602987346,40.2771977658519,429634.024150697,4620564.0295795705,103.0898773334329,42.79206519892084,0.80464,3,4
Feature,"{ ""height"": -1.0, ""confidence"": -1.0 }",5715,0,0.7612,181.9182736058208,63.229053203183796,429639.8832529296,4623961.444116608,264.53928373078907,71.53060505433086,0.8294,3,4
Feature,"{ ""height"": 4.2495203018188477, ""confidence"": -1.0 }",5718,3,0.8813,206.26412967429223,58.54164893005685,429453.58068514674,4620209.175772617,120.16853456779381,43.52138882141311,0.77272,3,3
Feature,"{ ""height"": 3.57463526725769, ""confidence"": -1.0 }",5735,3,0.8026,309.55295596701785,75.67546177110987,428062.2923716583,4617059.1994688725,313.8993814495725,80.92073828968098,0.88446,3,3
Feature,"{ ""height"": 3.8831079006195073, ""confidence"": -1.0 }",5740,2,0.7335,498.9106382742409,94.22989919917796,427417.8952648155,4615265.917197525,155.22951729333795,53.3025481985331,0.7228,3,3
Feature,"{ ""height"": 3.0930745601654048, ""confidence"": -1.0 }",5757,3,0.7471,112.30203568961406,43.852959427042144,431361.7953138398,4621302.839462643,164.28787576241152,52.908501813145904,0.74642,3,4
Feature,"{ ""height"": -1.0, ""confidence"": -1.0 }",5792,3,0.6874,112.20966888206364,44.26211760686949,428216.6733195907,4619931.769690487,122.61340574253082,44.517056078329,0.7483,3,3
Feature,"{ ""height"": 6.0174942016601562, ""confidence"": -1.0 }",5799,3,0.9248,209.8118137126666,59.05129138020824,433236.0540987851,4619694.662212443,327.633473116401,74.05421702338148,0.85908,3,2
Feature,"{ ""height"": -1.0, ""confidence"": -1.0 }",5821,3,0.8644,271.35582723386403,69.54759977617933,430326.58748452767,4621864.227776539,225.7462569123908,62.7302468180571,0.8087199999999999,3,4
Feature,"{ ""height"": 3.773430347442627, ""confidence"": -1.0 }",5829,3,0.7638,54.62231920347439,43.5908585865611,429961.3599832799,4617622.26359821,181.44559644002658,57.55091978672726,0.7605599999999999,3,3
Feature,"{ ""height"": 4.1667943000793457, ""confidence"": -1.0 }",5842,3,0.7034,193.2748367111587,61.06358804153202,429355.0455189104,4620680.809603558,158.78514664300604,55.55247352686298,0.8100999999999999,3,4
Feature,"{ ""height"": 4.2381987571716309, ""confidence"": -1.0 }",5849,3,0.8706,91.41927987259388,40.08431601671237,428499.8930401937,4619311.624577719,135.81481075672207,50.61808393128416,0.7133800000000001,3,3
Feature,"{ ""height"": -1.0, ""confidence"": -1.0 }",5852,3,0.8185,110.73909905689248,43.63593349326413,428173.374779673,4616445.198273816,132.87743370834968,49.583169744485446,0.77702,3,3
Feature,"{ ""height"": 4.7693953514099121, ""confidence"": -1.0 }",5854,2,0.8179,324.6400538176838,76.06999902788127,427789.754668417,4620849.745374058,375.55395648161954,84.31187615688623,0.69808,2,3
Feature,"{ ""height"": 5.3712573051452637, ""confidence"": -1.0 }",5860,3,0.8994,173.979303263896,59.90317091195546,433473.55210965796,4620202.868078231,183.4166792637005,56.51342959194494,0.82014,3,2
Feature,"{ ""height"": 3.9239392280578609, ""confidence"": -1.0 }",5885,3,0.9048,123.86411757540247,44.52502119464498,431369.127984037,4619880.285862167,211.57362895577552,61.94598212819748,0.8209200000000001,3,4
Feature,"{ ""height"": 6.2144131660461426, ""confidence"": -1.0 }",5916,3,0.8131,83.18885033882012,36.92832253960672,429625.93954939867,4622276.442684282,176.87831186285212,54.40669551707398,0.79162,3,4
Feature,"{ ""height"": 5.4615120887756348, ""confidence"": -1.0 }",5924,3,0.8962,145.23936935951974,54.74778406594747,429151.1821483705,4618831.636008907,225.6430565236521,66.3543092724386,0.85578,3,3
Feature,"{ ""height"": 3.364951372146606, ""confidence"": -1.0 }",5939,3,0.7117,208.94237188666676,61.00808298202682,433421.4093000763,4622183.63565944,179.73574280245998,55.63645910228371,0.80822,3,2
Feature,"{ ""height"": 3.7420494556427002, ""confidence"": -1.0 }",5940,2,0.7936,406.7589002431903,88.29048100836646,433341.0018721793,4621369.587359177,293.3852245634345,83.97213623801684,0.8394400000000001,3,2
Feature,"{ ""height"": 5.5733776092529297, ""confidence"": -1.0 }",5943,3,0.5251,297.905539849266,76.09494809577609,433195.5856865427,4620555.671649733,214.44734850708605,64.52141380033336,0.78476,3,2
Feature,"{ ""height"": -1.0, ""confidence"": -1.0 }",5958,2,0.7897,1245.8204390363603,178.0757061896995,430721.16124874755,4619923.502374706,345.83455163343285,74.26106422195099,0.7363200000000001,3,0
Feature,"{ ""height"": 4.1573972702026367, ""confidence"": -1.0 }",5967,3,0.6865,225.30120650207937,64.09776177550653,429990.9323194961,4623594.016871506,573.7757013612097,102.8133733452627,0.83176,0,4
Feature,"{ ""height"": 7.134894847869873, ""confidence"": -1.0 }",5971,3,0.9107,228.34498677988063,68.42714435560137,429662.6929976978,4623921.6090776,242.65934330195614,65.99474714019519,0.82508,3,4
Feature,"{ ""height"": -1.0, ""confidence"": -1.0 }",5975,2,0.7222,33.29320171895145,23.119574665173985,429534.0225208325,4623293.311361314,264.24254435337764,65.94323200432532,0.7679,3,4
Feature,"{ ""height"": 4.7801313400268555, ""confidence"": -1.0 }",5985,2,0.5272,1771.177210357048,240.1129774688442,428481.4309596715,4621519.627959257,721.3312131275351,138.24736263346028,0.86754,2,0
Feature,"{ ""height"": 4.5071582794189453, ""confidence"": -1.0 }",6004,3,0.5494,114.12298770089254,53.246809742697224,430767.7955348328,4620899.064305212,1057.4840921213154,115.77606745924649,0.84978,2,4
Feature,"{ ""height"": -1.0, ""confidence"": -1.0 }",6018,0,0.8183,402.2705517838439,85.96192187522846,429707.03790849325,4623581.779851625,435.6219229460424,86.41210891451422,0.71526,0,4
Feature,"{ ""height"": 5.2164554595947275, ""confidence"": -1.0 }",6022,0,0.7651,234.90921567975624,61.86687362302604,429301.5893219385,4620176.118755523,218.10854114709417,58.386243509279474,0.7485200000000001,3,3
Feature,"{ ""height"": 3.8457334041595459, ""confidence"": -1.0 }",6035,3,0.8622,163.53319794989494,53.78385935025413,427339.31698669057,4619086.687495523,157.87198094967152,53.479326034550674,0.82398,3,3
Feature,"{ ""height"": 7.5280156135559082, ""confidence"": -1.0 }",6045,3,0.8615,306.6801023457174,80.12071859825375,432044.5382509781,4621761.628446824,189.48793158967408,60.849249836264185,0.7758,3,2
Feature,"{ ""height"": -1.0, ""confidence"": -1.0 }",6062,0,0.5798,94.20464719235171,38.99487378667712,430120.90406029305,4621967.2967814915,139.46150618361315,51.601168596309186,0.8097799999999999,3,4
Feature,"{ ""height"": 10.869871139526367, ""confidence"": -1.0 }",6064,3,0.7401,176.41399940358815,56.98848809678978,430014.85813467816,4619659.895529037,971.5013060129179,131.4423049962485,0.8287800000000001,2,3
Feature,"{ ""height"": 4.3930435180664062, ""confidence"": -1.0 }",6076,3,0.8603,113.9782505479032,42.7152456978603,429583.9983095837,4620356.116242722,267.5346717510597,69.28016247095476,0.8360399999999999,3,4
Feature,"{ ""height"": 3.1059987545013419, ""confidence"": -1.0 }",6104,3,0.9042,170.2833865195286,55.36542810479341,432720.63362826395,4621031.960976495,230.57517638329733,66.85745393122026,0.83698,3,2
Feature,"{ ""height"": -1.0, ""confidence"": -1.0 }",6108,3,0.9116,218.5741023608268,63.71594364074184,431893.52078843565,4620747.787369543,159.32674084789141,51.040711399069494,0.8527000000000001,3,2
Feature,"{ ""height"": 5.311549186706543, ""confidence"": -1.0 }",6127,3,0.8644,198.62775255486116,60.08223644627832,429855.9473561944,4622279.912538211,246.261153291661,65.12118510396553,0.9075799999999999,3,4
Feature,"{ ""height"": -1.0, ""confidence"": -1.0 }",6133,3,0.7947,99.62551894798844,46.90207733526542,429610.37416707416,4624021.936667632,280.99783466235556,74.79600022791455,0.8227,3,4
Feature,"{ ""height"": 5.0716738700866699, ""confidence"": -1.0 }",6143,2,0.9451,1312.9690092493418,208.53499192673536,428777.5923736592,4621789.980838425,697.1874851665441,119.92704166072322,0.76556,2,0
Feature,"{ ""height"": -1.0, ""confidence"": -1.0 }",6160,3,0.8594,263.4666417086195,75.70363876728486,432716.7793980983,4620978.923895933,172.03237495674279,54.18646198485317,0.8526199999999999,3,2
Feature,"{ ""height"": 4.9719343185424805, ""confidence"": -1.0 }",6164,3,0.8386,162.08150578671402,54.01084018528599,431918.1846400354,4621133.459585654,181.96569598140846,57.89355245091407,0.6863600000000001,3,2
Feature,"{ ""height"": 3.2798178195953369, ""confidence"": -1.0 }",6173,3,0.8223,163.2527703233464,60.1076441753902,431308.87754065794,4621573.30674159,111.47572285208715,43.50208558010655,0.7734,3,4
Feature,"{ ""height"": -1.0, ""confidence"": -1.0 }",6181,3,0.7946,31.20921490372945,25.35079637219338,430422.0784692433,4622668.350747229,99.96184933046567,37.785402202060936,0.72694,3,4
Feature,"{ ""height"": 9.0429363250732422, ""confidence"": -1.0 }",6188,2,0.6363,1106.830998777495,141.28578949811924,430119.7874190548,4618456.165550838,352.4426333932932,79.42326891759362,0.85326,3,3
Feature,"{ ""height"": 4.0819730758666992, ""confidence"": -1.0 }",6199,3,0.9164,279.36571602405263,81.8728825367654,429583.3243847751,4621046.413350415,104.57704072566807,43.337563767236006,0.80596,3,4
Feature,"{ ""height"": -1.0, ""confidence"": -1.0 }",6211,3,0.6036,13.54402570038816,17.78149180317254,428031.0123561795,4616470.766837442,122.3166994577488,49.031756207810496,0.71386,3,3
Feature,"{ ""height"": 4.5829596519470215, ""confidence"": -1.0 }",6228,3,0.6502,177.24411978976192,56.82102384892238,431356.0398528361,4620790.889976207,145.80266383091072,52.325639829868706,0.75962,3,4
Feature,"{ ""height"": 4.8450503349304199, ""confidence"": -1.0 }",6234,3,0.6573,173.32522937838857,61.018133688322216,430974.6427001832,4620881.619334667,230.622727559156,65.99703834851991,0.82768,3,4
Feature,"{ ""height"": 6.262296199798584, ""confidence"": -1.0 }",6237,2,0.8836,741.7795437911398,113.32714204627882,430408.8322682529,4621247.932729274,155.39405388252558,54.445322064753626,0.7701,3,4
Feature,"{ ""height"": 3.5154974460601802, ""confidence"": -1.0 }",6255,3,0.8343,121.61672593609018,47.185001114125555,429804.89515387244,4619918.6844863985,137.7961764873476,46.64565815625951,0.73982,3,3
Feature,"{ ""height"": 3.0819754600524898, ""confidence"": -1.0 }",6261,3,0.7911,198.3273340886912,63.033450338650226,429439.88204756257,4620359.229598913,171.41233332471504,53.462109239804576,0.8630799999999998,3,4
Feature,"{ ""height"": -1.0, ""confidence"": -1.0 }",6305,3,0.5551,53.04698370190423,29.41134269523014,430058.78854441614,4620479.343868296,120.86026958023194,46.51886762779671,0.70128,3,4
Feature,"{ ""height"": 4.6825242042541504, ""confidence"": -1.0 }",6308,3,0.8333,201.42885234278776,63.9005450703076,429944.01189368864,4618601.955073026,203.67076281382515,66.75411424449028,0.83162,3,3
Feature,"{ ""height"": -1.0, ""confidence"": -1.0 }",6311,3,0.8547,116.5920932321975,43.32231939480083,429783.9933663069,4623705.17238361,575.7772609074455,106.87105743702573,0.8503000000000001,0,4
Feature,"{ ""height"": 4.3798542022705078, ""confidence"": -1.0 }",6314,2,0.9503,1260.1094026588976,158.90029281271265,429587.5207610716,4619223.839459137,147.15873821241567,49.42876600647216,0.81738,3,0
Feature,"{ ""height"": 4.4456601142883301, ""confidence"": -1.0 }",6327,3,0.7503,199.4159016145063,62.39843613070795,427305.4953080167,4619055.4930188805,150.69544021674926,51.75641067845991,0.84636,3,3
Feature,"{ ""height"": 5.9406528472900391, ""confidence"": -1.0 }",6330,3,0.622,467.77679785489687,145.20648101903907,433489.7544333658,4621147.095801083,297.8451544801195,74.29626793169233,0.8679600000000001,3,2
Feature,"{ ""height"": 4.7400369644165039, ""confidence"": -1.0 }",6361,3,0.891,106.88191101825628,41.80835283491713,430263.0079276354,4622584.621788332,285.67713010531725,75.48815832190556,0.8388,3,4
Feature,"{ ""height"": 4.3279762268066406, ""confidence"": -1.0 }",6362,3,0.7835,166.67075954847192,51.6405030100298,430125.3176737199,4619241.555868366,125.31951972784164,45.2171481416194,0.81172,3,3
Feature,"{ ""height"": -1.0, ""confidence"": -1.0 }",6376,0,0.628,543.9870824192252,104.23213812400137,429600.1023502404,4623406.127665782,270.0583117403622,67.18416390490457,0.78054,0,4
Feature,"{ ""height"": 6.4582533836364746, ""confidence"": -1.0 }",6379,3,0.8339,620.5167490962424,128.98298367082072,429599.0276593518,4623918.89970224,176.81958863270475,58.37981896080346,0.8148599999999998,3,4
Feature,"{ ""height"": 3.9884951114654541, ""confidence"": -1.0 }",6383,3,0.7023,107.46852535138191,42.95397955328812,429452.74653093185,4620996.262458715,342.7214526943333,74.36386154741471,0.8982999999999999,3,4
Feature,"{ ""height"": 4.2199306488037109, ""confidence"": -1.0 }",6385,2,0.9198,543.3776216598999,94.79832663076466,429408.1682065314,4621657.801090132,219.31324305521593,59.87064960501441,0.67656,3,4
Feature,"{ ""height"": 3.360953569412231, ""confidence"": -1.0 }",6387,3,0.779,220.01210888584671,62.95536561142175,428374.0436313491,4619506.3073414005,117.85362642408529,42.30491772410175,0.82014,3,3
Feature,"{ ""height"": 4.5004510879516602, ""confidence"": -1.0 }",6394,3,0.8986,164.88070754823377,55.338060724448695,433545.4856508294,4622282.84717334,273.8945589786644,68.67873054604243,0.8347,3,2
Feature,"{ ""height"": 3.6031534671783438, ""confidence"": -1.0 }",6412,3,0.8829,223.15081210651044,66.32427312942158,431495.95043487096,4621801.74705861,182.07538928986693,56.91434548163049,0.8506199999999999,3,4
Feature,"{ ""height"": -1.0, ""confidence"": -1.0 }",6432,2,0.8658,572.3320510574495,95.76672259750228,429997.89870220446,4617923.702606764,117.83699580901484,41.41195255776161,0.7381399999999999,3,3
Feature,"{ ""height"": -1.0, ""confidence"": -1.0 }",6464,2,0.5471,177.523556374854,58.23387103796985,432504.35367326974,4623102.827868875,1058.721136493758,144.1103964201481,0.77146,2,2
Feature,"{ ""height"": 3.8547356128692623, ""confidence"": -1.0 }",6466,3,0.9225,255.71036427313123,66.55671595279344,432023.5512962893,4622558.213050824,390.17752204388864,81.2052935321897,0.8690599999999998,3,2
Feature,"{ ""height"": 6.346564769744873, ""confidence"": -1.0 }",6477,0,0.7958,3716.5448790549904,478.14607294846473,431324.39938468195,4623115.880048842,259.4533335476826,80.18670697063995,0.82212,3,0
Feature,"{ ""height"": 4.7939867973327637, ""confidence"": -1.0 }",6481,3,0.9021,133.4962141160813,47.62412212803333,430794.8568474571,4621723.85253843,202.3474188881259,60.28093010237417,0.71302,3,4
Feature,"{ ""height"": -1.0, ""confidence"": -1.0 }",6491,0,0.6359,55.335483342925635,29.84255389813678,430046.32988477673,4617166.999600277,98.29053549570692,38.94476447599983,0.7045600000000001,3,3
Feature,"{ ""height"": 3.0036377906799312, ""confidence"": -1.0 }",6497,3,0.8721,122.64820675583664,49.43845331004748,429972.73385811946,4620711.193166678,86.11046205549522,39.61686555585577,0.78434,3,4
Feature,"{ ""height"": 5.6310977935791025, ""confidence"": -1.0 }",6499,3,0.7899,244.05003740161905,65.65922293383466,429762.02508459927,4619630.840644715,368.3470923094365,74.78303054945584,0.88208,3,3
Feature,"{ ""height"": 3.1014981269836421, ""confidence"": -1.0 }",6505,3,0.6816,132.24021886893482,52.52216147597199,429527.31383201823,4620639.170512946,142.25788333285,49.891321363452185,0.8058799999999999,3,4
Feature,"{ ""height"": -1.0, ""confidence"": -1.0 }",6510,2,0.8646,722.8143495891019,156.89897627023723,429342.4823678759,4623429.8333093235,529.89949929645,115.73039551585846,0.80198,0,0
Feature,"{ ""height"": 4.4577393531799316, ""confidence"": -1.0 }",6515,3,0.885,194.68532861217892,71.49996039254273,428675.5401111097,4619634.661948024,132.27013979622978,48.6415815480204,0.8779600000000001,3,3
Feature,"{ ""height"": 5.0250864028930664, ""confidence"": -1.0 }",6534,3,0.8983,387.22843403847367,101.72654968047566,433446.6985224474,4620827.253433807,284.663816154906,73.48456478807097,0.9106200000000001,3,2
Feature,"{ ""height"": 3.7010371685028072, ""confidence"": -1.0 }",6535,3,0.912,162.4479110067909,53.88873510294368,433423.06074562593,4622040.414652695,216.7319044643491,61.49540511679222,0.7526200000000001,3,2
Feature,"{ ""height"": -1.0, ""confidence"": -1.0 }",6556,3,0.8352,31.71681094224589,24.91294563392499,430838.6019399962,4621041.727175365,1002.567745606813,110.55534855855426,0.75854,3,4
Feature,"{ ""height"": 4.8883838653564453, ""confidence"": -1.0 }",6563,0,0.6155,599.151225114102,117.39516777492216,430042.70959819324,4623270.776314918,142.7716800532165,49.01581880281351,0.82412,3,4
Feature,"{ ""height"": 3.600814580917358, ""confidence"": -1.0 }",6579,3,0.8108,146.18912332248834,51.31408845624135,428126.3647506037,4616356.899316908,93.38035521778025,39.354407420981275,0.6602,3,3
Feature,"{ ""height"": 4.5821294784545898, ""confidence"": -1.0 }",6587,3,0.8428,147.59666699669853,50.76067244059077,433394.62607854436,4620153.1468673665,185.09287408622689,57.6180794956196,0.8535999999999999,3,2
Feature,"{ ""height"": -1.0, ""confidence"": -1.0 }",6597,3,0.6955,96.43886743604791,39.799057427523536,431749.14077523595,4622294.096260621,137.45556221816065,47.27359892964338,0.8432400000000001,3,4
Feature,"{ ""height"": 4.6510443687438965, ""confidence"": -1.0 }",6598,3,0.7537,97.32645927367214,40.6930317739816,431682.0769653502,4620208.538165897,103.28658092432474,40.55691299297409,0.7578400000000001,3,4
Feature,"{ ""height"": -1.0, ""confidence"": -1.0 }",6613,3,0.7326,63.04053766987801,31.778681854667003,430108.3067189198,4619224.951109757,146.04556410356042,49.18951237269196,0.8219,3,3
Feature,"{ ""height"": 3.929263591766357, ""confidence"": -1.0 }",6621,3,0.8998,51.12213793871096,29.84011790042648,429762.71673713333,4621348.514840539,151.63936247166532,53.863914333047965,0.84594,3,4
Feature,"{ ""height"": 3.6555757522583012, ""confidence"": -1.0 }",6656,3,0.8812,326.33463482862635,72.66010413685915,431790.74374636065,4620709.564811348,107.82549692535115,42.57758958670035,0.7794800000000001,3,2
Feature,"{ ""height"": 4.6150569915771484, ""confidence"": -1.0 }",6664,3,0.8709,279.2226660036068,70.53390456770165,431297.3882922181,4622493.759759985,194.03368272444342,58.47341771260155,0.78586,3,4
Feature,"{ ""height"": -1.0, ""confidence"": -1.0 }",6667,3,0.8379,34.29206179691376,24.014553160791458,430871.89654564764,4621600.187266963,188.93440404210003,58.38317751358702,0.8673200000000001,3,4
Feature,"{ ""height"": 3.2671422958374019, ""confidence"": -1.0 }",6675,3,0.8599,215.40529765839273,60.87641822071781,430334.0490310836,4621833.457565844,199.01134709187414,58.1699683991052,0.79732,3,4
Feature,"{ ""height"": 6.2698097229003906, ""confidence"": -1.0 }",6681,3,0.6152,323.4875571439327,80.32466558117939,429921.01784021937,4622782.952544275,187.00363027855246,57.685829285428326,0.8558599999999998,3,4
Feature,"{ ""height"": 4.0058341026306152, ""confidence"": -1.0 }",6692,3,0.8489,170.07119051399528,57.955126125119065,429182.82784781285,4618667.48414942,213.25772818853898,64.50890077736247,0.83034,3,3
Feature,"{ ""height"": 4.924140453338623, ""confidence"": -1.0 }",6706,3,0.8841,140.07683053563596,49.3529077734442,433278.81786998233,4620265.137729324,140.0614179808022,46.798259034772904,0.8078,3,2
Feature,"{ ""height"": 5.5987048149108887, ""confidence"": -1.0 }",6725,2,0.8149,543.3550103230311,110.620356356223,430613.8426956297,4620887.337856737,1983.701989529634,196.00502579962702,0.7857,2,4
Feature,"{ ""height"": -1.0, ""confidence"": -1.0 }",6735,3,0.6057,257.8870336019461,100.51369697584562,430016.9410052084,4618724.108653799,340.74918295164787,74.32229651314582,0.81432,3,3
Feature,"{ ""height"": 3.8155555725097652, ""confidence"": -1.0 }",6781,3,0.8461,357.2074800917271,91.05613687158828,431237.450715539,4619767.739482599,124.02642350998026,45.69771662440733,0.77378,3,4
Feature,"{ ""height"": 3.6045172214508052, ""confidence"": -1.0 }",6783,3,0.9107,223.82323500066352,67.19196828326301,431195.12943906954,4622503.850022492,200.42428625351232,58.21605757093213,0.82804,3,4
Feature,"{ ""height"": 4.4752211570739746, ""confidence"": -1.0 }",6785,3,0.907,167.98527618377472,57.36880043589109,431157.87244152365,4622703.427460299,263.560578540643,69.19902159188811,0.81158,3,4
Feature,"{ ""height"": 3.371515035629272, ""confidence"": -1.0 }",6796,0,0.5056,81.83699991531434,36.98353214036844,430150.79722827877,4617554.65856008,126.98509939702494,46.642945443368376,0.8430399999999999,3,3
Feature,"{ ""height"": 3.0184011459350581, ""confidence"": -1.0 }",6813,3,0.9014,164.34124075433945,54.54776106803551,428526.493313529,4619467.590320193,135.03772742844592,48.36406046483057,0.83606,3,3
Feature,"{ ""height"": 5.2291502952575684, ""confidence"": -1.0 }",6820,3,0.9023,381.35271858228214,84.27155800254113,433527.7308544822,4623390.288216973,234.13841655116926,66.13847874793251,0.8657,3,2
Feature,"{ ""height"": -1.0, ""confidence"": -1.0 }",6830,3,0.8031,339.5895001499157,80.84492963399542,431792.5615393002,4621183.416898999,166.05466668336078,56.40334284259725,0.68598,3,2
Feature,"{ ""height"": 3.3746592998504639, ""confidence"": -1.0 }",6850,1,0.6731,36.38852013593714,24.211587520786516,430041.37224381976,4617459.359632762,208.97593549021417,58.8387427934184,0.74684,3,3
Feature,"{ ""height"": 5.7062149047851562, ""confidence"": -1.0 }",6857,3,0.8692,43.78709127968738,26.962492146300846,429845.0058717743,4620775.563178612,92.7712160459683,41.85734706172855,0.80626,3,4
Feature,"{ ""height"": 5.8780488967895508, ""confidence"": -1.0 }",6862,2,0.5518,30.738202167823605,23.80068406054765,429662.55123490555,4620144.654479673,155.4606786840491,53.65516621203591,0.7819600000000001,3,3
Feature,"{ ""height"": 3.9145605564117432, ""confidence"": -1.0 }",6866,3,0.8565,220.3560886042723,74.55421943201794,429473.72132327064,4620893.193930206,147.7704217015176,51.32335718454351,0.8508800000000001,3,4
Feature,"{ ""height"": 3.297168493270874, ""confidence"": -1.0 }",6874,3,0.8073,176.8487478584366,57.0403746054558,428594.9834296353,4619528.744295172,132.53622600762648,47.86553775734651,0.85488,3,3
Feature,"{ ""height"": 4.2055931091308594, ""confidence"": -1.0 }",6876,2,0.8977,549.7109209946738,108.11080577534092,427752.0342569985,4620943.282329507,330.53978304622154,77.9037148073943,0.6821200000000001,2,3
Feature,"{ ""height"": 4.6673846244812012, ""confidence"": -1.0 }",6882,3,0.9398,207.02603238822655,63.66524626215211,433452.7805516226,4621469.658800464,243.4374647947161,65.24307976382389,0.84948,3,2
Feature,"{ ""height"": 3.343490362167358, ""confidence"": -1.0 }",6903,3,0.6881,35.89951088870402,28.16227242473466,430999.8211633255,4621493.331342369,188.88496132096762,58.16186993005459,0.81952,3,4
Feature,"{ ""height"": 6.8043885231018066, ""confidence"": -1.0 }",6937,2,0.8071,582.6305803336194,105.00248604607016,433477.9603538097,4622314.529002526,186.09921309018338,56.61161493268996,0.81888,3,2
Feature,"{ ""height"": 5.1005744934082031, ""confidence"": -1.0 }",6943,2,0.9589,646.8070794886717,128.45053086921737,432795.31538091647,4622447.550443052,359.9651459040363,98.07304631750135,0.7419399999999999,0,2
Feature,"{ ""height"": -1.0, ""confidence"": -1.0 }",6968,3,0.6564,88.72556299067766,38.16520675306697,430260.5326849498,4621703.734468025,194.1464283880877,56.79352928372894,0.8321799999999999,3,4
Feature,"{ ""height"": 7.1449580192565918, ""confidence"": -1.0 }",6969,2,0.9373,13183.17786853935,523.8339825176425,430303.5853198164,4622909.1833268665,99.8667936649089,37.505188196352655,0.71402,3,1
Feature,"{ ""height"": 3.774541854858398, ""confidence"": -1.0 }",6970,3,0.8122,606.3890419482777,109.96148229126383,430156.8299970931,4618557.591459593,565.9866082779276,103.70379078172687,0.78022,3,3
Feature,"{ ""height"": 3.9141056537628169, ""confidence"": -1.0 }",6972,3,0.9568,314.7848436986145,81.54269944558808,430176.1648552442,4622671.709903152,191.5884921745882,60.72699597992478,0.8389199999999999,3,4
Feature,"{ ""height"": 5.3547878265380859, ""confidence"": -1.0 }",6982,0,0.8666,940.5261398063486,200.61834153008084,429508.96340786153,4623551.415150789,325.10782276761927,75.68807298860216,0.74222,0,0
Feature,"{ ""height"": 3.8238844871520992, ""confidence"": -1.0 }",6986,3,0.8308,148.17436862746595,52.97286103864704,428884.9856026295,4619696.965594274,102.92976840253633,43.850014444795555,0.83072,3,3
Feature,"{ ""height"": 4.4138379096984863, ""confidence"": -1.0 }",6988,3,0.7758,38.03570532197422,24.918274512505494,428622.46542244306,4619278.418505711,120.75321035082099,47.325169723017154,0.7583,3,3
Feature,"{ ""height"": 4.8398680686950684, ""confidence"": -1.0 }",7010,3,0.7285,150.55472555021598,54.150305966366595,432268.13282363483,4620801.36591107,157.49753589158212,51.134008443572995,0.75502,3,2
Feature,"{ ""height"": 3.2188148498535152, ""confidence"": -1.0 }",7035,3,0.6181,190.82087282840777,56.135648958347446,429929.0257650541,4619117.817654682,125.72049000329976,45.53189008441363,0.76862,3,3
Feature,"{ ""height"": 3.1382911205291748, ""confidence"": -1.0 }",7055,3,0.8032,156.8766835284325,56.11587887856626,427791.87923171744,4618565.008725592,155.59458886373142,55.40020302854367,0.8446400000000001,3,3
Feature,"{ ""height"": 3.120464563369751, ""confidence"": -1.0 }",7060,2,0.6843,793.8795821862618,148.37278663799418,427319.76931162627,4620592.000912866,249.36860720992004,64.10598701719213,0.70006,2,0
Feature,"{ ""height"": 4.8612260818481436, ""confidence"": -1.0 }",7063,3,0.9219,275.6706899255445,70.35026569493705,433444.60879296606,4622232.370589197,259.2636316432201,65.51432518343299,0.7645,3,2
Feature,"{ ""height"": 4.7249999046325684, ""confidence"": -1.0 }",7067,3,0.8407,19.881422704378377,21.07237236556684,432715.2744007793,4620815.816531751,224.87942496791123,66.41061450318004,0.83232,3,2
Feature,"{ ""height"": 4.6835775375366211, ""confidence"": -1.0 }",7080,3,0.7528,189.49765475729532,58.7841686402555,431305.65552706533,4622550.683780325,211.97868497370573,60.82336489809078,0.8094800000000001,3,4
Feature,"{ ""height"": -1.0, ""confidence"": -1.0 }",7086,2,0.8936,187.05678548084188,56.97872281046884,430448.52030759264,4619216.684681613,203.09404941414036,55.08826766672627,0.8009599999999999,3,3
Feature,"{ ""height"": 5.1559262275695801, ""confidence"": -1.0 }",7109,3,0.8404,172.4676113859197,52.530862619200406,428868.8655211109,4618021.7910965495,214.36770051561456,61.11380176133245,0.7981800000000001,3,3
Feature,"{ ""height"": 3.1102263927459708, ""confidence"": -1.0 }",7133,3,0.9039,236.87890510568675,65.49026467368262,431482.9517165419,4619880.403166067,141.11670420098045,49.12256490029027,0.8418800000000001,3,4
Feature,"{ ""height"": 5.1340904235839844, ""confidence"": -1.0 }",7145,2,0.7362,270.5821511928403,67.25549869607616,430541.0698373841,4621197.826046121,376.226341744904,76.97284882620676,0.8444799999999999,2,4
Feature,"{ ""height"": -1.0, ""confidence"": -1.0 }",7150,3,0.5339,186.62244227752737,58.529212693051946,429949.91464168177,4619116.964033298,126.56017611347583,45.05317733747273,0.7854599999999999,3,3
Feature,"{ ""height"": 3.955513477325439, ""confidence"": -1.0 }",7152,3,0.9003,288.3825974579173,70.60329181587723,429915.69870483776,4622260.821989482,218.59761288206224,63.90481502340219,0.90618,3,4
Feature,"{ ""height"": -1.0, ""confidence"": -1.0 }",7170,3,0.9175,250.63118324204737,67.01672375957733,428750.7705378853,4617973.905244592,211.11015020000497,58.837736492638626,0.7879600000000001,3,3
Feature,"{ ""height"": 5.537081241607666, ""confidence"": -1.0 }",7186,3,0.9121,395.356845995184,80.75919558263651,432377.40507254796,4620282.229628005,224.46017536588857,71.8554394737864,0.8208,3,2
Feature,"{ ""height"": 5.6252145767211914, ""confidence"": -1.0 }",7203,3,0.8277,173.86156312308958,52.79303561017433,430836.85014108365,4620315.891522113,265.591927597671,70.15613012381228,0.8379800000000002,2,4
Feature,"{ ""height"": 5.462742805480957, ""confidence"": -1.0 }",7217,2,0.9718,1108.1851161344975,149.265904874343,429852.2499144867,4619677.678860335,839.9212295846,121.89480179824189,0.8036200000000001,3,0
Feature,"{ ""height"": 3.9648549556732169, ""confidence"": -1.0 }",7225,3,0.5098,121.21331520521204,45.186601473326405,428557.051846698,4619279.7187510645,129.8560036901984,49.59762683996136,0.78554,3,3
Feature,"{ ""height"": 4.4916324615478525, ""confidence"": -1.0 }",7235,3,0.9101,242.98265706995917,65.41301534448965,433593.27904967865,4620328.168126573,188.7893427688485,57.742426786109284,0.8207800000000001,3,2
Feature,"{ ""height"": 3.6524953842163081, ""confidence"": -1.0 }",7259,3,0.8567,80.83783084659352,37.35126370797136,430450.1040079575,4619859.659312651,348.54645045034965,75.59228167666552,0.66098,3,4
Feature,"{ ""height"": 3.7957601547241211, ""confidence"": -1.0 }",7266,3,0.8992,191.61333940152775,58.33288478774948,429989.0996625674,4622461.159323052,198.62230280483118,60.091141570635,0.8278000000000001,3,4
Feature,"{ ""height"": 3.9152710437774663, ""confidence"": -1.0 }",7294,3,0.8453,248.5262613862646,67.36700590993632,433556.69124495203,4620133.759551574,236.2677434668432,65.62914616894311,0.8659800000000001,3,2
Feature,"{ ""height"": 4.7127113342285156, ""confidence"": -1.0 }",7307,3,0.5333,67.42459210305904,35.34154230113096,431035.85236459906,4620359.821762711,145.69096779076972,48.754595383021055,0.8223,3,4
Feature,"{ ""height"": 3.3363518714904781, ""confidence"": -1.0 }",7321,3,0.5237,38.15738022147524,25.525484874483514,430206.8478156682,4620555.892421086,115.86583251015888,47.16499548753145,0.70428,3,4
Feature,"{ ""height"": 5.6443667411804199, ""confidence"": -1.0 }",7325,3,0.9514,255.35734228779876,65.76237447710687,429956.2677351806,4622781.263578777,200.62967324977922,60.59828750624282,0.78862,3,4
Feature,"{ ""height"": 4.4729924201965332, ""confidence"": -1.0 }",7339,3,0.7788,139.638868007461,50.799796627617894,428549.8579525161,4618542.67736217,173.93898699074603,55.24354420285399,0.8279799999999999,3,3
Feature,"{ ""height"": 4.3647947311401367, ""confidence"": -1.0 }",7350,3,0.9299,381.04440840703114,84.4005561056634,433218.32876666693,4620908.345904629,238.41400272978655,63.17022262417631,0.91056,3,2
Feature,"{ ""height"": 6.3208432197570801, ""confidence"": -1.0 }",7355,1,0.6293,296.1958378268952,70.3249386072228,432001.65200058103,4622005.709414069,195.61898659280638,58.150713115456256,0.81684,3,2
Feature,"{ ""height"": 4.8661103248596191, ""confidence"": -1.0 }",7366,3,0.845,124.82921025500454,44.74008527434923,431200.9015473478,4619807.045150269,237.95148089185358,68.23394244200009,0.7884,3,4
Feature,"{ ""height"": -1.0, ""confidence"": -1.0 }",7386,3,0.8602,60.919833854312415,33.76876144097506,429703.2066462262,4623927.186047546,170.00934454199165,56.00982730182757,0.83362,3,4
Feature,"{ ""height"": 6.3845162391662598, ""confidence"": -1.0 }",7387,3,0.8362,38.34760327462233,26.333019302502304,429666.73077887914,4620624.631142134,117.0509648510874,45.5354965430807,0.77852,3,4
Feature,"{ ""height"": 5.2817850112915039, ""confidence"": -1.0 }",7402,3,0.9469,382.2096973908971,90.38969410536626,433479.1798244178,4619579.54124988,327.0528759235419,82.65515306189859,0.8481,3,2
Feature,"{ ""height"": 5.1230425834655762, ""confidence"": -1.0 }",7415,3,0.8989,155.03231180644005,51.84233564133129,430706.8130332775,4619856.452311511,563.9921770794168,99.50773833162464,0.71448,3,4
Feature,"{ ""height"": 3.6147434711456299, ""confidence"": -1.0 }",7418,3,0.8231,76.46963085240715,35.42606717903271,430397.0572518109,4621296.6855784645,230.1427598421273,55.06374005184066,0.69292,3,4
Feature,"{ ""height"": 4.1374998092651367, ""confidence"": -1.0 }",7421,3,0.7572,7.932789121570157,13.343308480149185,430099.6407123369,4617761.374264939,137.35682953543545,47.42587906509958,0.72032,3,3
Feature,"{ ""height"": 4.7808694839477539, ""confidence"": -1.0 }",7447,3,0.898,142.22236911308093,50.775288926833625,428512.1259184741,4619234.0159612,125.65419290862465,48.47988934925992,0.7079000000000001,3,3
Feature,"{ ""height"": 9.8286552429199219, ""confidence"": -1.0 }",7450,3,0.9269,321.80145787487805,77.2366614202804,428228.16486988665,4616951.352804298,322.0981301938006,83.44221489392979,0.8515599999999999,3,3
Feature,"{ ""height"": 4.3965568542480469, ""confidence"": -1.0 }",7455,3,0.5901,169.95563693076463,54.309930489072286,428000.132141026,4618695.110338372,162.63752541283148,57.09153392834298,0.80908,3,3
Feature,"{ ""height"": 4.5906553268432617, ""confidence"": -1.0 }",7459,3,0.8983,142.22883408879616,51.86906957137011,433195.581874145,4620104.761408858,166.4461229618414,56.09785465296035,0.76814,3,2
Feature,"{ ""height"": 4.204432487487793, ""confidence"": -1.0 }",7480,2,0.709,6176.601883091698,693.989040440465,430542.763037627,4621442.257636944,356.13436473820116,71.32933604305167,0.73248,2,1
Feature,"{ ""height"": 4.1708540916442871, ""confidence"": -1.0 }",7519,3,0.5313,138.1469856053151,50.09410980120988,427294.53597494814,4618725.760717308,183.7779043646881,59.18214363732403,0.72458,3,3
Feature,"{ ""height"": 5.90496826171875, ""confidence"": -1.0 }",7529,2,0.5046,274.40115775938216,75.64474266677219,432727.774442464,4620199.99923827,215.1578942974298,62.5390149257337,0.89802,3,2
Feature,"{ ""height"": 3.611127376556396, ""confidence"": -1.0 }",7530,3,0.9087,169.6951777057138,55.825023147685776,432606.38425523636,4620808.091899031,141.12919012325688,51.35470298001296,0.82528,3,2
Feature,"{ ""height"": 4.2720537185668936, ""confidence"": -1.0 }",7538,3,0.7712,73.57477001547029,34.73374420634277,431420.62198664906,4621403.530424598,180.79689145497977,57.355094463128445,0.7454000000000001,3,4
Feature,"{ ""height"": 7.0930867195129386, ""confidence"": -1.0 }",7544,2,0.8147,1907.189843316276,220.15167738172468,430792.5197833209,4618988.121440723,480.34599337753343,90.45124238446525,0.8443799999999999,2,0
Feature,"{ ""height"": -1.0, ""confidence"": -1.0 }",7557,3,0.899,141.26021631676704,50.80245581274451,429899.7603523493,4619200.72292915,185.034428685985,57.0231176990023,0.7409000000000001,3,3
Feature,"{ ""height"": 3.2020242214202881, ""confidence"": -1.0 }",7558,3,0.9225,244.7797735872403,62.76401626289187,429876.167495212,4622242.337854512,245.77463297343866,66.22344777165537,0.85638,3,4
Feature,"{ ""height"": -1.0, ""confidence"": -1.0 }",7585,3,0.628,152.5925122879623,55.172061785436505,431861.82045494654,4621718.059279587,152.19361172006796,52.23190707585138,0.8010400000000001,3,4
Feature,"{ ""height"": 5.3539772033691406, ""confidence"": -1.0 }",7588,1,0.6687,256.0104992853186,66.34575858495941,431453.10756483086,4622867.679216196,197.98985663301997,64.06180532070377,0.8128,3,4
Feature,"{ ""height"": 3.4946179389953609, ""confidence"": -1.0 }",7606,3,0.8148,92.07061311452944,40.96423393134775,429574.145077099,4623215.250347812,171.82590357849978,51.75968474465786,0.80298,3,4
Feature,"{ ""height"": 4.4709515571594238, ""confidence"": -1.0 }",7611,3,0.8414,120.20312348375596,45.33893728982356,429002.90150366497,4619455.9560169615,115.68922938647775,46.21023958242267,0.7717400000000001,3,3
Feature,"{ ""height"": 4.815488338470459, ""confidence"": -1.0 }",7649,3,0.8589,169.12137325822715,53.23333107530412,430918.8774046267,4620457.886648792,140.42140106014637,46.29086973869041,0.7428,2,4
Feature,"{ ""height"": -1.0, ""confidence"": -1.0 }",7664,3,0.7015,41.67882186085721,25.823700141799137,429884.2657535858,4620697.774104868,93.08831654113403,42.038779750240124,0.8290200000000001,3,4
Feature,"{ ""height"": 4.3656716346740723, ""confidence"": -1.0 }",7678,3,0.7028,99.63829624652746,44.26070574965095,428920.13892809977,4619596.985303787,108.53491012284852,44.63777529977688,0.8123999999999999,3,3
Feature,"{ ""height"": 5.5264811515808097, ""confidence"": -1.0 }",7698,3,0.7128,252.6586156378585,67.25945426357517,432154.9960661278,4622383.828555469,390.1583096385115,78.53991340897527,0.8468199999999999,3,2
Feature,"{ ""height"": -1.0, ""confidence"": -1.0 }",7699,3,0.8904,167.1349625192736,53.383333671740786,431727.3222886084,4622369.260550498,128.82152530974483,45.52772438131645,0.7886,3,4
Feature,"{ ""height"": 4.3877215385437012, ""confidence"": -1.0 }",7714,3,0.8309,120.58021727559384,45.02341792368669,430264.28767079744,4622538.697215888,256.80475850192846,70.63980003117138,0.7676,3,4
Feature,"{ ""height"": -1.0, ""confidence"": -1.0 }",7727,3,0.8666,140.4952858674204,58.7054350181089,429757.898627052,4621435.388710575,143.09421116393474,50.63359910569966,0.8113800000000001,3,4
Feature,"{ ""height"": 3.0505294799804679, ""confidence"": -1.0 }",7740,3,0.9088,163.6692808167441,55.9444583188891,427716.9685668216,4617077.565248169,156.8295475118009,54.79398367766687,0.8480000000000001,3,3
Feature,"{ ""height"": 5.4971990585327148, ""confidence"": -1.0 }",7744,3,0.9525,424.01278351116395,88.40259321547208,433542.5375703592,4623152.119165282,319.71444524347436,78.52338935601082,0.9132,3,2
Feature,"{ ""height"": 5.2554302215576172, ""confidence"": -1.0 }",7746,3,0.8056,246.54369711533383,67.28539523370571,433420.8476405933,4619633.019944743,447.7374955450306,97.9156553340428,0.86058,3,2
Feature,"{ ""height"": 4.6424241065979004, ""confidence"": -1.0 }",7753,3,0.8234,171.7096897725138,55.054105688332115,432256.6894013329,4620203.212489983,209.33945050451567,58.6119708376422,0.7787000000000001,3,2
Feature,"{ ""height"": 4.2348976135253906, ""confidence"": -1.0 }",7763,3,0.8471,176.4611098079862,56.95820112709319,431355.735262295,4620242.5466827685,125.09478433686051,45.37011792843329,0.8400000000000001,3,4
Feature,"{ ""height"": -1.0, ""confidence"": -1.0 }",7769,2,0.6421,148.27143140342662,50.77373196024648,430600.68404776626,4622814.500520311,2707.1997997134467,132.49475629897,0.7379800000000001,3,4
Feature,"{ ""height"": 4.0154900550842276, ""confidence"": -1.0 }",7774,0,0.6834,166.2576557403653,61.01052610542312,430199.07080813276,4623995.394608224,186.02336134765218,57.17822847424643,0.79168,0,4
Feature,"{ ""height"": -1.0, ""confidence"": -1.0 }",7779,3,0.8684,52.686546626728834,29.17861957258089,429969.34919347183,4623129.16116448,149.51111965159654,51.331649270029594,0.74644,3,4
Feature,"{ ""height"": 4.1835823059082031, ""confidence"": -1.0 }",7780,3,0.7789,99.73347667291952,50.20239601410044,429887.403413009,4620982.490980332,71.52183017078987,34.67234952466479,0.79632,3,4
Feature,"{ ""height"": 5.0139398574829102, ""confidence"": -1.0 }",7790,3,0.7959,188.56111699235217,60.97632748165406,429081.1023549539,4619448.0603918,113.11143087473462,43.49227643721278,0.7200200000000001,3,3
Feature,"{ ""height"": 3.243618249893188, ""confidence"": -1.0 }",7794,3,0.5607,178.77075227313293,58.7408261695187,428907.3140355437,4618326.315566458,202.9474414262289,59.046235891138735,0.82896,3,3
Feature,"{ ""height"": 4.377373218536377, ""confidence"": -1.0 }",7842,3,0.9049,193.09707778387985,58.39391750889742,430309.92358898156,4621440.71999927,153.6805715609109,50.90668151575762,0.6346,3,4
Feature,"{ ""height"": 4.5994935035705566, ""confidence"": -1.0 }",7843,3,0.9172,234.87225898908557,65.07555957522545,430085.18066716695,4617544.383615766,92.60892235274325,40.696872371733434,0.7309000000000001,3,3
Feature,"{ ""height"": -1.0, ""confidence"": -1.0 }",7848,3,0.7721,51.57004694352192,32.039346791911136,430044.1968369207,4618933.99415794,336.0149085346298,71.5698193774768,0.74908,3,3
Feature,"{ ""height"": -1.0, ""confidence"": -1.0 }",7864,3,0.6344,117.52367001443956,43.46180073101158,428149.3393525862,4619820.175239399,121.55060551605564,44.67711945350058,0.7589,3,3
Feature,"{ ""height"": 4.3951582908630371, ""confidence"": -1.0 }",7872,3,0.6247,647.4404249290533,120.77952289615904,433295.40054046095,4619526.581510376,381.9897498912753,86.95184712049841,0.90872,3,2
Feature,"{ ""height"": 4.2771430015563956, ""confidence"": -1.0 }",7881,3,0.8808,122.04976149276229,46.13511752389806,431851.5474924625,4622191.407531672,147.50676472988482,48.27538950036852,0.78332,3,4
Feature,"{ ""height"": 4.4484758377075186, ""confidence"": -1.0 }",7883,3,0.9122,230.85396971299036,66.6923349446706,431737.98767731164,4622609.037323745,165.5130169894983,54.62452165647038,0.79264,3,4
Feature,"{ ""height"": 4.6875, ""confidence"": -1.0 }",7903,3,0.7895,161.8578958505671,53.645731805047326,429579.6640462065,4619592.583134029,139.20271800066263,48.13512770197637,0.8243199999999999,3,3
Feature,"{ ""height"": 3.1231017112731929, ""confidence"": -1.0 }",7926,3,0.9135,306.86325789512443,80.15201730306971,433079.1260744995,4620299.886277536,170.09810158824604,55.699363416130595,0.76346,3,2
Feature,"{ ""height"": 5.0441722869873047, ""confidence"": -1.0 }",7940,2,0.8581,4374.944161850914,338.82489631269345,430709.9377805205,4621054.584634098,119.4471655781989,45.24539800380707,0.76254,3,0
Feature,"{ ""height"": 5.6747760772705078, ""confidence"": -1.0 }",7942,2,0.9077,796.3523074787588,121.05749149727852,430621.2471365325,4621320.287292751,1400.5458869840745,190.2882137993713,0.77546,2,4
Feature,"{ ""height"": 4.5883016586303711, ""confidence"": -1.0 }",7961,3,0.8635,175.1479769976169,53.21795224618904,428505.031665169,4619668.11720236,119.8632881345469,45.94443816032577,0.8119799999999999,3,3
Feature,"{ ""height"": -1.0, ""confidence"": -1.0 }",7962,3,0.9126,322.03838134872944,77.02145767620186,427977.0614175691,4617194.50507386,313.491249624584,81.30411179532184,0.8963800000000001,3,3
Feature,"{ ""height"": 4.3774385452270508, ""confidence"": -1.0 }",7969,2,0.9309,1579.8732784395534,260.3477869576774,433329.9077787596,4622309.954884932,242.64114810456346,60.91385257721883,0.7683800000000001,3,0
Feature,"{ ""height"": 3.1647696495056152, ""confidence"": -1.0 }",7982,3,0.8716,182.89790410104752,61.42744067262183,431547.2095159543,4621994.5309191905,179.04465037267738,57.60894618833269,0.8290599999999999,3,4
Feature,"{ ""height"": -1.0, ""confidence"": -1.0 }",7998,1,0.8652,36.50608049191766,44.472389630961715,430277.0642674277,4617570.144339117,96.46155443460829,38.21250113090305,0.6974599999999999,1,3
Feature,"{ ""height"": 3.1478629112243648, ""confidence"": -1.0 }",8013,2,0.8187,1988.7788427415871,334.42968653609745,429256.9871379667,4621433.034853781,93.92580731772365,40.157228189671045,0.7188,3,0
Feature,"{ ""height"": 4.7358489036560059, ""confidence"": -1.0 }",8029,3,0.663,133.96776349675966,50.05509826391787,427770.3592687997,4618942.066904491,214.61690817072613,63.48430577824939,0.87184,3,3
Feature,"{ ""height"": -1.0, ""confidence"": -1.0 }",8032,3,0.5572,414.7379620201639,89.13104166596555,433311.2894696062,4622002.788459954,146.54521472081333,50.82285745431665,0.84106,3,2
Feature,"{ ""height"": 9.8974523544311523, ""confidence"": -1.0 }",8060,2,0.8102,461.0232636849928,92.20940188831104,430522.60771713674,4620313.497666882,989.1760144381233,126.65190593574994,0.80608,2,4
Feature,"{ ""height"": 3.0308537483215332, ""confidence"": -1.0 }",8068,3,0.8905,117.29670929618382,49.63900249224228,429774.54953282827,4621912.248078072,143.12114752935958,53.03524789086043,0.8380199999999999,3,4
Feature,"{ ""height"": 6.1159296035766602, ""confidence"": -1.0 }",8074,0,0.5922,230.95047234428728,62.78144839454096,429520.43452346243,4618581.415946925,346.9141363624614,80.14480686018406,0.7013,3,3
Feature,"{ ""height"": 3.8523046970367432, ""confidence"": -1.0 }",8111,1,0.7319,52.67695021185003,29.126492643935155,430176.9788092714,4617583.450095826,88.85382408662093,38.315359664971126,0.7154,3,3
Feature,"{ ""height"": 4.2529292106628418, ""confidence"": -1.0 }",8120,3,0.888,194.23938623002743,58.84552287219209,429967.4137158418,4618768.839259126,349.2455055377053,81.02482948871436,0.7738000000000002,3,3
Feature,"{ ""height"": 4.1117849349975586, ""confidence"": -1.0 }",8138,3,0.5005,114.47481149750476,45.8830115676964,429135.83474406356,4619623.896376942,143.37033195014294,50.16334242361367,0.80184,3,3
Feature,"{ ""height"": 4.9176311492919922, ""confidence"": -1.0 }",8150,3,0.8208,223.0867987560194,68.29773467482747,427299.9645191162,4615249.096946605,210.39428519698225,58.48898110340319,0.70534,3,3
Feature,"{ ""height"": 4.5315113067626953, ""confidence"": -1.0 }",8151,3,0.871,178.19624547404658,61.409108619269674,427220.48511650204,4618988.625645022,179.52629286864823,58.10111213684098,0.74878,3,3
Feature,"{ ""height"": 3.5430340766906738, ""confidence"": -1.0 }",8162,3,0.915,159.9175333098706,53.51565271513126,432159.57464913896,4622126.390177759,467.2709077191068,87.8310810680278,0.7186199999999999,3,2
Feature,"{ ""height"": 5.2551059722900391, ""confidence"": -1.0 }",8174,3,0.934,262.2611356661275,72.05058549591294,431298.76706055406,4620941.934612843,162.41340351730165,56.58287882844561,0.75816,3,4
Feature,"{ ""height"": 3.2937440872192378, ""confidence"": -1.0 }",8192,3,0.7381,156.13607816518393,52.069522294477544,429757.2737962655,4619921.947041746,129.13993434777223,46.822378754921566,0.73708,3,3
Feature,"{ ""height"": 3.423076868057251, ""confidence"": -1.0 }",8222,3,0.8155,118.26281809094098,46.27097292741356,433396.6496675638,4622121.327342744,191.8719002955511,58.95174909660981,0.81576,3,2
Feature,"{ ""height"": -1.0, ""confidence"": -1.0 }",8269,3,0.5134,55.01492946576961,29.837970595025787,429447.3030630463,4620163.793504312,150.41837460949833,49.26212448841933,0.8463,3,3
Feature,"{ ""height"": 3.1198582649230948, ""confidence"": -1.0 }",8276,3,0.6944,209.70332378504017,67.69790545407905,428417.63108278316,4619321.600467707,133.4570880182088,50.53839202905412,0.7181200000000001,3,3
Feature,"{ ""height"": 4.1151371002197275, ""confidence"": -1.0 }",8292,3,0.8628,122.94110585943557,45.665565143766834,431971.8722267313,4620646.381986904,180.62533399249918,58.02165762537961,0.84724,3,2
Feature,"{ ""height"": -1.0, ""confidence"": -1.0 }",8293,3,0.6577,40.07744884073322,29.654071853429116,431798.83229321416,4620522.438203049,163.01582326774715,50.575982318746085,0.80866,3,4
Feature,"{ ""height"": 4.5394201278686523, ""confidence"": -1.0 }",8295,3,0.7337,195.00877279624325,58.60808919192053,431649.3626709138,4622056.110265498,153.757082207599,54.34783395242751,0.8571,3,4
Feature,"{ ""height"": 3.2933230400085449, ""confidence"": -1.0 }",8297,3,0.8978,256.85186678919166,66.81260151475774,431495.5889714355,4621228.174389336,182.08190702434948,57.62098971762846,0.73978,3,4
Feature,"{ ""height"": 4.7712845802307129, ""confidence"": -1.0 }",8315,3,0.9021,167.28288544560297,56.60371095713083,429789.527933622,4618588.557537571,123.22432033836462,45.57984479361944,0.8025800000000001,3,3
Feature,"{ ""height"": 4.5508747100830078, ""confidence"": -1.0 }",8318,3,0.8608,215.1342636079993,64.53411590265208,429639.7210776835,4620353.379959335,210.3282831434514,57.563597635753126,0.8522000000000001,3,4
Feature,"{ ""height"": 4.6469016075134277, ""confidence"": -1.0 }",8344,3,0.9089,203.9836422123888,62.360074674516625,432744.2777605421,4620938.584741174,183.9289748559889,56.85517480340682,0.8427200000000001,3,2
Feature,"{ ""height"": 4.0103092193603516, ""confidence"": -1.0 }",8377,3,0.7764,96.30685802011514,40.90113189519457,429530.4411844527,4620141.137361693,123.48814191248239,43.08981580663163,0.68466,3,3
Feature,"{ ""height"": 3.494820117950439, ""confidence"": -1.0 }",8382,3,0.752,81.44980852759248,36.50273367422196,429063.58272480726,4619378.561346497,125.51784670534316,46.18691024393554,0.7793599999999999,3,3
Feature,"{ ""height"": 4.6838154792785645, ""confidence"": -1.0 }",8387,2,0.9296,1162.424129399398,136.9052957665145,428466.57525519637,4623745.286377965,2048.953646890118,229.5072279191758,0.80182,2,0
Feature,"{ ""height"": -1.0, ""confidence"": -1.0 }",8420,3,0.8226,49.98069053221476,29.40812648638854,430359.7719604533,4619347.722181818,217.4630414526768,58.29570557413301,0.80874,3,3
Feature,"{ ""height"": 3.6053092479705811, ""confidence"": -1.0 }",8421,3,0.8191,169.79504568309122,58.0734425780382,430328.9244177596,4620858.76480119,849.5848157573175,113.73313653132368,0.7657799999999999,3,4
Feature,"{ ""height"": 3.3802869319915771, ""confidence"": -1.0 }",8425,3,0.5472,266.25677886238157,67.69870674976293,430024.8298428654,4618934.284841751,144.23811819575204,49.56359292081926,0.7641199999999999,3,3
Feature,"{ ""height"": 4.2433533668518066, ""confidence"": -1.0 }",8447,3,0.8373,183.00367727355825,58.62690368170533,428138.8044762977,4619448.205433216,153.62089453122908,52.252236835862846,0.74138,3,3
Feature,"{ ""height"": 5.4709963798522949, ""confidence"": -1.0 }",8461,3,0.9012,278.57598156104757,76.62177498621148,433089.1969394084,4620777.251411236,278.62971558714594,71.94396841392617,0.8123000000000001,3,2
Feature,"{ ""height"": -1.0, ""confidence"": -1.0 }",8462,3,0.7264,28.507766555220016,21.625342230309965,432906.1598425498,4622239.508019471,495.0792848692487,117.01537494145285,0.83352,2,2
Feature,"{ ""height"": 3.6176285743713379, ""confidence"": -1.0 }",8479,3,0.9144,235.73123508090885,66.95226776924052,431064.46692668425,4621877.320740592,164.38246851152147,54.095654625117064,0.7807999999999999,3,4
Feature,"{ ""height"": 4.6919646263122559, ""confidence"": -1.0 }",8483,2,0.7882,1012.0506302383252,139.23535217645176,430490.61374251347,4619557.766786797,160.07407444276387,55.20294834985699,0.7623200000000001,3,0
Feature,"{ ""height"": 5.5051259994506845, ""confidence"": -1.0 }",8484,3,0.8722,179.03414900469568,56.906443883194854,430251.3226297644,4619003.192757203,319.325700283582,72.28520468305818,0.80084,3,3
Feature,"{ ""height"": -1.0, ""confidence"": -1.0 }",8519,3,0.8645,273.724687740931,74.29968176202452,431500.42393627495,4621822.028121148,171.96061416298284,55.31926375510991,0.8543000000000001,3,4
Feature,"{ ""height"": 4.1557621955871582, ""confidence"": -1.0 }",8524,3,0.6631,133.24900051041925,46.51758421037124,431053.0694737477,4621518.377930589,142.00233382112867,50.62991438887629,0.79088,3,4
Feature,"{ ""height"": 3.3406646251678462, ""confidence"": -1.0 }",8531,3,0.8759,207.21318138409663,63.07010789108397,430511.91620687983,4619838.020393696,314.44728043471105,67.73680766078022,0.6930599999999999,3,4
Feature,"{ ""height"": 4.7273492813110352, ""confidence"": -1.0 }",8533,3,0.85,117.6254911338693,46.28905369446742,430364.4410621359,4619505.690395735,311.04144572630645,67.96914719089588,0.7422000000000001,3,3
Feature,"{ ""height"": 6.4573516845703116, ""confidence"": -1.0 }",8543,3,0.5144,149.427042644183,49.88607001924301,429631.7078926108,4619736.526171326,149.2209421816544,50.18050765426598,0.8069200000000001,3,3
Feature,"{ ""height"": 4.2038345336914062, ""confidence"": -1.0 }",8551,2,0.8623,1101.4451671095442,210.6240580494141,428586.0412220861,4620899.266078114,770.3076271861345,125.2602292884264,0.7834399999999999,2,0
Feature,"{ ""height"": 5.612210750579834, ""confidence"": -1.0 }",8571,3,0.8678,117.74673994478732,43.62396160453609,431190.445366173,4620788.179185436,212.5025760558608,64.53603409548076,0.7167799999999999,3,4
Feature,"{ ""height"": 3.8577616214752193, ""confidence"": -1.0 }",8588,3,0.928,205.77895582403409,59.91887537626786,429637.7875701892,4618787.920282516,125.40532948957225,47.21701926052636,0.7806599999999999,3,3
Feature,"{ ""height"": 4.5564079284667969, ""confidence"": -1.0 }",8627,2,0.8421,1547.5639260899984,216.7436439847569,430483.18760390097,4620538.787084907,537.8789494945828,92.29921937120491,0.7505599999999999,2,0
Feature,"{ ""height"": 9.4036436080932617, ""confidence"": -1.0 }",8631,0,0.8658,1050.865376091677,171.81021551239775,430233.17100506555,4618868.309799895,114.32218144193955,43.15723106065262,0.72948,3,0
Feature,"{ ""height"": 5.053835391998291, ""confidence"": -1.0 }",8633,3,0.8858,251.6448043563192,66.58638447532923,430169.54288715875,4617798.51240773,187.10716243042958,45.824209012477056,0.69294,3,3
Feature,"{ ""height"": 4.6363101005554199, ""confidence"": -1.0 }",8643,3,0.8211,84.16126785156698,36.70379604909176,429836.56467181945,4620556.591633236,134.28234174696018,50.255211471416,0.75018,3,4
Feature,"{ ""height"": 3.177886962890625, ""confidence"": -1.0 }",8686,3,0.5593,424.32358088192296,129.66436988744974,430161.5463197786,4620168.832687875,695.5603971694381,90.72990513436851,0.7924599999999999,3,4
Feature,"{ ""height"": 4.6012372970581055, ""confidence"": -1.0 }",8710,3,0.5752,120.09543757481543,43.838848658200135,433367.21706182795,4620444.440170761,191.36645146732934,58.63370210466477,0.81576,3,2
Feature,"{ ""height"": 3.2764482498168941, ""confidence"": -1.0 }",8723,3,0.7968,142.75067088990204,47.80360254694397,431468.6384620616,4621044.873838139,151.2530184902449,50.6263033523842,0.76096,3,4
Feature,"{ ""height"": 4.6790275573730469, ""confidence"": -1.0 }",8739,3,0.8927,121.03801246789388,45.162459208068405,429971.6690031653,4621237.6076248735,90.92895493866536,38.16370605527935,0.89286,3,4
Feature,"{ ""height"": 3.8872387409210201, ""confidence"": -1.0 }",8740,3,0.8946,181.00474122707553,55.85639577337828,429928.935123476,4619251.156608331,177.0855237039233,56.01232970687554,0.7417800000000001,3,3
Feature,"{ ""height"": -1.0, ""confidence"": -1.0 }",8743,3,0.7025,12.677889778196258,14.449826600662462,429787.73505962914,4619849.649106184,344.77418215114494,72.00471976496296,0.8362999999999999,3,3
Feature,"{ ""height"": 3.1188642978668208, ""confidence"": -1.0 }",8756,3,0.8367,102.9610869167442,43.135164837329114,429281.39948017674,4619623.475017671,148.31195517432533,50.15218957082786,0.83382,3,3
Feature,"{ ""height"": 4.7963657379150391, ""confidence"": -1.0 }",8767,3,0.8676,171.97108818744005,57.46173468836966,427381.2378374089,4619008.077483975,167.4079592340301,55.77563880712612,0.8048399999999999,3,3
Feature,"{ ""height"": 5.2659850120544434, ""confidence"": -1.0 }",8769,3,0.8833,286.03783384373907,74.52112320342833,433545.9469612712,4621365.207416395,317.52943784332473,86.72600779900446,0.8215,3,2
Feature,"{ ""height"": 4.5610318183898935, ""confidence"": -1.0 }",8780,3,0.8653,128.82664723810467,46.374352381405686,431634.3939534498,4622738.132432717,196.57939114445443,61.465196448830646,0.7839400000000001,3,4
Feature,"{ ""height"": 4.7320094108581543, ""confidence"": -1.0 }",8800,3,0.7556,172.19173586705654,55.1730844740288,429965.54999101424,4620271.6839183,194.154978346767,53.811498060210305,0.86066,3,4
Feature,"{ ""height"": 4.9865379333496094, ""confidence"": -1.0 }",8802,2,0.6661,1661.5570862822603,191.51108802688265,429913.20385741146,4619542.1186677795,654.9570451496568,100.25718831967549,0.8044800000000001,3,0
Feature,"{ ""height"": -1.0, ""confidence"": -1.0 }",8803,3,0.8812,145.61940003800137,53.00880536300181,429865.1739334173,4621855.947136124,129.53685410933764,49.031576105693546,0.8387799999999999,3,4
Feature,"{ ""height"": 5.0309228897094727, ""confidence"": -1.0 }",8813,3,0.7903,104.05270108955848,41.64281045778819,428639.77026789816,4619488.96461941,138.37807661570292,49.081372251415374,0.8547399999999999,3,3
Feature,"{ ""height"": 3.9105780124664302, ""confidence"": -1.0 }",8823,3,0.7902,136.40955950425845,52.54086056152675,427411.3650274544,4619005.6949595325,151.54109173127551,51.84378912519442,0.83428,3,3
Feature,"{ ""height"": 4.855560302734375, ""confidence"": -1.0 }",8847,3,0.8663,236.956423591842,64.25819615032732,431332.1481201421,4622492.577562984,202.48693120679638,59.72855939607642,0.78678,3,4
Feature,"{ ""height"": 4.5173835754394531, ""confidence"": -1.0 }",8850,3,0.8712,216.6062203893257,69.04162929269702,431003.4535133477,4621635.327615337,144.9290966159122,49.342564087605346,0.76616,3,4
Feature,"{ ""height"": -1.0, ""confidence"": -1.0 }",8854,2,0.7287,195.96217598033337,58.58312349063968,430714.6624856289,4622168.973459691,716.7232374867842,115.18808587015947,0.8334400000000001,3,4
Feature,"{ ""height"": -1.0, ""confidence"": -1.0 }",8856,2,0.9037,601.4063853192389,100.32786059762536,430599.18240304943,4623299.707613553,1337.6821065877182,127.9098431019477,0.7317400000000001,2,4
Feature,"{ ""height"": 4.6845884323120117, ""confidence"": -1.0 }",8865,2,0.8928,1823.6354781003452,220.2925315178388,429910.29002643225,4619651.647259581,686.613987858223,105.94519829674212,0.8017800000000002,3,0
Feature,"{ ""height"": -1.0, ""confidence"": -1.0 }",8866,2,0.7198,190.86421077273565,59.068858277055845,429914.71735476603,4621954.738958444,145.5663674214889,52.096906013580266,0.75254,3,4
Feature,"{ ""height"": -1.0, ""confidence"": -1.0 }",8868,3,0.7444,184.14652000466623,66.74903655941802,429864.89481135557,4620491.948877177,111.85013475383785,43.458972181574026,0.7793399999999999,3,4
Feature,"{ ""height"": 5.2473125457763672, ""confidence"": -1.0 }",8883,2,0.9279,1927.4382846338265,191.77142472357536,428363.70049182535,4620344.251132715,515.1256618076883,89.15240666376289,0.79196,3,0
Feature,"{ ""height"": 4.6576943397521973, ""confidence"": -1.0 }",8890,3,0.8632,195.33026883965667,56.52484792000335,427051.7769940324,4619024.635144596,178.00740905472009,57.98024183716151,0.7659400000000001,3,3
Feature,"{ ""height"": 4.8846473693847656, ""confidence"": -1.0 }",8901,3,0.8639,300.1213527086158,72.08066087617094,432446.15304008353,4620104.732490563,218.10857150794655,62.336162998553654,0.9115599999999999,3,2
Feature,"{ ""height"": 5.6659016609191895, ""confidence"": -1.0 }",8905,3,0.8355,107.9712783104632,41.809260272728025,431997.35479030997,4620932.002530096,138.63780499228585,48.66103919419803,0.8128,3,2
Feature,"{ ""height"": 3.9182260036468501, ""confidence"": -1.0 }",8911,3,0.7604,71.4879107922261,33.83032006378916,431416.7403507142,4621076.080453682,176.77611735295778,54.66851393505144,0.7906599999999999,3,4
Feature,"{ ""height"": 4.3845024108886719, ""confidence"": -1.0 }",8912,3,0.6746,101.06789103099834,40.500970544047185,431373.3216137002,4621360.215727422,166.5347046941347,53.57889958974489,0.76092,3,4
Feature,"{ ""height"": -1.0, ""confidence"": -1.0 }",8913,3,0.8325,462.4382680249713,111.1208841288926,431308.61454790016,4619894.931886518,121.44885989572533,44.476773661481275,0.8236000000000001,3,4
Feature,"{ ""height"": 4.6132931709289551, ""confidence"": -1.0 }",8920,3,0.9063,82.07188666964927,36.25508281340959,430208.37097684364,4621340.2474144045,170.15504701992012,53.25328373223867,0.76576,3,4
Feature,"{ ""height"": 4.5757660865783691, ""confidence"": -1.0 }",8924,3,0.8766,174.601313928853,57.87375104459796,429921.08413003903,4622666.637864458,235.65984103060936,64.18890973426888,0.77032,3,4
Feature,"{ ""height"": 3.292580127716064, ""confidence"": -1.0 }",8950,3,0.7737,176.4455917677413,55.656711766524225,431385.31124673225,4622747.784958644,189.93857257157313,58.984227988333565,0.75094,3,4
Feature,"{ ""height"": 6.989166259765625, ""confidence"": -1.0 }",8959,2,0.759,1665.978488399746,202.9796033035084,430606.40447903605,4620666.947801929,490.48818111968865,94.08971728467642,0.7946199999999999,2,0
Feature,"{ ""height"": -1.0, ""confidence"": -1.0 }",8977,3,0.8963,137.96419045647116,55.22179518877151,428881.3043194559,4619568.077607668,111.94694774038551,44.976824393126336,0.80798,3,3
Feature,"{ ""height"": 5.5151829719543457, ""confidence"": -1.0 }",8991,3,0.9056,238.6468837854197,68.07228517512105,432590.1179074489,4620160.682569367,225.05134025596755,64.40738143692157,0.8140000000000001,3,2
Feature,"{ ""height"": 5.0986666679382324, ""confidence"": -1.0 }",9010,3,0.8278,185.95172812049933,55.19921199309039,430829.39126283623,4620982.983614999,971.7207621711623,104.4980952867212,0.76002,3,4
Feature,"{ ""height"": -1.0, ""confidence"": -1.0 }",9017,3,0.7378,58.26791781530924,31.174707031596512,430210.0650536793,4620808.67790902,167.616219287778,59.671261537672535,0.7833,3,4
Feature,"{ ""height"": 4.8200359344482422, ""confidence"": -1.0 }",9045,3,0.8158,165.21160157077594,54.97758691620296,433238.2108177053,4620235.91098786,172.0071381135179,52.3422205147525,0.8121600000000001,3,2
Feature,"{ ""height"": 6.6636962890625, ""confidence"": -1.0 }",9057,3,0.8678,150.1658906025151,56.957511803607446,431614.645176854,4620800.141957016,221.94980013899803,63.60792982826668,0.845,3,4
Feature,"{ ""height"": 4.2017989158630371, ""confidence"": -1.0 }",9075,3,0.9273,165.30996415254282,54.09992508412758,429965.42625854874,4622461.775042943,218.37374644419123,62.17891096250999,0.8307399999999999,3,4
Feature,"{ ""height"": 4.4702215194702148, ""confidence"": -1.0 }",9076,3,0.8169,270.583225680884,74.29803914665821,429862.53104273666,4618928.958193312,134.81362409292024,46.010883925810774,0.7274200000000001,3,3
Feature,"{ ""height"": 3.0169491767883301, ""confidence"": -1.0 }",9084,3,0.8002,140.49480167787027,51.60837306062592,429428.11026650167,4617348.426260854,149.49832651227302,51.38924048049555,0.71744,3,3
Feature,"{ ""height"": -1.0, ""confidence"": -1.0 }",9085,3,0.6405,77.6477593260372,36.064297335176846,429291.36205720203,4619374.135108209,145.5783144885532,50.26677483119978,0.82186,3,3
Feature,"{ ""height"": 4.3641343116760254, ""confidence"": -1.0 }",9108,3,0.8645,145.39829451883094,52.963204243535735,431775.3713909658,4620491.689443356,87.22624350482337,37.21713358650892,0.7534799999999999,3,4
Feature,"{ ""height"": -1.0, ""confidence"": -1.0 }",9115,0,0.7144,204.89176273329423,78.89256923126614,431316.7959517709,4622953.944556277,256.6136697422867,67.95860899898415,0.8695600000000001,3,4
Feature,"{ ""height"": 4.2958197593688956, ""confidence"": -1.0 }",9123,3,0.7134,93.1131592216673,41.18036894396019,430627.17225979536,4621590.633925224,1490.31470819615,196.61433317359405,0.7022600000000001,2,4
Feature,"{ ""height"": 5.7270035743713379, ""confidence"": -1.0 }",9127,2,0.7452,2781.624456211279,237.92878435150325,430271.4907501494,4620177.165433932,325.635122118854,84.35185198918465,0.77058,3,0
Feature,"{ ""height"": -1.0, ""confidence"": -1.0 }",9145,2,0.7261,198.8329937181794,65.7891743679413,428942.91664274194,4617304.155277944,216.44793197368617,62.94324942642263,0.90572,3,3
Feature,"{ ""height"": -1.0, ""confidence"": -1.0 }",9150,3,0.6323,117.11182061834464,56.858819352144984,427791.59749540844,4617273.757585481,193.2481908234244,64.45088008771347,0.78526,3,3
Feature,"{ ""height"": 4.2725648880004883, ""confidence"": -1.0 }",9159,3,0.8625,277.95532725377143,69.39469379908647,433053.9808194111,4620808.313384534,276.23788985500727,74.40812821791614,0.8065200000000001,3,2
Feature,"{ ""height"": -1.0, ""confidence"": -1.0 }",9168,3,0.7883,55.13692931709926,31.879219445221448,431677.24886055884,4621041.715024147,163.45838223807235,53.06838763876391,0.73902,3,4
Feature,"{ ""height"": 4.0881237983703613, ""confidence"": -1.0 }",9169,3,0.8628,157.01503022646614,54.304506346894115,431645.89891677373,4621816.073372746,171.54935010982294,56.15901883406006,0.86212,3,4
Feature,"{ ""height"": 3.2719485759735099, ""confidence"": -1.0 }",9186,3,0.8551,115.44424654589253,43.64449890288048,430344.6712431449,4619522.952372225,314.909162003026,68.09511502728249,0.7824,3,3
Feature,"{ ""height"": 3.3192682266235352, ""confidence"": -1.0 }",9192,3,0.868,299.99863926110436,74.09142243784719,430092.79038128036,4620175.658920362,258.1482410332589,73.87902640703403,0.7590199999999999,3,4
Feature,"{ ""height"": 5.6627397537231436, ""confidence"": -1.0 }",9207,3,0.8418,147.39408596774365,52.448632073451435,428852.44923189515,4619866.054925915,108.31932705297697,42.12911343582939,0.89416,3,3
Feature,"{ ""height"": 4.5109400749206543, ""confidence"": -1.0 }",9222,3,0.9101,206.13484653272235,57.88298757585962,432439.9504322906,4620969.515849908,194.26795152803956,59.90939918673691,0.84856,3,2
Feature,"{ ""height"": 5.9035935401916504, ""confidence"": -1.0 }",9223,3,0.8677,143.47546090946227,48.620255949831254,432428.25484781776,4620060.7949214615,249.43774986777726,67.0282439838216,0.9108,3,2
Feature,"{ ""height"": 5.6675229072570801, ""confidence"": -1.0 }",9282,3,0.9516,270.2202114796321,75.05427497101185,433373.07807626214,4619442.901150826,422.69612926335765,92.19624017180574,0.8427999999999999,3,2
Feature,"{ ""height"": 8.106694221496582, ""confidence"": -1.0 }",9309,2,0.8491,3612.011560326732,335.6508926389354,430414.37520543183,4620900.122340575,230.97448610187817,68.68399328204421,0.8375199999999999,3,0
Feature,"{ ""height"": 3.754242897033691, ""confidence"": -1.0 }",9360,3,0.8926,151.94102080202322,51.175347016365166,431458.8766522195,4620289.95050271,124.10324440121337,46.484216270965014,0.7758800000000001,3,4
Feature,"{ ""height"": -1.0, ""confidence"": -1.0 }",9363,3,0.775,110.69582035216509,43.892033240421775,431155.1413894399,4621023.7869648,224.12073822022117,65.88010302728212,0.8420200000000001,3,4
Feature,"{ ""height"": 4.1351757049560547, ""confidence"": -1.0 }",9368,3,0.8854,231.46754792482648,64.45235705183282,430144.7514311542,4617542.766751293,97.0589897951225,41.1491804610755,0.76708,1,3
Feature,"{ ""height"": 4.0521740913391113, ""confidence"": -1.0 }",9369,3,0.8528,91.26918801287049,42.63162442244124,429853.3517474302,4623133.061006213,127.7426778571556,47.03080226654624,0.82744,3,4
Feature,"{ ""height"": 4.684563159942627, ""confidence"": -1.0 }",9393,2,0.9057,665.1023332339848,130.71523211518442,428323.4611038726,4621490.171360221,749.1699988908621,127.91954359860196,0.7397600000000001,2,4
Feature,"{ ""height"": 3.8230793476104732, ""confidence"": -1.0 }",9398,3,0.8376,311.0824541630361,85.76826043026674,433125.78386538255,4620674.454041368,255.50064735519518,68.45354972313764,0.7440599999999999,3,2
Feature,"{ ""height"": 6.8266386985778809, ""confidence"": -1.0 }",9417,3,0.7284,46.90608485008961,28.487463062141934,431432.1347438398,4620342.2860023575,145.1102315916001,51.02179306180966,0.8087199999999999,3,4
Feature,"{ ""height"": 4.864628791809082, ""confidence"": -1.0 }",9433,3,0.6358,11.271800384437846,14.371888580835575,430407.5288070528,4622748.629060835,2734.5997259172445,139.77512497485216,0.73924,3,4
Feature,"{ ""height"": 4.3838968276977539, ""confidence"": -1.0 }",9445,3,0.883,111.51295019150596,43.88422981001643,429783.9450297235,4622630.242125987,133.9544103485734,46.30752109172799,0.82356,3,4
Feature,"{ ""height"": -1.0, ""confidence"": -1.0 }",9446,2,0.5291,134.35265741769766,57.456000977607296,429730.73819989717,4623286.788023605,261.9127663668489,73.75193573265193,0.8118000000000001,2,4
Feature,"{ ""height"": 3.4388973712921138, ""confidence"": -1.0 }",9451,3,0.8006,161.88922029747997,52.11841339005712,429391.366704985,4619684.271388682,146.12052759933104,50.06598756526122,0.78928,3,3
Feature,"{ ""height"": 3.9892101287841792, ""confidence"": -1.0 }",9468,3,0.8497,257.18647968326576,69.93816110679064,433591.08863696747,4621775.5241205925,233.3669871223433,63.78728748578651,0.79272,3,2
Feature,"{ ""height"": 3.4125535488128662, ""confidence"": -1.0 }",9480,3,0.8993,173.75137119536146,52.739642923432534,431650.35694500076,4622379.644617767,146.30999088161053,49.61571272558509,0.8100799999999999,3,4
Feature,"{ ""height"": 5.3875870704650879, ""confidence"": -1.0 }",9486,3,0.849,192.5921481825795,62.49341730399155,430788.4643677684,4621401.704714944,445.7936018918752,90.22437442020852,0.81896,2,4
Feature,"{ ""height"": -1.0, ""confidence"": -1.0 }",9495,3,0.6596,39.898845617782584,25.36818563943452,429900.30792494956,4620777.878066351,93.54886517834927,42.17620836310181,0.8481799999999999,3,4
Feature,"{ ""height"": 4.4939579963684082, ""confidence"": -1.0 }",9520,3,0.8533,201.1507565089832,63.6593051149116,427510.32457456493,4619053.645685684,155.35869196725758,53.55184463549564,0.79638,3,3
Feature,"{ ""height"": 4.7351765632629395, ""confidence"": -1.0 }",9529,3,0.8509,259.9126130919216,67.486353372663,432139.9302074431,4622485.051752244,393.82631375385785,80.24622942868783,0.80242,3,2
Feature,"{ ""height"": 4.6775155067443848, ""confidence"": -1.0 }",9533,3,0.7619,165.9590491883279,58.56315370674902,431913.21249878797,4621765.311640073,184.81923113567134,58.44432602223668,0.79614,3,2
Feature,"{ ""height"": 3.0372014045715332, ""confidence"": -1.0 }",9539,3,0.8419,145.2406473978273,51.421723024062686,431076.96990915964,4619968.133968302,178.72630859347123,56.01089641758614,0.79532,3,4
Feature,"{ ""height"": 4.4344048500061026, ""confidence"": -1.0 }",9549,3,0.8133,114.06042886477483,42.73064373008245,429629.4376382383,4619688.004361658,147.4349480681622,49.959469584963955,0.7755399999999999,3,3
Feature,"{ ""height"": 3.323045969009399, ""confidence"": -1.0 }",9565,3,0.9311,270.75449523996775,77.03810663583818,433617.63713148824,4622483.636582493,258.8031576018156,69.80272649769617,0.82494,3,2
Feature,"{ ""height"": 4.2027826309204102, ""confidence"": -1.0 }",9578,3,0.916,217.2057884597799,65.46382252036238,432140.97646900784,4622105.099343492,455.81325668912496,85.44144710698157,0.7184200000000001,3,2
Feature,"{ ""height"": 4.1245002746582031, ""confidence"": -1.0 }",9586,2,0.7817,867.7325050153365,121.76746544548335,430607.5562469984,4624117.8848357,166.9892348888492,55.550691679981455,0.7481,0,4
Feature,"{ ""height"": 4.3442134857177734, ""confidence"": -1.0 }",9607,3,0.7336,100.37585185535514,43.44863105560572,428916.69116494723,4619666.687829375,108.38739900108297,44.80019023858593,0.8062400000000001,3,3
Feature,"{ ""height"": 3.8485779762268062, ""confidence"": -1.0 }",9623,3,0.7336,129.05426191506243,47.11451744993904,433099.1580768843,4620752.203555989,308.53405951634295,77.84541992118065,0.84582,3,2
Feature,"{ ""height"": 4.6548833847045898, ""confidence"": -1.0 }",9630,3,0.6255,272.3277099099845,72.34809822974985,432161.6530338499,4620686.728620533,138.00272311390464,46.83711901269639,0.7855800000000001,3,2
Feature,"{ ""height"": -1.0, ""confidence"": -1.0 }",9683,3,0.61,12.535712379095582,14.644376277479015,428347.53110835043,4619617.911430243,177.55681985240943,57.06158079378815,0.8628399999999999,3,3
Feature,"{ ""height"": 3.9813973903656001, ""confidence"": -1.0 }",9703,3,0.7327,121.3897701842653,45.43806880304457,431262.83198997716,4619638.902608762,139.6977464765917,46.88081482725479,0.83546,3,4
Feature,"{ ""height"": 4.9315357208251953, ""confidence"": -1.0 }",9726,3,0.9102,163.42514987919023,52.258942529546154,429392.7507097998,4619870.30323903,266.19572383767644,68.31878400127667,0.8188000000000001,3,3
Feature,"{ ""height"": 4.568397045135498, ""confidence"": -1.0 }",9744,3,0.7272,130.819446256296,46.31517295496839,431906.56383363134,4620020.143912977,152.01114639101846,51.0330464550171,0.71604,3,2
Feature,"{ ""height"": 8.4469747543334961, ""confidence"": -1.0 }",9750,3,0.5473,241.6616391468472,64.11072956317315,430954.55988884997,4620737.05290254,202.35862501687808,60.5468069858988,0.7874199999999999,3,4
Feature,"{ ""height"": -1.0, ""confidence"": -1.0 }",9752,3,0.9039,39.339438832105394,25.089353670154257,430361.3929043415,4619304.131697239,232.63751874388768,61.46614149478919,0.7989,3,3
Feature,"{ ""height"": -1.0, ""confidence"": -1.0 }",9763,3,0.7225,58.88622127549015,31.166198059428915,429924.4801669947,4619437.541563916,798.3047129759751,115.34168188169858,0.79504,3,3
Feature,"{ ""height"": -1.0, ""confidence"": -1.0 }",9764,3,0.8141,66.9739546344583,34.69916941060675,429901.6240900125,4621702.683153372,109.37003187488968,43.77410012710151,0.83262,3,4
Feature,"{ ""height"": 5.7255001068115234, ""confidence"": -1.0 }",9768,3,0.9063,192.78041981703765,58.99394131298051,429705.4462267554,4622281.719823633,185.59093277458024,54.16416363298903,0.8806800000000001,3,4
Feature,"{ ""height"": 3.5309734344482422, ""confidence"": -1.0 }",9814,3,0.8916,151.61570768291398,54.13731548491672,431126.01649068436,4619838.107111777,237.36069695287406,67.59254811605275,0.8155000000000001,3,4
Feature,"{ ""height"": 5.0193028450012207, ""confidence"": -1.0 }",9823,3,0.5658,158.90374100031764,52.94824507470351,430312.9098890933,4621182.970923469,236.31197728765943,60.76656094770652,0.81584,3,4
Feature,"{ ""height"": 3.6806027889251709, ""confidence"": -1.0 }",9831,2,0.6392,101.9114708153118,46.33824299772954,429596.7176972867,4621953.585755407,97.68998046420737,44.40508864259818,0.83184,3,4
Feature,"{ ""height"": 4.3773441314697275, ""confidence"": -1.0 }",9845,0,0.8276,982.8059798356984,238.8235466654624,432781.91049203184,4622489.345348252,292.765365834631,75.99844315825234,0.7682,2,0
Feature,"{ ""height"": 5.5218052864074707, ""confidence"": -1.0 }",9886,2,0.5286,520.4518655613913,92.138564901108,429445.30960448645,4621823.543366372,348.5938755263905,76.7117340516988,0.8290199999999999,3,4
Feature,"{ ""height"": 8.8059911727905273, ""confidence"": -1.0 }",9907,2,0.7427,138.96719842635633,48.90973172591003,432564.70248287485,4622435.590191119,606.7497153212396,123.95643104212222,0.7439799999999999,2,2
Feature,"{ ""height"": 4.280219554901123, ""confidence"": -1.0 }",9915,3,0.835,99.07116325306508,42.29068426255463,431817.9033892293,4622136.144987006,157.6772464332182,50.089227256673155,0.7611399999999999,3,4
Feature,"{ ""height"": 4.0157990455627441, ""confidence"": -1.0 }",9924,3,0.7196,298.24450135913037,85.70402257590712,430570.61940727785,4619447.703081933,419.5491927114299,83.25052537973116,0.80496,3,3
Feature,"{ ""height"": -1.0, ""confidence"": -1.0 }",9938,3,0.9231,12.60697303225561,14.928963179508278,429977.9168313277,4621251.011093299,112.615162825793,44.21040526099138,0.8867800000000001,3,4
Feature,"{ ""height"": 4.7318530082702637, ""confidence"": -1.0 }",9940,3,0.5727,149.48436236210196,52.51152287533627,429960.68934805016,4623033.751750486,130.15155650452192,46.665068609478524,0.80558,3,4
Feature,"{ ""height"": 4.7043972015380859, ""confidence"": -1.0 }",9950,3,0.8044,182.65213053473923,54.31305455544445,429435.1175055279,4620297.965243211,143.35483361155562,48.438263932966436,0.78034,3,3
Feature,"{ ""height"": -1.0, ""confidence"": -1.0 }",9970,3,0.8746,164.5405943045016,54.05311259556824,432248.3210785797,4620798.153768473,154.70036214072496,51.15344711773267,0.7258,3,2
Feature,"{ ""height"": 5.0721259117126456, ""confidence"": -1.0 }",9983,3,0.7029,91.39211019930882,38.927937047911534,431343.10462502757,4620723.985604794,165.20797674848774,54.78611605082862,0.80212,3,4
Feature,"{ ""height"": 4.1878700256347656, ""confidence"": -1.0 }",9992,2,0.7773,711.6150937885665,155.4593968744014,430533.89686871885,4622195.114406175,171.21531062744117,58.80667516113132,0.79484,3,0
Feature,"{ ""height"": 3.5235142707824703, ""confidence"": -1.0 }",10003,3,0.8629,95.9395422034999,40.51343229334281,429753.86823412677,4620263.793851823,278.7639510190369,75.58949307104083,0.82054,3,4
Feature,"{ ""height"": 3.524843692779541, ""confidence"": -1.0 }",10018,3,0.7895,134.7925260313191,47.26458124349324,428531.81979539624,4619864.379405112,125.14799788857337,47.00481879271121,0.85488,3,3
Feature,"{ ""height"": -1.0, ""confidence"": -1.0 }",10023,3,0.5888,120.3198141631852,57.073347944361394,427672.48771489394,4617267.99252165,161.95990891050275,59.85663253846478,0.7924,3,3
Feature,"{ ""height"": 5.1689662933349609, ""confidence"": -1.0 }",10033,3,0.8752,380.8066458728522,128.1698185510562,432376.14823202055,4620340.685596966,223.66348018082817,61.31157980774084,0.7510199999999999,3,2
Feature,"{ ""height"": 5.3086347579956046, ""confidence"": -1.0 }",10064,3,0.8744,170.50519615540833,55.37183860044963,429958.5766922517,4623086.26567128,125.94738974586066,46.09300546445585,0.74524,3,4
Feature,"{ ""height"": 4.1251263618469238, ""confidence"": -1.0 }",10066,3,0.886,147.04568700558576,54.269850126738625,429656.3599635338,4621666.757970226,147.2648307090878,52.02606395864784,0.7752,3,4
Feature,"{ ""height"": 5.2462916374206543, ""confidence"": -1.0 }",10072,3,0.598,243.83336389062976,64.349934852678,429578.6982595629,4622468.033935706,162.92910871770664,52.616557893120486,0.8119400000000001,3,4
Feature,"{ ""height"": 3.2532386779785152, ""confidence"": -1.0 }",10088,3,0.8825,160.10021384195278,56.62815812480069,427997.7919773083,4618590.313345265,164.60861003059384,56.627888401197296,0.7506,3,3
Feature,"{ ""height"": -1.0, ""confidence"": -1.0 }",10090,3,0.8134,163.45642323594555,53.76007480329457,427791.3368664606,4616256.152011423,103.06003223258794,44.095185896752504,0.6027199999999999,3,3
Feature,"{ ""height"": 3.4670400619506831, ""confidence"": -1.0 }",10106,3,0.9191,195.3895273855674,64.95975667713601,431450.5540880469,4622109.151555224,149.21987491481565,49.94291083471629,0.81882,3,4
Feature,"{ ""height"": 5.2038817405700684, ""confidence"": -1.0 }",10121,0,0.9382,247.6535327300033,67.87769723234547,430075.31602923246,4624009.319678414,169.74418594972457,55.80479424886196,0.7407199999999999,0,4
Feature,"{ ""height"": 3.8430204391479492, ""confidence"": -1.0 }",10126,3,0.9178,208.03336588322287,63.15807330352783,429861.4059048662,4622168.922262247,253.1239145142421,66.14463636352818,0.85732,3,4
Feature,"{ ""height"": 6.3428993225097656, ""confidence"": -1.0 }",10127,0,0.5214,301.95732398354124,74.04590857819275,429830.40101428534,4624018.869079966,154.0844188409165,56.6054965708105,0.84026,3,4
Feature,"{ ""height"": -1.0, ""confidence"": -1.0 }",10129,3,0.8195,139.77983279741773,59.14730916472379,429784.5954221759,4623324.570313888,260.8273312909049,73.41367409522863,0.7537200000000001,2,4
Feature,"{ ""height"": 4.9054818153381348, ""confidence"": -1.0 }",10133,3,0.7838,156.8956524087385,55.377363286945645,429671.9456660119,4622634.541451888,166.230095931272,51.39880186489468,0.8040199999999998,3,4
Feature,"{ ""height"": 3.7197673320770259, ""confidence"": -1.0 }",10134,3,0.8429,127.84962978769822,45.87589844920129,429658.1757165998,4620862.91545873,123.32185262142657,47.9798995931892,0.84894,3,4
Feature,"{ ""height"": 3.6460428237915039, ""confidence"": -1.0 }",10141,3,0.8733,157.48919880643777,54.25545335396538,429109.17008899676,4618808.105908529,223.1930906342685,66.45277541483502,0.86036,3,3
Feature,"{ ""height"": -1.0, ""confidence"": -1.0 }",10148,2,0.9368,193.40401891847137,62.67854360387621,428475.3616011453,4616813.370360491,198.72361566583805,61.598929843759336,0.76116,3,3
Feature,"{ ""height"": -1.0, ""confidence"": -1.0 }",10150,3,0.8742,120.53104295569172,55.9467633335547,427789.3220980649,4616873.030083125,152.9506326308843,51.2262966302352,0.81746,3,3
Feature,"{ ""height"": 3.066327571868896, ""confidence"": -1.0 }",10152,3,0.5396,233.65840132566092,73.32757847815307,427209.96706646436,4618961.3561928505,168.43386169832533,55.7174181650643,0.8150600000000001,3,3
Feature,"{ ""height"": 5.1234745979309082, ""confidence"": -1.0 }",10172,3,0.76,170.58858349103045,59.56726418867476,431318.03339646495,4620934.75453884,183.37867215108773,58.14980651037492,0.7806799999999999,3,4
Feature,"{ ""height"": -1.0, ""confidence"": -1.0 }",10201,2,0.6307,94.06001858419064,39.16965640532614,428943.6913625226,4620526.18543894,790.150590811528,129.63901561566757,0.7979800000000001,2,3
Feature,"{ ""height"": 4.3520259857177734, ""confidence"": -1.0 }",10211,3,0.84,289.77012930737106,76.1334597225526,433599.1266590937,4622647.323847041,328.3819316064938,79.66857163774725,0.86538,3,2
Feature,"{ ""height"": 5.4553608894348145, ""confidence"": -1.0 }",10214,3,0.868,121.64596900334848,47.63178948524189,433472.0091512289,4620026.769123732,189.45934581444433,57.73467885913236,0.81888,3,2
Feature,"{ ""height"": 4.4308085441589347, ""confidence"": -1.0 }",10216,3,0.905,329.14608290010096,80.2603440440863,433277.5610962976,4620929.361793484,274.94633136540267,68.12919172179612,0.9111,3,2
Feature,"{ ""height"": 4.9562277793884277, ""confidence"": -1.0 }",10218,3,0.8681,139.247013043313,54.62656311239597,433186.0055935793,4620041.238287073,140.41845810107196,50.88431450547731,0.78514,3,2
Feature,"{ ""height"": -1.0, ""confidence"": -1.0 }",10225,3,0.6642,88.92454947120895,37.84271981267085,430948.0560973345,4619631.114689813,119.21990092781257,44.6688904924909,0.8088200000000001,3,4
Feature,"{ ""height"": 4.1860466003417969, ""confidence"": -1.0 }",10237,3,0.8139,100.16399244198487,40.06911862953541,429734.66985868214,4620465.684176287,132.01275981007478,49.03899281373116,0.7843600000000001,3,4
Feature,"{ ""height"": 3.4338200092315669, ""confidence"": -1.0 }",10251,3,0.8695,302.1616408931393,79.76781764868197,433591.4831402142,4622033.983850288,233.36609066739484,63.49407738255977,0.78018,3,2
Feature,"{ ""height"": 3.6237361431121822, ""confidence"": -1.0 }",10260,3,0.9331,431.1304012363358,121.11308686338592,433078.20095227216,4620203.855726999,170.6888491818389,54.83107045480112,0.7539399999999999,3,2
Feature,"{ ""height"": 4.3536252975463867, ""confidence"": -1.0 }",10261,2,0.8393,596.5171924131561,126.00541421400354,433078.82745115284,4622599.167296929,766.9098874466933,160.08091101622333,0.869,0,2
Feature,"{ ""height"": 4.1096200942993164, ""confidence"": -1.0 }",10266,3,0.9058,218.05251911584793,71.67622024747055,432368.7585465943,4620981.369925469,176.4916335841363,55.017858995142454,0.86922,3,2
Feature,"{ ""height"": 6.8733048439025879, ""confidence"": -1.0 }",10268,3,0.8005,255.7766329132906,65.4181173324586,432180.3224120351,4622097.902858193,448.09908779842283,85.45058814456232,0.7415200000000001,3,2
Feature,"{ ""height"": 4.0817732810974121, ""confidence"": -1.0 }",10269,3,0.8342,230.3355979858966,61.94548023389996,432098.691327778,4622878.019635903,268.1388459339676,76.1447941015468,0.8366200000000001,3,2
Feature,"{ ""height"": 3.75, ""confidence"": -1.0 }",10283,3,0.9098,27.768358685030083,22.234879601812988,431001.61398158775,4621651.1098651,162.90528121407021,54.2033078158662,0.7934,3,4
Feature,"{ ""height"": 6.959721565246582, ""confidence"": -1.0 }",10291,3,0.8583,298.91317853934265,75.67410294598136,430393.19198046543,4622190.877029458,245.60819859246212,74.03993107932054,0.7991199999999999,3,4
Feature,"{ ""height"": -1.0, ""confidence"": -1.0 }",10302,0,0.6335,417.5983667545287,88.06559537525041,429793.9082078372,4623525.274887491,494.14064628646975,93.1852862337821,0.8242200000000001,0,4
Feature,"{ ""height"": 5.0406975746154776, ""confidence"": -1.0 }",10303,3,0.8748,76.5783832466949,36.31343259793197,429474.20564555924,4623153.502727674,137.29260495832688,48.9404192152301,0.76076,3,4
Feature,"{ ""height"": 3.3125288486480708, ""confidence"": -1.0 }",10325,2,0.6076,320.1963298831774,88.65453633288135,431401.8103860098,4621246.990132661,123.05689486350009,43.94611915119581,0.7702199999999999,3,4
Feature,"{ ""height"": 3.5417273044586182, ""confidence"": -1.0 }",10363,2,0.5927,171.06257937554048,53.19264475751229,428190.50298096,4616563.255354233,97.04125671715144,41.719337613012904,0.8011000000000001,3,3
Feature,"{ ""height"": 3.7319128513336182, ""confidence"": -1.0 }",10366,3,0.9107,300.26772417892715,75.24242488688063,427863.66315818264,4617025.938416011,155.18288111975556,51.44197613986798,0.8206,3,3
Feature,"{ ""height"": -1.0, ""confidence"": -1.0 }",10413,0,0.6788,195.99603386951253,61.38763414477915,429485.0502459877,4623456.449192315,577.4902084890701,124.30378633953201,0.79098,0,4
Feature,"{ ""height"": -1.0, ""confidence"": -1.0 }",10425,3,0.6233,144.53113554185404,52.13340443872198,428340.9543822942,4619321.590183584,164.1986441849866,54.85743807638323,0.7933000000000001,3,3
Feature,"{ ""height"": -1.0, ""confidence"": -1.0 }",10429,3,0.8232,96.691800519013,39.35712163592094,427785.1776471306,4615644.325798296,209.49085418500553,58.90608307737607,0.65124,3,3
Feature,"{ ""height"": 3.5877449512481689, ""confidence"": -1.0 }",10435,3,0.7535,118.88713678310891,43.62164743939993,433463.7931912092,4622085.752327414,191.7470365571175,59.48161419421253,0.8281600000000001,3,2
Feature,"{ ""height"": 5.0106611251831046, ""confidence"": -1.0 }",10457,3,0.7809,69.74852109321996,33.840656467700434,431202.97530600405,4621268.192239707,149.36375792296434,51.48239299740086,0.69328,3,4
Feature,"{ ""height"": -1.0, ""confidence"": -1.0 }",10464,2,0.5247,84.81683353975285,42.5010024837841,430725.6794008922,4623397.740168968,1467.2952286620434,152.0541758606574,0.8026,2,4
Feature,"{ ""height"": 4.3013157844543457, ""confidence"": -1.0 }",10465,3,0.8228,112.95118307279994,43.64325756497093,430398.6326288967,4621308.239965389,251.66695914561097,57.74509150258719,0.74492,3,4
Feature,"{ ""height"": 3.9899425506591792, ""confidence"": -1.0 }",10472,3,0.8855,103.47216114958673,41.869267223952846,430127.7199052955,4621347.735777059,100.22198307627322,38.64464376982979,0.8548199999999999,3,4
Feature,"{ ""height"": -1.0, ""confidence"": -1.0 }",10496,3,0.666,164.3728557830393,58.33929189867024,428027.6928271862,4618742.071861984,162.53936856833565,55.79362155086651,0.80182,3,3
Feature,"{ ""height"": 5.1989350318908691, ""confidence"": -1.0 }",10503,3,0.881,279.39202133173984,73.24246867042585,433277.7586827729,4619786.892024489,265.3792151454504,69.55321890324973,0.91458,3,2
Feature,"{ ""height"": -1.0, ""confidence"": -1.0 }",10504,3,0.9733,16.04904235065467,17.372395550295156,433187.30688962725,4620972.895404011,336.36465359692573,80.85971983291189,0.8840600000000001,3,2
Feature,"{ ""height"": 5.1009244918823242, ""confidence"": -1.0 }",10508,3,0.9138,251.99485478658545,67.43892905494185,432314.07418510097,4620182.383915092,264.7227093069158,67.08866139200273,0.89402,3,2
Feature,"{ ""height"": 3.1887435913085929, ""confidence"": -1.0 }",10532,2,0.8299,349.2889441176579,81.45287695357739,430851.5508359052,4620464.549730702,147.3787256871529,48.56884720881915,0.84602,3,4
Feature,"{ ""height"": 5.398949146270752, ""confidence"": -1.0 }",10559,3,0.9021,141.54798056512908,47.637535806963186,428689.93329753785,4619898.52890773,117.34818002837831,44.64897852365997,0.8530199999999999,3,3
Feature,"{ ""height"": 3.598703145980835, ""confidence"": -1.0 }",10562,2,0.6499,69.04869206632127,36.23910684597022,428457.67112793186,4616775.789256132,223.5946810362681,66.88681719534053,0.8185399999999999,3,3
Feature,"{ ""height"": 5.3607378005981436, ""confidence"": -1.0 }",10571,3,0.7716,566.4928204640463,109.60688215266228,426611.2799177304,4614390.908114616,232.89951158775108,62.97209340285214,0.76066,3,3
Feature,"{ ""height"": 5.0654439926147461, ""confidence"": -1.0 }",10593,3,0.8263,137.70365197243058,47.34054153338091,430954.0846948895,4620886.250433096,237.74704304034768,68.73255677950816,0.7938799999999999,3,4
Feature,"{ ""height"": 3.1814372539520259, ""confidence"": -1.0 }",10601,0,0.5592,153.6403303059613,60.58944476371629,430196.11782639375,4623977.600701064,177.65160251456547,55.23944093813334,0.81432,0,4
Feature,"{ ""height"": 3.8669564723968501, ""confidence"": -1.0 }",10613,0,0.6736,227.85489408633137,60.98454869921232,429462.8316337036,4623821.763278183,811.6784843810185,118.34806806918462,0.86496,3,4
Feature,"{ ""height"": -1.0, ""confidence"": -1.0 }",10619,3,0.6644,122.84721012784712,44.73232865829797,428961.6291362058,4618071.999650138,197.960109625984,58.179420805431945,0.8238199999999999,3,3
Feature,"{ ""height"": 5.1346015930175781, ""confidence"": -1.0 }",10623,3,0.7855,138.00740703604376,50.95246236586368,428641.0191460264,4619919.6384223,118.05629473419538,43.98599321187987,0.8763399999999999,3,3
Feature,"{ ""height"": 4.7973456382751465, ""confidence"": -1.0 }",10626,3,0.8605,138.31430013356066,51.6343770113004,428134.5595588174,4616522.961218791,110.36719240926269,44.284427404961875,0.71436,3,3
Feature,"{ ""height"": 4.6013965606689453, ""confidence"": -1.0 }",10655,3,0.8255,303.0062897381289,74.57219271437432,430353.0406607358,4621438.267688539,105.44006039772944,42.37791246094838,0.6695800000000001,3,4
Feature,"{ ""height"": 4.0466828346252441, ""confidence"": -1.0 }",10659,3,0.5104,161.61301482262385,56.981921620853335,430290.31906535645,4619636.991318191,116.57065700776154,44.12485458012349,0.79668,3,3
Feature,"{ ""height"": 3.4294800758361812, ""confidence"": -1.0 }",10668,3,0.8655,132.05429562816232,50.45536472092695,429699.1523162346,4621100.988281914,139.09487323073319,50.91849777167178,0.84514,3,4
Feature,"{ ""height"": 4.9449014663696289, ""confidence"": -1.0 }",10681,2,0.8064,1012.2551933222968,150.38537007599467,428460.26086465403,4620510.918455508,945.3605705960996,144.13182978144596,0.80442,2,0
Feature,"{ ""height"": -1.0, ""confidence"": -1.0 }",10694,2,0.8771,72.20252652504506,36.950580124061815,432537.8271771008,4623266.443457194,1314.0447246168167,178.3884503561354,0.68796,2,2
Feature,"{ ""height"": 4.7619047164916992, ""confidence"": -1.0 }",10716,3,0.913,180.262817901156,55.745035844496755,429883.7331045848,4618657.016824976,196.95070470595778,67.32449848563732,0.82144,3,3
Feature,"{ ""height"": 4.8449745178222656, ""confidence"": -1.0 }",10718,3,0.8781,261.95109439232067,68.94180749570509,429870.5613233381,4623459.55410454,265.0750372665572,71.21867106060847,0.7585200000000001,0,4
Feature,"{ ""height"": 4.1811065673828116, ""confidence"": -1.0 }",10719,3,0.7871,189.5594155523666,57.251027407595934,429808.8255279844,4620135.171032144,131.54599828207864,51.03908945571427,0.84548,3,4
Feature,"{ ""height"": 3.6683709621429439, ""confidence"": -1.0 }",10725,3,0.7134,67.64785264171654,35.75550819141861,429696.00180791155,4620987.833759314,156.70902599720802,55.99519384487017,0.8766,3,4
Feature,"{ ""height"": -1.0, ""confidence"": -1.0 }",10727,3,0.507,107.73657108676764,53.4078089244452,429617.23484960705,4618576.724407969,143.70512909374827,49.24617117444886,0.7599199999999999,3,3
Feature,"{ ""height"": -1.0, ""confidence"": -1.0 }",10742,3,0.6974,91.11076553145897,39.67429969511241,427788.1428386391,4616918.662803739,158.83468811573084,54.48078935792366,0.85282,3,3
Feature,"{ ""height"": -1.0, ""confidence"": -1.0 }",10760,3,0.8556,77.23701118239484,44.54627714022484,431329.09806060075,4623006.882196164,963.5276610720869,154.87591645895,0.81944,3,4
Feature,"{ ""height"": -1.0, ""confidence"": -1.0 }",10765,0,0.9648,1129.879149167229,162.64288013945895,431005.115798686,4619212.407592031,608.5087163047907,97.5415691882204,0.83858,3,0
Feature,"{ ""height"": -1.0, ""confidence"": -1.0 }",10769,3,0.872,202.5292596361931,67.65569391740031,430655.70547032746,4619494.724457785,449.68434626406145,88.68938315962484,0.7590600000000001,3,3
Feature,"{ ""height"": -1.0, ""confidence"": -1.0 }",10779,3,0.7113,99.71156754922887,40.02642083282528,429997.8532534609,4623138.181895424,144.35073851039874,50.255026192461514,0.80944,3,4
Feature,"{ ""height"": 4.7515430450439453, ""confidence"": -1.0 }",10780,3,0.7152,160.52655953498902,54.47094572299865,429942.07676458417,4623035.214456727,127.94311706994452,46.273184039946045,0.77708,3,4
Feature,"{ ""height"": 4.3460736274719238, ""confidence"": -1.0 }",10784,3,0.8421,142.13452591047445,52.50688157862081,429768.1242377758,4623043.048471934,138.85428701147845,48.75137615630133,0.8351,3,4
Feature,"{ ""height"": 4.5713510513305664, ""confidence"": -1.0 }",10786,3,0.6212,182.23392397340456,55.20577134428882,429660.0425071119,4620070.964463189,137.2008415152697,49.68536675551463,0.74312,3,3
Feature,"{ ""height"": 3.913446187973022, ""confidence"": -1.0 }",10804,3,0.5778,187.42831486788307,56.99912063356827,427365.6914619496,4618723.259414894,172.67660705485324,57.011666684672356,0.7146,3,3
Feature,"{ ""height"": 6.6206727027893066, ""confidence"": -1.0 }",10811,0,0.9012,596.5553329143239,151.1573483584496,432795.4808870289,4622705.677368968,1146.1648053611175,174.70146377602853,0.83478,2,2
Feature,"{ ""height"": 6.9809880256652832, ""confidence"": -1.0 }",10813,2,0.9201,1040.059813195802,141.9873825991561,432217.1814192135,4622505.622464315,237.79687373308178,65.34602358338921,0.7885800000000001,3,2
Feature,"{ ""height"": 4.354926586151123, ""confidence"": -1.0 }",10849,3,0.9065,145.6756067224104,49.8385582595006,428566.90998322406,4618173.579058302,243.04611963698267,66.34742395622573,0.8399999999999999,3,3
Feature,"{ ""height"": 4.6733188629150391, ""confidence"": -1.0 }",10854,3,0.8458,208.74182047045977,61.875128382336584,427534.7249468988,4618829.844382701,187.1701586070031,58.194335927597386,0.78788,3,3
Feature,"{ ""height"": 4.439979076385498, ""confidence"": -1.0 }",10862,3,0.8971,191.3241371027135,55.38624262482275,432932.90950888064,4620086.946409599,204.54186028658842,60.03750819744603,0.7999,3,2
Feature,"{ ""height"": 5.3545513153076172, ""confidence"": -1.0 }",10879,2,0.5048,1152.3468706998535,173.3455705714294,430585.22006726393,4619774.752685728,125.42054257155965,45.68171512471112,0.7672800000000001,3,0
Feature,"{ ""height"": 4.7780165672302255, ""confidence"": -1.0 }",10886,3,0.9213,138.62835650176822,49.272070032460654,429615.5887898974,4617275.021900225,121.69180955430207,44.795466435494276,0.7254600000000001,3,3
Feature,"{ ""height"": 3.3510007858276358, ""confidence"": -1.0 }",10937,3,0.8704,175.9000449767983,56.96852014476321,429233.5621160193,4619623.679753917,118.07250447413028,44.76206788312403,0.73616,3,3
Feature,"{ ""height"": 4.3738193511962891, ""confidence"": -1.0 }",10941,3,0.855,73.57488097500561,34.319025413822786,428748.24861929764,4619409.385673384,129.22324472957197,46.60876027661236,0.8253,3,3
Feature,"{ ""height"": -1.0, ""confidence"": -1.0 }",10952,3,0.5234,177.48177172726287,55.015414824055185,432411.74764121656,4620515.862634825,221.99811800576816,67.59926499672649,0.78202,3,2
Feature,"{ ""height"": 6.4175167083740234, ""confidence"": -1.0 }",10981,2,0.8701,738.5704520432898,125.19756679970811,430636.2794699416,4621523.112556957,1406.2794763859688,192.4250250754265,0.78236,3,4
Feature,"{ ""height"": 4.8755850791931152, ""confidence"": -1.0 }",10988,0,0.7697,180.04288776788871,55.673789124591806,429778.7505493987,4621457.732998802,135.18469078384106,51.239928284403085,0.83076,3,4
Feature,"{ ""height"": -1.0, ""confidence"": -1.0 }",10989,3,0.6365,77.28988902957647,35.16791408999357,429656.1740813682,4621619.865994723,175.35255956787387,58.207853468595864,0.80488,3,4
Feature,"{ ""height"": 3.4528908729553218, ""confidence"": -1.0 }",10994,3,0.6444,92.58104222872568,42.7272677093593,429198.0887953144,4621359.108849143,649.8527131249587,116.11098399612374,0.7769199999999999,3,4
Feature,"{ ""height"": 4.0230927467346191, ""confidence"": -1.0 }",10999,3,0.8642,120.29094312796737,44.52271165765882,428506.25998812786,4619493.220229087,156.48329465833655,51.96474576676947,0.8301399999999999,3,3
Feature,"{ ""height"": -1.0, ""confidence"": -1.0 }",11000,3,0.7049,97.9651771889124,48.95164731741815,428015.8968502576,4616475.770907015,105.43246916004394,42.79772510496137,0.6936,3,3
Feature,"{ ""height"": 3.683977365493774, ""confidence"": -1.0 }",11002,3,0.7764,246.25284826032407,68.79499938952334,433463.98628233734,4622184.199094869,172.27364752772854,54.0790758207844,0.79528,3,2
Feature,"{ ""height"": 3.2152776718139648, ""confidence"": -1.0 }",11003,3,0.6021,35.663124194625524,25.320776930389336,433432.8776679385,4622220.703455136,307.2651447894039,74.52022293634253,0.8284600000000001,3,2
Feature,"{ ""height"": 4.6771788597106934, ""confidence"": -1.0 }",11004,3,0.8123,312.82457165507674,77.94152033511926,433320.3971082123,4621092.4679057365,296.8719822192083,79.88833629205722,0.8682000000000001,3,2
Feature,"{ ""height"": -1.0, ""confidence"": -1.0 }",11011,3,0.7752,181.7475132952617,54.90292861975968,431750.10369013797,4620440.761691277,79.95639974953721,36.82918871126414,0.7713400000000001,3,4
Feature,"{ ""height"": 4.6735587120056152, ""confidence"": -1.0 }",11045,3,0.9073,170.34449901512508,54.465353295208345,428875.5507920516,4619278.22338394,125.73694709752283,44.53473322687718,0.843,3,3
Feature,"{ ""height"": 4.2343144416809082, ""confidence"": -1.0 }",11055,3,0.7777,256.7724413913204,69.28737646681483,433522.50829560246,4620122.83771505,193.7661281287414,59.96848312795171,0.87532,3,2
Feature,"{ ""height"": 4.5866045951843262, ""confidence"": -1.0 }",11058,3,0.8164,180.512931608617,58.949491671294375,432904.8073575997,4620269.609676968,225.38742814358085,64.358983407262,0.8288800000000001,3,2
Feature,"{ ""height"": 4.853236198425293, ""confidence"": -1.0 }",11065,3,0.8982,197.47779938942816,58.57632945921392,431989.4976380189,4622598.641758732,223.72720678825067,64.60189851637054,0.8504000000000002,3,2
Feature,"{ ""height"": 4.5829935073852539, ""confidence"": -1.0 }",11068,3,0.6325,85.13208483904029,36.93350896344309,431721.7842135095,4620233.578413262,94.61773272322,39.08433643800528,0.7602,3,4
Feature,"{ ""height"": -1.0, ""confidence"": -1.0 }",11091,3,0.7462,52.88456593989012,29.13148760187564,429885.13640320563,4619061.0596290035,187.66979915293373,57.776822528123944,0.73986,3,3
Feature,"{ ""height"": -1.0, ""confidence"": -1.0 }",11110,3,0.8923,51.519527989445926,29.391123765131727,428679.1288370007,4619903.543673025,135.35387054351492,48.29826093202627,0.85498,3,3
Feature,"{ ""height"": 3.0656681060791011, ""confidence"": -1.0 }",11115,3,0.8438,129.1581730375389,49.88263739967369,427634.2262502757,4618569.703921422,193.41428594751034,60.199677767170066,0.85294,3,3
Feature,"{ ""height"": 3.6454546451568599, ""confidence"": -1.0 }",11116,3,0.8154,250.88533168864808,65.64375694584108,433542.41746140714,4621904.30069037,279.01067067534075,72.75298638948519,0.81042,3,2
Feature,"{ ""height"": -1.0, ""confidence"": -1.0 }",11123,3,0.6714,109.72820208124726,45.37060996819915,431927.29962101084,4620839.219441756,157.71466182527493,52.65226115549518,0.87572,3,2
Feature,"{ ""height"": 3.763390064239502, ""confidence"": -1.0 }",11126,3,0.5913,241.4593241387219,67.78680858286188,431802.6936589609,4619964.146501083,142.23293085164792,49.59382388768551,0.83352,3,2
Feature,"{ ""height"": 5.3456521034240723, ""confidence"": -1.0 }",11130,3,0.9301,227.89686647971308,65.09222232640096,431696.1345235746,4622668.721170707,166.10443763615376,54.94454418012431,0.78906,3,4
Feature,"{ ""height"": 4.7215251922607422, ""confidence"": -1.0 }",11141,3,0.9027,410.0203715962677,100.220936108395,431047.1865584018,4620882.816570655,183.2836991155802,58.156477864505334,0.7786000000000001,3,4
Feature,"{ ""height"": 6.4687657356262207, ""confidence"": -1.0 }",11158,2,0.7786,19920.541552420953,664.6172935555879,429175.5699924058,4622313.5305966865,184.48461648213942,55.21733571666922,0.7946399999999999,3,1
Feature,"{ ""height"": 5.2759103775024414, ""confidence"": -1.0 }",11159,3,0.7117,70.83273470944543,34.0896358178149,429077.2340032032,4619621.344521028,135.79002431370756,50.30743919987407,0.72064,3,3
Feature,"{ ""height"": 4.632328987121582, ""confidence"": -1.0 }",11174,3,0.8942,121.78660343332164,44.96110084872351,432464.6153780718,4620857.504741147,167.696606115218,53.1835913376206,0.8655799999999999,3,2
Feature,"{ ""height"": -1.0, ""confidence"": -1.0 }",11187,3,0.7083,115.50107031770324,44.271875615162585,431153.22587708634,4621634.02339464,144.79207189039082,49.20437798647512,0.8446000000000001,3,4
Feature,"{ ""height"": 4.3369765281677246, ""confidence"": -1.0 }",11202,3,0.6836,109.11734248878015,42.33935561331212,429758.1530128374,4618769.429332788,161.7304706037676,51.8719244553454,0.8530800000000001,3,3
Feature,"{ ""height"": -1.0, ""confidence"": -1.0 }",11243,3,0.8696,31.08350548149176,22.482450228702714,431421.4972371863,4619713.45491857,138.859067232503,48.11260716743102,0.81158,3,4
Feature,"{ ""height"": 3.5766069889068599, ""confidence"": -1.0 }",11245,3,0.6621,102.55671265886689,40.51146544261184,431301.60713142535,4621095.888631191,159.8634446036093,54.15439890461325,0.8116800000000002,3,4
Feature,"{ ""height"": 4.4596214294433594, ""confidence"": -1.0 }",11246,3,0.7935,107.53991404354714,41.65789828861935,431279.9006781464,4620245.131498981,138.16140355766328,49.18960559941827,0.79238,3,4
Feature,"{ ""height"": 5.782193660736084, ""confidence"": -1.0 }",11251,3,0.8296,254.34216720871336,64.70488684269036,430854.2836720629,4620317.174148016,249.49580678054622,67.77375987730906,0.8376000000000001,2,4
Feature,"{ ""height"": 5.9136619567871094, ""confidence"": -1.0 }",11257,3,0.9253,247.88069489700425,63.61345039098573,430473.8381487765,4621941.251698283,308.6666863347991,79.3300968553335,0.85562,3,4
Feature,"{ ""height"": 4.4324898719787598, ""confidence"": -1.0 }",11283,3,0.9009,162.52674471597257,54.98957382883009,428752.2658062602,4618623.645218417,205.4336215063238,62.933383746584106,0.83086,3,3
Feature,"{ ""height"": 4.3235926628112793, ""confidence"": -1.0 }",11285,3,0.8565,161.61277865935892,51.89207507613982,428512.18228163774,4618100.115248596,260.31405501676403,68.82340637545569,0.8686399999999999,3,3
Feature,"{ ""height"": 4.5417375564575186, ""confidence"": -1.0 }",11291,3,0.9118,263.78499369682163,72.59493996714662,427907.16955662565,4619690.700762647,139.43390371419383,48.655904907843734,0.7098199999999999,3,3
Feature,"{ ""height"": 3.727490901947021, ""confidence"": -1.0 }",11296,3,0.8965,206.12798686355973,65.2519352067537,433068.7839395885,4620236.2334223185,190.2451557945589,58.67937983539379,0.76686,3,2
Feature,"{ ""height"": 4.1848893165588379, ""confidence"": -1.0 }",11314,3,0.5578,80.28590560941775,36.471802737965255,430258.9071026585,4617688.398803326,78.3848072610642,35.95883580348912,0.75896,1,3
Feature,"{ ""height"": 3.4925332069396968, ""confidence"": -1.0 }",11315,0,0.8835,541.4741955549798,102.3461897814185,430278.88210093137,4618339.459940389,518.6686658456244,93.44871023473453,0.75864,3,3
Feature,"{ ""height"": -1.0, ""confidence"": -1.0 }",11317,3,0.5407,184.12129193900816,60.515973080686706,430187.2634604216,4622415.659215067,159.8351870033328,52.80189605366322,0.86008,3,4
Feature,"{ ""height"": 3.6551506519317623, ""confidence"": -1.0 }",11325,3,0.892,156.4146796417689,52.56081876458333,429823.00467188196,4621813.95275631,127.37779818858414,49.12117342537724,0.8366199999999999,3,4
Feature,"{ ""height"": 3.2727129459381099, ""confidence"": -1.0 }",11343,3,0.8628,316.8511112820089,76.867315616019,428115.53740926797,4617045.536240116,312.43975038657436,80.68236752069916,0.87242,3,3
Feature,"{ ""height"": -1.0, ""confidence"": -1.0 }",11347,3,0.6019,134.56421880311584,49.58721752146268,427765.0976658603,4621602.333913905,376.8302548004224,85.9146166159468,0.78716,2,4
Feature,"{ ""height"": 3.7619047164916992, ""confidence"": -1.0 }",11369,3,0.7605,125.19125095232712,44.75580663816787,431365.6728798127,4619733.6982175475,152.31724959817205,49.84201748544042,0.82004,3,4
Feature,"{ ""height"": 6.0114779472351074, ""confidence"": -1.0 }",11384,0,0.8903,206.95216843454267,59.0331910544757,430159.69084283384,4623884.758555676,166.98923488884918,55.550691679981455,0.7481,0,4
Feature,"{ ""height"": 5.4168839454650879, ""confidence"": -1.0 }",11385,3,0.6937,266.25667479718044,67.76174152804896,430079.1369523105,4617364.400504264,90.9649065050004,36.10715815035051,0.6765399999999999,3,3
Feature,"{ ""height"": -1.0, ""confidence"": -1.0 }",11419,3,0.7673,57.925909441427606,30.46133166390726,432237.3022229938,4620618.672980129,168.48156350841668,53.950526722658125,0.74,3,2
Feature,"{ ""height"": 4.3160867691040039, ""confidence"": -1.0 }",11425,3,0.8121,52.70758169210529,29.17499286577999,431661.6106282687,4620370.951720521,97.49823848170308,38.526488667747685,0.6906,3,4
Feature,"{ ""height"": 4.1390972137451172, ""confidence"": -1.0 }",11442,3,0.7985,488.82816578815493,102.3920246718632,430498.04788498284,4618537.31846804,520.1325063688889,93.11801208223442,0.7518,3,3
Feature,"{ ""height"": -1.0, ""confidence"": -1.0 }",11451,2,0.7873,34.44256556787017,29.56241175943545,429627.3393981982,4623613.594381149,613.7730747996011,120.20256016863891,0.76808,0,4
Feature,"{ ""height"": 4.4009737968444824, ""confidence"": -1.0 }",11465,3,0.9137,224.43758986810585,71.01362031231871,433594.3683955066,4623024.637673774,367.24841723666515,84.07764047340592,0.92592,3,2
Feature,"{ ""height"": 3.53477931022644, ""confidence"": -1.0 }",11468,3,0.8803,253.70220379503004,72.85871119280038,433284.11542904284,4620444.126868096,139.83712521609425,46.16284811728719,0.68436,3,2
Feature,"{ ""height"": 5.2414116859436026, ""confidence"": -1.0 }",11472,3,0.8623,368.4646254390618,89.49427393848828,433020.5546511214,4620995.470166014,227.24667194434574,59.883179431607346,0.8675599999999999,3,2
Feature,"{ ""height"": 4.5567793846130371, ""confidence"": -1.0 }",11480,3,0.7521,130.185468367335,45.667531945014765,431774.7057894981,4621675.986327423,180.62689607717093,56.622636425143085,0.7767,3,4
Feature,"{ ""height"": 3.765531063079834, ""confidence"": -1.0 }",11483,3,0.7575,198.02976059390647,56.972623609002405,431623.4949096726,4619699.10591886,166.4944493777218,57.193092033890764,0.85398,3,4
Feature,"{ ""height"": -1.0, ""confidence"": -1.0 }",11486,3,0.831,96.68847786879633,41.42042150765147,431517.5038810534,4621838.144851671,180.26888306759295,57.9513812556478,0.85728,3,4
Feature,"{ ""height"": 5.0237884521484366, ""confidence"": -1.0 }",11554,3,0.8482,224.87576676507155,63.88071556879711,430085.58782817074,4622586.459644819,255.22167519550376,73.77143624238565,0.84268,3,4
Feature,"{ ""height"": 4.7380309104919434, ""confidence"": -1.0 }",11579,3,0.8996,202.0766663052855,59.191987432909016,428533.6608979993,4618589.217356475,161.45142733118112,53.565106041795765,0.80382,3,3
Feature,"{ ""height"": 3.5109789371490479, ""confidence"": -1.0 }",11609,2,0.6259,107.8525390285981,42.29399354032675,430441.48493440443,4621524.395977388,1345.5015914213752,176.80239312534223,0.64962,3,4
Feature,"{ ""height"": -1.0, ""confidence"": -1.0 }",11613,3,0.6959,153.1143406454851,55.925959034238346,430061.0031791119,4621951.537058689,137.00889711311362,47.34209394625556,0.74348,3,4
Feature,"{ ""height"": 5.2098078727722168, ""confidence"": -1.0 }",11619,3,0.8381,98.0405454223742,39.779948753569265,429711.21414638654,4618752.765145544,146.95301156990425,51.244804585066085,0.79864,3,3
Feature,"{ ""height"": 5.1092562675476074, ""confidence"": -1.0 }",11630,3,0.82,130.6480174658679,45.749666357659954,428251.85512877436,4619776.769618763,143.25460734751653,49.69337495748382,0.79624,3,3
Feature,"{ ""height"": -1.0, ""confidence"": -1.0 }",11660,3,0.777,314.2365088248804,89.43891500997418,430949.58724510926,4621529.1319736205,134.52230235610907,46.26247612480238,0.78736,3,4
Feature,"{ ""height"": 3.5268468856811519, ""confidence"": -1.0 }",11664,3,0.6893,290.01813224165664,72.36996606091081,430284.23653950496,4621724.606544678,167.10216211168034,53.08306868712059,0.82358,3,4
Feature,"{ ""height"": 4.6313796043395996, ""confidence"": -1.0 }",11675,2,0.7586,196.31323644050093,59.26147406544713,429515.1949771448,4619787.050248461,176.11069384201784,57.708317784766905,0.75592,3,3
Feature,"{ ""height"": 3.0263950824737549, ""confidence"": -1.0 }",11680,3,0.8874,131.4468939090213,52.733413390023976,428508.5444867725,4619686.893345079,132.1708209030145,48.93326308897616,0.8227400000000001,3,3
Feature,"{ ""height"": -1.0, ""confidence"": -1.0 }",11683,3,0.8708,64.08377797033602,37.68446610388515,428113.3002134181,4616660.645423439,120.44638388156486,45.506470442647114,0.75794,3,3
Feature,"{ ""height"": 3.297558069229126, ""confidence"": -1.0 }",11694,3,0.8787,164.45409361909867,53.90745351005641,433324.46876565885,4620000.200454908,141.53061573005687,50.91056395598713,0.8230999999999999,3,2
Feature,"{ ""height"": 4.0558710098266602, ""confidence"": -1.0 }",11719,3,0.8949,156.97763781940543,50.76802104986381,430829.8414386535,4621057.287084679,977.5155802313811,105.38433347536652,0.7466,3,4
Feature,"{ ""height"": -1.0, ""confidence"": -1.0 }",11736,3,0.6347,92.53954404020948,38.584552164973694,429815.03058954707,4617586.312535938,172.2415288388834,53.96251815017665,0.7244999999999999,1,3
Feature,"{ ""height"": 5.4073276519775391, ""confidence"": -1.0 }",11750,3,0.956,115.02735311733906,43.18809317035978,428732.6007124032,4619744.118781917,125.45406085660859,48.072893567037816,0.8882999999999999,3,3
Feature,"{ ""height"": 4.225275993347168, ""confidence"": -1.0 }",11761,3,0.6888,184.0151303322284,54.64182056325773,427816.2683949966,4616595.462684061,111.41862703588558,44.66496087610537,0.73932,3,3
Feature,"{ ""height"": 4.7383451461791992, ""confidence"": -1.0 }",11770,3,0.9404,354.1529147803681,89.72731581982765,433540.358996092,4619592.018522218,282.2356185459074,72.09625334982063,0.88362,3,2
Feature,"{ ""height"": -1.0, ""confidence"": -1.0 }",11772,2,0.6602,2627.332099214002,283.7853067726838,432700.7191920166,4621853.817120094,359.4587028101985,67.93713840587483,0.6822000000000001,2,0
Feature,"{ ""height"": 3.0191552639007568, ""confidence"": -1.0 }",11804,3,0.9013,201.64452518037328,64.5610752543869,429689.36259063624,4621470.7151884865,119.19917752183646,46.73142125197188,0.81172,3,4
Feature,"{ ""height"": 5.5861506462097168, ""confidence"": -1.0 }",11817,3,0.6896,121.74567084288311,44.95352438217558,428700.06006097666,4618736.094215859,213.3825659594363,64.8874086419183,0.8961400000000002,3,3
Feature,"{ ""height"": 4.4087038040161133, ""confidence"": -1.0 }",11820,3,0.9058,157.18815737239643,56.16456190839199,428508.9330302478,4619645.079497987,145.00629820936535,51.33078330392114,0.8543600000000001,3,3
Feature,"{ ""height"": 4.7617197036743164, ""confidence"": -1.0 }",11826,3,0.9149,229.52016921913125,66.67498322812658,432697.48674720933,4620138.997037913,224.13409200548,64.33296681346283,0.8159600000000001,3,2
Feature,"{ ""height"": 4.3376302719116211, ""confidence"": -1.0 }",11828,2,0.7983,1106.92537249286,161.4494153648919,432468.83762330556,4622979.386483787,872.8407732701565,123.46728755476371,0.72122,2,0
Feature,"{ ""height"": 5.7466087341308594, ""confidence"": -1.0 }",11853,2,0.929,5104.968050466794,317.1592325789836,430466.8881185561,4623533.173871703,433.7641731475971,83.98278766512885,0.75344,2,0
Feature,"{ ""height"": 3.3991847038269039, ""confidence"": -1.0 }",11854,3,0.9026,158.0635632942629,72.95354180898481,430390.5947963392,4621126.311579818,272.13724998190094,62.52004211221242,0.7663,3,4
Feature,"{ ""height"": 3.434409379959106, ""confidence"": -1.0 }",11873,3,0.8494,121.29692915378456,49.13946462027805,428584.73923720384,4619663.983033561,167.06342094993002,58.13125250852071,0.8698,3,3
Feature,"{ ""height"": 3.5219647884368892, ""confidence"": -1.0 }",11874,3,0.8187,248.49478506743432,66.83276255841125,428503.53280822525,4618515.100711163,152.16780357875137,52.03695101669532,0.82,3,3
Feature,"{ ""height"": -1.0, ""confidence"": -1.0 }",11882,2,0.562,100.81862765546563,40.94863622903718,427354.8893856041,4620568.803827075,387.9807981160792,85.59081709898354,0.72452,2,3
Feature,"{ ""height"": 4.3842620849609366, ""confidence"": -1.0 }",11886,3,0.8843,172.59001158894355,54.317955846591346,432508.3518966381,4620858.82652056,188.7087553626423,58.078014046116095,0.87568,3,2
Feature,"{ ""height"": -1.0, ""confidence"": -1.0 }",11896,3,0.9095,141.2561921628458,50.34503634415437,431386.83785801654,4620361.90764761,126.24021012904885,46.65027840540718,0.7725,3,4
Feature,"{ ""height"": 5.5042104721069345, ""confidence"": -1.0 }",11902,3,0.7584,47.27599832281509,32.829079306589065,431048.06496814254,4620358.267105014,149.72068654681848,49.25708798192943,0.77728,3,4
Feature,"{ ""height"": -1.0, ""confidence"": -1.0 }",11920,3,0.8314,149.06223866108246,49.11875602981758,429971.63805409125,4619202.782531303,159.6962518942019,52.280250304420136,0.75564,3,3
Feature,"{ ""height"": 5.7425150871276847, ""confidence"": -1.0 }",11957,0,0.7538,173.76173079364588,67.73633946828262,430393.66820904985,4622360.657848053,301.40545167250895,77.87454251227027,0.8329000000000001,3,4
Feature,"{ ""height"": -1.0, ""confidence"": -1.0 }",11969,3,0.8261,89.84160237085163,44.4000015643563,429773.46673491946,4623873.359234671,188.23280091422788,56.046950352153125,0.79248,3,4
Feature,"{ ""height"": 5.2356715202331543, ""confidence"": -1.0 }",11977,3,0.9138,123.67923053722308,44.49178295816174,429380.2569964647,4620085.95872543,312.8189074976632,72.02940526544346,0.6975399999999999,2,3
Feature,"{ ""height"": 4.911407470703125, ""confidence"": -1.0 }",11995,3,0.763,126.50341747046716,47.164697700767555,427586.318894762,4619009.333310853,182.703728574626,59.51913292891663,0.8065,3,3
Feature,"{ ""height"": 4.771080493927002, ""confidence"": -1.0 }",11997,3,0.7905,159.05221441704856,54.31546309873531,427302.3505047095,4619008.4151460985,164.79623458225564,55.4705841723788,0.82796,3,3
Feature,"{ ""height"": 3.4574944972991939, ""confidence"": -1.0 }",12035,3,0.8473,132.74626748081715,49.44113175962857,429685.0757524354,4620888.242117097,107.4906488213367,43.48237703919563,0.8477,3,4
Feature,"{ ""height"": 5.995089054107666, ""confidence"": -1.0 }",12036,0,0.7136,242.42588367743585,64.99401541603578,429593.44938511396,4618540.1619429635,344.6190540958317,79.7022934558851,0.6770200000000001,3,3
Feature,"{ ""height"": 4.5006937980651847, ""confidence"": -1.0 }",12049,3,0.9552,428.8558343538347,109.47173747827404,428849.33510643046,4618857.218180417,168.9315950505651,54.64991463753303,0.81232,3,3
Feature,"{ ""height"": 3.0801301002502441, ""confidence"": -1.0 }",12052,3,0.6889,167.89934035830294,64.51234928967627,428538.93344870635,4619282.597585301,120.51879865958024,45.732477276691384,0.7497199999999999,3,3
Feature,"{ ""height"": 3.931199312210083, ""confidence"": -1.0 }",12055,3,0.9264,311.4289666232836,76.32082243504455,427864.124093812,4617145.795104185,233.365192583711,69.06732086408286,0.84446,3,3
Feature,"{ ""height"": 4.1828866004943848, ""confidence"": -1.0 }",12060,3,0.8582,241.24806274504652,69.45216273049753,433274.7797974885,4620301.310404305,119.82717153892006,42.77840804336224,0.8129799999999999,3,2
Feature,"{ ""height"": 3.3053805828094482, ""confidence"": -1.0 }",12074,3,0.8423,204.50392152687365,62.37689478489429,431460.22167613753,4620736.008358953,134.51341017057305,49.73929226593968,0.7975999999999999,3,4
Feature,"{ ""height"": 5.0587701797485352, ""confidence"": -1.0 }",12084,3,0.9114,164.44639081917384,54.26277728395543,430986.9310906561,4622404.71668587,616.2834069107216,95.03093623433418,0.8519399999999999,3,4
Feature,"{ ""height"": -1.0, ""confidence"": -1.0 }",12090,3,0.6471,92.29596542768746,38.48279613926529,430272.8572854547,4621339.088784922,153.51921362337302,49.65810355613699,0.85652,3,4
Feature,"{ ""height"": -1.0, ""confidence"": -1.0 }",12094,3,0.5053,15.055832733601225,15.580591186805917,430131.06580269034,4617644.52619992,102.07038472332724,41.72579255802293,0.7393599999999999,1,3
Feature,"{ ""height"": 3.6031653881072998, ""confidence"": -1.0 }",12100,3,0.875,84.68403479456863,36.93542461103554,429903.5107346282,4620884.712308222,69.54928843741666,35.559045450336484,0.77626,3,4
Feature,"{ ""height"": 4.040092945098877, ""confidence"": -1.0 }",12111,3,0.8896,85.32740496550484,37.45595339804521,428932.2719689133,4619729.88382704,126.70935863071267,49.67052502122533,0.80106,3,3
Feature,"{ ""height"": -1.0, ""confidence"": -1.0 }",12118,3,0.5442,110.56066680217526,45.88217317758274,427741.11568420497,4616239.634489068,147.73340444571005,53.0428319739119,0.6736,3,3
Feature,"{ ""height"": -1.0, ""confidence"": -1.0 }",12126,3,0.9311,23.899620411668288,25.40978073080563,433322.5954267558,4620295.18519217,154.26729049230408,49.71108501295272,0.79498,3,2
Feature,"{ ""height"": 3.038800716400146, ""confidence"": -1.0 }",12161,3,0.886,168.38258479421572,58.105208794952446,429685.4511801503,4620722.183255128,103.40755703493718,42.35874008981592,0.8211600000000001,3,4
Feature,"{ ""height"": 5.1915197372436523, ""confidence"": -1.0 }",12167,3,0.8252,137.57734313032245,46.93973213123152,429487.1586327208,4622264.351235372,148.22575501347995,49.510573585107046,0.8425800000000001,3,4
Feature,"{ ""height"": 4.5732154846191406, ""confidence"": -1.0 }",12175,3,0.8311,134.85106802215466,50.24987281194399,428665.17030906753,4618677.624232268,152.91809325430728,52.09375078583339,0.83256,3,3
Feature,"{ ""height"": 6.0146327018737793, ""confidence"": -1.0 }",12187,3,0.9532,599.1206718602474,107.35360059600306,433621.7306760411,4622930.845640179,256.5440400869818,73.10279416123511,0.9148,3,2
Feature,"{ ""height"": 5.1179585456848145, ""confidence"": -1.0 }",12201,3,0.876,177.83070982579676,55.18484493088561,431283.0582375414,4620219.724416977,145.1102315916001,51.02179306180966,0.8087200000000001,3,4
Feature,"{ ""height"": -1.0, ""confidence"": -1.0 }",12207,3,0.5453,44.78336591869174,26.917259433984764,430437.8463111195,4621401.004129623,1355.3763051567264,177.98491028783394,0.76126,3,4
Feature,"{ ""height"": 5.7188320159912109, ""confidence"": -1.0 }",12215,0,0.6592,283.2419165378944,72.14683175624762,430163.6477340322,4623966.259623775,162.62650918814637,54.950967344081526,0.7965199999999999,0,4
Feature,"{ ""height"": -1.0, ""confidence"": -1.0 }",12219,3,0.8326,98.77298682123188,40.07753828457848,430039.8304090946,4619161.225608186,151.2433701970735,49.44056050918276,0.6999000000000001,3,3
Feature,"{ ""height"": -1.0, ""confidence"": -1.0 }",12233,1,0.8387,582.4518764545635,108.41225735715358,429759.4634574185,4623631.260859721,363.6431759153256,81.2152960591093,0.82804,3,4
Feature,"{ ""height"": 6.094813346862793, ""confidence"": -1.0 }",12254,3,0.9189,177.73856068324608,59.01626446370689,432623.695027932,4620213.271024159,257.53092657192207,69.02748704987344,0.80418,3,2
Feature,"{ ""height"": 4.4744038581848145, ""confidence"": -1.0 }",12256,3,0.7478,141.34348039801947,48.09922537609035,431833.58227081114,4621054.733756715,202.37974455282838,59.49947943753303,0.7913,3,4
Feature,"{ ""height"": 5.472257137298584, ""confidence"": -1.0 }",12261,3,0.7676,197.43756371033083,56.783108636676026,431406.9710148451,4620950.104321674,167.8931369793197,54.67383803394235,0.8230999999999999,3,4
Feature,"{ ""height"": -1.0, ""confidence"": -1.0 }",12283,3,0.6735,112.56239661577789,46.13463261541688,429466.40438048553,4621526.4568866035,208.4444272303016,55.58530517866977,0.7472,3,4
Feature,"{ ""height"": 3.6264569759368892, ""confidence"": -1.0 }",12284,3,0.6478,85.11457274037953,36.92970972543257,429443.9819710526,4621407.605672194,473.61533977486835,98.4144940726237,0.7864800000000001,3,4
Feature,"{ ""height"": -1.0, ""confidence"": -1.0 }",12312,3,0.7164,28.667262718149647,22.005733661998693,431595.98819134315,4620454.346163157,114.35954421245235,43.16627956452247,0.75614,3,4
Feature,"{ ""height"": -1.0, ""confidence"": -1.0 }",12325,2,0.8601,43.62229273110062,31.598133176522495,430881.51740614383,4620331.354812018,255.6062675041826,68.75120143488797,0.8373000000000002,3,4
Feature,"{ ""height"": 5.4799084663391113, ""confidence"": -1.0 }",12332,3,0.7298,108.55232936212214,41.7087485229838,430260.1453599952,4618956.881867954,333.4220642120967,75.3247437551004,0.8293200000000001,3,3
Feature,"{ ""height"": 6.3438711166381836, ""confidence"": -1.0 }",12343,0,0.7017,371.3880244229003,84.5218283971268,429497.0984093205,4623536.515300401,448.8669788994288,99.74135537879035,0.7108800000000001,0,4
Feature,"{ ""height"": 4.2374510765075684, ""confidence"": -1.0 }",12345,2,0.8852,1687.3864955586337,186.8299949118928,429491.7120505444,4624730.2672577575,297.7632629551305,89.44425505502562,0.8141399999999999,3,0
Feature,"{ ""height"": -1.0, ""confidence"": -1.0 }",12355,2,0.786,235.97736820175663,66.61989304714977,428210.7889877102,4621691.964415595,834.9949918973077,140.7386114122089,0.7637,2,4
Feature,"{ ""height"": 4.7848834991455078, ""confidence"": -1.0 }",12363,3,0.7887,110.86473968539028,42.29978207329256,427286.73317020625,4618929.161894689,188.45877020374047,61.78246420304713,0.7638,3,3
Feature,"{ ""height"": 3.9005134105682369, ""confidence"": -1.0 }",12366,3,0.7494,154.4520683805928,49.84553632774904,433469.7989465198,4621775.3263709685,268.75540883444245,69.92817424891702,0.7996,3,2
Feature,"{ ""height"": -1.0, ""confidence"": -1.0 }",12367,3,0.9615,260.4102102833685,67.22525462701077,432380.5017075425,4620041.5325311925,212.6633611904148,60.7036083510279,0.8756,3,2
Feature,"{ ""height"": 3.1461265087127681, ""confidence"": -1.0 }",12374,3,0.8814,292.50989557555033,74.02317909857769,431535.50077113113,4621698.734986589,175.7862726127082,57.77087114039593,0.85502,3,4
Feature,"{ ""height"": 4.5584893226623526, ""confidence"": -1.0 }",12379,3,0.9052,309.629673956889,77.9058277396767,431281.06231428275,4622817.174111857,201.4266064542888,65.31293380665008,0.8384199999999999,3,4
Feature,"{ ""height"": 3.6175103187561031, ""confidence"": -1.0 }",12409,3,0.899,192.02496424998336,60.179347838992136,428286.55234391044,4619624.454711965,135.5528171909642,46.24835045450674,0.7449399999999999,3,3
